UniRef90	kruskal_H	epsilon_squared	group_mean_range	highest_mean_group	raw_p	BH_q	group_means_json
UniRef90_A0A062F4L7	28.787077826725394	0.9898608488916855	1.5218405384866903e-05	Enterobacterales	0.00034556401826612594	0.006746538214584894	"{""Acinetobacter"": 2.125522816255192e-06, ""Candida"": 0.0, ""Enterobacterales"": 1.5218405384866903e-05, ""Haemophilus"": 0.0, ""Mycobacteria"": 0.0, ""Pseudomonas"": 0.0, ""Staphylococcus"": 0.0, ""Stenotrophomonas"": 0.0, ""Streptococcus"": 0.0}"
UniRef90_A0A0C5B3M4	28.787077826725394	0.9898608488916855	3.261858784985802e-05	Enterobacterales	0.00034556401826612594	0.006746538214584894	"{""Acinetobacter"": 2.0310404723982147e-06, ""Candida"": 0.0, ""Enterobacterales"": 3.261858784985802e-05, ""Haemophilus"": 0.0, ""Mycobacteria"": 0.0, ""Pseudomonas"": 0.0, ""Staphylococcus"": 0.0, ""Stenotrophomonas"": 0.0, ""Streptococcus"": 0.0}"
UniRef90_A0A142EAZ3	28.787077826725394	0.9898608488916855	1.8342388182062633e-05	Enterobacterales	0.00034556401826612594	0.006746538214584894	"{""Acinetobacter"": 1.8327328390316677e-06, ""Candida"": 0.0, ""Enterobacterales"": 1.8342388182062633e-05, ""Haemophilus"": 0.0, ""Mycobacteria"": 0.0, ""Pseudomonas"": 0.0, ""Staphylococcus"": 0.0, ""Stenotrophomonas"": 0.0, ""Streptococcus"": 0.0}"
UniRef90_A0A1Q1PSK0	28.787077826725394	0.9898608488916855	2.1891423755307192e-05	Enterobacterales	0.00034556401826612594	0.006746538214584894	"{""Acinetobacter"": 2.2140583229845004e-06, ""Candida"": 0.0, ""Enterobacterales"": 2.1891423755307192e-05, ""Haemophilus"": 0.0, ""Mycobacteria"": 0.0, ""Pseudomonas"": 0.0, ""Staphylococcus"": 0.0, ""Stenotrophomonas"": 0.0, ""Streptococcus"": 0.0}"
UniRef90_A0A271R0A6	28.787077826725394	0.9898608488916855	2.7661532638800224e-05	Enterobacterales	0.00034556401826612594	0.006746538214584894	"{""Acinetobacter"": 1.7943558145177656e-06, ""Candida"": 0.0, ""Enterobacterales"": 2.7661532638800224e-05, ""Haemophilus"": 0.0, ""Mycobacteria"": 0.0, ""Pseudomonas"": 0.0, ""Staphylococcus"": 0.0, ""Stenotrophomonas"": 0.0, ""Streptococcus"": 0.0}"
UniRef90_A0A2I6IJV4	28.787077826725394	0.9898608488916855	1.446212223734556e-05	Enterobacterales	0.00034556401826612594	0.006746538214584894	"{""Acinetobacter"": 2.7133141583349438e-06, ""Candida"": 0.0, ""Enterobacterales"": 1.446212223734556e-05, ""Haemophilus"": 0.0, ""Mycobacteria"": 0.0, ""Pseudomonas"": 0.0, ""Staphylococcus"": 0.0, ""Stenotrophomonas"": 0.0, ""Streptococcus"": 0.0}"
UniRef90_A0A2L0MU38	28.787077826725394	0.9898608488916855	0.00014491077413573758	Enterobacterales	0.00034556401826612594	0.006746538214584894	"{""Acinetobacter"": 2.5645544915100353e-05, ""Candida"": 0.0, ""Enterobacterales"": 0.00014491077413573758, ""Haemophilus"": 0.0, ""Mycobacteria"": 0.0, ""Pseudomonas"": 0.0, ""Staphylococcus"": 0.0, ""Stenotrophomonas"": 0.0, ""Streptococcus"": 0.0}"
UniRef90_A0A2L1KJ42	28.787077826725394	0.9898608488916855	2.3780647189177005e-05	Enterobacterales	0.00034556401826612594	0.006746538214584894	"{""Acinetobacter"": 1.7531894236671099e-06, ""Candida"": 0.0, ""Enterobacterales"": 2.3780647189177005e-05, ""Haemophilus"": 0.0, ""Mycobacteria"": 0.0, ""Pseudomonas"": 0.0, ""Staphylococcus"": 0.0, ""Stenotrophomonas"": 0.0, ""Streptococcus"": 0.0}"
UniRef90_A0A2S1JJB9	28.787077826725394	0.9898608488916855	1.7161608852038397e-05	Enterobacterales	0.00034556401826612594	0.006746538214584894	"{""Acinetobacter"": 1.689942890223545e-06, ""Candida"": 0.0, ""Enterobacterales"": 1.7161608852038397e-05, ""Haemophilus"": 0.0, ""Mycobacteria"": 0.0, ""Pseudomonas"": 0.0, ""Staphylococcus"": 0.0, ""Stenotrophomonas"": 0.0, ""Streptococcus"": 0.0}"
UniRef90_A0A2X8RKL6	28.787077826725394	0.9898608488916855	1.9682504427380527e-05	Enterobacterales	0.00034556401826612594	0.006746538214584894	"{""Acinetobacter"": 1.9729531619022208e-06, ""Candida"": 0.0, ""Enterobacterales"": 1.9682504427380527e-05, ""Haemophilus"": 0.0, ""Mycobacteria"": 0.0, ""Pseudomonas"": 0.0, ""Staphylococcus"": 0.0, ""Stenotrophomonas"": 0.0, ""Streptococcus"": 0.0}"
UniRef90_A0A386YFR7	28.787077826725394	0.9898608488916855	1.2006443303259e-05	Enterobacterales	0.00034556401826612594	0.006746538214584894	"{""Acinetobacter"": 2.05796361276868e-06, ""Candida"": 0.0, ""Enterobacterales"": 1.2006443303259e-05, ""Haemophilus"": 0.0, ""Mycobacteria"": 0.0, ""Pseudomonas"": 0.0, ""Staphylococcus"": 0.0, ""Stenotrophomonas"": 0.0, ""Streptococcus"": 0.0}"
UniRef90_A0A3A1V5Q3	28.787077826725394	0.9898608488916855	0.0006201362911105631	Enterobacterales	0.00034556401826612594	0.006746538214584894	"{""Acinetobacter"": 0.00015252879590563206, ""Candida"": 0.0, ""Enterobacterales"": 0.0006201362911105631, ""Haemophilus"": 0.0, ""Mycobacteria"": 0.0, ""Pseudomonas"": 0.0, ""Staphylococcus"": 0.0, ""Stenotrophomonas"": 0.0, ""Streptococcus"": 0.0}"
UniRef90_B7JCL8	28.787077826725394	0.9898608488916855	3.321029182143206e-05	Enterobacterales	0.00034556401826612594	0.006746538214584894	"{""Acinetobacter"": 5.185958334946704e-06, ""Candida"": 0.0, ""Enterobacterales"": 3.321029182143206e-05, ""Haemophilus"": 0.0, ""Mycobacteria"": 0.0, ""Pseudomonas"": 0.0, ""Staphylococcus"": 0.0, ""Stenotrophomonas"": 0.0, ""Streptococcus"": 0.0}"
UniRef90_B7V628	28.787077826725394	0.9898608488916855	0.00010891445216950566	Pseudomonas	0.00034556401826612594	0.006746538214584894	"{""Acinetobacter"": 4.94799626362418e-05, ""Candida"": 0.0, ""Enterobacterales"": 0.0, ""Haemophilus"": 0.0, ""Mycobacteria"": 0.0, ""Pseudomonas"": 0.00010891445216950566, ""Staphylococcus"": 0.0, ""Stenotrophomonas"": 0.0, ""Streptococcus"": 0.0}"
UniRef90_C7EZD9	28.787077826725394	0.9898608488916855	0.00017592821151175868	Enterobacterales	0.00034556401826612594	0.006746538214584894	"{""Acinetobacter"": 9.982248405642171e-06, ""Candida"": 0.0, ""Enterobacterales"": 0.00017592821151175868, ""Haemophilus"": 0.0, ""Mycobacteria"": 0.0, ""Pseudomonas"": 0.0, ""Staphylococcus"": 0.0, ""Stenotrophomonas"": 0.0, ""Streptococcus"": 0.0}"
UniRef90_I1YAX2	28.787077826725394	0.9898608488916855	9.012715283635639e-05	Enterobacterales	0.00034556401826612594	0.006746538214584894	"{""Acinetobacter"": 1.3273800049632636e-05, ""Candida"": 0.0, ""Enterobacterales"": 9.012715283635639e-05, ""Haemophilus"": 0.0, ""Mycobacteria"": 0.0, ""Pseudomonas"": 0.0, ""Staphylococcus"": 0.0, ""Stenotrophomonas"": 0.0, ""Streptococcus"": 0.0}"
UniRef90_K4JYP0	28.787077826725394	0.9898608488916855	3.0890096465744156e-05	Enterobacterales	0.00034556401826612594	0.006746538214584894	"{""Acinetobacter"": 2.1677275159563497e-06, ""Candida"": 0.0, ""Enterobacterales"": 3.0890096465744156e-05, ""Haemophilus"": 0.0, ""Mycobacteria"": 0.0, ""Pseudomonas"": 0.0, ""Staphylococcus"": 0.0, ""Stenotrophomonas"": 0.0, ""Streptococcus"": 0.0}"
UniRef90_Q6SJ60	28.787077826725394	0.9898608488916855	0.00016185153605839477	Enterobacterales	0.00034556401826612594	0.006746538214584894	"{""Acinetobacter"": 1.958103758062332e-05, ""Candida"": 0.0, ""Enterobacterales"": 0.00016185153605839477, ""Haemophilus"": 0.0, ""Mycobacteria"": 0.0, ""Pseudomonas"": 0.0, ""Staphylococcus"": 0.0, ""Stenotrophomonas"": 0.0, ""Streptococcus"": 0.0}"
UniRef90_Q8GLC3	28.787077826725394	0.9898608488916855	9.097547062099625e-05	Enterobacterales	0.00034556401826612594	0.006746538214584894	"{""Acinetobacter"": 7.942336746117939e-06, ""Candida"": 0.0, ""Enterobacterales"": 9.097547062099625e-05, ""Haemophilus"": 0.0, ""Mycobacteria"": 0.0, ""Pseudomonas"": 0.0, ""Staphylococcus"": 0.0, ""Stenotrophomonas"": 0.0, ""Streptococcus"": 0.0}"
UniRef90_UPI0005DA6DF0	28.787077826725394	0.9898608488916855	1.0453579513276321e-05	Enterobacterales	0.00034556401826612594	0.006746538214584894	"{""Acinetobacter"": 1.8880309543937585e-06, ""Candida"": 0.0, ""Enterobacterales"": 1.0453579513276321e-05, ""Haemophilus"": 0.0, ""Mycobacteria"": 0.0, ""Pseudomonas"": 0.0, ""Staphylococcus"": 0.0, ""Stenotrophomonas"": 0.0, ""Streptococcus"": 0.0}"
UniRef90_UPI0006A5FFA6	28.787077826725394	0.9898608488916855	2.409741259306618e-05	Enterobacterales	0.00034556401826612594	0.006746538214584894	"{""Acinetobacter"": 1.978850299933561e-06, ""Candida"": 0.0, ""Enterobacterales"": 2.409741259306618e-05, ""Haemophilus"": 0.0, ""Mycobacteria"": 0.0, ""Pseudomonas"": 0.0, ""Staphylococcus"": 0.0, ""Stenotrophomonas"": 0.0, ""Streptococcus"": 0.0}"
UniRef90_A0A1Q1PTC0	28.48898678414097	0.9756660373400462	2.0426179056707944e-06	Acinetobacter	0.0003896685068997487	0.006746538214584894	"{""Acinetobacter"": 2.0426179056707944e-06, ""Candida"": 0.0, ""Enterobacterales"": 1.1043203434407879e-06, ""Haemophilus"": 0.0, ""Mycobacteria"": 0.0, ""Pseudomonas"": 0.0, ""Staphylococcus"": 0.0, ""Stenotrophomonas"": 0.0, ""Streptococcus"": 0.0}"
UniRef90_A0A2P1BPN1	28.48898678414097	0.9756660373400462	2.171399052659089e-06	Acinetobacter	0.0003896685068997487	0.006746538214584894	"{""Acinetobacter"": 2.171399052659089e-06, ""Candida"": 0.0, ""Enterobacterales"": 1.078259367976996e-06, ""Haemophilus"": 0.0, ""Mycobacteria"": 0.0, ""Pseudomonas"": 0.0, ""Staphylococcus"": 0.0, ""Stenotrophomonas"": 0.0, ""Streptococcus"": 0.0}"
UniRef90_A0A2S1FV36	28.48898678414097	0.9756660373400462	1.7029004704159787e-05	Enterobacterales	0.0003896685068997487	0.006746538214584894	"{""Acinetobacter"": 2.139176753298669e-06, ""Candida"": 0.0, ""Enterobacterales"": 1.7029004704159787e-05, ""Haemophilus"": 0.0, ""Mycobacteria"": 0.0, ""Pseudomonas"": 0.0, ""Staphylococcus"": 0.0, ""Stenotrophomonas"": 0.0, ""Streptococcus"": 0.0}"
UniRef90_UPI00084C7589	28.48898678414097	0.9756660373400462	1.8968688668898296e-06	Acinetobacter	0.0003896685068997487	0.006746538214584894	"{""Acinetobacter"": 1.8968688668898296e-06, ""Candida"": 0.0, ""Enterobacterales"": 1.2249788878074774e-06, ""Haemophilus"": 0.0, ""Mycobacteria"": 0.0, ""Pseudomonas"": 0.0, ""Staphylococcus"": 0.0, ""Stenotrophomonas"": 0.0, ""Streptococcus"": 0.0}"
UniRef90_A0A077W3E7	28.37187958883993	0.9700895042304729	1.9849013697439122e-06	Acinetobacter	0.00040846645075820806	0.006746538214584894	"{""Acinetobacter"": 1.9849013697439122e-06, ""Candida"": 0.0, ""Enterobacterales"": 9.610323614300413e-07, ""Haemophilus"": 0.0, ""Mycobacteria"": 0.0, ""Pseudomonas"": 0.0, ""Staphylococcus"": 0.0, ""Stenotrophomonas"": 0.0, ""Streptococcus"": 0.0}"
UniRef90_A0A0P9GCZ2	28.37187958883993	0.9700895042304729	0.00023144889529798057	Pseudomonas	0.00040846645075820806	0.006746538214584894	"{""Acinetobacter"": 0.00014169066708597569, ""Candida"": 0.0, ""Enterobacterales"": 0.0, ""Haemophilus"": 0.0, ""Mycobacteria"": 0.0, ""Pseudomonas"": 0.00023144889529798057, ""Staphylococcus"": 0.0, ""Stenotrophomonas"": 0.0, ""Streptococcus"": 0.0}"
UniRef90_A0A2P1BPM6	28.37187958883993	0.9700895042304729	2.449745950360806e-06	Acinetobacter	0.00040846645075820806	0.006746538214584894	"{""Acinetobacter"": 2.449745950360806e-06, ""Candida"": 0.0, ""Enterobacterales"": 1.2554509030644511e-06, ""Haemophilus"": 0.0, ""Mycobacteria"": 0.0, ""Pseudomonas"": 0.0, ""Staphylococcus"": 0.0, ""Stenotrophomonas"": 0.0, ""Streptococcus"": 0.0}"
UniRef90_A0A2X8UPV7	28.37187958883993	0.9700895042304729	6.2517364291492156e-06	Enterobacterales	0.00040846645075820806	0.006746538214584894	"{""Acinetobacter"": 2.9739792326509756e-06, ""Candida"": 0.0, ""Enterobacterales"": 6.2517364291492156e-06, ""Haemophilus"": 0.0, ""Mycobacteria"": 0.0, ""Pseudomonas"": 0.0, ""Staphylococcus"": 0.0, ""Stenotrophomonas"": 0.0, ""Streptococcus"": 0.0}"
UniRef90_C7S9C8	28.37187958883993	0.9700895042304729	1.9930470727474897e-05	Enterobacterales	0.00040846645075820806	0.006746538214584894	"{""Acinetobacter"": 9.132413243091693e-06, ""Candida"": 0.0, ""Enterobacterales"": 1.9930470727474897e-05, ""Haemophilus"": 0.0, ""Mycobacteria"": 0.0, ""Pseudomonas"": 0.0, ""Staphylococcus"": 0.0, ""Stenotrophomonas"": 0.0, ""Streptococcus"": 0.0}"
UniRef90_UPI0009C05B77	28.37187958883993	0.9700895042304729	1.9732279443805517e-06	Acinetobacter	0.00040846645075820806	0.006746538214584894	"{""Acinetobacter"": 1.9732279443805517e-06, ""Candida"": 0.0, ""Enterobacterales"": 1.1890673439194026e-06, ""Haemophilus"": 0.0, ""Mycobacteria"": 0.0, ""Pseudomonas"": 0.0, ""Staphylococcus"": 0.0, ""Stenotrophomonas"": 0.0, ""Streptococcus"": 0.0}"
UniRef90_UPI000EFC8FDA	28.37187958883993	0.9700895042304729	2.449804520496981e-06	Acinetobacter	0.00040846645075820806	0.006746538214584894	"{""Acinetobacter"": 2.449804520496981e-06, ""Candida"": 0.0, ""Enterobacterales"": 1.268289854226719e-06, ""Haemophilus"": 0.0, ""Mycobacteria"": 0.0, ""Pseudomonas"": 0.0, ""Staphylococcus"": 0.0, ""Stenotrophomonas"": 0.0, ""Streptococcus"": 0.0}"
UniRef90_A0A0C5EX27	28.27606461086638	0.9655268862317324	1.1624659543496543e-05	Enterobacterales	0.00042450545597544814	0.006746538214584894	"{""Acinetobacter"": 3.861212866086858e-06, ""Candida"": 0.0, ""Enterobacterales"": 1.1624659543496543e-05, ""Haemophilus"": 0.0, ""Mycobacteria"": 0.0, ""Pseudomonas"": 0.0, ""Staphylococcus"": 0.0, ""Stenotrophomonas"": 0.0, ""Streptococcus"": 0.0}"
UniRef90_A0A2Z5VJF3	28.27606461086638	0.9655268862317324	2.1474081348648796e-06	Acinetobacter	0.00042450545597544814	0.006746538214584894	"{""Acinetobacter"": 2.1474081348648796e-06, ""Candida"": 0.0, ""Enterobacterales"": 1.600827753654391e-06, ""Haemophilus"": 0.0, ""Mycobacteria"": 0.0, ""Pseudomonas"": 0.0, ""Staphylococcus"": 0.0, ""Stenotrophomonas"": 0.0, ""Streptococcus"": 0.0}"
UniRef90_A0A377F4Z7	28.27606461086638	0.9655268862317324	9.06804065866577e-06	Enterobacterales	0.00042450545597544814	0.006746538214584894	"{""Acinetobacter"": 1.8460434480691503e-06, ""Candida"": 0.0, ""Enterobacterales"": 9.06804065866577e-06, ""Haemophilus"": 0.0, ""Mycobacteria"": 0.0, ""Pseudomonas"": 0.0, ""Staphylococcus"": 0.0, ""Stenotrophomonas"": 0.0, ""Streptococcus"": 0.0}"
UniRef90_A0A376K875	28.20154185022027	0.9619781833438223	6.378646910192241e-06	Enterobacterales	0.00043740557025857845	0.006746538214584894	"{""Acinetobacter"": 1.830785051942826e-06, ""Candida"": 0.0, ""Enterobacterales"": 6.378646910192241e-06, ""Haemophilus"": 0.0, ""Mycobacteria"": 0.0, ""Pseudomonas"": 0.0, ""Staphylococcus"": 0.0, ""Stenotrophomonas"": 0.0, ""Streptococcus"": 0.0}"
UniRef90_A0A1W5T7Z0	28.148311306901622	0.9594433955667439	6.143322446880627e-06	Enterobacterales	0.0004468544042925163	0.006746538214584894	"{""Acinetobacter"": 1.966749767390208e-06, ""Candida"": 0.0, ""Enterobacterales"": 6.143322446880627e-06, ""Haemophilus"": 0.0, ""Mycobacteria"": 0.0, ""Pseudomonas"": 0.0, ""Staphylococcus"": 0.0, ""Stenotrophomonas"": 0.0, ""Streptococcus"": 0.0}"
UniRef90_A0A377E3K0	28.148311306901622	0.9594433955667439	3.176354765291513e-06	Enterobacterales	0.0004468544042925163	0.006746538214584894	"{""Acinetobacter"": 2.0228186200604105e-06, ""Candida"": 0.0, ""Enterobacterales"": 3.176354765291513e-06, ""Haemophilus"": 0.0, ""Mycobacteria"": 0.0, ""Pseudomonas"": 0.0, ""Staphylococcus"": 0.0, ""Stenotrophomonas"": 0.0, ""Streptococcus"": 0.0}"
UniRef90_A0A386YFG6	28.148311306901622	0.9594433955667439	8.99542319465335e-06	Enterobacterales	0.0004468544042925163	0.006746538214584894	"{""Acinetobacter"": 2.092865099564632e-06, ""Candida"": 0.0, ""Enterobacterales"": 8.99542319465335e-06, ""Haemophilus"": 0.0, ""Mycobacteria"": 0.0, ""Pseudomonas"": 0.0, ""Staphylococcus"": 0.0, ""Stenotrophomonas"": 0.0, ""Streptococcus"": 0.0}"
UniRef90_UPI00097A3A70	28.148311306901622	0.9594433955667439	4.212909527476754e-06	Enterobacterales	0.0004468544042925163	0.006746538214584894	"{""Acinetobacter"": 1.981345911997835e-06, ""Candida"": 0.0, ""Enterobacterales"": 4.212909527476754e-06, ""Haemophilus"": 0.0, ""Mycobacteria"": 0.0, ""Pseudomonas"": 0.0, ""Staphylococcus"": 0.0, ""Stenotrophomonas"": 0.0, ""Streptococcus"": 0.0}"
UniRef90_A0A1V2G1W4	28.116372980910416	0.957922522900496	9.023812085261245e-06	Acinetobacter	0.0004526194253289882	0.006746538214584894	"{""Acinetobacter"": 9.023812085261245e-06, ""Candida"": 0.0, ""Enterobacterales"": 4.68968768210434e-06, ""Haemophilus"": 0.0, ""Mycobacteria"": 0.0, ""Pseudomonas"": 0.0, ""Staphylococcus"": 0.0, ""Stenotrophomonas"": 0.0, ""Streptococcus"": 0.0}"
UniRef90_A0A2R4A8F2	28.116372980910416	0.957922522900496	5.720427401527293e-06	Enterobacterales	0.0004526194253289882	0.006746538214584894	"{""Acinetobacter"": 2.062758371181482e-06, ""Candida"": 0.0, ""Enterobacterales"": 5.720427401527293e-06, ""Haemophilus"": 0.0, ""Mycobacteria"": 0.0, ""Pseudomonas"": 0.0, ""Staphylococcus"": 0.0, ""Stenotrophomonas"": 0.0, ""Streptococcus"": 0.0}"
UniRef90_A0A2X8WD40	28.116372980910416	0.957922522900496	3.638432417257674e-06	Enterobacterales	0.0004526194253289882	0.006746538214584894	"{""Acinetobacter"": 1.7273255464972745e-06, ""Candida"": 0.0, ""Enterobacterales"": 3.638432417257674e-06, ""Haemophilus"": 0.0, ""Mycobacteria"": 0.0, ""Pseudomonas"": 0.0, ""Staphylococcus"": 0.0, ""Stenotrophomonas"": 0.0, ""Streptococcus"": 0.0}"
UniRef90_I4T6W6	28.116372980910416	0.957922522900496	1.8487901241910582e-06	Acinetobacter	0.0004526194253289882	0.006746538214584894	"{""Acinetobacter"": 1.8487901241910582e-06, ""Candida"": 0.0, ""Enterobacterales"": 1.5378449778800106e-06, ""Haemophilus"": 0.0, ""Mycobacteria"": 0.0, ""Pseudomonas"": 0.0, ""Staphylococcus"": 0.0, ""Stenotrophomonas"": 0.0, ""Streptococcus"": 0.0}"
UniRef90_V2QF31	28.116372980910416	0.957922522900496	1.8915856796228122e-06	Acinetobacter	0.0004526194253289882	0.006746538214584894	"{""Acinetobacter"": 1.8915856796228122e-06, ""Candida"": 0.0, ""Enterobacterales"": 1.573552838237996e-06, ""Haemophilus"": 0.0, ""Mycobacteria"": 0.0, ""Pseudomonas"": 0.0, ""Staphylococcus"": 0.0, ""Stenotrophomonas"": 0.0, ""Streptococcus"": 0.0}"
UniRef90_A0A286S0I7	28.105726872246695	0.9574155653450808	3.1690100442570682e-06	Enterobacterales	0.000454557248919991	0.006746538214584894	"{""Acinetobacter"": 1.8407293421317087e-06, ""Candida"": 0.0, ""Enterobacterales"": 3.1690100442570682e-06, ""Haemophilus"": 0.0, ""Mycobacteria"": 0.0, ""Pseudomonas"": 0.0, ""Staphylococcus"": 0.0, ""Stenotrophomonas"": 0.0, ""Streptococcus"": 0.0}"
UniRef90_A0A377F5K0	28.105726872246695	0.9574155653450808	1.0276648048537877e-05	Enterobacterales	0.000454557248919991	0.006746538214584894	"{""Acinetobacter"": 2.23068437120446e-06, ""Candida"": 0.0, ""Enterobacterales"": 1.0276648048537877e-05, ""Haemophilus"": 0.0, ""Mycobacteria"": 0.0, ""Pseudomonas"": 0.0, ""Staphylococcus"": 0.0, ""Stenotrophomonas"": 0.0, ""Streptococcus"": 0.0}"
UniRef90_A0A062F5H3	25.86058276001619	0.8505039409531518	5.682709630902017e-06	Enterobacterales	0.0011095685925562476	0.006746538214584894	"{""Acinetobacter"": 1.0768273137880764e-06, ""Candida"": 0.0, ""Enterobacterales"": 5.682709630902017e-06, ""Haemophilus"": 0.0, ""Mycobacteria"": 0.0, ""Pseudomonas"": 0.0, ""Staphylococcus"": 0.0, ""Stenotrophomonas"": 0.0, ""Streptococcus"": 0.0}"
UniRef90_A0A0J1KX97	25.86058276001619	0.8505039409531518	3.389337610630547e-06	Enterobacterales	0.0011095685925562476	0.006746538214584894	"{""Acinetobacter"": 9.277853315488946e-07, ""Candida"": 0.0, ""Enterobacterales"": 3.389337610630547e-06, ""Haemophilus"": 0.0, ""Mycobacteria"": 0.0, ""Pseudomonas"": 0.0, ""Staphylococcus"": 0.0, ""Stenotrophomonas"": 0.0, ""Streptococcus"": 0.0}"
UniRef90_A0A0U2VNB3	25.86058276001619	0.8505039409531518	2.1377446195572917e-05	Enterobacterales	0.0011095685925562476	0.006746538214584894	"{""Acinetobacter"": 1.3448091883760861e-06, ""Candida"": 0.0, ""Enterobacterales"": 2.1377446195572917e-05, ""Haemophilus"": 0.0, ""Mycobacteria"": 0.0, ""Pseudomonas"": 0.0, ""Staphylococcus"": 0.0, ""Stenotrophomonas"": 0.0, ""Streptococcus"": 0.0}"
UniRef90_A0A148HT91	25.86058276001619	0.8505039409531518	2.0561343997285777e-05	Enterobacterales	0.0011095685925562476	0.006746538214584894	"{""Acinetobacter"": 1.3216609073445744e-06, ""Candida"": 0.0, ""Enterobacterales"": 2.0561343997285777e-05, ""Haemophilus"": 0.0, ""Mycobacteria"": 0.0, ""Pseudomonas"": 0.0, ""Staphylococcus"": 0.0, ""Stenotrophomonas"": 0.0, ""Streptococcus"": 0.0}"
UniRef90_A0A168USQ4	25.86058276001619	0.8505039409531518	1.1299830636014826e-05	Enterobacterales	0.0011095685925562476	0.006746538214584894	"{""Acinetobacter"": 1.1380959404035539e-06, ""Candida"": 0.0, ""Enterobacterales"": 1.1299830636014826e-05, ""Haemophilus"": 0.0, ""Mycobacteria"": 0.0, ""Pseudomonas"": 0.0, ""Staphylococcus"": 0.0, ""Stenotrophomonas"": 0.0, ""Streptococcus"": 0.0}"
UniRef90_A0A1C2TVS7	25.86058276001619	0.8505039409531518	6.142395496191722e-06	Enterobacterales	0.0011095685925562476	0.006746538214584894	"{""Acinetobacter"": 1.072658265592325e-06, ""Candida"": 0.0, ""Enterobacterales"": 6.142395496191722e-06, ""Haemophilus"": 0.0, ""Mycobacteria"": 0.0, ""Pseudomonas"": 0.0, ""Staphylococcus"": 0.0, ""Stenotrophomonas"": 0.0, ""Streptococcus"": 0.0}"
UniRef90_A0A1D3AM16	25.86058276001619	0.8505039409531518	1.0069304507040757e-05	Enterobacterales	0.0011095685925562476	0.006746538214584894	"{""Acinetobacter"": 1.4519041542346712e-06, ""Candida"": 0.0, ""Enterobacterales"": 1.0069304507040757e-05, ""Haemophilus"": 0.0, ""Mycobacteria"": 0.0, ""Pseudomonas"": 0.0, ""Staphylococcus"": 0.0, ""Stenotrophomonas"": 0.0, ""Streptococcus"": 0.0}"
UniRef90_A0A1D9MGV9	25.86058276001619	0.8505039409531518	4.0585637213554205e-06	Enterobacterales	0.0011095685925562476	0.006746538214584894	"{""Acinetobacter"": 1.1072371594260497e-06, ""Candida"": 0.0, ""Enterobacterales"": 4.0585637213554205e-06, ""Haemophilus"": 0.0, ""Mycobacteria"": 0.0, ""Pseudomonas"": 0.0, ""Staphylococcus"": 0.0, ""Stenotrophomonas"": 0.0, ""Streptococcus"": 0.0}"
UniRef90_A0A1D9N9F5	25.86058276001619	0.8505039409531518	1.3887887252319567e-05	Enterobacterales	0.0011095685925562476	0.006746538214584894	"{""Acinetobacter"": 2.6526117321977814e-06, ""Candida"": 0.0, ""Enterobacterales"": 1.3887887252319567e-05, ""Haemophilus"": 0.0, ""Mycobacteria"": 0.0, ""Pseudomonas"": 0.0, ""Staphylococcus"": 0.0, ""Stenotrophomonas"": 0.0, ""Streptococcus"": 0.0}"
UniRef90_A0A1X9QAE0	25.86058276001619	0.8505039409531518	3.019093890808152e-05	Enterobacterales	0.0011095685925562476	0.006746538214584894	"{""Acinetobacter"": 1.2487170676764166e-06, ""Candida"": 0.0, ""Enterobacterales"": 3.019093890808152e-05, ""Haemophilus"": 0.0, ""Mycobacteria"": 0.0, ""Pseudomonas"": 0.0, ""Staphylococcus"": 0.0, ""Stenotrophomonas"": 0.0, ""Streptococcus"": 0.0}"
UniRef90_A0A256DMY0	25.86058276001619	0.8505039409531518	1.6520871320252363e-05	Enterobacterales	0.0011095685925562476	0.006746538214584894	"{""Acinetobacter"": 8.125899252521729e-07, ""Candida"": 0.0, ""Enterobacterales"": 1.6520871320252363e-05, ""Haemophilus"": 0.0, ""Mycobacteria"": 0.0, ""Pseudomonas"": 0.0, ""Staphylococcus"": 0.0, ""Stenotrophomonas"": 0.0, ""Streptococcus"": 0.0}"
UniRef90_A0A2L1K774	25.86058276001619	0.8505039409531518	1.0943888099751658e-05	Enterobacterales	0.0011095685925562476	0.006746538214584894	"{""Acinetobacter"": 2.052526629834431e-06, ""Candida"": 0.0, ""Enterobacterales"": 1.0943888099751658e-05, ""Haemophilus"": 0.0, ""Mycobacteria"": 0.0, ""Pseudomonas"": 0.0, ""Staphylococcus"": 0.0, ""Stenotrophomonas"": 0.0, ""Streptococcus"": 0.0}"
UniRef90_A0A2N4V8U4	25.86058276001619	0.8505039409531518	4.125050825624473e-06	Enterobacterales	0.0011095685925562476	0.006746538214584894	"{""Acinetobacter"": 1.1253763416224984e-06, ""Candida"": 0.0, ""Enterobacterales"": 4.125050825624473e-06, ""Haemophilus"": 0.0, ""Mycobacteria"": 0.0, ""Pseudomonas"": 0.0, ""Staphylococcus"": 0.0, ""Stenotrophomonas"": 0.0, ""Streptococcus"": 0.0}"
UniRef90_A0A2P1BPM5	25.86058276001619	0.8505039409531518	2.9430164922431e-05	Enterobacterales	0.0011095685925562476	0.006746538214584894	"{""Acinetobacter"": 1.785312216077821e-06, ""Candida"": 0.0, ""Enterobacterales"": 2.9430164922431e-05, ""Haemophilus"": 0.0, ""Mycobacteria"": 0.0, ""Pseudomonas"": 0.0, ""Staphylococcus"": 0.0, ""Stenotrophomonas"": 0.0, ""Streptococcus"": 0.0}"
UniRef90_A0A2X3EYJ1	25.86058276001619	0.8505039409531518	3.8143010496188104e-05	Enterobacterales	0.0011095685925562476	0.006746538214584894	"{""Acinetobacter"": 1.5245334266581464e-06, ""Candida"": 0.0, ""Enterobacterales"": 3.8143010496188104e-05, ""Haemophilus"": 0.0, ""Mycobacteria"": 0.0, ""Pseudomonas"": 0.0, ""Staphylococcus"": 0.0, ""Stenotrophomonas"": 0.0, ""Streptococcus"": 0.0}"
UniRef90_A0A329ZQB7	25.86058276001619	0.8505039409531518	2.358170585875286e-05	Enterobacterales	0.0011095685925562476	0.006746538214584894	"{""Acinetobacter"": 8.547987433791417e-07, ""Candida"": 0.0, ""Enterobacterales"": 2.358170585875286e-05, ""Haemophilus"": 0.0, ""Mycobacteria"": 0.0, ""Pseudomonas"": 0.0, ""Staphylococcus"": 0.0, ""Stenotrophomonas"": 0.0, ""Streptococcus"": 0.0}"
UniRef90_A0A345EYL7	25.86058276001619	0.8505039409531518	1.2962975281352682e-05	Enterobacterales	0.0011095685925562476	0.006746538214584894	"{""Acinetobacter"": 1.4061979486319683e-06, ""Candida"": 0.0, ""Enterobacterales"": 1.2962975281352682e-05, ""Haemophilus"": 0.0, ""Mycobacteria"": 0.0, ""Pseudomonas"": 0.0, ""Staphylococcus"": 0.0, ""Stenotrophomonas"": 0.0, ""Streptococcus"": 0.0}"
UniRef90_A0A345EYR0	25.86058276001619	0.8505039409531518	2.3209872392714493e-05	Enterobacterales	0.0011095685925562476	0.006746538214584894	"{""Acinetobacter"": 8.802318518577657e-07, ""Candida"": 0.0, ""Enterobacterales"": 2.3209872392714493e-05, ""Haemophilus"": 0.0, ""Mycobacteria"": 0.0, ""Pseudomonas"": 0.0, ""Staphylococcus"": 0.0, ""Stenotrophomonas"": 0.0, ""Streptococcus"": 0.0}"
UniRef90_A0A372CGK8	25.86058276001619	0.8505039409531518	3.9933217375118145e-06	Enterobacterales	0.0011095685925562476	0.006746538214584894	"{""Acinetobacter"": 1.1483864148849963e-06, ""Candida"": 0.0, ""Enterobacterales"": 3.9933217375118145e-06, ""Haemophilus"": 0.0, ""Mycobacteria"": 0.0, ""Pseudomonas"": 0.0, ""Staphylococcus"": 0.0, ""Stenotrophomonas"": 0.0, ""Streptococcus"": 0.0}"
UniRef90_A0A376M0V6	25.86058276001619	0.8505039409531518	3.688226626726078e-06	Enterobacterales	0.0011095685925562476	0.006746538214584894	"{""Acinetobacter"": 1.0095989913350637e-06, ""Candida"": 0.0, ""Enterobacterales"": 3.688226626726078e-06, ""Haemophilus"": 0.0, ""Mycobacteria"": 0.0, ""Pseudomonas"": 0.0, ""Staphylococcus"": 0.0, ""Stenotrophomonas"": 0.0, ""Streptococcus"": 0.0}"
UniRef90_A0A377F6N2	25.86058276001619	0.8505039409531518	1.3732143906710607e-05	Enterobacterales	0.0011095685925562476	0.006746538214584894	"{""Acinetobacter"": 1.0922916849576824e-06, ""Candida"": 0.0, ""Enterobacterales"": 1.3732143906710607e-05, ""Haemophilus"": 0.0, ""Mycobacteria"": 0.0, ""Pseudomonas"": 0.0, ""Staphylococcus"": 0.0, ""Stenotrophomonas"": 0.0, ""Streptococcus"": 0.0}"
UniRef90_A0A383GUG5	25.86058276001619	0.8505039409531518	2.0044765013281083e-05	Enterobacterales	0.0011095685925562476	0.006746538214584894	"{""Acinetobacter"": 9.03569806943615e-07, ""Candida"": 0.0, ""Enterobacterales"": 2.0044765013281083e-05, ""Haemophilus"": 0.0, ""Mycobacteria"": 0.0, ""Pseudomonas"": 0.0, ""Staphylococcus"": 0.0, ""Stenotrophomonas"": 0.0, ""Streptococcus"": 0.0}"
UniRef90_A0A383HK54	25.86058276001619	0.8505039409531518	2.456476106444647e-05	Enterobacterales	0.0011095685925562476	0.006746538214584894	"{""Acinetobacter"": 1.6318718267551486e-06, ""Candida"": 0.0, ""Enterobacterales"": 2.456476106444647e-05, ""Haemophilus"": 0.0, ""Mycobacteria"": 0.0, ""Pseudomonas"": 0.0, ""Staphylococcus"": 0.0, ""Stenotrophomonas"": 0.0, ""Streptococcus"": 0.0}"
UniRef90_A0A3A1V7V7	25.86058276001619	0.8505039409531518	0.0008650605272206154	Enterobacterales	0.0011095685925562476	0.006746538214584894	"{""Acinetobacter"": 0.0001328227261588859, ""Candida"": 0.0, ""Enterobacterales"": 0.0008650605272206154, ""Haemophilus"": 0.0, ""Mycobacteria"": 0.0, ""Pseudomonas"": 0.0, ""Staphylococcus"": 0.0, ""Stenotrophomonas"": 0.0, ""Streptococcus"": 0.0}"
UniRef90_D9Z5D1	25.86058276001619	0.8505039409531518	2.5118024388487184e-05	Enterobacterales	0.0011095685925562476	0.006746538214584894	"{""Acinetobacter"": 2.149062278398224e-06, ""Candida"": 0.0, ""Enterobacterales"": 2.5118024388487184e-05, ""Haemophilus"": 0.0, ""Mycobacteria"": 0.0, ""Pseudomonas"": 0.0, ""Staphylococcus"": 0.0, ""Stenotrophomonas"": 0.0, ""Streptococcus"": 0.0}"
UniRef90_E1IZ42	25.86058276001619	0.8505039409531518	5.950311295346393e-05	Enterobacterales	0.0011095685925562476	0.006746538214584894	"{""Acinetobacter"": 1.2411455755879587e-06, ""Candida"": 0.0, ""Enterobacterales"": 5.950311295346393e-05, ""Haemophilus"": 0.0, ""Mycobacteria"": 0.0, ""Pseudomonas"": 0.0, ""Staphylococcus"": 0.0, ""Stenotrophomonas"": 0.0, ""Streptococcus"": 0.0}"
UniRef90_E6BU89	25.86058276001619	0.8505039409531518	8.562738957612096e-06	Enterobacterales	0.0011095685925562476	0.006746538214584894	"{""Acinetobacter"": 1.056166294970721e-06, ""Candida"": 0.0, ""Enterobacterales"": 8.562738957612096e-06, ""Haemophilus"": 0.0, ""Mycobacteria"": 0.0, ""Pseudomonas"": 0.0, ""Staphylococcus"": 0.0, ""Stenotrophomonas"": 0.0, ""Streptococcus"": 0.0}"
UniRef90_UPI0008FBEA26	25.86058276001619	0.8505039409531518	3.931818551839864e-06	Enterobacterales	0.0011095685925562476	0.006746538214584894	"{""Acinetobacter"": 1.072658265592325e-06, ""Candida"": 0.0, ""Enterobacterales"": 3.931818551839864e-06, ""Haemophilus"": 0.0, ""Mycobacteria"": 0.0, ""Pseudomonas"": 0.0, ""Staphylococcus"": 0.0, ""Stenotrophomonas"": 0.0, ""Streptococcus"": 0.0}"
UniRef90_UPI0008FEFD22	25.86058276001619	0.8505039409531518	3.174927794895434e-06	Enterobacterales	0.0011095685925562476	0.006746538214584894	"{""Acinetobacter"": 8.690955208371808e-07, ""Candida"": 0.0, ""Enterobacterales"": 3.174927794895434e-06, ""Haemophilus"": 0.0, ""Mycobacteria"": 0.0, ""Pseudomonas"": 0.0, ""Staphylococcus"": 0.0, ""Stenotrophomonas"": 0.0, ""Streptococcus"": 0.0}"
UniRef90_UPI0008FF8C62	25.86058276001619	0.8505039409531518	4.909894905365535e-06	Enterobacterales	0.0011095685925562476	0.006746538214584894	"{""Acinetobacter"": 9.48509973873205e-07, ""Candida"": 0.0, ""Enterobacterales"": 4.909894905365535e-06, ""Haemophilus"": 0.0, ""Mycobacteria"": 0.0, ""Pseudomonas"": 0.0, ""Staphylococcus"": 0.0, ""Stenotrophomonas"": 0.0, ""Streptococcus"": 0.0}"
UniRef90_UPI0008FFDACD	25.86058276001619	0.8505039409531518	4.2647815836616895e-06	Enterobacterales	0.0011095685925562476	0.006746538214584894	"{""Acinetobacter"": 1.163498102555348e-06, ""Candida"": 0.0, ""Enterobacterales"": 4.2647815836616895e-06, ""Haemophilus"": 0.0, ""Mycobacteria"": 0.0, ""Pseudomonas"": 0.0, ""Staphylococcus"": 0.0, ""Stenotrophomonas"": 0.0, ""Streptococcus"": 0.0}"
UniRef90_UPI0009006C2A	25.86058276001619	0.8505039409531518	3.3441697803396955e-06	Enterobacterales	0.0011095685925562476	0.006746538214584894	"{""Acinetobacter"": 9.154216858983561e-07, ""Candida"": 0.0, ""Enterobacterales"": 3.3441697803396955e-06, ""Haemophilus"": 0.0, ""Mycobacteria"": 0.0, ""Pseudomonas"": 0.0, ""Staphylococcus"": 0.0, ""Stenotrophomonas"": 0.0, ""Streptococcus"": 0.0}"
UniRef90_UPI0009044F52	25.86058276001619	0.8505039409531518	7.717046786543973e-06	Enterobacterales	0.0011095685925562476	0.006746538214584894	"{""Acinetobacter"": 1.4593063782068554e-06, ""Candida"": 0.0, ""Enterobacterales"": 7.717046786543973e-06, ""Haemophilus"": 0.0, ""Mycobacteria"": 0.0, ""Pseudomonas"": 0.0, ""Staphylococcus"": 0.0, ""Stenotrophomonas"": 0.0, ""Streptococcus"": 0.0}"
UniRef90_UPI000906E7A9	25.86058276001619	0.8505039409531518	3.174927794895434e-06	Enterobacterales	0.0011095685925562476	0.006746538214584894	"{""Acinetobacter"": 8.690955208371808e-07, ""Candida"": 0.0, ""Enterobacterales"": 3.174927794895434e-06, ""Haemophilus"": 0.0, ""Mycobacteria"": 0.0, ""Pseudomonas"": 0.0, ""Staphylococcus"": 0.0, ""Stenotrophomonas"": 0.0, ""Streptococcus"": 0.0}"
UniRef90_UPI000906EA21	25.86058276001619	0.8505039409531518	3.483435248695003e-06	Enterobacterales	0.0011095685925562476	0.006746538214584894	"{""Acinetobacter"": 9.535423419559466e-07, ""Candida"": 0.0, ""Enterobacterales"": 3.483435248695003e-06, ""Haemophilus"": 0.0, ""Mycobacteria"": 0.0, ""Pseudomonas"": 0.0, ""Staphylococcus"": 0.0, ""Stenotrophomonas"": 0.0, ""Streptococcus"": 0.0}"
UniRef90_UPI000907107D	25.86058276001619	0.8505039409531518	4.125050825624473e-06	Enterobacterales	0.0011095685925562476	0.006746538214584894	"{""Acinetobacter"": 1.1253763416224984e-06, ""Candida"": 0.0, ""Enterobacterales"": 4.125050825624473e-06, ""Haemophilus"": 0.0, ""Mycobacteria"": 0.0, ""Pseudomonas"": 0.0, ""Staphylococcus"": 0.0, ""Stenotrophomonas"": 0.0, ""Streptococcus"": 0.0}"
UniRef90_UPI0009078049	25.86058276001619	0.8505039409531518	3.5829069485912864e-06	Enterobacterales	0.0011095685925562476	0.006746538214584894	"{""Acinetobacter"": 9.807703234958798e-07, ""Candida"": 0.0, ""Enterobacterales"": 3.5829069485912864e-06, ""Haemophilus"": 0.0, ""Mycobacteria"": 0.0, ""Pseudomonas"": 0.0, ""Staphylococcus"": 0.0, ""Stenotrophomonas"": 0.0, ""Streptococcus"": 0.0}"
UniRef90_UPI000907E421	25.86058276001619	0.8505039409531518	3.389337610630547e-06	Enterobacterales	0.0011095685925562476	0.006746538214584894	"{""Acinetobacter"": 9.277853315488946e-07, ""Candida"": 0.0, ""Enterobacterales"": 3.389337610630547e-06, ""Haemophilus"": 0.0, ""Mycobacteria"": 0.0, ""Pseudomonas"": 0.0, ""Staphylococcus"": 0.0, ""Stenotrophomonas"": 0.0, ""Streptococcus"": 0.0}"
UniRef90_UPI00090828FD	25.86058276001619	0.8505039409531518	3.8713689476712465e-06	Enterobacterales	0.0011095685925562476	0.006746538214584894	"{""Acinetobacter"": 1.056166294970721e-06, ""Candida"": 0.0, ""Enterobacterales"": 3.8713689476712465e-06, ""Haemophilus"": 0.0, ""Mycobacteria"": 0.0, ""Pseudomonas"": 0.0, ""Staphylococcus"": 0.0, ""Stenotrophomonas"": 0.0, ""Streptococcus"": 0.0}"
UniRef90_UPI00090830EF	25.86058276001619	0.8505039409531518	3.6348040253334587e-06	Enterobacterales	0.0011095685925562476	0.006746538214584894	"{""Acinetobacter"": 9.949758774103392e-07, ""Candida"": 0.0, ""Enterobacterales"": 3.6348040253334587e-06, ""Haemophilus"": 0.0, ""Mycobacteria"": 0.0, ""Pseudomonas"": 0.0, ""Staphylococcus"": 0.0, ""Stenotrophomonas"": 0.0, ""Streptococcus"": 0.0}"
UniRef90_UPI00090831D7	25.86058276001619	0.8505039409531518	4.193752603251453e-06	Enterobacterales	0.0011095685925562476	0.006746538214584894	"{""Acinetobacter"": 1.1441197550458016e-06, ""Candida"": 0.0, ""Enterobacterales"": 4.193752603251453e-06, ""Haemophilus"": 0.0, ""Mycobacteria"": 0.0, ""Pseudomonas"": 0.0, ""Staphylococcus"": 0.0, ""Stenotrophomonas"": 0.0, ""Streptococcus"": 0.0}"
UniRef90_UPI00092F5161	25.86058276001619	0.8505039409531518	4.0585637213554205e-06	Enterobacterales	0.0011095685925562476	0.006746538214584894	"{""Acinetobacter"": 1.1072371594260497e-06, ""Candida"": 0.0, ""Enterobacterales"": 4.0585637213554205e-06, ""Haemophilus"": 0.0, ""Mycobacteria"": 0.0, ""Pseudomonas"": 0.0, ""Staphylococcus"": 0.0, ""Stenotrophomonas"": 0.0, ""Streptococcus"": 0.0}"
UniRef90_UPI0009361946	25.86058276001619	0.8505039409531518	5.031786670653836e-06	Enterobacterales	0.0011095685925562476	0.006746538214584894	"{""Acinetobacter"": 1.3727561170023306e-06, ""Candida"": 0.0, ""Enterobacterales"": 5.031786670653836e-06, ""Haemophilus"": 0.0, ""Mycobacteria"": 0.0, ""Pseudomonas"": 0.0, ""Staphylococcus"": 0.0, ""Stenotrophomonas"": 0.0, ""Streptococcus"": 0.0}"
UniRef90_UPI0009364318	25.86058276001619	0.8505039409531518	4.0585637213554205e-06	Enterobacterales	0.0011095685925562476	0.006746538214584894	"{""Acinetobacter"": 1.1072371594260497e-06, ""Candida"": 0.0, ""Enterobacterales"": 4.0585637213554205e-06, ""Haemophilus"": 0.0, ""Mycobacteria"": 0.0, ""Pseudomonas"": 0.0, ""Staphylococcus"": 0.0, ""Stenotrophomonas"": 0.0, ""Streptococcus"": 0.0}"
UniRef90_UPI0009434D94	25.86058276001619	0.8505039409531518	3.8713689476712465e-06	Enterobacterales	0.0011095685925562476	0.006746538214584894	"{""Acinetobacter"": 1.056166294970721e-06, ""Candida"": 0.0, ""Enterobacterales"": 3.8713689476712465e-06, ""Haemophilus"": 0.0, ""Mycobacteria"": 0.0, ""Pseudomonas"": 0.0, ""Staphylococcus"": 0.0, ""Stenotrophomonas"": 0.0, ""Streptococcus"": 0.0}"
UniRef90_UPI00096B7715	25.86058276001619	0.8505039409531518	3.2573519368650024e-06	Enterobacterales	0.0011095685925562476	0.006746538214584894	"{""Acinetobacter"": 8.916572845629359e-07, ""Candida"": 0.0, ""Enterobacterales"": 3.2573519368650024e-06, ""Haemophilus"": 0.0, ""Mycobacteria"": 0.0, ""Pseudomonas"": 0.0, ""Staphylococcus"": 0.0, ""Stenotrophomonas"": 0.0, ""Streptococcus"": 0.0}"
UniRef90_UPI000983532E	25.86058276001619	0.8505039409531518	3.174927794895434e-06	Enterobacterales	0.0011095685925562476	0.006746538214584894	"{""Acinetobacter"": 8.690955208371808e-07, ""Candida"": 0.0, ""Enterobacterales"": 3.174927794895434e-06, ""Haemophilus"": 0.0, ""Mycobacteria"": 0.0, ""Pseudomonas"": 0.0, ""Staphylococcus"": 0.0, ""Stenotrophomonas"": 0.0, ""Streptococcus"": 0.0}"
UniRef90_UPI0009837860	25.86058276001619	0.8505039409531518	4.193752603251453e-06	Enterobacterales	0.0011095685925562476	0.006746538214584894	"{""Acinetobacter"": 1.1441197550458016e-06, ""Candida"": 0.0, ""Enterobacterales"": 4.193752603251453e-06, ""Haemophilus"": 0.0, ""Mycobacteria"": 0.0, ""Pseudomonas"": 0.0, ""Staphylococcus"": 0.0, ""Stenotrophomonas"": 0.0, ""Streptococcus"": 0.0}"
UniRef90_UPI0009837A69	25.86058276001619	0.8505039409531518	5.84788232739462e-06	Enterobacterales	0.0011095685925562476	0.006746538214584894	"{""Acinetobacter"": 8.802318518577657e-07, ""Candida"": 0.0, ""Enterobacterales"": 5.84788232739462e-06, ""Haemophilus"": 0.0, ""Mycobacteria"": 0.0, ""Pseudomonas"": 0.0, ""Staphylococcus"": 0.0, ""Stenotrophomonas"": 0.0, ""Streptococcus"": 0.0}"
UniRef90_UPI0009837FF3	25.86058276001619	0.8505039409531518	3.389337610630547e-06	Enterobacterales	0.0011095685925562476	0.006746538214584894	"{""Acinetobacter"": 9.277853315488946e-07, ""Candida"": 0.0, ""Enterobacterales"": 3.389337610630547e-06, ""Haemophilus"": 0.0, ""Mycobacteria"": 0.0, ""Pseudomonas"": 0.0, ""Staphylococcus"": 0.0, ""Stenotrophomonas"": 0.0, ""Streptococcus"": 0.0}"
UniRef90_UPI0009838943	25.86058276001619	0.8505039409531518	3.3001899773245904e-06	Enterobacterales	0.0011095685925562476	0.006746538214584894	"{""Acinetobacter"": 9.033832247297838e-07, ""Candida"": 0.0, ""Enterobacterales"": 3.3001899773245904e-06, ""Haemophilus"": 0.0, ""Mycobacteria"": 0.0, ""Pseudomonas"": 0.0, ""Staphylococcus"": 0.0, ""Stenotrophomonas"": 0.0, ""Streptococcus"": 0.0}"
UniRef90_UPI0009885C25	25.86058276001619	0.8505039409531518	3.9941858992467886e-06	Enterobacterales	0.0011095685925562476	0.006746538214584894	"{""Acinetobacter"": 1.0896734535509736e-06, ""Candida"": 0.0, ""Enterobacterales"": 3.9941858992467886e-06, ""Haemophilus"": 0.0, ""Mycobacteria"": 0.0, ""Pseudomonas"": 0.0, ""Staphylococcus"": 0.0, ""Stenotrophomonas"": 0.0, ""Streptococcus"": 0.0}"
UniRef90_UPI000988D1C0	25.86058276001619	0.8505039409531518	3.174927794895434e-06	Enterobacterales	0.0011095685925562476	0.006746538214584894	"{""Acinetobacter"": 8.690955208371808e-07, ""Candida"": 0.0, ""Enterobacterales"": 3.174927794895434e-06, ""Haemophilus"": 0.0, ""Mycobacteria"": 0.0, ""Pseudomonas"": 0.0, ""Staphylococcus"": 0.0, ""Stenotrophomonas"": 0.0, ""Streptococcus"": 0.0}"
UniRef90_UPI000988FCE2	25.86058276001619	0.8505039409531518	3.174927794895434e-06	Enterobacterales	0.0011095685925562476	0.006746538214584894	"{""Acinetobacter"": 8.690955208371808e-07, ""Candida"": 0.0, ""Enterobacterales"": 3.174927794895434e-06, ""Haemophilus"": 0.0, ""Mycobacteria"": 0.0, ""Pseudomonas"": 0.0, ""Staphylococcus"": 0.0, ""Stenotrophomonas"": 0.0, ""Streptococcus"": 0.0}"
UniRef90_UPI00098AEFEA	25.86058276001619	0.8505039409531518	3.2573519368650024e-06	Enterobacterales	0.0011095685925562476	0.006746538214584894	"{""Acinetobacter"": 8.916572845629359e-07, ""Candida"": 0.0, ""Enterobacterales"": 3.2573519368650024e-06, ""Haemophilus"": 0.0, ""Mycobacteria"": 0.0, ""Pseudomonas"": 0.0, ""Staphylococcus"": 0.0, ""Stenotrophomonas"": 0.0, ""Streptococcus"": 0.0}"
UniRef90_UPI00098B8BBD	25.86058276001619	0.8505039409531518	3.389337610630547e-06	Enterobacterales	0.0011095685925562476	0.006746538214584894	"{""Acinetobacter"": 9.277853315488946e-07, ""Candida"": 0.0, ""Enterobacterales"": 3.389337610630547e-06, ""Haemophilus"": 0.0, ""Mycobacteria"": 0.0, ""Pseudomonas"": 0.0, ""Staphylococcus"": 0.0, ""Stenotrophomonas"": 0.0, ""Streptococcus"": 0.0}"
UniRef90_UPI00098BCAAE	25.86058276001619	0.8505039409531518	7.447793293077147e-06	Enterobacterales	0.0011095685925562476	0.006746538214584894	"{""Acinetobacter"": 8.802318518577657e-07, ""Candida"": 0.0, ""Enterobacterales"": 7.447793293077147e-06, ""Haemophilus"": 0.0, ""Mycobacteria"": 0.0, ""Pseudomonas"": 0.0, ""Staphylococcus"": 0.0, ""Stenotrophomonas"": 0.0, ""Streptococcus"": 0.0}"
UniRef90_UPI00098C8CFF	25.86058276001619	0.8505039409531518	1.5537334419070283e-05	Enterobacterales	0.0011095685925562476	0.006746538214584894	"{""Acinetobacter"": 1.296968200827798e-06, ""Candida"": 0.0, ""Enterobacterales"": 1.5537334419070283e-05, ""Haemophilus"": 0.0, ""Mycobacteria"": 0.0, ""Pseudomonas"": 0.0, ""Staphylococcus"": 0.0, ""Stenotrophomonas"": 0.0, ""Streptococcus"": 0.0}"
UniRef90_UPI00098DD838	25.86058276001619	0.8505039409531518	3.4357422639942355e-06	Enterobacterales	0.0011095685925562476	0.006746538214584894	"{""Acinetobacter"": 9.404875174771745e-07, ""Candida"": 0.0, ""Enterobacterales"": 3.4357422639942355e-06, ""Haemophilus"": 0.0, ""Mycobacteria"": 0.0, ""Pseudomonas"": 0.0, ""Staphylococcus"": 0.0, ""Stenotrophomonas"": 0.0, ""Streptococcus"": 0.0}"
UniRef90_UPI00098DDEF7	25.86058276001619	0.8505039409531518	3.3441697803396955e-06	Enterobacterales	0.0011095685925562476	0.006746538214584894	"{""Acinetobacter"": 9.154216858983561e-07, ""Candida"": 0.0, ""Enterobacterales"": 3.3441697803396955e-06, ""Haemophilus"": 0.0, ""Mycobacteria"": 0.0, ""Pseudomonas"": 0.0, ""Staphylococcus"": 0.0, ""Stenotrophomonas"": 0.0, ""Streptococcus"": 0.0}"
UniRef90_UPI0009A23328	25.86058276001619	0.8505039409531518	3.215611766021555e-06	Enterobacterales	0.0011095685925562476	0.006746538214584894	"{""Acinetobacter"": 8.802318518577657e-07, ""Candida"": 0.0, ""Enterobacterales"": 3.215611766021555e-06, ""Haemophilus"": 0.0, ""Mycobacteria"": 0.0, ""Pseudomonas"": 0.0, ""Staphylococcus"": 0.0, ""Stenotrophomonas"": 0.0, ""Streptococcus"": 0.0}"
UniRef90_UPI0009A23A25	25.86058276001619	0.8505039409531518	3.3001899773245904e-06	Enterobacterales	0.0011095685925562476	0.006746538214584894	"{""Acinetobacter"": 9.033832247297838e-07, ""Candida"": 0.0, ""Enterobacterales"": 3.3001899773245904e-06, ""Haemophilus"": 0.0, ""Mycobacteria"": 0.0, ""Pseudomonas"": 0.0, ""Staphylococcus"": 0.0, ""Stenotrophomonas"": 0.0, ""Streptococcus"": 0.0}"
UniRef90_UPI0009A3A52B	25.86058276001619	0.8505039409531518	4.338258054616241e-06	Enterobacterales	0.0011095685925562476	0.006746538214584894	"{""Acinetobacter"": 1.183544203087895e-06, ""Candida"": 0.0, ""Enterobacterales"": 4.338258054616241e-06, ""Haemophilus"": 0.0, ""Mycobacteria"": 0.0, ""Pseudomonas"": 0.0, ""Staphylococcus"": 0.0, ""Stenotrophomonas"": 0.0, ""Streptococcus"": 0.0}"
UniRef90_UPI0009A658C4	25.86058276001619	0.8505039409531518	3.5829069485912864e-06	Enterobacterales	0.0011095685925562476	0.006746538214584894	"{""Acinetobacter"": 9.807703234958798e-07, ""Candida"": 0.0, ""Enterobacterales"": 3.5829069485912864e-06, ""Haemophilus"": 0.0, ""Mycobacteria"": 0.0, ""Pseudomonas"": 0.0, ""Staphylococcus"": 0.0, ""Stenotrophomonas"": 0.0, ""Streptococcus"": 0.0}"
UniRef90_UPI0009AA0BEB	25.86058276001619	0.8505039409531518	6.258077922026815e-06	Enterobacterales	0.0011095685925562476	0.006746538214584894	"{""Acinetobacter"": 9.154216858983561e-07, ""Candida"": 0.0, ""Enterobacterales"": 6.258077922026815e-06, ""Haemophilus"": 0.0, ""Mycobacteria"": 0.0, ""Pseudomonas"": 0.0, ""Staphylococcus"": 0.0, ""Stenotrophomonas"": 0.0, ""Streptococcus"": 0.0}"
UniRef90_UPI0009B0F21D	25.86058276001619	0.8505039409531518	3.4357422639942355e-06	Enterobacterales	0.0011095685925562476	0.006746538214584894	"{""Acinetobacter"": 9.404875174771745e-07, ""Candida"": 0.0, ""Enterobacterales"": 3.4357422639942355e-06, ""Haemophilus"": 0.0, ""Mycobacteria"": 0.0, ""Pseudomonas"": 0.0, ""Staphylococcus"": 0.0, ""Stenotrophomonas"": 0.0, ""Streptococcus"": 0.0}"
UniRef90_UPI000A19CFE8	25.86058276001619	0.8505039409531518	7.043396936919736e-06	Enterobacterales	0.0011095685925562476	0.006746538214584894	"{""Acinetobacter"": 1.2480529873829059e-06, ""Candida"": 0.0, ""Enterobacterales"": 7.043396936919736e-06, ""Haemophilus"": 0.0, ""Mycobacteria"": 0.0, ""Pseudomonas"": 0.0, ""Staphylococcus"": 0.0, ""Stenotrophomonas"": 0.0, ""Streptococcus"": 0.0}"
UniRef90_UPI000A19D823	25.86058276001619	0.8505039409531518	4.493077535155853e-06	Enterobacterales	0.0011095685925562476	0.006746538214584894	"{""Acinetobacter"": 1.225782650963342e-06, ""Candida"": 0.0, ""Enterobacterales"": 4.493077535155853e-06, ""Haemophilus"": 0.0, ""Mycobacteria"": 0.0, ""Pseudomonas"": 0.0, ""Staphylococcus"": 0.0, ""Stenotrophomonas"": 0.0, ""Streptococcus"": 0.0}"
UniRef90_UPI000A19F352	25.86058276001619	0.8505039409531518	3.532470971809564e-06	Enterobacterales	0.0011095685925562476	0.006746538214584894	"{""Acinetobacter"": 9.669646965041403e-07, ""Candida"": 0.0, ""Enterobacterales"": 3.532470971809564e-06, ""Haemophilus"": 0.0, ""Mycobacteria"": 0.0, ""Pseudomonas"": 0.0, ""Staphylococcus"": 0.0, ""Stenotrophomonas"": 0.0, ""Streptococcus"": 0.0}"
UniRef90_UPI000A3712AD	25.86058276001619	0.8505039409531518	3.9941858992467886e-06	Enterobacterales	0.0011095685925562476	0.006746538214584894	"{""Acinetobacter"": 1.0896734535509736e-06, ""Candida"": 0.0, ""Enterobacterales"": 3.9941858992467886e-06, ""Haemophilus"": 0.0, ""Mycobacteria"": 0.0, ""Pseudomonas"": 0.0, ""Staphylococcus"": 0.0, ""Stenotrophomonas"": 0.0, ""Streptococcus"": 0.0}"
UniRef90_UPI000A3935DF	25.86058276001619	0.8505039409531518	3.688226626726078e-06	Enterobacterales	0.0011095685925562476	0.006746538214584894	"{""Acinetobacter"": 1.0095989913350637e-06, ""Candida"": 0.0, ""Enterobacterales"": 3.688226626726078e-06, ""Haemophilus"": 0.0, ""Mycobacteria"": 0.0, ""Pseudomonas"": 0.0, ""Staphylococcus"": 0.0, ""Stenotrophomonas"": 0.0, ""Streptococcus"": 0.0}"
UniRef90_UPI000A3AED9B	25.86058276001619	0.8505039409531518	9.71182659555266e-06	Enterobacterales	0.0011095685925562476	0.006746538214584894	"{""Acinetobacter"": 1.056166294970721e-06, ""Candida"": 0.0, ""Enterobacterales"": 9.71182659555266e-06, ""Haemophilus"": 0.0, ""Mycobacteria"": 0.0, ""Pseudomonas"": 0.0, ""Staphylococcus"": 0.0, ""Stenotrophomonas"": 0.0, ""Streptococcus"": 0.0}"
UniRef90_UPI000A3B19AF	25.86058276001619	0.8505039409531518	3.743243020633553e-06	Enterobacterales	0.0011095685925562476	0.006746538214584894	"{""Acinetobacter"": 1.0246583509383188e-06, ""Candida"": 0.0, ""Enterobacterales"": 3.743243020633553e-06, ""Haemophilus"": 0.0, ""Mycobacteria"": 0.0, ""Pseudomonas"": 0.0, ""Staphylococcus"": 0.0, ""Stenotrophomonas"": 0.0, ""Streptococcus"": 0.0}"
UniRef90_UPI000A3CE0F1	25.86058276001619	0.8505039409531518	4.747197731511006e-06	Enterobacterales	0.0011095685925562476	0.006746538214584894	"{""Acinetobacter"": 1.2951129140096887e-06, ""Candida"": 0.0, ""Enterobacterales"": 4.747197731511006e-06, ""Haemophilus"": 0.0, ""Mycobacteria"": 0.0, ""Pseudomonas"": 0.0, ""Staphylococcus"": 0.0, ""Stenotrophomonas"": 0.0, ""Streptococcus"": 0.0}"
UniRef90_UPI000A3D5352	25.86058276001619	0.8505039409531518	3.3441697803396955e-06	Enterobacterales	0.0011095685925562476	0.006746538214584894	"{""Acinetobacter"": 9.154216858983561e-07, ""Candida"": 0.0, ""Enterobacterales"": 3.3441697803396955e-06, ""Haemophilus"": 0.0, ""Mycobacteria"": 0.0, ""Pseudomonas"": 0.0, ""Staphylococcus"": 0.0, ""Stenotrophomonas"": 0.0, ""Streptococcus"": 0.0}"
UniRef90_UPI000B3B568B	25.86058276001619	0.8505039409531518	3.8127499718336613e-06	Enterobacterales	0.0011095685925562476	0.006746538214584894	"{""Acinetobacter"": 1.0401737734706262e-06, ""Candida"": 0.0, ""Enterobacterales"": 3.8127499718336613e-06, ""Haemophilus"": 0.0, ""Mycobacteria"": 0.0, ""Pseudomonas"": 0.0, ""Staphylococcus"": 0.0, ""Stenotrophomonas"": 0.0, ""Streptococcus"": 0.0}"
UniRef90_UPI000BB98702	25.86058276001619	0.8505039409531518	3.103584396510858e-06	Enterobacterales	0.0011095685925562476	0.006746538214584894	"{""Acinetobacter"": 8.180242262301947e-07, ""Candida"": 0.0, ""Enterobacterales"": 3.103584396510858e-06, ""Haemophilus"": 0.0, ""Mycobacteria"": 0.0, ""Pseudomonas"": 0.0, ""Staphylococcus"": 0.0, ""Stenotrophomonas"": 0.0, ""Streptococcus"": 0.0}"
UniRef90_UPI000C12E24E	25.86058276001619	0.8505039409531518	3.389337610630547e-06	Enterobacterales	0.0011095685925562476	0.006746538214584894	"{""Acinetobacter"": 9.277853315488946e-07, ""Candida"": 0.0, ""Enterobacterales"": 3.389337610630547e-06, ""Haemophilus"": 0.0, ""Mycobacteria"": 0.0, ""Pseudomonas"": 0.0, ""Staphylococcus"": 0.0, ""Stenotrophomonas"": 0.0, ""Streptococcus"": 0.0}"
UniRef90_UPI000C86A1E6	25.86058276001619	0.8505039409531518	3.2573519368650024e-06	Enterobacterales	0.0011095685925562476	0.006746538214584894	"{""Acinetobacter"": 8.916572845629359e-07, ""Candida"": 0.0, ""Enterobacterales"": 3.2573519368650024e-06, ""Haemophilus"": 0.0, ""Mycobacteria"": 0.0, ""Pseudomonas"": 0.0, ""Staphylococcus"": 0.0, ""Stenotrophomonas"": 0.0, ""Streptococcus"": 0.0}"
UniRef90_UPI000CDC973B	25.86058276001619	0.8505039409531518	6.94627415958163e-06	Enterobacterales	0.0011095685925562476	0.006746538214584894	"{""Acinetobacter"": 9.535423419559466e-07, ""Candida"": 0.0, ""Enterobacterales"": 6.94627415958163e-06, ""Haemophilus"": 0.0, ""Mycobacteria"": 0.0, ""Pseudomonas"": 0.0, ""Staphylococcus"": 0.0, ""Stenotrophomonas"": 0.0, ""Streptococcus"": 0.0}"
UniRef90_UPI000CF126A0	25.86058276001619	0.8505039409531518	3.461997584199805e-05	Enterobacterales	0.0011095685925562476	0.006746538214584894	"{""Acinetobacter"": 9.752463802493166e-07, ""Candida"": 0.0, ""Enterobacterales"": 3.461997584199805e-05, ""Haemophilus"": 0.0, ""Mycobacteria"": 0.0, ""Pseudomonas"": 0.0, ""Staphylococcus"": 0.0, ""Stenotrophomonas"": 0.0, ""Streptococcus"": 0.0}"
UniRef90_UPI000D74AA45	25.86058276001619	0.8505039409531518	6.722044161075244e-06	Enterobacterales	0.0011095685925562476	0.006746538214584894	"{""Acinetobacter"": 8.802318518577657e-07, ""Candida"": 0.0, ""Enterobacterales"": 6.722044161075244e-06, ""Haemophilus"": 0.0, ""Mycobacteria"": 0.0, ""Pseudomonas"": 0.0, ""Staphylococcus"": 0.0, ""Stenotrophomonas"": 0.0, ""Streptococcus"": 0.0}"
UniRef90_UPI000D887845	25.86058276001619	0.8505039409531518	5.330110173854057e-06	Enterobacterales	0.0011095685925562476	0.006746538214584894	"{""Acinetobacter"": 9.404875174771745e-07, ""Candida"": 0.0, ""Enterobacterales"": 5.330110173854057e-06, ""Haemophilus"": 0.0, ""Mycobacteria"": 0.0, ""Pseudomonas"": 0.0, ""Staphylococcus"": 0.0, ""Stenotrophomonas"": 0.0, ""Streptococcus"": 0.0}"
UniRef90_UPI000DEC36E9	25.86058276001619	0.8505039409531518	3.4357422639942355e-06	Enterobacterales	0.0011095685925562476	0.006746538214584894	"{""Acinetobacter"": 9.404875174771745e-07, ""Candida"": 0.0, ""Enterobacterales"": 3.4357422639942355e-06, ""Haemophilus"": 0.0, ""Mycobacteria"": 0.0, ""Pseudomonas"": 0.0, ""Staphylococcus"": 0.0, ""Stenotrophomonas"": 0.0, ""Streptococcus"": 0.0}"
UniRef90_UPI000F4F7793	25.86058276001619	0.8505039409531518	3.4357422639942355e-06	Enterobacterales	0.0011095685925562476	0.006746538214584894	"{""Acinetobacter"": 9.404875174771745e-07, ""Candida"": 0.0, ""Enterobacterales"": 3.4357422639942355e-06, ""Haemophilus"": 0.0, ""Mycobacteria"": 0.0, ""Pseudomonas"": 0.0, ""Staphylococcus"": 0.0, ""Stenotrophomonas"": 0.0, ""Streptococcus"": 0.0}"
UniRef90_A0A097H020	25.55544314042897	0.83597348287757	7.637278296283106e-06	Enterobacterales	0.0012509032536313152	0.006746538214584894	"{""Acinetobacter"": 7.153436031484373e-07, ""Candida"": 0.0, ""Enterobacterales"": 7.637278296283106e-06, ""Haemophilus"": 0.0, ""Mycobacteria"": 0.0, ""Pseudomonas"": 0.0, ""Staphylococcus"": 0.0, ""Stenotrophomonas"": 0.0, ""Streptococcus"": 0.0}"
UniRef90_A0A0U2JDG4	25.55544314042897	0.83597348287757	1.6362200534463418e-05	Enterobacterales	0.0012509032536313152	0.006746538214584894	"{""Acinetobacter"": 1.1104059966386715e-06, ""Candida"": 0.0, ""Enterobacterales"": 1.6362200534463418e-05, ""Haemophilus"": 0.0, ""Mycobacteria"": 0.0, ""Pseudomonas"": 0.0, ""Staphylococcus"": 0.0, ""Stenotrophomonas"": 0.0, ""Streptococcus"": 0.0}"
UniRef90_A0A1J0QZK7	25.55544314042897	0.83597348287757	3.3629239341851214e-06	Enterobacterales	0.0012509032536313152	0.006746538214584894	"{""Acinetobacter"": 1.1104059966386715e-06, ""Candida"": 0.0, ""Enterobacterales"": 3.3629239341851214e-06, ""Haemophilus"": 0.0, ""Mycobacteria"": 0.0, ""Pseudomonas"": 0.0, ""Staphylococcus"": 0.0, ""Stenotrophomonas"": 0.0, ""Streptococcus"": 0.0}"
UniRef90_A0A1S5SI24	25.55544314042897	0.83597348287757	3.58686227543394e-06	Enterobacterales	0.0012509032536313152	0.006746538214584894	"{""Acinetobacter"": 1.1842640043733996e-06, ""Candida"": 0.0, ""Enterobacterales"": 3.58686227543394e-06, ""Haemophilus"": 0.0, ""Mycobacteria"": 0.0, ""Pseudomonas"": 0.0, ""Staphylococcus"": 0.0, ""Stenotrophomonas"": 0.0, ""Streptococcus"": 0.0}"
UniRef90_A0A1X3IS12	25.55544314042897	0.83597348287757	1.446161442464888e-05	Enterobacterales	0.0012509032536313152	0.006746538214584894	"{""Acinetobacter"": 1.9014822704925846e-06, ""Candida"": 0.0, ""Enterobacterales"": 1.446161442464888e-05, ""Haemophilus"": 0.0, ""Mycobacteria"": 0.0, ""Pseudomonas"": 0.0, ""Staphylococcus"": 0.0, ""Stenotrophomonas"": 0.0, ""Streptococcus"": 0.0}"
UniRef90_A0A1Z3MLT9	25.55544314042897	0.83597348287757	3.2611234168134424e-06	Enterobacterales	0.0012509032536313152	0.006746538214584894	"{""Acinetobacter"": 1.0768273137880764e-06, ""Candida"": 0.0, ""Enterobacterales"": 3.2611234168134424e-06, ""Haemophilus"": 0.0, ""Mycobacteria"": 0.0, ""Pseudomonas"": 0.0, ""Staphylococcus"": 0.0, ""Stenotrophomonas"": 0.0, ""Streptococcus"": 0.0}"
UniRef90_A0A2I5SX43	25.55544314042897	0.83597348287757	1.9470007591646097e-05	Enterobacterales	0.0012509032536313152	0.006746538214584894	"{""Acinetobacter"": 1.2834968718888919e-06, ""Candida"": 0.0, ""Enterobacterales"": 1.9470007591646097e-05, ""Haemophilus"": 0.0, ""Mycobacteria"": 0.0, ""Pseudomonas"": 0.0, ""Staphylococcus"": 0.0, ""Stenotrophomonas"": 0.0, ""Streptococcus"": 0.0}"
UniRef90_A0A2I6I9A6	25.55544314042897	0.83597348287757	3.984897875569113e-06	Enterobacterales	0.0012509032536313152	0.006746538214584894	"{""Acinetobacter"": 1.3155160896243367e-06, ""Candida"": 0.0, ""Enterobacterales"": 3.984897875569113e-06, ""Haemophilus"": 0.0, ""Mycobacteria"": 0.0, ""Pseudomonas"": 0.0, ""Staphylococcus"": 0.0, ""Stenotrophomonas"": 0.0, ""Streptococcus"": 0.0}"
UniRef90_A0A2S1JIX7	25.55544314042897	0.83597348287757	3.3629239341851214e-06	Enterobacterales	0.0012509032536313152	0.006746538214584894	"{""Acinetobacter"": 1.1104059966386715e-06, ""Candida"": 0.0, ""Enterobacterales"": 3.3629239341851214e-06, ""Haemophilus"": 0.0, ""Mycobacteria"": 0.0, ""Pseudomonas"": 0.0, ""Staphylococcus"": 0.0, ""Stenotrophomonas"": 0.0, ""Streptococcus"": 0.0}"
UniRef90_A0A330KYH7	25.55544314042897	0.83597348287757	3.2611234168134424e-06	Enterobacterales	0.0012509032536313152	0.006746538214584894	"{""Acinetobacter"": 1.0768273137880764e-06, ""Candida"": 0.0, ""Enterobacterales"": 3.2611234168134424e-06, ""Haemophilus"": 0.0, ""Mycobacteria"": 0.0, ""Pseudomonas"": 0.0, ""Staphylococcus"": 0.0, ""Stenotrophomonas"": 0.0, ""Streptococcus"": 0.0}"
UniRef90_Q4K543	25.55544314042897	0.83597348287757	0.00011683382287421907	Pseudomonas	0.0012509032536313152	0.006746538214584894	"{""Acinetobacter"": 3.656018587801085e-05, ""Candida"": 0.0, ""Enterobacterales"": 0.0, ""Haemophilus"": 0.0, ""Mycobacteria"": 0.0, ""Pseudomonas"": 0.00011683382287421907, ""Staphylococcus"": 0.0, ""Stenotrophomonas"": 0.0, ""Streptococcus"": 0.0}"
UniRef90_UPI0002BA57BB	25.55544314042897	0.83597348287757	9.202981862604216e-06	Enterobacterales	0.0012509032536313152	0.006746538214584894	"{""Acinetobacter"": 1.2771874347223927e-06, ""Candida"": 0.0, ""Enterobacterales"": 9.202981862604216e-06, ""Haemophilus"": 0.0, ""Mycobacteria"": 0.0, ""Pseudomonas"": 0.0, ""Staphylococcus"": 0.0, ""Stenotrophomonas"": 0.0, ""Streptococcus"": 0.0}"
UniRef90_UPI0004470237	25.55544314042897	0.83597348287757	1.6136337474477602e-05	Enterobacterales	0.0012509032536313152	0.006746538214584894	"{""Acinetobacter"": 2.2673283030449425e-06, ""Candida"": 0.0, ""Enterobacterales"": 1.6136337474477602e-05, ""Haemophilus"": 0.0, ""Mycobacteria"": 0.0, ""Pseudomonas"": 0.0, ""Staphylococcus"": 0.0, ""Stenotrophomonas"": 0.0, ""Streptococcus"": 0.0}"
UniRef90_UPI0008FFABA6	25.55544314042897	0.83597348287757	3.5892418309685e-06	Enterobacterales	0.0012509032536313152	0.006746538214584894	"{""Acinetobacter"": 1.053054588723463e-06, ""Candida"": 0.0, ""Enterobacterales"": 3.5892418309685e-06, ""Haemophilus"": 0.0, ""Mycobacteria"": 0.0, ""Pseudomonas"": 0.0, ""Staphylococcus"": 0.0, ""Stenotrophomonas"": 0.0, ""Streptococcus"": 0.0}"
UniRef90_UPI000907F0BC	25.55544314042897	0.83597348287757	3.4034655396683274e-06	Enterobacterales	0.0012509032536313152	0.006746538214584894	"{""Acinetobacter"": 9.673354712061814e-07, ""Candida"": 0.0, ""Enterobacterales"": 3.4034655396683274e-06, ""Haemophilus"": 0.0, ""Mycobacteria"": 0.0, ""Pseudomonas"": 0.0, ""Staphylococcus"": 0.0, ""Stenotrophomonas"": 0.0, ""Streptococcus"": 0.0}"
UniRef90_UPI000A37B226	25.55544314042897	0.83597348287757	3.995239122176365e-06	Enterobacterales	0.0012509032536313152	0.006746538214584894	"{""Acinetobacter"": 1.172166361083774e-06, ""Candida"": 0.0, ""Enterobacterales"": 3.995239122176365e-06, ""Haemophilus"": 0.0, ""Mycobacteria"": 0.0, ""Pseudomonas"": 0.0, ""Staphylococcus"": 0.0, ""Stenotrophomonas"": 0.0, ""Streptococcus"": 0.0}"
UniRef90_UPI000D0AE8B2	25.55544314042897	0.83597348287757	3.998674108775702e-06	Enterobacterales	0.0012509032536313152	0.006746538214584894	"{""Acinetobacter"": 1.1626361473149205e-06, ""Candida"": 0.0, ""Enterobacterales"": 3.998674108775702e-06, ""Haemophilus"": 0.0, ""Mycobacteria"": 0.0, ""Pseudomonas"": 0.0, ""Staphylococcus"": 0.0, ""Stenotrophomonas"": 0.0, ""Streptococcus"": 0.0}"
UniRef90_UPI000EF9162B	25.55544314042897	0.83597348287757	2.7942502570983426e-06	Enterobacterales	0.0012509032536313152	0.006746538214584894	"{""Acinetobacter"": 9.253816229732627e-07, ""Candida"": 0.0, ""Enterobacterales"": 2.7942502570983426e-06, ""Haemophilus"": 0.0, ""Mycobacteria"": 0.0, ""Pseudomonas"": 0.0, ""Staphylococcus"": 0.0, ""Stenotrophomonas"": 0.0, ""Streptococcus"": 0.0}"
UniRef90_A8AQK6	25.491539763113376	0.8329304649101608	0.0001635021142101647	Haemophilus	0.0012826520706290957	0.0067667952245141685	"{""Acinetobacter"": 0.0, ""Candida"": 0.0, ""Enterobacterales"": 5.503005738330975e-05, ""Haemophilus"": 0.0001635021142101647, ""Mycobacteria"": 0.0, ""Pseudomonas"": 0.0, ""Staphylococcus"": 0.0, ""Stenotrophomonas"": 0.0, ""Streptococcus"": 2.566837469849111e-05}"
UniRef90_F9GM88	25.289881384652617	0.823327684983458	0.000855808330210015	Haemophilus	0.0013880787969742581	0.0067667952245141685	"{""Acinetobacter"": 4.221292071485456e-05, ""Candida"": 0.0, ""Enterobacterales"": 0.0003192923392907091, ""Haemophilus"": 0.000855808330210015, ""Mycobacteria"": 0.0, ""Pseudomonas"": 0.00038258811198053455, ""Staphylococcus"": 2.9789120677137974e-06, ""Stenotrophomonas"": 0.00042742926267892375, ""Streptococcus"": 7.480680742808869e-05}"
UniRef90_A0A1R0FNP5	25.273775799271544	0.822560752346264	3.4031585619584244e-06	Enterobacterales	0.0013968538967785737	0.0067667952245141685	"{""Acinetobacter"": 1.0701454597176768e-06, ""Candida"": 0.0, ""Enterobacterales"": 3.4031585619584244e-06, ""Haemophilus"": 0.0, ""Mycobacteria"": 0.0, ""Pseudomonas"": 0.0, ""Staphylococcus"": 0.0, ""Stenotrophomonas"": 0.0, ""Streptococcus"": 0.0}"
UniRef90_A0A1V3VRY1	25.273775799271544	0.822560752346264	9.233109978576552e-06	Enterobacterales	0.0013968538967785737	0.0067667952245141685	"{""Acinetobacter"": 1.0118085401340079e-06, ""Candida"": 0.0, ""Enterobacterales"": 9.233109978576552e-06, ""Haemophilus"": 0.0, ""Mycobacteria"": 0.0, ""Pseudomonas"": 0.0, ""Staphylococcus"": 0.0, ""Stenotrophomonas"": 0.0, ""Streptococcus"": 0.0}"
UniRef90_A0A1W5T7X2	25.273775799271544	0.822560752346264	2.2733884591737477e-05	Enterobacterales	0.0013968538967785737	0.0067667952245141685	"{""Acinetobacter"": 1.5501357571864042e-06, ""Candida"": 0.0, ""Enterobacterales"": 2.2733884591737477e-05, ""Haemophilus"": 0.0, ""Mycobacteria"": 0.0, ""Pseudomonas"": 0.0, ""Staphylococcus"": 0.0, ""Stenotrophomonas"": 0.0, ""Streptococcus"": 0.0}"
UniRef90_A0A256DL99	25.273775799271544	0.822560752346264	2.6953701989518276e-06	Enterobacterales	0.0013968538967785737	0.0067667952245141685	"{""Acinetobacter"": 7.448740983042294e-07, ""Candida"": 0.0, ""Enterobacterales"": 2.6953701989518276e-06, ""Haemophilus"": 0.0, ""Mycobacteria"": 0.0, ""Pseudomonas"": 0.0, ""Staphylococcus"": 0.0, ""Stenotrophomonas"": 0.0, ""Streptococcus"": 0.0}"
UniRef90_A0A2A2SLY7	25.273775799271544	0.822560752346264	6.670386519109414e-06	Enterobacterales	0.0013968538967785737	0.0067667952245141685	"{""Acinetobacter"": 9.391072401439101e-07, ""Candida"": 0.0, ""Enterobacterales"": 6.670386519109414e-06, ""Haemophilus"": 0.0, ""Mycobacteria"": 0.0, ""Pseudomonas"": 0.0, ""Staphylococcus"": 0.0, ""Stenotrophomonas"": 0.0, ""Streptococcus"": 0.0}"
UniRef90_A0A2I8SV80	25.273775799271544	0.822560752346264	8.536752387765542e-06	Enterobacterales	0.0013968538967785737	0.0067667952245141685	"{""Acinetobacter"": 1.552545460336664e-06, ""Candida"": 0.0, ""Enterobacterales"": 8.536752387765542e-06, ""Haemophilus"": 0.0, ""Mycobacteria"": 0.0, ""Pseudomonas"": 0.0, ""Staphylococcus"": 0.0, ""Stenotrophomonas"": 0.0, ""Streptococcus"": 0.0}"
UniRef90_A0A2S1FV12	25.273775799271544	0.822560752346264	3.3550584948190913e-06	Enterobacterales	0.0013968538967785737	0.0067667952245141685	"{""Acinetobacter"": 1.0613531084520253e-06, ""Candida"": 0.0, ""Enterobacterales"": 3.3550584948190913e-06, ""Haemophilus"": 0.0, ""Mycobacteria"": 0.0, ""Pseudomonas"": 0.0, ""Staphylococcus"": 0.0, ""Stenotrophomonas"": 0.0, ""Streptococcus"": 0.0}"
UniRef90_UPI00098B9D38	25.273775799271544	0.822560752346264	2.729585188918187e-06	Enterobacterales	0.0013968538967785737	0.0067667952245141685	"{""Acinetobacter"": 9.014578969517225e-07, ""Candida"": 0.0, ""Enterobacterales"": 2.729585188918187e-06, ""Haemophilus"": 0.0, ""Mycobacteria"": 0.0, ""Pseudomonas"": 0.0, ""Staphylococcus"": 0.0, ""Stenotrophomonas"": 0.0, ""Streptococcus"": 0.0}"
UniRef90_UPI0009A93410	25.273775799271544	0.822560752346264	2.755392516628002e-06	Enterobacterales	0.0013968538967785737	0.0067667952245141685	"{""Acinetobacter"": 8.849279762911267e-07, ""Candida"": 0.0, ""Enterobacterales"": 2.755392516628002e-06, ""Haemophilus"": 0.0, ""Mycobacteria"": 0.0, ""Pseudomonas"": 0.0, ""Staphylococcus"": 0.0, ""Stenotrophomonas"": 0.0, ""Streptococcus"": 0.0}"
UniRef90_UPI000A37E8F7	25.273775799271544	0.822560752346264	2.947426895008908e-06	Enterobacterales	0.0013968538967785737	0.0067667952245141685	"{""Acinetobacter"": 9.391072401439101e-07, ""Candida"": 0.0, ""Enterobacterales"": 2.947426895008908e-06, ""Haemophilus"": 0.0, ""Mycobacteria"": 0.0, ""Pseudomonas"": 0.0, ""Staphylococcus"": 0.0, ""Stenotrophomonas"": 0.0, ""Streptococcus"": 0.0}"
UniRef90_UPI000B361991	25.273775799271544	0.822560752346264	3.181363299700711e-06	Enterobacterales	0.0013968538967785737	0.0067667952245141685	"{""Acinetobacter"": 1.0003533646930978e-06, ""Candida"": 0.0, ""Enterobacterales"": 3.181363299700711e-06, ""Haemophilus"": 0.0, ""Mycobacteria"": 0.0, ""Pseudomonas"": 0.0, ""Staphylococcus"": 0.0, ""Stenotrophomonas"": 0.0, ""Streptococcus"": 0.0}"
UniRef90_UPI000B3B8FB5	25.273775799271544	0.822560752346264	3.931818551839864e-06	Enterobacterales	0.0013968538967785737	0.0067667952245141685	"{""Acinetobacter"": 1.5482724935597068e-06, ""Candida"": 0.0, ""Enterobacterales"": 3.931818551839864e-06, ""Haemophilus"": 0.0, ""Mycobacteria"": 0.0, ""Pseudomonas"": 0.0, ""Staphylococcus"": 0.0, ""Stenotrophomonas"": 0.0, ""Streptococcus"": 0.0}"
UniRef90_UPI000B4CC462	25.273775799271544	0.822560752346264	2.7250396931704595e-06	Enterobacterales	0.0013968538967785737	0.0067667952245141685	"{""Acinetobacter"": 8.682312220633217e-07, ""Candida"": 0.0, ""Enterobacterales"": 2.7250396931704595e-06, ""Haemophilus"": 0.0, ""Mycobacteria"": 0.0, ""Pseudomonas"": 0.0, ""Staphylococcus"": 0.0, ""Stenotrophomonas"": 0.0, ""Streptococcus"": 0.0}"
UniRef90_UPI000D7433D0	25.273775799271544	0.822560752346264	1.4233483010540217e-05	Enterobacterales	0.0013968538967785737	0.0067667952245141685	"{""Acinetobacter"": 3.909916571435263e-06, ""Candida"": 0.0, ""Enterobacterales"": 1.4233483010540217e-05, ""Haemophilus"": 0.0, ""Mycobacteria"": 0.0, ""Pseudomonas"": 0.0, ""Staphylococcus"": 0.0, ""Stenotrophomonas"": 0.0, ""Streptococcus"": 0.0}"
UniRef90_UPI000DA53518	25.273775799271544	0.822560752346264	9.654686692718599e-06	Enterobacterales	0.0013968538967785737	0.0067667952245141685	"{""Acinetobacter"": 8.547819694288052e-07, ""Candida"": 0.0, ""Enterobacterales"": 9.654686692718599e-06, ""Haemophilus"": 0.0, ""Mycobacteria"": 0.0, ""Pseudomonas"": 0.0, ""Staphylococcus"": 0.0, ""Stenotrophomonas"": 0.0, ""Streptococcus"": 0.0}"
UniRef90_V6MMS2	25.25609339407744	0.8217187330513066	0.0002369760019567168	Enterobacterales	0.0014065503877072998	0.006773209902709556	"{""Acinetobacter"": 1.592363040655898e-05, ""Candida"": 0.0, ""Enterobacterales"": 0.0002369760019567168, ""Haemophilus"": 0.0, ""Mycobacteria"": 0.0, ""Pseudomonas"": 0.0, ""Staphylococcus"": 0.0, ""Stenotrophomonas"": 3.765970767083148e-05, ""Streptococcus"": 0.0}"
UniRef90_A0A367MBI4	25.08522906793048	0.8135823365681182	0.0010164242782403018	Pseudomonas	0.001503690479068075	0.007198139630568477	"{""Acinetobacter"": 0.00019557540089914032, ""Candida"": 0.0, ""Enterobacterales"": 2.7053028590493464e-05, ""Haemophilus"": 0.0, ""Mycobacteria"": 0.0, ""Pseudomonas"": 0.0010164242782403018, ""Staphylococcus"": 0.0, ""Stenotrophomonas"": 0.0, ""Streptococcus"": 1.2539592514280627e-05}"
UniRef90_A0A2Z4BZW2	25.015580736543903	0.8102657493592335	1.2517634810736049e-05	Enterobacterales	0.001545135245421303	0.007310025810209557	"{""Acinetobacter"": 1.2830151230710503e-06, ""Candida"": 0.0, ""Enterobacterales"": 1.2517634810736049e-05, ""Haemophilus"": 0.0, ""Mycobacteria"": 0.0, ""Pseudomonas"": 0.0, ""Staphylococcus"": 0.0, ""Stenotrophomonas"": 0.0, ""Streptococcus"": 0.0}"
UniRef90_A0A376I8S9	25.015580736543903	0.8102657493592335	4.5864984652096355e-06	Enterobacterales	0.001545135245421303	0.007310025810209557	"{""Acinetobacter"": 1.006889096842349e-06, ""Candida"": 0.0, ""Enterobacterales"": 4.5864984652096355e-06, ""Haemophilus"": 0.0, ""Mycobacteria"": 0.0, ""Pseudomonas"": 0.0, ""Staphylococcus"": 0.0, ""Stenotrophomonas"": 0.0, ""Streptococcus"": 0.0}"
UniRef90_W1V9N6	24.90655608214849	0.8050740991499281	0.0006849544194698779	Streptococcus	0.0016122543035207236	0.007336930899883679	"{""Acinetobacter"": 0.0, ""Candida"": 0.0, ""Enterobacterales"": 2.412900935617866e-06, ""Haemophilus"": 0.0, ""Mycobacteria"": 0.0, ""Pseudomonas"": 7.804227300389604e-06, ""Staphylococcus"": 0.0006444651334339798, ""Stenotrophomonas"": 0.0, ""Streptococcus"": 0.0006849544194698779}"
UniRef90_A0A1D7PV13	24.89529445727483	0.8045378312988014	0.0010227149460919542	Stenotrophomonas	0.0016193469673905464	0.007336930899883679	"{""Acinetobacter"": 0.0003323211879827498, ""Candida"": 0.0, ""Enterobacterales"": 0.0008650622141065404, ""Haemophilus"": 0.0008011013031592087, ""Mycobacteria"": 0.0, ""Pseudomonas"": 0.0004865072308110445, ""Staphylococcus"": 7.9641706150313e-06, ""Stenotrophomonas"": 0.0010227149460919542, ""Streptococcus"": 0.00011937721101439761}"
UniRef90_A0A2A2XKL7	24.780857952246055	0.7990884739164789	9.326383453052011e-07	Enterobacterales	0.001693164653085667	0.007336930899883679	"{""Acinetobacter"": 4.690803665187469e-07, ""Candida"": 0.0, ""Enterobacterales"": 9.326383453052011e-07, ""Haemophilus"": 0.0, ""Mycobacteria"": 0.0, ""Pseudomonas"": 0.0, ""Staphylococcus"": 0.0, ""Stenotrophomonas"": 0.0, ""Streptococcus"": 0.0}"
UniRef90_A0A386YL86	24.780857952246055	0.7990884739164789	4.383669367715801e-06	Enterobacterales	0.001693164653085667	0.007336930899883679	"{""Acinetobacter"": 1.1885687198848672e-06, ""Candida"": 0.0, ""Enterobacterales"": 4.383669367715801e-06, ""Haemophilus"": 0.0, ""Mycobacteria"": 0.0, ""Pseudomonas"": 0.0, ""Staphylococcus"": 0.0, ""Stenotrophomonas"": 0.0, ""Streptococcus"": 0.0}"
UniRef90_UPI0008FFD636	24.780857952246055	0.7990884739164789	3.389337610630547e-06	Enterobacterales	0.001693164653085667	0.007336930899883679	"{""Acinetobacter"": 1.910088204488253e-06, ""Candida"": 0.0, ""Enterobacterales"": 3.389337610630547e-06, ""Haemophilus"": 0.0, ""Mycobacteria"": 0.0, ""Pseudomonas"": 0.0, ""Staphylococcus"": 0.0, ""Stenotrophomonas"": 0.0, ""Streptococcus"": 0.0}"
UniRef90_UPI0009355DFE	24.780857952246055	0.7990884739164789	4.600676620842993e-06	Enterobacterales	0.001693164653085667	0.007336930899883679	"{""Acinetobacter"": 3.7183494305797072e-06, ""Candida"": 0.0, ""Enterobacterales"": 4.600676620842993e-06, ""Haemophilus"": 0.0, ""Mycobacteria"": 0.0, ""Pseudomonas"": 0.0, ""Staphylococcus"": 0.0, ""Stenotrophomonas"": 0.0, ""Streptococcus"": 0.0}"
UniRef90_UPI0009A147E0	24.780857952246055	0.7990884739164789	3.483435248695003e-06	Enterobacterales	0.001693164653085667	0.007336930899883679	"{""Acinetobacter"": 3.3125986984681043e-06, ""Candida"": 0.0, ""Enterobacterales"": 3.483435248695003e-06, ""Haemophilus"": 0.0, ""Mycobacteria"": 0.0, ""Pseudomonas"": 0.0, ""Staphylococcus"": 0.0, ""Stenotrophomonas"": 0.0, ""Streptococcus"": 0.0}"
UniRef90_UPI0009A1B5AA	24.780857952246055	0.7990884739164789	2.9266892288301505e-06	Acinetobacter	0.001693164653085667	0.007336930899883679	"{""Acinetobacter"": 2.9266892288301505e-06, ""Candida"": 0.0, ""Enterobacterales"": 2.1563121115722152e-06, ""Haemophilus"": 0.0, ""Mycobacteria"": 0.0, ""Pseudomonas"": 0.0, ""Staphylococcus"": 0.0, ""Stenotrophomonas"": 0.0, ""Streptococcus"": 0.0}"
UniRef90_A0A2S1PQQ2	24.569607446377972	0.7890289260179987	2.4572756607188506e-06	Enterobacterales	0.0018381296836400942	0.007336930899883679	"{""Acinetobacter"": 1.1091446777638042e-06, ""Candida"": 0.0, ""Enterobacterales"": 2.4572756607188506e-06, ""Haemophilus"": 0.0, ""Mycobacteria"": 0.0, ""Pseudomonas"": 0.0, ""Staphylococcus"": 0.0, ""Stenotrophomonas"": 0.0, ""Streptococcus"": 0.0}"
UniRef90_UPI000D596F3C	24.569607446377972	0.7890289260179987	5.101456460257183e-06	Enterobacterales	0.0018381296836400942	0.007336930899883679	"{""Acinetobacter"": 1.6727344549408013e-06, ""Candida"": 0.0, ""Enterobacterales"": 5.101456460257183e-06, ""Haemophilus"": 0.0, ""Mycobacteria"": 0.0, ""Pseudomonas"": 0.0, ""Staphylococcus"": 0.0, ""Stenotrophomonas"": 0.0, ""Streptococcus"": 0.0}"
UniRef90_A0A062FHT9	24.389066059225506	0.7804317171059765	3.1653052323787727e-06	Enterobacterales	0.001971532537490069	0.007336930899883679	"{""Acinetobacter"": 5.033045254903597e-07, ""Candida"": 0.0, ""Enterobacterales"": 3.1653052323787727e-06, ""Haemophilus"": 0.0, ""Mycobacteria"": 0.0, ""Pseudomonas"": 0.0, ""Staphylococcus"": 0.0, ""Stenotrophomonas"": 0.0, ""Streptococcus"": 0.0}"
UniRef90_A0A069WXI4	24.389066059225506	0.7804317171059765	7.844187536715901e-06	Enterobacterales	0.001971532537490069	0.007336930899883679	"{""Acinetobacter"": 4.5052448477045434e-07, ""Candida"": 0.0, ""Enterobacterales"": 7.844187536715901e-06, ""Haemophilus"": 0.0, ""Mycobacteria"": 0.0, ""Pseudomonas"": 0.0, ""Staphylococcus"": 0.0, ""Stenotrophomonas"": 0.0, ""Streptococcus"": 0.0}"
UniRef90_A0A0G3KI92	24.389066059225506	0.7804317171059765	2.908898463961415e-06	Enterobacterales	0.001971532537490069	0.007336930899883679	"{""Acinetobacter"": 4.626537134737032e-07, ""Candida"": 0.0, ""Enterobacterales"": 2.908898463961415e-06, ""Haemophilus"": 0.0, ""Mycobacteria"": 0.0, ""Pseudomonas"": 0.0, ""Staphylococcus"": 0.0, ""Stenotrophomonas"": 0.0, ""Streptococcus"": 0.0}"
UniRef90_A0A0M1V7E5	24.389066059225506	0.7804317171059765	3.0749570922951935e-06	Enterobacterales	0.001971532537490069	0.007336930899883679	"{""Acinetobacter"": 4.889830747984967e-07, ""Candida"": 0.0, ""Enterobacterales"": 3.0749570922951935e-06, ""Haemophilus"": 0.0, ""Mycobacteria"": 0.0, ""Pseudomonas"": 0.0, ""Staphylococcus"": 0.0, ""Stenotrophomonas"": 0.0, ""Streptococcus"": 0.0}"
UniRef90_A0A0M1V7T3	24.389066059225506	0.7804317171059765	2.908898463961415e-06	Enterobacterales	0.001971532537490069	0.007336930899883679	"{""Acinetobacter"": 4.626537134737032e-07, ""Candida"": 0.0, ""Enterobacterales"": 2.908898463961415e-06, ""Haemophilus"": 0.0, ""Mycobacteria"": 0.0, ""Pseudomonas"": 0.0, ""Staphylococcus"": 0.0, ""Stenotrophomonas"": 0.0, ""Streptococcus"": 0.0}"
UniRef90_A0A0M3E0F8	24.389066059225506	0.7804317171059765	2.2873203202431596e-06	Enterobacterales	0.001971532537490069	0.007336930899883679	"{""Acinetobacter"": 4.2059791619721553e-07, ""Candida"": 0.0, ""Enterobacterales"": 2.2873203202431596e-06, ""Haemophilus"": 0.0, ""Mycobacteria"": 0.0, ""Pseudomonas"": 0.0, ""Staphylococcus"": 0.0, ""Stenotrophomonas"": 0.0, ""Streptococcus"": 0.0}"
UniRef90_A0A0P0CMK4	24.389066059225506	0.7804317171059765	3.1653052323787727e-06	Enterobacterales	0.001971532537490069	0.007336930899883679	"{""Acinetobacter"": 5.033045254903597e-07, ""Candida"": 0.0, ""Enterobacterales"": 3.1653052323787727e-06, ""Haemophilus"": 0.0, ""Mycobacteria"": 0.0, ""Pseudomonas"": 0.0, ""Staphylococcus"": 0.0, ""Stenotrophomonas"": 0.0, ""Streptococcus"": 0.0}"
UniRef90_A0A1C9T7S2	24.389066059225506	0.7804317171059765	2.67678524638063e-06	Enterobacterales	0.001971532537490069	0.007336930899883679	"{""Acinetobacter"": 5.624297707237872e-07, ""Candida"": 0.0, ""Enterobacterales"": 2.67678524638063e-06, ""Haemophilus"": 0.0, ""Mycobacteria"": 0.0, ""Pseudomonas"": 0.0, ""Staphylococcus"": 0.0, ""Stenotrophomonas"": 0.0, ""Streptococcus"": 0.0}"
UniRef90_A0A1J0QZW5	24.389066059225506	0.7804317171059765	2.989623578089073e-06	Enterobacterales	0.001971532537490069	0.007336930899883679	"{""Acinetobacter"": 4.75454142886454e-07, ""Candida"": 0.0, ""Enterobacterales"": 2.989623578089073e-06, ""Haemophilus"": 0.0, ""Mycobacteria"": 0.0, ""Pseudomonas"": 0.0, ""Staphylococcus"": 0.0, ""Stenotrophomonas"": 0.0, ""Streptococcus"": 0.0}"
UniRef90_A0A1J0QZY3	24.389066059225506	0.7804317171059765	3.0749570922951935e-06	Enterobacterales	0.001971532537490069	0.007336930899883679	"{""Acinetobacter"": 4.889830747984967e-07, ""Candida"": 0.0, ""Enterobacterales"": 3.0749570922951935e-06, ""Haemophilus"": 0.0, ""Mycobacteria"": 0.0, ""Pseudomonas"": 0.0, ""Staphylococcus"": 0.0, ""Stenotrophomonas"": 0.0, ""Streptococcus"": 0.0}"
UniRef90_A0A2L1KK86	24.389066059225506	0.7804317171059765	5.5272769449099565e-05	Enterobacterales	0.001971532537490069	0.007336930899883679	"{""Acinetobacter"": 5.975816313724465e-07, ""Candida"": 0.0, ""Enterobacterales"": 5.5272769449099565e-05, ""Haemophilus"": 0.0, ""Mycobacteria"": 0.0, ""Pseudomonas"": 0.0, ""Staphylococcus"": 0.0, ""Stenotrophomonas"": 0.0, ""Streptococcus"": 0.0}"
UniRef90_A0A2L1KLZ2	24.389066059225506	0.7804317171059765	2.8324182461975523e-06	Enterobacterales	0.001971532537490069	0.007336930899883679	"{""Acinetobacter"": 4.5052448477045434e-07, ""Candida"": 0.0, ""Enterobacterales"": 2.8324182461975523e-06, ""Haemophilus"": 0.0, ""Mycobacteria"": 0.0, ""Pseudomonas"": 0.0, ""Staphylococcus"": 0.0, ""Stenotrophomonas"": 0.0, ""Streptococcus"": 0.0}"
UniRef90_A0A2R4NFR3	24.389066059225506	0.7804317171059765	2.908898463961415e-06	Enterobacterales	0.001971532537490069	0.007336930899883679	"{""Acinetobacter"": 4.626537134737032e-07, ""Candida"": 0.0, ""Enterobacterales"": 2.908898463961415e-06, ""Haemophilus"": 0.0, ""Mycobacteria"": 0.0, ""Pseudomonas"": 0.0, ""Staphylococcus"": 0.0, ""Stenotrophomonas"": 0.0, ""Streptococcus"": 0.0}"
UniRef90_A0A2R4U4R2	24.389066059225506	0.7804317171059765	1.2691156638426566e-06	Enterobacterales	0.001971532537490069	0.007336930899883679	"{""Acinetobacter"": 3.9137687425806695e-07, ""Candida"": 0.0, ""Enterobacterales"": 1.2691156638426566e-06, ""Haemophilus"": 0.0, ""Mycobacteria"": 0.0, ""Pseudomonas"": 0.0, ""Staphylococcus"": 0.0, ""Stenotrophomonas"": 0.0, ""Streptococcus"": 0.0}"
UniRef90_A0A346FVE8	24.389066059225506	0.7804317171059765	3.1653052323787727e-06	Enterobacterales	0.001971532537490069	0.007336930899883679	"{""Acinetobacter"": 5.033045254903597e-07, ""Candida"": 0.0, ""Enterobacterales"": 3.1653052323787727e-06, ""Haemophilus"": 0.0, ""Mycobacteria"": 0.0, ""Pseudomonas"": 0.0, ""Staphylococcus"": 0.0, ""Stenotrophomonas"": 0.0, ""Streptococcus"": 0.0}"
UniRef90_A0A385EPB2	24.389066059225506	0.7804317171059765	5.44687413924703e-06	Enterobacterales	0.001971532537490069	0.007336930899883679	"{""Acinetobacter"": 6.314034993907231e-07, ""Candida"": 0.0, ""Enterobacterales"": 5.44687413924703e-06, ""Haemophilus"": 0.0, ""Mycobacteria"": 0.0, ""Pseudomonas"": 0.0, ""Staphylococcus"": 0.0, ""Stenotrophomonas"": 0.0, ""Streptococcus"": 0.0}"
UniRef90_A6UZK1	24.389066059225506	0.7804317171059765	0.00014562284472227968	Pseudomonas	0.001971532537490069	0.007336930899883679	"{""Acinetobacter"": 8.441851910545921e-06, ""Candida"": 0.0, ""Enterobacterales"": 0.0, ""Haemophilus"": 0.0, ""Mycobacteria"": 0.0, ""Pseudomonas"": 0.00014562284472227968, ""Staphylococcus"": 0.0, ""Stenotrophomonas"": 0.0, ""Streptococcus"": 0.0}"
UniRef90_A8AVG0	24.389066059225506	0.7804317171059765	0.0001132047875355032	Streptococcus	0.001971532537490069	0.007336930899883679	"{""Acinetobacter"": 0.0, ""Candida"": 0.0, ""Enterobacterales"": 0.0, ""Haemophilus"": 0.0, ""Mycobacteria"": 0.0, ""Pseudomonas"": 0.0, ""Staphylococcus"": 1.4709989358593851e-05, ""Stenotrophomonas"": 0.0, ""Streptococcus"": 0.0001132047875355032}"
UniRef90_A8AZV3	24.389066059225506	0.7804317171059765	0.0003746930061009967	Streptococcus	0.001971532537490069	0.007336930899883679	"{""Acinetobacter"": 0.0, ""Candida"": 0.0, ""Enterobacterales"": 0.0, ""Haemophilus"": 0.0, ""Mycobacteria"": 0.0, ""Pseudomonas"": 0.0, ""Staphylococcus"": 2.335962311927899e-05, ""Stenotrophomonas"": 0.0, ""Streptococcus"": 0.0003746930061009967}"
UniRef90_D3H632	24.389066059225506	0.7804317171059765	0.00011080577403944496	Streptococcus	0.001971532537490069	0.007336930899883679	"{""Acinetobacter"": 0.0, ""Candida"": 0.0, ""Enterobacterales"": 0.0, ""Haemophilus"": 0.0, ""Mycobacteria"": 0.0, ""Pseudomonas"": 0.0, ""Staphylococcus"": 3.181214562040644e-06, ""Stenotrophomonas"": 0.0, ""Streptococcus"": 0.00011080577403944496}"
UniRef90_P29849	24.389066059225506	0.7804317171059765	0.00013795134171506034	Streptococcus	0.001971532537490069	0.007336930899883679	"{""Acinetobacter"": 0.0, ""Candida"": 0.0, ""Enterobacterales"": 0.0, ""Haemophilus"": 0.0, ""Mycobacteria"": 0.0, ""Pseudomonas"": 0.0, ""Staphylococcus"": 1.6461815703554727e-05, ""Stenotrophomonas"": 0.0, ""Streptococcus"": 0.00013795134171506034}"
UniRef90_P63733	24.389066059225506	0.7804317171059765	0.00012234335213918588	Streptococcus	0.001971532537490069	0.007336930899883679	"{""Acinetobacter"": 0.0, ""Candida"": 0.0, ""Enterobacterales"": 0.0, ""Haemophilus"": 0.0, ""Mycobacteria"": 0.0, ""Pseudomonas"": 0.0, ""Staphylococcus"": 6.759227761235377e-06, ""Stenotrophomonas"": 0.0, ""Streptococcus"": 0.00012234335213918588}"
UniRef90_Q04JE2	24.389066059225506	0.7804317171059765	0.00010884267695877486	Streptococcus	0.001971532537490069	0.007336930899883679	"{""Acinetobacter"": 0.0, ""Candida"": 0.0, ""Enterobacterales"": 0.0, ""Haemophilus"": 0.0, ""Mycobacteria"": 0.0, ""Pseudomonas"": 0.0, ""Staphylococcus"": 9.641565120996751e-06, ""Stenotrophomonas"": 0.0, ""Streptococcus"": 0.00010884267695877486}"
UniRef90_Q97T34	24.389066059225506	0.7804317171059765	0.00017466963264571177	Streptococcus	0.001971532537490069	0.007336930899883679	"{""Acinetobacter"": 0.0, ""Candida"": 0.0, ""Enterobacterales"": 0.0, ""Haemophilus"": 0.0, ""Mycobacteria"": 0.0, ""Pseudomonas"": 0.0, ""Staphylococcus"": 1.41838666342259e-05, ""Stenotrophomonas"": 0.0, ""Streptococcus"": 0.00017466963264571177}"
UniRef90_S1GYY9	24.389066059225506	0.7804317171059765	7.727077040616629e-06	Enterobacterales	0.001971532537490069	0.007336930899883679	"{""Acinetobacter"": 9.657947671468409e-07, ""Candida"": 0.0, ""Enterobacterales"": 7.727077040616629e-06, ""Haemophilus"": 0.0, ""Mycobacteria"": 0.0, ""Pseudomonas"": 0.0, ""Staphylococcus"": 0.0, ""Stenotrophomonas"": 0.0, ""Streptococcus"": 0.0}"
UniRef90_UPI000907781B	24.389066059225506	0.7804317171059765	3.135260433606335e-06	Enterobacterales	0.001971532537490069	0.007336930899883679	"{""Acinetobacter"": 6.392930558240073e-07, ""Candida"": 0.0, ""Enterobacterales"": 3.135260433606335e-06, ""Haemophilus"": 0.0, ""Mycobacteria"": 0.0, ""Pseudomonas"": 0.0, ""Staphylococcus"": 0.0, ""Stenotrophomonas"": 0.0, ""Streptococcus"": 0.0}"
UniRef90_UPI000930A7EB	24.389066059225506	0.7804317171059765	3.26671394514324e-06	Enterobacterales	0.001971532537490069	0.007336930899883679	"{""Acinetobacter"": 6.392930558240073e-07, ""Candida"": 0.0, ""Enterobacterales"": 3.26671394514324e-06, ""Haemophilus"": 0.0, ""Mycobacteria"": 0.0, ""Pseudomonas"": 0.0, ""Staphylococcus"": 0.0, ""Stenotrophomonas"": 0.0, ""Streptococcus"": 0.0}"
UniRef90_UPI0009342937	24.389066059225506	0.7804317171059765	1.540684347696077e-05	Enterobacterales	0.001971532537490069	0.007336930899883679	"{""Acinetobacter"": 4.772967040702023e-07, ""Candida"": 0.0, ""Enterobacterales"": 1.540684347696077e-05, ""Haemophilus"": 0.0, ""Mycobacteria"": 0.0, ""Pseudomonas"": 0.0, ""Staphylococcus"": 0.0, ""Stenotrophomonas"": 0.0, ""Streptococcus"": 0.0}"
UniRef90_UPI00098DE0C0	24.389066059225506	0.7804317171059765	3.0965720486502714e-06	Enterobacterales	0.001971532537490069	0.007336930899883679	"{""Acinetobacter"": 6.314034993907231e-07, ""Candida"": 0.0, ""Enterobacterales"": 3.0965720486502714e-06, ""Haemophilus"": 0.0, ""Mycobacteria"": 0.0, ""Pseudomonas"": 0.0, ""Staphylococcus"": 0.0, ""Stenotrophomonas"": 0.0, ""Streptococcus"": 0.0}"
UniRef90_UPI000BB8B59E	24.389066059225506	0.7804317171059765	2.0613929077323545e-06	Enterobacterales	0.001971532537490069	0.007336930899883679	"{""Acinetobacter"": 4.111972776837704e-07, ""Candida"": 0.0, ""Enterobacterales"": 2.0613929077323545e-06, ""Haemophilus"": 0.0, ""Mycobacteria"": 0.0, ""Pseudomonas"": 0.0, ""Staphylococcus"": 0.0, ""Stenotrophomonas"": 0.0, ""Streptococcus"": 0.0}"
UniRef90_UPI000CD6AB30	24.389066059225506	0.7804317171059765	5.792272243302873e-06	Enterobacterales	0.001971532537490069	0.007336930899883679	"{""Acinetobacter"": 8.091917045263569e-07, ""Candida"": 0.0, ""Enterobacterales"": 5.792272243302873e-06, ""Haemophilus"": 0.0, ""Mycobacteria"": 0.0, ""Pseudomonas"": 0.0, ""Staphylococcus"": 0.0, ""Stenotrophomonas"": 0.0, ""Streptococcus"": 0.0}"
UniRef90_UPI000F48860F	24.389066059225506	0.7804317171059765	3.1807032427335653e-06	Enterobacterales	0.001971532537490069	0.007336930899883679	"{""Acinetobacter"": 4.1646385347153955e-07, ""Candida"": 0.0, ""Enterobacterales"": 3.1807032427335653e-06, ""Haemophilus"": 0.0, ""Mycobacteria"": 0.0, ""Pseudomonas"": 0.0, ""Staphylococcus"": 0.0, ""Stenotrophomonas"": 0.0, ""Streptococcus"": 0.0}"
UniRef90_W1MWJ7	24.389066059225506	0.7804317171059765	5.420367236667829e-05	Pseudomonas	0.001971532537490069	0.007336930899883679	"{""Acinetobacter"": 0.0, ""Candida"": 0.0, ""Enterobacterales"": 2.4712184113216315e-07, ""Haemophilus"": 0.0, ""Mycobacteria"": 0.0, ""Pseudomonas"": 5.420367236667829e-05, ""Staphylococcus"": 0.0, ""Stenotrophomonas"": 0.0, ""Streptococcus"": 0.0}"
UniRef90_A0A343J0H2	24.381829218939703	0.7800871056637954	2.984636279603477e-06	Enterobacterales	0.001977071614554564	0.007336930899883679	"{""Acinetobacter"": 1.099283203206654e-06, ""Candida"": 0.0, ""Enterobacterales"": 2.984636279603477e-06, ""Haemophilus"": 0.0, ""Mycobacteria"": 0.0, ""Pseudomonas"": 0.0, ""Staphylococcus"": 0.0, ""Stenotrophomonas"": 0.0, ""Streptococcus"": 0.0}"
UniRef90_A0A377F6P2	24.381829218939703	0.7800871056637954	6.7621790643211344e-06	Enterobacterales	0.001977071614554564	0.007336930899883679	"{""Acinetobacter"": 2.6313911228386517e-06, ""Candida"": 0.0, ""Enterobacterales"": 6.7621790643211344e-06, ""Haemophilus"": 0.0, ""Mycobacteria"": 0.0, ""Pseudomonas"": 0.0, ""Staphylococcus"": 0.0, ""Stenotrophomonas"": 0.0, ""Streptococcus"": 0.0}"
UniRef90_K7S5G3	24.381829218939703	0.7800871056637954	1.090304219889927e-06	Enterobacterales	0.001977071614554564	0.007336930899883679	"{""Acinetobacter"": 8.717500871290483e-07, ""Candida"": 0.0, ""Enterobacterales"": 1.090304219889927e-06, ""Haemophilus"": 0.0, ""Mycobacteria"": 0.0, ""Pseudomonas"": 0.0, ""Staphylococcus"": 0.0, ""Stenotrophomonas"": 0.0, ""Streptococcus"": 0.0}"
UniRef90_M4R6K9	24.381829218939703	0.7800871056637954	1.5618677269621441e-06	Enterobacterales	0.001977071614554564	0.007336930899883679	"{""Acinetobacter"": 1.2994759909965963e-06, ""Candida"": 0.0, ""Enterobacterales"": 1.5618677269621441e-06, ""Haemophilus"": 0.0, ""Mycobacteria"": 0.0, ""Pseudomonas"": 0.0, ""Staphylococcus"": 0.0, ""Stenotrophomonas"": 0.0, ""Streptococcus"": 0.0}"
UniRef90_A0A158T0E6	24.36810673443456	0.7794336540206933	0.0007161171302089119	Haemophilus	0.001987616384274614	0.007342381985745035	"{""Acinetobacter"": 9.671993457632206e-05, ""Candida"": 0.0, ""Enterobacterales"": 0.0002972937281583578, ""Haemophilus"": 0.0007161171302089119, ""Mycobacteria"": 0.0, ""Pseudomonas"": 1.4198847240669471e-05, ""Staphylococcus"": 2.585025484544695e-06, ""Stenotrophomonas"": 0.0, ""Streptococcus"": 5.696669957090744e-05}"
UniRef90_A0A1D7PS63	24.1287716797339	0.7680367466539954	0.0006866994127495057	Enterobacterales	0.002180567030856931	0.007658213531391694	"{""Acinetobacter"": 5.3813418270847016e-05, ""Candida"": 0.0, ""Enterobacterales"": 0.0006866994127495057, ""Haemophilus"": 0.0004027463694097454, ""Mycobacteria"": 0.0, ""Pseudomonas"": 0.0003955239183271586, ""Staphylococcus"": 8.0480759869401e-05, ""Stenotrophomonas"": 0.0, ""Streptococcus"": 7.65851427695178e-05}"
UniRef90_A0A2Z5VJE5	24.076689599352484	0.7655566475882135	3.9186785706957455e-06	Acinetobacter	0.0022249055356351483	0.007658213531391694	"{""Acinetobacter"": 3.9186785706957455e-06, ""Candida"": 0.0, ""Enterobacterales"": 3.0612380300526165e-06, ""Haemophilus"": 0.0, ""Mycobacteria"": 0.0, ""Pseudomonas"": 0.0, ""Staphylococcus"": 0.0, ""Stenotrophomonas"": 0.0, ""Streptococcus"": 0.0}"
UniRef90_J7R875	24.005371428571422	0.7621605442176868	0.0006033692974161459	Haemophilus	0.0022870435306239383	0.007658213531391694	"{""Acinetobacter"": 0.0001314436027666494, ""Candida"": 0.0, ""Enterobacterales"": 0.00013135481883622824, ""Haemophilus"": 0.0006033692974161459, ""Mycobacteria"": 0.0, ""Pseudomonas"": 0.0002688334208280014, ""Staphylococcus"": 3.5864113260094744e-05, ""Stenotrophomonas"": 0.0004554319209164237, ""Streptococcus"": 6.126698130883015e-05}"
UniRef90_A0A1Q1PT76	23.95932820720356	0.7599680098668361	1.0238514585836895e-06	Enterobacterales	0.0023280520194722057	0.007658213531391694	"{""Acinetobacter"": 1.0074522535838058e-06, ""Candida"": 0.0, ""Enterobacterales"": 1.0238514585836895e-06, ""Haemophilus"": 0.0, ""Mycobacteria"": 0.0, ""Pseudomonas"": 0.0, ""Staphylococcus"": 0.0, ""Stenotrophomonas"": 0.0, ""Streptococcus"": 0.0}"
UniRef90_UPI00092E3773	23.95932820720356	0.7599680098668361	1.3324380534415295e-05	Acinetobacter	0.0023280520194722057	0.007658213531391694	"{""Acinetobacter"": 1.3324380534415295e-05, ""Candida"": 0.0, ""Enterobacterales"": 1.2126348441818393e-05, ""Haemophilus"": 0.0, ""Mycobacteria"": 0.0, ""Pseudomonas"": 0.0, ""Staphylococcus"": 0.0, ""Stenotrophomonas"": 0.0, ""Streptococcus"": 0.0}"
UniRef90_UPI00098ABE12	23.95932820720356	0.7599680098668361	1.122237181436009e-06	Enterobacterales	0.0023280520194722057	0.007658213531391694	"{""Acinetobacter"": 1.0341862009203308e-06, ""Candida"": 0.0, ""Enterobacterales"": 1.122237181436009e-06, ""Haemophilus"": 0.0, ""Mycobacteria"": 0.0, ""Pseudomonas"": 0.0, ""Staphylococcus"": 0.0, ""Stenotrophomonas"": 0.0, ""Streptococcus"": 0.0}"
UniRef90_UPI000D591D0A	23.95932820720356	0.7599680098668361	1.1292367773989197e-05	Acinetobacter	0.0023280520194722057	0.007658213531391694	"{""Acinetobacter"": 1.1292367773989197e-05, ""Candida"": 0.0, ""Enterobacterales"": 1.0209139037872509e-05, ""Haemophilus"": 0.0, ""Mycobacteria"": 0.0, ""Pseudomonas"": 0.0, ""Staphylococcus"": 0.0, ""Stenotrophomonas"": 0.0, ""Streptococcus"": 0.0}"
UniRef90_UPI000E1C2269	23.95932820720356	0.7599680098668361	1.289721233045993e-06	Acinetobacter	0.0023280520194722057	0.007658213531391694	"{""Acinetobacter"": 1.289721233045993e-06, ""Candida"": 0.0, ""Enterobacterales"": 1.1139068334094879e-06, ""Haemophilus"": 0.0, ""Mycobacteria"": 0.0, ""Pseudomonas"": 0.0, ""Staphylococcus"": 0.0, ""Stenotrophomonas"": 0.0, ""Streptococcus"": 0.0}"
UniRef90_A0A075MBV5	23.900227790432805	0.757153704306324	2.1531604155529487e-06	Enterobacterales	0.0023817377157321616	0.007658213531391694	"{""Acinetobacter"": 5.463603488232037e-07, ""Candida"": 0.0, ""Enterobacterales"": 2.1531604155529487e-06, ""Haemophilus"": 0.0, ""Mycobacteria"": 0.0, ""Pseudomonas"": 0.0, ""Staphylococcus"": 0.0, ""Stenotrophomonas"": 0.0, ""Streptococcus"": 0.0}"
UniRef90_A0A097H008	23.900227790432805	0.757153704306324	2.008925275798064e-06	Enterobacterales	0.0023817377157321616	0.007658213531391694	"{""Acinetobacter"": 5.975816313724465e-07, ""Candida"": 0.0, ""Enterobacterales"": 2.008925275798064e-06, ""Haemophilus"": 0.0, ""Mycobacteria"": 0.0, ""Pseudomonas"": 0.0, ""Staphylococcus"": 0.0, ""Stenotrophomonas"": 0.0, ""Streptococcus"": 0.0}"
UniRef90_A0A0A0FIN6	23.900227790432805	0.757153704306324	2.497502985789363e-06	Enterobacterales	0.0023817377157321616	0.007658213531391694	"{""Acinetobacter"": 5.463603488232037e-07, ""Candida"": 0.0, ""Enterobacterales"": 2.497502985789363e-06, ""Haemophilus"": 0.0, ""Mycobacteria"": 0.0, ""Pseudomonas"": 0.0, ""Staphylococcus"": 0.0, ""Stenotrophomonas"": 0.0, ""Streptococcus"": 0.0}"
UniRef90_A0A0E4D7R3	23.900227790432805	0.757153704306324	1.8910995795478764e-06	Enterobacterales	0.0023817377157321616	0.007658213531391694	"{""Acinetobacter"": 5.624297707237872e-07, ""Candida"": 0.0, ""Enterobacterales"": 1.8910995795478764e-06, ""Haemophilus"": 0.0, ""Mycobacteria"": 0.0, ""Pseudomonas"": 0.0, ""Staphylococcus"": 0.0, ""Stenotrophomonas"": 0.0, ""Streptococcus"": 0.0}"
UniRef90_A0A0G3AZB8	23.900227790432805	0.757153704306324	2.0370351283714727e-06	Enterobacterales	0.0023817377157321616	0.007658213531391694	"{""Acinetobacter"": 5.168273567838655e-07, ""Candida"": 0.0, ""Enterobacterales"": 2.0370351283714727e-06, ""Haemophilus"": 0.0, ""Mycobacteria"": 0.0, ""Pseudomonas"": 0.0, ""Staphylococcus"": 0.0, ""Stenotrophomonas"": 0.0, ""Streptococcus"": 0.0}"
UniRef90_A0A0P0C3B9	23.900227790432805	0.757153704306324	1.9482324832305438e-06	Enterobacterales	0.0023817377157321616	0.007658213531391694	"{""Acinetobacter"": 5.794730971933972e-07, ""Candida"": 0.0, ""Enterobacterales"": 1.9482324832305438e-06, ""Haemophilus"": 0.0, ""Mycobacteria"": 0.0, ""Pseudomonas"": 0.0, ""Staphylococcus"": 0.0, ""Stenotrophomonas"": 0.0, ""Streptococcus"": 0.0}"
UniRef90_A0A0T9AU55	23.900227790432805	0.757153704306324	6.838397940267254e-05	Streptococcus	0.0023817377157321616	0.007658213531391694	"{""Acinetobacter"": 0.0, ""Candida"": 0.0, ""Enterobacterales"": 0.0, ""Haemophilus"": 0.0, ""Mycobacteria"": 0.0, ""Pseudomonas"": 0.0, ""Staphylococcus"": 1.2218067758108945e-05, ""Stenotrophomonas"": 0.0, ""Streptococcus"": 6.838397940267254e-05}"
UniRef90_A0A140NFL2	23.900227790432805	0.757153704306324	1.9482324832305438e-06	Enterobacterales	0.0023817377157321616	0.007658213531391694	"{""Acinetobacter"": 5.794730971933972e-07, ""Candida"": 0.0, ""Enterobacterales"": 1.9482324832305438e-06, ""Haemophilus"": 0.0, ""Mycobacteria"": 0.0, ""Pseudomonas"": 0.0, ""Staphylococcus"": 0.0, ""Stenotrophomonas"": 0.0, ""Streptococcus"": 0.0}"
UniRef90_A0A1E3M3T4	23.900227790432805	0.757153704306324	2.170926494403064e-06	Enterobacterales	0.0023817377157321616	0.007658213531391694	"{""Acinetobacter"": 6.594004207262954e-07, ""Candida"": 0.0, ""Enterobacterales"": 2.170926494403064e-06, ""Haemophilus"": 0.0, ""Mycobacteria"": 0.0, ""Pseudomonas"": 0.0, ""Staphylococcus"": 0.0, ""Stenotrophomonas"": 0.0, ""Streptococcus"": 0.0}"
UniRef90_A0A1L2DZQ0	23.900227790432805	0.757153704306324	2.205246725372249e-06	Enterobacterales	0.0023817377157321616	0.007658213531391694	"{""Acinetobacter"": 5.624297707237872e-07, ""Candida"": 0.0, ""Enterobacterales"": 2.205246725372249e-06, ""Haemophilus"": 0.0, ""Mycobacteria"": 0.0, ""Pseudomonas"": 0.0, ""Staphylococcus"": 0.0, ""Stenotrophomonas"": 0.0, ""Streptococcus"": 0.0}"
UniRef90_A0A1Q6ABN1	23.900227790432805	0.757153704306324	1.6925602246244871e-06	Enterobacterales	0.0023817377157321616	0.007658213531391694	"{""Acinetobacter"": 5.032266369723359e-07, ""Candida"": 0.0, ""Enterobacterales"": 1.6925602246244871e-06, ""Haemophilus"": 0.0, ""Mycobacteria"": 0.0, ""Pseudomonas"": 0.0, ""Staphylococcus"": 0.0, ""Stenotrophomonas"": 0.0, ""Streptococcus"": 0.0}"
UniRef90_A0A223LLZ7	23.900227790432805	0.757153704306324	1.77351337659189e-06	Enterobacterales	0.0023817377157321616	0.007658213531391694	"{""Acinetobacter"": 5.311836722135492e-07, ""Candida"": 0.0, ""Enterobacterales"": 1.77351337659189e-06, ""Haemophilus"": 0.0, ""Mycobacteria"": 0.0, ""Pseudomonas"": 0.0, ""Staphylococcus"": 0.0, ""Stenotrophomonas"": 0.0, ""Streptococcus"": 0.0}"
UniRef90_A0A250ME77	23.900227790432805	0.757153704306324	6.22633803099728e-06	Enterobacterales	0.0023817377157321616	0.007658213531391694	"{""Acinetobacter"": 5.624297707237872e-07, ""Candida"": 0.0, ""Enterobacterales"": 6.22633803099728e-06, ""Haemophilus"": 0.0, ""Mycobacteria"": 0.0, ""Pseudomonas"": 0.0, ""Staphylococcus"": 0.0, ""Stenotrophomonas"": 0.0, ""Streptococcus"": 0.0}"
UniRef90_A0A2R4NEA0	23.900227790432805	0.757153704306324	1.4871286075120358e-05	Enterobacterales	0.0023817377157321616	0.007658213531391694	"{""Acinetobacter"": 5.975816313724465e-07, ""Candida"": 0.0, ""Enterobacterales"": 1.4871286075120358e-05, ""Haemophilus"": 0.0, ""Mycobacteria"": 0.0, ""Pseudomonas"": 0.0, ""Staphylococcus"": 0.0, ""Stenotrophomonas"": 0.0, ""Streptococcus"": 0.0}"
UniRef90_A0A2R4NFS5	23.900227790432805	0.757153704306324	1.9340878760606055e-06	Enterobacterales	0.0023817377157321616	0.007658213531391694	"{""Acinetobacter"": 5.794730971933972e-07, ""Candida"": 0.0, ""Enterobacterales"": 1.9340878760606055e-06, ""Haemophilus"": 0.0, ""Mycobacteria"": 0.0, ""Pseudomonas"": 0.0, ""Staphylococcus"": 0.0, ""Stenotrophomonas"": 0.0, ""Streptococcus"": 0.0}"
UniRef90_A0A2S1JEW3	23.900227790432805	0.757153704306324	1.8372222695127804e-06	Enterobacterales	0.0023817377157321616	0.007658213531391694	"{""Acinetobacter"": 5.463603488232037e-07, ""Candida"": 0.0, ""Enterobacterales"": 1.8372222695127804e-06, ""Haemophilus"": 0.0, ""Mycobacteria"": 0.0, ""Pseudomonas"": 0.0, ""Staphylococcus"": 0.0, ""Stenotrophomonas"": 0.0, ""Streptococcus"": 0.0}"
UniRef90_A0A2S1XZQ9	23.900227790432805	0.757153704306324	2.5083361523722863e-06	Enterobacterales	0.0023817377157321616	0.007658213531391694	"{""Acinetobacter"": 5.168273567838655e-07, ""Candida"": 0.0, ""Enterobacterales"": 2.5083361523722863e-06, ""Haemophilus"": 0.0, ""Mycobacteria"": 0.0, ""Pseudomonas"": 0.0, ""Staphylococcus"": 0.0, ""Stenotrophomonas"": 0.0, ""Streptococcus"": 0.0}"
UniRef90_A0A345JNR9	23.900227790432805	0.757153704306324	1.9482324832305438e-06	Enterobacterales	0.0023817377157321616	0.007658213531391694	"{""Acinetobacter"": 5.794730971933972e-07, ""Candida"": 0.0, ""Enterobacterales"": 1.9482324832305438e-06, ""Haemophilus"": 0.0, ""Mycobacteria"": 0.0, ""Pseudomonas"": 0.0, ""Staphylococcus"": 0.0, ""Stenotrophomonas"": 0.0, ""Streptococcus"": 0.0}"
UniRef90_A0A396XHN0	23.900227790432805	0.757153704306324	5.449204710706546e-05	Enterobacterales	0.0023817377157321616	0.007658213531391694	"{""Acinetobacter"": 5.772848736145599e-06, ""Candida"": 0.0, ""Enterobacterales"": 5.449204710706546e-05, ""Haemophilus"": 0.0, ""Mycobacteria"": 0.0, ""Pseudomonas"": 0.0, ""Staphylococcus"": 0.0, ""Stenotrophomonas"": 0.0, ""Streptococcus"": 0.0}"
UniRef90_C1CGC2	23.900227790432805	0.757153704306324	1.94873213059193e-05	Streptococcus	0.0023817377157321616	0.007658213531391694	"{""Acinetobacter"": 0.0, ""Candida"": 0.0, ""Enterobacterales"": 0.0, ""Haemophilus"": 0.0, ""Mycobacteria"": 0.0, ""Pseudomonas"": 0.0, ""Staphylococcus"": 1.1380801567538074e-06, ""Stenotrophomonas"": 0.0, ""Streptococcus"": 1.94873213059193e-05}"
UniRef90_UPI0008287AD4	23.900227790432805	0.757153704306324	1.477800714253745e-05	Enterobacterales	0.0023817377157321616	0.007658213531391694	"{""Acinetobacter"": 1.611989571546926e-06, ""Candida"": 0.0, ""Enterobacterales"": 1.477800714253745e-05, ""Haemophilus"": 0.0, ""Mycobacteria"": 0.0, ""Pseudomonas"": 0.0, ""Staphylococcus"": 0.0, ""Stenotrophomonas"": 0.0, ""Streptococcus"": 0.0}"
UniRef90_UPI000EF92C96	23.900227790432805	0.757153704306324	2.1231701845102257e-06	Enterobacterales	0.0023817377157321616	0.007658213531391694	"{""Acinetobacter"": 4.574793486938008e-07, ""Candida"": 0.0, ""Enterobacterales"": 2.1231701845102257e-06, ""Haemophilus"": 0.0, ""Mycobacteria"": 0.0, ""Pseudomonas"": 0.0, ""Staphylococcus"": 0.0, ""Stenotrophomonas"": 0.0, ""Streptococcus"": 0.0}"
UniRef90_W1ANS6	23.900227790432805	0.757153704306324	2.732007076223862e-06	Enterobacterales	0.0023817377157321616	0.007658213531391694	"{""Acinetobacter"": 5.311836722135492e-07, ""Candida"": 0.0, ""Enterobacterales"": 2.732007076223862e-06, ""Haemophilus"": 0.0, ""Mycobacteria"": 0.0, ""Pseudomonas"": 0.0, ""Staphylococcus"": 0.0, ""Stenotrophomonas"": 0.0, ""Streptococcus"": 0.0}"
UniRef90_A0A365CWC7	23.865439093484426	0.7554970996897346	1.1896618388546102e-06	Acinetobacter	0.0024138991971630187	0.007658213531391694	"{""Acinetobacter"": 1.1896618388546102e-06, ""Candida"": 0.0, ""Enterobacterales"": 8.406678395280324e-07, ""Haemophilus"": 0.0, ""Mycobacteria"": 0.0, ""Pseudomonas"": 0.0, ""Staphylococcus"": 0.0, ""Stenotrophomonas"": 0.0, ""Streptococcus"": 0.0}"
UniRef90_I6CVT9	23.865439093484426	0.7554970996897346	0.00023365138971593108	Enterobacterales	0.0024138991971630187	0.007658213531391694	"{""Acinetobacter"": 0.0, ""Candida"": 0.0, ""Enterobacterales"": 0.00023365138971593108, ""Haemophilus"": 0.0, ""Mycobacteria"": 0.0, ""Pseudomonas"": 8.50459607430295e-05, ""Staphylococcus"": 0.0, ""Stenotrophomonas"": 0.00015988335242503245, ""Streptococcus"": 0.0}"
UniRef90_UPI00098C4072	23.865439093484426	0.7554970996897346	1.138514849903234e-06	Acinetobacter	0.0024138991971630187	0.007658213531391694	"{""Acinetobacter"": 1.138514849903234e-06, ""Candida"": 0.0, ""Enterobacterales"": 9.250550775532195e-07, ""Haemophilus"": 0.0, ""Mycobacteria"": 0.0, ""Pseudomonas"": 0.0, ""Staphylococcus"": 0.0, ""Stenotrophomonas"": 0.0, ""Streptococcus"": 0.0}"
UniRef90_UPI000F0AD362	23.865439093484426	0.7554970996897346	1.018050358601247e-06	Acinetobacter	0.0024138991971630187	0.007658213531391694	"{""Acinetobacter"": 1.018050358601247e-06, ""Candida"": 0.0, ""Enterobacterales"": 5.692741734658809e-07, ""Haemophilus"": 0.0, ""Mycobacteria"": 0.0, ""Pseudomonas"": 0.0, ""Staphylococcus"": 0.0, ""Stenotrophomonas"": 0.0, ""Streptococcus"": 0.0}"
UniRef90_UPI000F4F4C86	23.865439093484426	0.7554970996897346	1.4601338034020644e-06	Acinetobacter	0.0024138991971630187	0.007658213531391694	"{""Acinetobacter"": 1.4601338034020644e-06, ""Candida"": 0.0, ""Enterobacterales"": 9.30588379598597e-07, ""Haemophilus"": 0.0, ""Mycobacteria"": 0.0, ""Pseudomonas"": 0.0, ""Staphylococcus"": 0.0, ""Stenotrophomonas"": 0.0, ""Streptococcus"": 0.0}"
UniRef90_A0A1D7PS40	23.80162188332123	0.7524581849200584	0.00035494573587731694	Pseudomonas	0.0024739966768025715	0.007747327191863579	"{""Acinetobacter"": 0.0001148064944088502, ""Candida"": 0.0, ""Enterobacterales"": 7.921723666254416e-05, ""Haemophilus"": 2.5925713786100623e-05, ""Mycobacteria"": 0.0, ""Pseudomonas"": 0.00035494573587731694, ""Staphylococcus"": 1.914919478565494e-06, ""Stenotrophomonas"": 0.00027821066236296627, ""Streptococcus"": 1.8050842203590808e-05}"
UniRef90_Q9I0I9	23.795022258195058	0.7521439170569075	9.314872224349604e-05	Pseudomonas	0.002480293872302431	0.007747327191863579	"{""Acinetobacter"": 8.032188470687282e-05, ""Candida"": 0.0, ""Enterobacterales"": 0.0, ""Haemophilus"": 0.0, ""Mycobacteria"": 0.0, ""Pseudomonas"": 9.314872224349604e-05, ""Staphylococcus"": 0.0, ""Stenotrophomonas"": 0.0, ""Streptococcus"": 0.0}"
UniRef90_UPI0009893F27	23.795022258195058	0.7521439170569075	1.6681030795438922e-06	Acinetobacter	0.002480293872302431	0.007747327191863579	"{""Acinetobacter"": 1.6681030795438922e-06, ""Candida"": 0.0, ""Enterobacterales"": 8.648140628094827e-07, ""Haemophilus"": 0.0, ""Mycobacteria"": 0.0, ""Pseudomonas"": 0.0, ""Staphylococcus"": 0.0, ""Stenotrophomonas"": 0.0, ""Streptococcus"": 0.0}"
UniRef90_UPI000DEDE5A7	23.795022258195058	0.7521439170569075	1.4628847883933501e-06	Acinetobacter	0.002480293872302431	0.007747327191863579	"{""Acinetobacter"": 1.4628847883933501e-06, ""Candida"": 0.0, ""Enterobacterales"": 6.009355408948141e-07, ""Haemophilus"": 0.0, ""Mycobacteria"": 0.0, ""Pseudomonas"": 0.0, ""Staphylococcus"": 0.0, ""Stenotrophomonas"": 0.0, ""Streptococcus"": 0.0}"
UniRef90_K0X0S2	23.58102883355177	0.7419537539786557	0.0009141088227810143	Stenotrophomonas	0.002693126136039997	0.008369020080014332	"{""Acinetobacter"": 5.818401556297916e-05, ""Candida"": 0.0, ""Enterobacterales"": 0.0008503392764065015, ""Haemophilus"": 0.0, ""Mycobacteria"": 0.0, ""Pseudomonas"": 0.0007289485922309124, ""Staphylococcus"": 3.3454870960885494e-05, ""Stenotrophomonas"": 0.0009141088227810143, ""Streptococcus"": 9.455992720995877e-05}"
UniRef90_A0A0F9P0A2	23.57437745740499	0.74163702178119	3.96255657149931e-06	Pseudomonas	0.0027000176030701367	0.008369020080014332	"{""Acinetobacter"": 3.5465663583071598e-06, ""Candida"": 0.0, ""Enterobacterales"": 1.3992631672151472e-07, ""Haemophilus"": 0.0, ""Mycobacteria"": 0.0, ""Pseudomonas"": 3.96255657149931e-06, ""Staphylococcus"": 1.3511186296864785e-07, ""Stenotrophomonas"": 0.0, ""Streptococcus"": 1.6937905721023452e-07}"
UniRef90_J7SHX6	23.46415465268677	0.736388316794608	0.0008937253689082021	Streptococcus	0.0028167407773461253	0.008462830087233607	"{""Acinetobacter"": 7.75410763404823e-06, ""Candida"": 0.0, ""Enterobacterales"": 4.704689871718192e-05, ""Haemophilus"": 0.0, ""Mycobacteria"": 0.0, ""Pseudomonas"": 0.0001466041280272641, ""Staphylococcus"": 0.00034977241110874425, ""Stenotrophomonas"": 0.0, ""Streptococcus"": 0.0008937253689082021}"
UniRef90_A0A127SM29	23.43781321184509	0.7351339624688138	5.5801986163070905e-06	Enterobacterales	0.0028453520194407183	0.008462830087233607	"{""Acinetobacter"": 9.743188261511056e-07, ""Candida"": 0.0, ""Enterobacterales"": 5.5801986163070905e-06, ""Haemophilus"": 0.0, ""Mycobacteria"": 0.0, ""Pseudomonas"": 0.0, ""Staphylococcus"": 0.0, ""Stenotrophomonas"": 0.0, ""Streptococcus"": 0.0}"
UniRef90_A0A1C0NYS7	23.43781321184509	0.7351339624688138	2.7790737221090716e-06	Enterobacterales	0.0028453520194407183	0.008462830087233607	"{""Acinetobacter"": 7.248003859779614e-07, ""Candida"": 0.0, ""Enterobacterales"": 2.7790737221090716e-06, ""Haemophilus"": 0.0, ""Mycobacteria"": 0.0, ""Pseudomonas"": 0.0, ""Staphylococcus"": 0.0, ""Stenotrophomonas"": 0.0, ""Streptococcus"": 0.0}"
UniRef90_A0A1L2E0Y8	23.43781321184509	0.7351339624688138	7.022797711555086e-06	Enterobacterales	0.0028453520194407183	0.008462830087233607	"{""Acinetobacter"": 1.2341607696535476e-06, ""Candida"": 0.0, ""Enterobacterales"": 7.022797711555086e-06, ""Haemophilus"": 0.0, ""Mycobacteria"": 0.0, ""Pseudomonas"": 0.0, ""Staphylococcus"": 0.0, ""Stenotrophomonas"": 0.0, ""Streptococcus"": 0.0}"
UniRef90_A0A1Q9L4M5	23.43781321184509	0.7351339624688138	9.262555704479627e-06	Enterobacterales	0.0028453520194407183	0.008462830087233607	"{""Acinetobacter"": 5.236197706458085e-07, ""Candida"": 0.0, ""Enterobacterales"": 9.262555704479627e-06, ""Haemophilus"": 0.0, ""Mycobacteria"": 0.0, ""Pseudomonas"": 0.0, ""Staphylococcus"": 0.0, ""Stenotrophomonas"": 0.0, ""Streptococcus"": 0.0}"
UniRef90_A0A232JWS1	23.43781321184509	0.7351339624688138	1.1816614811555018e-05	Enterobacterales	0.0028453520194407183	0.008462830087233607	"{""Acinetobacter"": 3.55721093087668e-07, ""Candida"": 0.0, ""Enterobacterales"": 1.1816614811555018e-05, ""Haemophilus"": 0.0, ""Mycobacteria"": 0.0, ""Pseudomonas"": 0.0, ""Staphylococcus"": 0.0, ""Stenotrophomonas"": 0.0, ""Streptococcus"": 0.0}"
UniRef90_A0A2S1FV28	23.43781321184509	0.7351339624688138	2.772077753403937e-06	Enterobacterales	0.0028453520194407183	0.008462830087233607	"{""Acinetobacter"": 7.175273641782794e-07, ""Candida"": 0.0, ""Enterobacterales"": 2.772077753403937e-06, ""Haemophilus"": 0.0, ""Mycobacteria"": 0.0, ""Pseudomonas"": 0.0, ""Staphylococcus"": 0.0, ""Stenotrophomonas"": 0.0, ""Streptococcus"": 0.0}"
UniRef90_A0A2S1PQJ9	23.43781321184509	0.7351339624688138	7.4830437391413644e-06	Enterobacterales	0.0028453520194407183	0.008462830087233607	"{""Acinetobacter"": 1.7706119340913914e-06, ""Candida"": 0.0, ""Enterobacterales"": 7.4830437391413644e-06, ""Haemophilus"": 0.0, ""Mycobacteria"": 0.0, ""Pseudomonas"": 0.0, ""Staphylococcus"": 0.0, ""Stenotrophomonas"": 0.0, ""Streptococcus"": 0.0}"
UniRef90_A0A328VMS2	23.43781321184509	0.7351339624688138	1.0461633659254988e-05	Enterobacterales	0.0028453520194407183	0.008462830087233607	"{""Acinetobacter"": 5.621080428612724e-07, ""Candida"": 0.0, ""Enterobacterales"": 1.0461633659254988e-05, ""Haemophilus"": 0.0, ""Mycobacteria"": 0.0, ""Pseudomonas"": 0.0, ""Staphylococcus"": 0.0, ""Stenotrophomonas"": 0.0, ""Streptococcus"": 0.0}"
UniRef90_UPI000A3428C0	23.43781321184509	0.7351339624688138	2.6259731843230157e-06	Enterobacterales	0.0028453520194407183	0.008462830087233607	"{""Acinetobacter"": 6.41341134737378e-07, ""Candida"": 0.0, ""Enterobacterales"": 2.6259731843230157e-06, ""Haemophilus"": 0.0, ""Mycobacteria"": 0.0, ""Pseudomonas"": 0.0, ""Staphylococcus"": 0.0, ""Stenotrophomonas"": 0.0, ""Streptococcus"": 0.0}"
UniRef90_UPI000B960150	23.43781321184509	0.7351339624688138	7.890716923818802e-06	Enterobacterales	0.0028453520194407183	0.008462830087233607	"{""Acinetobacter"": 6.018179911328415e-07, ""Candida"": 0.0, ""Enterobacterales"": 7.890716923818802e-06, ""Haemophilus"": 0.0, ""Mycobacteria"": 0.0, ""Pseudomonas"": 0.0, ""Staphylococcus"": 0.0, ""Stenotrophomonas"": 0.0, ""Streptococcus"": 0.0}"
UniRef90_J7QIY4	23.372521246458913	0.7320248212599483	0.0006578039894258711	Enterobacterales	0.0029174904199900835	0.008645603479018233	"{""Acinetobacter"": 7.485805232892523e-05, ""Candida"": 0.0, ""Enterobacterales"": 0.0006578039894258711, ""Haemophilus"": 0.0, ""Mycobacteria"": 0.0, ""Pseudomonas"": 5.278367628897637e-05, ""Staphylococcus"": 0.0, ""Stenotrophomonas"": 0.0003481599207685455, ""Streptococcus"": 0.0}"
UniRef90_S1QBV8	23.352133731992385	0.7310539872377326	0.0010517585322504523	Enterobacterales	0.0029403768162113144	0.00868162351939764	"{""Acinetobacter"": 0.0, ""Candida"": 0.0, ""Enterobacterales"": 0.0010517585322504523, ""Haemophilus"": 0.0004473839329360988, ""Mycobacteria"": 0.0, ""Pseudomonas"": 3.611754444226514e-05, ""Staphylococcus"": 8.004004832629445e-07, ""Stenotrophomonas"": 0.0, ""Streptococcus"": 6.59725756030566e-05}"
UniRef90_A0A0H2Z536	23.28450020234722	0.7278333429689153	0.00019307039147735392	Stenotrophomonas	0.0030175533356643636	0.008877093267463528	"{""Acinetobacter"": 2.7799555457089415e-05, ""Candida"": 0.0, ""Enterobacterales"": 0.0001847987071024042, ""Haemophilus"": 0.0, ""Mycobacteria"": 0.0, ""Pseudomonas"": 3.505354569816101e-05, ""Staphylococcus"": 0.0, ""Stenotrophomonas"": 0.00019307039147735392, ""Streptococcus"": 0.0}"
UniRef90_UPI00073C78A3	23.012903225806454	0.7149001536098312	0.000460195327562123	Haemophilus	0.0033477194883520666	0.009577006935854592	"{""Acinetobacter"": 0.00032465090816426206, ""Candida"": 6.6346022447069e-05, ""Enterobacterales"": 4.014912027857005e-05, ""Haemophilus"": 0.000500344447840693, ""Mycobacteria"": 0.00047199097161419295, ""Pseudomonas"": 0.00019944435514336148, ""Staphylococcus"": 0.00021360068932405548, ""Stenotrophomonas"": 6.955511114587662e-05, ""Streptococcus"": 0.00020350770263572018}"
UniRef90_A0A366B7I1	23.00182232346242	0.7143724915934486	3.76251016512733e-06	Enterobacterales	0.003361907428850642	0.009577006935854592	"{""Acinetobacter"": 4.892210928979412e-07, ""Candida"": 0.0, ""Enterobacterales"": 3.76251016512733e-06, ""Haemophilus"": 0.0, ""Mycobacteria"": 0.0, ""Pseudomonas"": 0.0, ""Staphylococcus"": 0.0, ""Stenotrophomonas"": 0.0, ""Streptococcus"": 0.0}"
UniRef90_A0A398KAJ5	23.00182232346242	0.7143724915934486	2.3417456342069154e-06	Enterobacterales	0.003361907428850642	0.009577006935854592	"{""Acinetobacter"": 6.522947903223331e-07, ""Candida"": 0.0, ""Enterobacterales"": 2.3417456342069154e-06, ""Haemophilus"": 0.0, ""Mycobacteria"": 0.0, ""Pseudomonas"": 0.0, ""Staphylococcus"": 0.0, ""Stenotrophomonas"": 0.0, ""Streptococcus"": 0.0}"
UniRef90_A0A398KM18	23.00182232346242	0.7143724915934486	1.952220224616257e-06	Enterobacterales	0.003361907428850642	0.009577006935854592	"{""Acinetobacter"": 5.435789921544855e-07, ""Candida"": 0.0, ""Enterobacterales"": 1.952220224616257e-06, ""Haemophilus"": 0.0, ""Mycobacteria"": 0.0, ""Pseudomonas"": 0.0, ""Staphylococcus"": 0.0, ""Stenotrophomonas"": 0.0, ""Streptococcus"": 0.0}"
UniRef90_B0ZE13	23.00182232346242	0.7143724915934486	3.3187295356928545e-06	Enterobacterales	0.003361907428850642	0.009577006935854592	"{""Acinetobacter"": 8.889343239182229e-07, ""Candida"": 0.0, ""Enterobacterales"": 3.3187295356928545e-06, ""Haemophilus"": 0.0, ""Mycobacteria"": 0.0, ""Pseudomonas"": 0.0, ""Staphylococcus"": 0.0, ""Stenotrophomonas"": 0.0, ""Streptococcus"": 0.0}"
UniRef90_B1P7I0	23.00182232346242	0.7143724915934486	2.5370916984804484e-05	Enterobacterales	0.003361907428850642	0.009577006935854592	"{""Acinetobacter"": 1.0334186600254386e-05, ""Candida"": 0.0, ""Enterobacterales"": 2.5370916984804484e-05, ""Haemophilus"": 0.0, ""Mycobacteria"": 0.0, ""Pseudomonas"": 0.0, ""Staphylococcus"": 0.0, ""Stenotrophomonas"": 0.0, ""Streptococcus"": 0.0}"
UniRef90_A0A2G5ZAL1	22.99825624082232	0.7142026781343963	0.00011275438694236056	Haemophilus	0.0033664857985823034	0.009577006935854592	"{""Acinetobacter"": 0.0, ""Candida"": 0.0, ""Enterobacterales"": 1.9592984873418183e-05, ""Haemophilus"": 0.00011275438694236056, ""Mycobacteria"": 0.0, ""Pseudomonas"": 0.0, ""Staphylococcus"": 0.0, ""Stenotrophomonas"": 0.0, ""Streptococcus"": 1.599321957286289e-05}"
UniRef90_W1TX59	22.966317914831137	0.7126818054681494	0.00037185914056470467	Streptococcus	0.0034077603951636884	0.009577006935854592	"{""Acinetobacter"": 0.0, ""Candida"": 0.0, ""Enterobacterales"": 0.0, ""Haemophilus"": 0.0, ""Mycobacteria"": 0.0, ""Pseudomonas"": 3.188911913290044e-05, ""Staphylococcus"": 0.00017312975960185977, ""Stenotrophomonas"": 0.0, ""Streptococcus"": 0.00037185914056470467}"
UniRef90_A0A158T0E8	22.836602722772284	0.7065048915605849	0.0009374661095140015	Haemophilus	0.0035804872768800317	0.009577006935854592	"{""Acinetobacter"": 9.388519605481702e-06, ""Candida"": 0.0, ""Enterobacterales"": 2.3325186168042856e-05, ""Haemophilus"": 0.0009374661095140015, ""Mycobacteria"": 0.0, ""Pseudomonas"": 0.00039889622529210017, ""Staphylococcus"": 0.0001531347933195152, ""Stenotrophomonas"": 0.0006376987968553419, ""Streptococcus"": 0.00011109970730955408}"
UniRef90_A0A2W5KSS1	22.684336677814944	0.6992541275149973	0.0003771184001134717	Haemophilus	0.0037940653879668424	0.009577006935854592	"{""Acinetobacter"": 0.00019504977905521184, ""Candida"": 0.0001681175226654578, ""Enterobacterales"": 2.2621283990974175e-05, ""Haemophilus"": 0.0003997396841044459, ""Mycobacteria"": 0.0003879165629833589, ""Pseudomonas"": 4.582375298412154e-05, ""Staphylococcus"": 0.0001478820660145065, ""Stenotrophomonas"": 3.776627280935339e-05, ""Streptococcus"": 0.00014202741653666993}"
UniRef90_A0A1X0XAM2	22.592255125284737	0.6948692916802256	8.25049598106726e-07	Enterobacterales	0.003929150946671233	0.009577006935854592	"{""Acinetobacter"": 3.6940267356726513e-07, ""Candida"": 0.0, ""Enterobacterales"": 8.25049598106726e-07, ""Haemophilus"": 0.0, ""Mycobacteria"": 0.0, ""Pseudomonas"": 0.0, ""Staphylococcus"": 0.0, ""Stenotrophomonas"": 0.0, ""Streptococcus"": 0.0}"
UniRef90_UPI00098AF73F	22.592255125284737	0.6948692916802256	2.9860312723867495e-06	Enterobacterales	0.003929150946671233	0.009577006935854592	"{""Acinetobacter"": 1.4781215898518061e-06, ""Candida"": 0.0, ""Enterobacterales"": 2.9860312723867495e-06, ""Haemophilus"": 0.0, ""Mycobacteria"": 0.0, ""Pseudomonas"": 0.0, ""Staphylococcus"": 0.0, ""Stenotrophomonas"": 0.0, ""Streptococcus"": 0.0}"
UniRef90_UPI000E2A1D41	22.592255125284737	0.6948692916802256	1.2276485146266798e-06	Enterobacterales	0.003929150946671233	0.009577006935854592	"{""Acinetobacter"": 5.343553741701872e-07, ""Candida"": 0.0, ""Enterobacterales"": 1.2276485146266798e-06, ""Haemophilus"": 0.0, ""Mycobacteria"": 0.0, ""Pseudomonas"": 0.0, ""Staphylococcus"": 0.0, ""Stenotrophomonas"": 0.0, ""Streptococcus"": 0.0}"
UniRef90_A0A162V0C4	22.477763659466323	0.6894173171174439	0.00037216336666727945	Pseudomonas	0.004103608799572393	0.009577006935854592	"{""Acinetobacter"": 0.0, ""Candida"": 0.0, ""Enterobacterales"": 0.00019402452137001872, ""Haemophilus"": 0.0003395337859269209, ""Mycobacteria"": 0.0, ""Pseudomonas"": 0.00037216336666727945, ""Staphylococcus"": 1.161871669508273e-06, ""Stenotrophomonas"": 0.00011392399023099243, ""Streptococcus"": 4.1051108887833216e-05}"
UniRef90_A0A382JTY5	22.455304698972103	0.6883478428081954	0.00012567010584528022	Enterobacterales	0.004138698682657316	0.009577006935854592	"{""Acinetobacter"": 8.492602885196643e-06, ""Candida"": 0.0, ""Enterobacterales"": 0.00012567010584528022, ""Haemophilus"": 0.0, ""Mycobacteria"": 0.0, ""Pseudomonas"": 7.949423703342253e-05, ""Staphylococcus"": 0.0, ""Stenotrophomonas"": 0.0, ""Streptococcus"": 0.0}"
UniRef90_F4TN79	22.20911161731207	0.6766243627291463	1.2212411896917056e-05	Enterobacterales	0.004542867003967077	0.009577006935854592	"{""Acinetobacter"": 7.439369940152638e-06, ""Candida"": 0.0, ""Enterobacterales"": 1.2212411896917056e-05, ""Haemophilus"": 0.0, ""Mycobacteria"": 0.0, ""Pseudomonas"": 0.0, ""Staphylococcus"": 0.0, ""Stenotrophomonas"": 0.0, ""Streptococcus"": 0.0}"
UniRef90_UPI000DD0D04D	22.20911161731207	0.6766243627291463	1.6255720591540614e-06	Acinetobacter	0.004542867003967077	0.009577006935854592	"{""Acinetobacter"": 1.6255720591540614e-06, ""Candida"": 0.0, ""Enterobacterales"": 1.5634815507309377e-06, ""Haemophilus"": 0.0, ""Mycobacteria"": 0.0, ""Pseudomonas"": 0.0, ""Staphylococcus"": 0.0, ""Stenotrophomonas"": 0.0, ""Streptococcus"": 0.0}"
UniRef90_A0A016EN64	22.15956719817769	0.6742651046751281	0.0002079206716627785	Enterobacterales	0.004628689384325273	0.009577006935854592	"{""Acinetobacter"": 8.900714235656393e-06, ""Candida"": 0.0, ""Enterobacterales"": 0.0002079206716627785, ""Haemophilus"": 0.0, ""Mycobacteria"": 0.0, ""Pseudomonas"": 1.8327297808328789e-06, ""Staphylococcus"": 0.0, ""Stenotrophomonas"": 0.0, ""Streptococcus"": 0.0}"
UniRef90_A0A0B7LRQ9	22.15956719817769	0.6742651046751281	0.00011458853718993782	Streptococcus	0.004628689384325273	0.009577006935854592	"{""Acinetobacter"": 0.0, ""Candida"": 0.0, ""Enterobacterales"": 0.0, ""Haemophilus"": 0.0, ""Mycobacteria"": 0.0, ""Pseudomonas"": 8.484939999381989e-07, ""Staphylococcus"": 1.2168250590000096e-06, ""Stenotrophomonas"": 0.0, ""Streptococcus"": 0.00011458853718993782}"
UniRef90_A0A0B7M1W5	22.15956719817769	0.6742651046751281	0.0001489017195542389	Streptococcus	0.004628689384325273	0.009577006935854592	"{""Acinetobacter"": 0.0, ""Candida"": 0.0, ""Enterobacterales"": 0.0, ""Haemophilus"": 0.0, ""Mycobacteria"": 0.0, ""Pseudomonas"": 5.683441279532042e-07, ""Staphylococcus"": 8.970526172757699e-07, ""Stenotrophomonas"": 0.0, ""Streptococcus"": 0.0001489017195542389}"
UniRef90_A0A0E2PME1	22.15956719817769	0.6742651046751281	0.00014929764474600802	Streptococcus	0.004628689384325273	0.009577006935854592	"{""Acinetobacter"": 0.0, ""Candida"": 0.0, ""Enterobacterales"": 0.0, ""Haemophilus"": 0.0, ""Mycobacteria"": 0.0, ""Pseudomonas"": 8.274460867530008e-07, ""Staphylococcus"": 2.7123877512460256e-07, ""Stenotrophomonas"": 0.0, ""Streptococcus"": 0.00014929764474600802}"
UniRef90_A0A0E2UGZ4	22.15956719817769	0.6742651046751281	0.00010454389187601307	Streptococcus	0.004628689384325273	0.009577006935854592	"{""Acinetobacter"": 0.0, ""Candida"": 0.0, ""Enterobacterales"": 0.0, ""Haemophilus"": 0.0, ""Mycobacteria"": 0.0, ""Pseudomonas"": 1.0182890048024904e-06, ""Staphylococcus"": 9.443042605703035e-07, ""Stenotrophomonas"": 0.0, ""Streptococcus"": 0.00010454389187601307}"
UniRef90_A0A0M9FJG7	22.15956719817769	0.6742651046751281	0.0001382460638866605	Streptococcus	0.004628689384325273	0.009577006935854592	"{""Acinetobacter"": 0.0, ""Candida"": 0.0, ""Enterobacterales"": 0.0, ""Haemophilus"": 0.0, ""Mycobacteria"": 0.0, ""Pseudomonas"": 9.038111702671009e-07, ""Staphylococcus"": 1.2122128861222471e-06, ""Stenotrophomonas"": 0.0, ""Streptococcus"": 0.0001382460638866605}"
UniRef90_A0A0T7ZD96	22.15956719817769	0.6742651046751281	0.00017338850145057173	Streptococcus	0.004628689384325273	0.009577006935854592	"{""Acinetobacter"": 0.0, ""Candida"": 0.0, ""Enterobacterales"": 0.0, ""Haemophilus"": 0.0, ""Mycobacteria"": 0.0, ""Pseudomonas"": 1.4648795328106919e-06, ""Staphylococcus"": 8.406425923511056e-07, ""Stenotrophomonas"": 0.0, ""Streptococcus"": 0.00017338850145057173}"
UniRef90_A0A0T8AML8	22.15956719817769	0.6742651046751281	3.9293098090055235e-05	Streptococcus	0.004628689384325273	0.009577006935854592	"{""Acinetobacter"": 0.0, ""Candida"": 0.0, ""Enterobacterales"": 0.0, ""Haemophilus"": 0.0, ""Mycobacteria"": 0.0, ""Pseudomonas"": 8.476129052941086e-07, ""Staphylococcus"": 1.6830851284307149e-07, ""Stenotrophomonas"": 0.0, ""Streptococcus"": 3.9293098090055235e-05}"
UniRef90_A0A0T8EKK9	22.15956719817769	0.6742651046751281	0.0001919836720410676	Streptococcus	0.004628689384325273	0.009577006935854592	"{""Acinetobacter"": 0.0, ""Candida"": 0.0, ""Enterobacterales"": 0.0, ""Haemophilus"": 0.0, ""Mycobacteria"": 0.0, ""Pseudomonas"": 7.32655262380495e-07, ""Staphylococcus"": 8.922957200246318e-07, ""Stenotrophomonas"": 0.0, ""Streptococcus"": 0.0001919836720410676}"
UniRef90_A0A0T8QTS3	22.15956719817769	0.6742651046751281	0.0002177968234777086	Streptococcus	0.004628689384325273	0.009577006935854592	"{""Acinetobacter"": 0.0, ""Candida"": 0.0, ""Enterobacterales"": 0.0, ""Haemophilus"": 0.0, ""Mycobacteria"": 0.0, ""Pseudomonas"": 1.6412754512661584e-06, ""Staphylococcus"": 1.0797772804369866e-06, ""Stenotrophomonas"": 0.0, ""Streptococcus"": 0.0002177968234777086}"
UniRef90_A0A0T8YBQ3	22.15956719817769	0.6742651046751281	0.00013242515368117917	Streptococcus	0.004628689384325273	0.009577006935854592	"{""Acinetobacter"": 0.0, ""Candida"": 0.0, ""Enterobacterales"": 0.0, ""Haemophilus"": 0.0, ""Mycobacteria"": 0.0, ""Pseudomonas"": 6.392856184626508e-07, ""Staphylococcus"": 7.476315669804598e-07, ""Stenotrophomonas"": 0.0, ""Streptococcus"": 0.00013242515368117917}"
UniRef90_A0A0T8ZQM3	22.15956719817769	0.6742651046751281	7.66888964583994e-05	Streptococcus	0.004628689384325273	0.009577006935854592	"{""Acinetobacter"": 0.0, ""Candida"": 0.0, ""Enterobacterales"": 0.0, ""Haemophilus"": 0.0, ""Mycobacteria"": 0.0, ""Pseudomonas"": 1.5221468118784253e-06, ""Staphylococcus"": 7.858477473476903e-07, ""Stenotrophomonas"": 0.0, ""Streptococcus"": 7.66888964583994e-05}"
UniRef90_A0A0T9AEX2	22.15956719817769	0.6742651046751281	2.139446085781969e-05	Streptococcus	0.004628689384325273	0.009577006935854592	"{""Acinetobacter"": 0.0, ""Candida"": 0.0, ""Enterobacterales"": 0.0, ""Haemophilus"": 0.0, ""Mycobacteria"": 0.0, ""Pseudomonas"": 1.9938449953407557e-07, ""Staphylococcus"": 2.2795658817823812e-07, ""Stenotrophomonas"": 0.0, ""Streptococcus"": 2.139446085781969e-05}"
UniRef90_A0A139PM50	22.15956719817769	0.6742651046751281	0.0001013905641713772	Streptococcus	0.004628689384325273	0.009577006935854592	"{""Acinetobacter"": 0.0, ""Candida"": 0.0, ""Enterobacterales"": 0.0, ""Haemophilus"": 0.0, ""Mycobacteria"": 0.0, ""Pseudomonas"": 9.600696636973663e-07, ""Staphylococcus"": 1.3217622661998554e-06, ""Stenotrophomonas"": 0.0, ""Streptococcus"": 0.0001013905641713772}"
UniRef90_A0A150NSH0	22.15956719817769	0.6742651046751281	0.00010253016136909956	Streptococcus	0.004628689384325273	0.009577006935854592	"{""Acinetobacter"": 0.0, ""Candida"": 0.0, ""Enterobacterales"": 0.0, ""Haemophilus"": 0.0, ""Mycobacteria"": 0.0, ""Pseudomonas"": 7.47966927783637e-07, ""Staphylococcus"": 9.912239484497169e-07, ""Stenotrophomonas"": 0.0, ""Streptococcus"": 0.00010253016136909956}"
UniRef90_A0A158LJP3	22.15956719817769	0.6742651046751281	5.162934631570882e-06	Streptococcus	0.004628689384325273	0.009577006935854592	"{""Acinetobacter"": 2.968205157596848e-07, ""Candida"": 0.0, ""Enterobacterales"": 0.0, ""Haemophilus"": 0.0, ""Mycobacteria"": 0.0, ""Pseudomonas"": 6.80202881870298e-08, ""Staphylococcus"": 0.0, ""Stenotrophomonas"": 0.0, ""Streptococcus"": 5.162934631570882e-06}"
UniRef90_A0A192CBF9	22.15956719817769	0.6742651046751281	0.00023855765918932826	Enterobacterales	0.004628689384325273	0.009577006935854592	"{""Acinetobacter"": 7.779483556119245e-06, ""Candida"": 0.0, ""Enterobacterales"": 0.00023855765918932826, ""Haemophilus"": 1.5622245556035108e-05, ""Mycobacteria"": 0.0, ""Pseudomonas"": 0.0, ""Staphylococcus"": 0.0, ""Stenotrophomonas"": 0.0, ""Streptococcus"": 0.0}"
UniRef90_A0A1T0C6Z8	22.15956719817769	0.6742651046751281	0.00013881744477483042	Streptococcus	0.004628689384325273	0.009577006935854592	"{""Acinetobacter"": 0.0, ""Candida"": 0.0, ""Enterobacterales"": 0.0, ""Haemophilus"": 0.0, ""Mycobacteria"": 0.0, ""Pseudomonas"": 5.087035787664544e-07, ""Staphylococcus"": 5.570191861305163e-07, ""Stenotrophomonas"": 0.0, ""Streptococcus"": 0.00013881744477483042}"
UniRef90_A0A1U7K1E4	22.15956719817769	0.6742651046751281	0.0005256609676701233	Enterobacterales	0.004628689384325273	0.009577006935854592	"{""Acinetobacter"": 2.5319561389865028e-05, ""Candida"": 0.0, ""Enterobacterales"": 0.0005256609676701233, ""Haemophilus"": 0.0, ""Mycobacteria"": 0.0, ""Pseudomonas"": 0.0, ""Staphylococcus"": 0.0, ""Stenotrophomonas"": 0.0, ""Streptococcus"": 3.83311963460308e-05}"
UniRef90_A0A1X1GJD9	22.15956719817769	0.6742651046751281	0.00020144479649220653	Streptococcus	0.004628689384325273	0.009577006935854592	"{""Acinetobacter"": 0.0, ""Candida"": 0.0, ""Enterobacterales"": 0.0, ""Haemophilus"": 0.0, ""Mycobacteria"": 0.0, ""Pseudomonas"": 8.114454479665866e-07, ""Staphylococcus"": 9.183575116184734e-07, ""Stenotrophomonas"": 0.0, ""Streptococcus"": 0.00020144479649220653}"
UniRef90_A0A1X1L035	22.15956719817769	0.6742651046751281	1.8826298164573847e-05	Streptococcus	0.004628689384325273	0.009577006935854592	"{""Acinetobacter"": 8.239861193365474e-07, ""Candida"": 0.0, ""Enterobacterales"": 0.0, ""Haemophilus"": 0.0, ""Mycobacteria"": 0.0, ""Pseudomonas"": 0.0, ""Staphylococcus"": 7.266566888425853e-08, ""Stenotrophomonas"": 0.0, ""Streptococcus"": 1.8826298164573847e-05}"
UniRef90_A0A224AUN4	22.15956719817769	0.6742651046751281	0.0009494501971644765	Staphylococcus	0.004628689384325273	0.009577006935854592	"{""Acinetobacter"": 0.0, ""Candida"": 0.0, ""Enterobacterales"": 0.0, ""Haemophilus"": 0.0, ""Mycobacteria"": 0.0, ""Pseudomonas"": 1.4817358347830658e-06, ""Staphylococcus"": 0.0009494501971644765, ""Stenotrophomonas"": 0.0, ""Streptococcus"": 1.7362773539302766e-05}"
UniRef90_A0A292GD28	22.15956719817769	0.6742651046751281	0.0001292108659591787	Streptococcus	0.004628689384325273	0.009577006935854592	"{""Acinetobacter"": 0.0, ""Candida"": 0.0, ""Enterobacterales"": 0.0, ""Haemophilus"": 0.0, ""Mycobacteria"": 0.0, ""Pseudomonas"": 8.023278706823436e-07, ""Staphylococcus"": 9.302393160032549e-07, ""Stenotrophomonas"": 0.0, ""Streptococcus"": 0.0001292108659591787}"
UniRef90_A0A2J6EA48	22.15956719817769	0.6742651046751281	0.00013725122710069962	Streptococcus	0.004628689384325273	0.009577006935854592	"{""Acinetobacter"": 0.0, ""Candida"": 0.0, ""Enterobacterales"": 0.0, ""Haemophilus"": 0.0, ""Mycobacteria"": 0.0, ""Pseudomonas"": 7.308720803665028e-07, ""Staphylococcus"": 9.061239339826443e-07, ""Stenotrophomonas"": 0.0, ""Streptococcus"": 0.00013725122710069962}"
UniRef90_A0A2S9SJL2	22.15956719817769	0.6742651046751281	0.0006037124730920372	Haemophilus	0.004628689384325273	0.009577006935854592	"{""Acinetobacter"": 0.0, ""Candida"": 0.0, ""Enterobacterales"": 0.0, ""Haemophilus"": 0.0006037124730920372, ""Mycobacteria"": 0.0, ""Pseudomonas"": 2.3516313106838685e-06, ""Staphylococcus"": 0.0, ""Stenotrophomonas"": 0.0, ""Streptococcus"": 6.256065478457992e-05}"
UniRef90_A4W3M3	22.15956719817769	0.6742651046751281	0.00016276782947567965	Streptococcus	0.004628689384325273	0.009577006935854592	"{""Acinetobacter"": 0.0, ""Candida"": 0.0, ""Enterobacterales"": 0.0, ""Haemophilus"": 0.0, ""Mycobacteria"": 0.0, ""Pseudomonas"": 1.254702343589869e-06, ""Staphylococcus"": 1.2415082066338053e-05, ""Stenotrophomonas"": 0.0, ""Streptococcus"": 0.00016276782947567965}"
UniRef90_A5LJ88	22.15956719817769	0.6742651046751281	1.9077754601982365e-05	Streptococcus	0.004628689384325273	0.009577006935854592	"{""Acinetobacter"": 0.0, ""Candida"": 0.0, ""Enterobacterales"": 0.0, ""Haemophilus"": 0.0, ""Mycobacteria"": 0.0, ""Pseudomonas"": 1.9057548702255664e-07, ""Staphylococcus"": 2.4030152075092193e-07, ""Stenotrophomonas"": 0.0, ""Streptococcus"": 1.9077754601982365e-05}"
UniRef90_A5M9J2	22.15956719817769	0.6742651046751281	2.3437948582746124e-05	Streptococcus	0.004628689384325273	0.009577006935854592	"{""Acinetobacter"": 0.0, ""Candida"": 0.0, ""Enterobacterales"": 0.0, ""Haemophilus"": 0.0, ""Mycobacteria"": 0.0, ""Pseudomonas"": 5.366543247329261e-07, ""Staphylococcus"": 9.235390192049637e-07, ""Stenotrophomonas"": 0.0, ""Streptococcus"": 2.3437948582746124e-05}"
UniRef90_A8AU87	22.15956719817769	0.6742651046751281	0.00013166334190682375	Streptococcus	0.004628689384325273	0.009577006935854592	"{""Acinetobacter"": 0.0, ""Candida"": 0.0, ""Enterobacterales"": 0.0, ""Haemophilus"": 0.0, ""Mycobacteria"": 0.0, ""Pseudomonas"": 7.628292288864055e-07, ""Staphylococcus"": 7.724547348243257e-07, ""Stenotrophomonas"": 0.0, ""Streptococcus"": 0.00013166334190682375}"
UniRef90_A8AUR6	22.15956719817769	0.6742651046751281	0.00019615561451225534	Streptococcus	0.004628689384325273	0.009577006935854592	"{""Acinetobacter"": 0.0, ""Candida"": 0.0, ""Enterobacterales"": 0.0, ""Haemophilus"": 0.0, ""Mycobacteria"": 0.0, ""Pseudomonas"": 1.191784084436303e-06, ""Staphylococcus"": 8.132891156178257e-07, ""Stenotrophomonas"": 0.0, ""Streptococcus"": 0.00019615561451225534}"
UniRef90_A8AVN4	22.15956719817769	0.6742651046751281	0.00010877166040786547	Streptococcus	0.004628689384325273	0.009577006935854592	"{""Acinetobacter"": 0.0, ""Candida"": 0.0, ""Enterobacterales"": 0.0, ""Haemophilus"": 0.0, ""Mycobacteria"": 0.0, ""Pseudomonas"": 8.165520629924623e-07, ""Staphylococcus"": 1.106733093717887e-06, ""Stenotrophomonas"": 0.0, ""Streptococcus"": 0.00010877166040786547}"
UniRef90_A8AVW8	22.15956719817769	0.6742651046751281	0.00012171615093532301	Streptococcus	0.004628689384325273	0.009577006935854592	"{""Acinetobacter"": 0.0, ""Candida"": 0.0, ""Enterobacterales"": 0.0, ""Haemophilus"": 0.0, ""Mycobacteria"": 0.0, ""Pseudomonas"": 9.481522789825613e-07, ""Staphylococcus"": 8.898145613276985e-07, ""Stenotrophomonas"": 0.0, ""Streptococcus"": 0.00012171615093532301}"
UniRef90_A8AW24	22.15956719817769	0.6742651046751281	0.00011552635603035325	Streptococcus	0.004628689384325273	0.009577006935854592	"{""Acinetobacter"": 0.0, ""Candida"": 0.0, ""Enterobacterales"": 0.0, ""Haemophilus"": 0.0, ""Mycobacteria"": 0.0, ""Pseudomonas"": 7.322280582544848e-07, ""Staphylococcus"": 8.922178894017917e-07, ""Stenotrophomonas"": 0.0, ""Streptococcus"": 0.00011552635603035325}"
UniRef90_A8AWM5	22.15956719817769	0.6742651046751281	0.00010911318897114053	Streptococcus	0.004628689384325273	0.009577006935854592	"{""Acinetobacter"": 0.0, ""Candida"": 0.0, ""Enterobacterales"": 0.0, ""Haemophilus"": 0.0, ""Mycobacteria"": 0.0, ""Pseudomonas"": 1.3569584706744314e-06, ""Staphylococcus"": 1.9050597205190783e-06, ""Stenotrophomonas"": 0.0, ""Streptococcus"": 0.00010911318897114053}"
UniRef90_A8AZB9	22.15956719817769	0.6742651046751281	0.00014239846079651047	Streptococcus	0.004628689384325273	0.009577006935854592	"{""Acinetobacter"": 0.0, ""Candida"": 0.0, ""Enterobacterales"": 0.0, ""Haemophilus"": 0.0, ""Mycobacteria"": 0.0, ""Pseudomonas"": 1.3080949165888313e-06, ""Staphylococcus"": 1.2071386697205266e-05, ""Stenotrophomonas"": 0.0, ""Streptococcus"": 0.00014239846079651047}"
UniRef90_A8AZD5	22.15956719817769	0.6742651046751281	0.00010904723721020955	Streptococcus	0.004628689384325273	0.009577006935854592	"{""Acinetobacter"": 0.0, ""Candida"": 0.0, ""Enterobacterales"": 0.0, ""Haemophilus"": 0.0, ""Mycobacteria"": 0.0, ""Pseudomonas"": 8.497080409466283e-07, ""Staphylococcus"": 9.428801504915569e-07, ""Stenotrophomonas"": 0.0, ""Streptococcus"": 0.00010904723721020955}"
UniRef90_A8AZI5	22.15956719817769	0.6742651046751281	0.00015147767730425707	Streptococcus	0.004628689384325273	0.009577006935854592	"{""Acinetobacter"": 0.0, ""Candida"": 0.0, ""Enterobacterales"": 0.0, ""Haemophilus"": 0.0, ""Mycobacteria"": 0.0, ""Pseudomonas"": 9.009395452861904e-07, ""Staphylococcus"": 7.444056359139161e-07, ""Stenotrophomonas"": 0.0, ""Streptococcus"": 0.00015147767730425707}"
UniRef90_B1I802	22.15956719817769	0.6742651046751281	0.00020877141750485627	Streptococcus	0.004628689384325273	0.009577006935854592	"{""Acinetobacter"": 0.0, ""Candida"": 0.0, ""Enterobacterales"": 0.0, ""Haemophilus"": 0.0, ""Mycobacteria"": 0.0, ""Pseudomonas"": 4.932883185247744e-07, ""Staphylococcus"": 5.403063478800672e-07, ""Stenotrophomonas"": 0.0, ""Streptococcus"": 0.00020877141750485627}"
UniRef90_B9DSV1	22.15956719817769	0.6742651046751281	0.00011561463363686678	Streptococcus	0.004628689384325273	0.009577006935854592	"{""Acinetobacter"": 0.0, ""Candida"": 0.0, ""Enterobacterales"": 0.0, ""Haemophilus"": 0.0, ""Mycobacteria"": 0.0, ""Pseudomonas"": 1.0151160261470758e-06, ""Staphylococcus"": 5.599297718528503e-07, ""Stenotrophomonas"": 0.0, ""Streptococcus"": 0.00011561463363686678}"
UniRef90_E8JSK1	22.15956719817769	0.6742651046751281	0.0001641098823608309	Streptococcus	0.004628689384325273	0.009577006935854592	"{""Acinetobacter"": 0.0, ""Candida"": 0.0, ""Enterobacterales"": 0.0, ""Haemophilus"": 0.0, ""Mycobacteria"": 0.0, ""Pseudomonas"": 7.303352850948566e-07, ""Staphylococcus"": 8.12428319115111e-07, ""Stenotrophomonas"": 0.0, ""Streptococcus"": 0.0001641098823608309}"
UniRef90_E8K2E8	22.15956719817769	0.6742651046751281	9.860901833153012e-05	Streptococcus	0.004628689384325273	0.009577006935854592	"{""Acinetobacter"": 0.0, ""Candida"": 0.0, ""Enterobacterales"": 0.0, ""Haemophilus"": 0.0, ""Mycobacteria"": 0.0, ""Pseudomonas"": 1.142908869260083e-06, ""Staphylococcus"": 5.130772330917466e-07, ""Stenotrophomonas"": 0.0, ""Streptococcus"": 9.860901833153012e-05}"
UniRef90_E8KA54	22.15956719817769	0.6742651046751281	0.00014909746080976285	Streptococcus	0.004628689384325273	0.009577006935854592	"{""Acinetobacter"": 0.0, ""Candida"": 0.0, ""Enterobacterales"": 0.0, ""Haemophilus"": 0.0, ""Mycobacteria"": 0.0, ""Pseudomonas"": 1.246704430672718e-06, ""Staphylococcus"": 7.06485331349238e-07, ""Stenotrophomonas"": 0.0, ""Streptococcus"": 0.00014909746080976285}"
UniRef90_E9FPX8	22.15956719817769	0.6742651046751281	0.0001729942431189737	Streptococcus	0.004628689384325273	0.009577006935854592	"{""Acinetobacter"": 0.0, ""Candida"": 0.0, ""Enterobacterales"": 0.0, ""Haemophilus"": 0.0, ""Mycobacteria"": 0.0, ""Pseudomonas"": 8.676933343167925e-07, ""Staphylococcus"": 8.846533743887194e-07, ""Stenotrophomonas"": 0.0, ""Streptococcus"": 0.0001729942431189737}"
UniRef90_F0IPH9	22.15956719817769	0.6742651046751281	0.00018355322243122877	Streptococcus	0.004628689384325273	0.009577006935854592	"{""Acinetobacter"": 0.0, ""Candida"": 0.0, ""Enterobacterales"": 0.0, ""Haemophilus"": 0.0, ""Mycobacteria"": 0.0, ""Pseudomonas"": 1.3273443415844468e-06, ""Staphylococcus"": 8.026211156845921e-07, ""Stenotrophomonas"": 0.0, ""Streptococcus"": 0.00018355322243122877}"
UniRef90_F2QG63	22.15956719817769	0.6742651046751281	0.00013133005711285186	Streptococcus	0.004628689384325273	0.009577006935854592	"{""Acinetobacter"": 0.0, ""Candida"": 0.0, ""Enterobacterales"": 1.186342960415474e-06, ""Haemophilus"": 0.0, ""Mycobacteria"": 0.0, ""Pseudomonas"": 0.0, ""Staphylococcus"": 1.242000749990136e-06, ""Stenotrophomonas"": 0.0, ""Streptococcus"": 0.00013133005711285186}"
UniRef90_F2QG69	22.15956719817769	0.6742651046751281	0.00015116339056842353	Streptococcus	0.004628689384325273	0.009577006935854592	"{""Acinetobacter"": 0.0, ""Candida"": 0.0, ""Enterobacterales"": 1.4626146087606587e-06, ""Haemophilus"": 0.0, ""Mycobacteria"": 0.0, ""Pseudomonas"": 7.248318154193971e-07, ""Staphylococcus"": 0.0, ""Stenotrophomonas"": 0.0, ""Streptococcus"": 0.00015116339056842353}"
UniRef90_I1ZJ37	22.15956719817769	0.6742651046751281	0.00010908417665204747	Streptococcus	0.004628689384325273	0.009577006935854592	"{""Acinetobacter"": 0.0, ""Candida"": 0.0, ""Enterobacterales"": 0.0, ""Haemophilus"": 0.0, ""Mycobacteria"": 0.0, ""Pseudomonas"": 1.0471939882205228e-06, ""Staphylococcus"": 1.2537166283532188e-06, ""Stenotrophomonas"": 0.0, ""Streptococcus"": 0.00010908417665204747}"
UniRef90_I1ZPB5	22.15956719817769	0.6742651046751281	0.00010554524940518732	Streptococcus	0.004628689384325273	0.009577006935854592	"{""Acinetobacter"": 0.0, ""Candida"": 0.0, ""Enterobacterales"": 0.0, ""Haemophilus"": 0.0, ""Mycobacteria"": 0.0, ""Pseudomonas"": 1.1640971387275844e-06, ""Staphylococcus"": 1.4436294362092268e-06, ""Stenotrophomonas"": 0.0, ""Streptococcus"": 0.00010554524940518732}"
UniRef90_K0Z5G5	22.15956719817769	0.6742651046751281	2.2396134041555484e-05	Streptococcus	0.004628689384325273	0.009577006935854592	"{""Acinetobacter"": 0.0, ""Candida"": 0.0, ""Enterobacterales"": 0.0, ""Haemophilus"": 0.0, ""Mycobacteria"": 0.0, ""Pseudomonas"": 1.741351825910008e-07, ""Staphylococcus"": 2.3748456225531708e-07, ""Stenotrophomonas"": 0.0, ""Streptococcus"": 2.2396134041555484e-05}"
UniRef90_K9A6I8	22.15956719817769	0.6742651046751281	7.481545116144267e-06	Acinetobacter	0.004628689384325273	0.009577006935854592	"{""Acinetobacter"": 7.481545116144267e-06, ""Candida"": 0.0, ""Enterobacterales"": 1.238252670140388e-07, ""Haemophilus"": 0.0, ""Mycobacteria"": 0.0, ""Pseudomonas"": 8.422068834575552e-08, ""Staphylococcus"": 0.0, ""Stenotrophomonas"": 0.0, ""Streptococcus"": 0.0}"
UniRef90_M5K861	22.15956719817769	0.6742651046751281	0.00020140402266467282	Streptococcus	0.004628689384325273	0.009577006935854592	"{""Acinetobacter"": 0.0, ""Candida"": 0.0, ""Enterobacterales"": 0.0, ""Haemophilus"": 0.0, ""Mycobacteria"": 0.0, ""Pseudomonas"": 1.2461299212456176e-06, ""Staphylococcus"": 1.3747257968583632e-06, ""Stenotrophomonas"": 0.0, ""Streptococcus"": 0.00020140402266467282}"
UniRef90_O06942	22.15956719817769	0.6742651046751281	0.00010390795995347409	Streptococcus	0.004628689384325273	0.009577006935854592	"{""Acinetobacter"": 0.0, ""Candida"": 0.0, ""Enterobacterales"": 0.0, ""Haemophilus"": 0.0, ""Mycobacteria"": 0.0, ""Pseudomonas"": 1.1316453264756992e-06, ""Staphylococcus"": 8.920913119883146e-07, ""Stenotrophomonas"": 0.0, ""Streptococcus"": 0.00010390795995347409}"
UniRef90_P0A3Q0	22.15956719817769	0.6742651046751281	0.00014446543522556645	Streptococcus	0.004628689384325273	0.009577006935854592	"{""Acinetobacter"": 0.0, ""Candida"": 0.0, ""Enterobacterales"": 0.0, ""Haemophilus"": 0.0, ""Mycobacteria"": 0.0, ""Pseudomonas"": 1.166710589305359e-06, ""Staphylococcus"": 1.3712843343098451e-06, ""Stenotrophomonas"": 0.0, ""Streptococcus"": 0.00014446543522556645}"
UniRef90_P0A4N3	22.15956719817769	0.6742651046751281	0.00020123661768843088	Streptococcus	0.004628689384325273	0.009577006935854592	"{""Acinetobacter"": 0.0, ""Candida"": 0.0, ""Enterobacterales"": 0.0, ""Haemophilus"": 0.0, ""Mycobacteria"": 0.0, ""Pseudomonas"": 1.0543838120034114e-06, ""Staphylococcus"": 1.0129894160419497e-06, ""Stenotrophomonas"": 0.0, ""Streptococcus"": 0.00020123661768843088}"
UniRef90_P0C0G7	22.15956719817769	0.6742651046751281	0.00021944876878454694	Streptococcus	0.004628689384325273	0.009577006935854592	"{""Acinetobacter"": 0.0, ""Candida"": 0.0, ""Enterobacterales"": 0.0, ""Haemophilus"": 0.0, ""Mycobacteria"": 0.0, ""Pseudomonas"": 1.3036044351981877e-06, ""Staphylococcus"": 1.7150461778200192e-06, ""Stenotrophomonas"": 0.0, ""Streptococcus"": 0.00021944876878454694}"
UniRef90_P0DB88	22.15956719817769	0.6742651046751281	0.00016133997483844538	Streptococcus	0.004628689384325273	0.009577006935854592	"{""Acinetobacter"": 0.0, ""Candida"": 0.0, ""Enterobacterales"": 0.0, ""Haemophilus"": 0.0, ""Mycobacteria"": 0.0, ""Pseudomonas"": 1.199338125795959e-06, ""Staphylococcus"": 1.1065806697720017e-06, ""Stenotrophomonas"": 0.0, ""Streptococcus"": 0.00016133997483844538}"
UniRef90_P66114	22.15956719817769	0.6742651046751281	0.00022901068307551613	Streptococcus	0.004628689384325273	0.009577006935854592	"{""Acinetobacter"": 0.0, ""Candida"": 0.0, ""Enterobacterales"": 0.0, ""Haemophilus"": 0.0, ""Mycobacteria"": 0.0, ""Pseudomonas"": 1.3468209184134514e-06, ""Staphylococcus"": 1.3757672990178219e-06, ""Stenotrophomonas"": 0.0, ""Streptococcus"": 0.00022901068307551613}"
UniRef90_P66634	22.15956719817769	0.6742651046751281	0.00013544105901861495	Streptococcus	0.004628689384325273	0.009577006935854592	"{""Acinetobacter"": 0.0, ""Candida"": 0.0, ""Enterobacterales"": 0.0, ""Haemophilus"": 0.0, ""Mycobacteria"": 0.0, ""Pseudomonas"": 1.6693080881603122e-06, ""Staphylococcus"": 1.4344494297190173e-06, ""Stenotrophomonas"": 0.0, ""Streptococcus"": 0.00013544105901861495}"
UniRef90_P66648	22.15956719817769	0.6742651046751281	0.00020795223615194836	Streptococcus	0.004628689384325273	0.009577006935854592	"{""Acinetobacter"": 0.0, ""Candida"": 0.0, ""Enterobacterales"": 0.0, ""Haemophilus"": 0.0, ""Mycobacteria"": 0.0, ""Pseudomonas"": 1.0951492325903216e-06, ""Staphylococcus"": 1.3497792714312801e-05, ""Stenotrophomonas"": 0.0, ""Streptococcus"": 0.00020795223615194836}"
UniRef90_P72478	22.15956719817769	0.6742651046751281	0.00012702090297827436	Streptococcus	0.004628689384325273	0.009577006935854592	"{""Acinetobacter"": 0.0, ""Candida"": 0.0, ""Enterobacterales"": 0.0, ""Haemophilus"": 0.0, ""Mycobacteria"": 0.0, ""Pseudomonas"": 1.1040734964683632e-06, ""Staphylococcus"": 1.2940463505589274e-06, ""Stenotrophomonas"": 0.0, ""Streptococcus"": 0.00012702090297827436}"
UniRef90_Q04HZ9	22.15956719817769	0.6742651046751281	0.00024281150904808407	Streptococcus	0.004628689384325273	0.009577006935854592	"{""Acinetobacter"": 0.0, ""Candida"": 0.0, ""Enterobacterales"": 0.0, ""Haemophilus"": 0.0, ""Mycobacteria"": 0.0, ""Pseudomonas"": 8.766290541761709e-07, ""Staphylococcus"": 1.6916784013466098e-06, ""Stenotrophomonas"": 0.0, ""Streptococcus"": 0.00024281150904808407}"
UniRef90_Q04IK6	22.15956719817769	0.6742651046751281	0.00012457657491498627	Streptococcus	0.004628689384325273	0.009577006935854592	"{""Acinetobacter"": 0.0, ""Candida"": 0.0, ""Enterobacterales"": 0.0, ""Haemophilus"": 0.0, ""Mycobacteria"": 0.0, ""Pseudomonas"": 8.622606922254485e-07, ""Staphylococcus"": 1.0180036501725475e-06, ""Stenotrophomonas"": 0.0, ""Streptococcus"": 0.00012457657491498627}"
UniRef90_Q04IK7	22.15956719817769	0.6742651046751281	0.00013616508633858395	Streptococcus	0.004628689384325273	0.009577006935854592	"{""Acinetobacter"": 0.0, ""Candida"": 0.0, ""Enterobacterales"": 0.0, ""Haemophilus"": 0.0, ""Mycobacteria"": 0.0, ""Pseudomonas"": 1.0053256008365116e-06, ""Staphylococcus"": 6.072771683378469e-07, ""Stenotrophomonas"": 0.0, ""Streptococcus"": 0.00013616508633858395}"
UniRef90_Q04J60	22.15956719817769	0.6742651046751281	0.00010089690008176767	Streptococcus	0.004628689384325273	0.009577006935854592	"{""Acinetobacter"": 0.0, ""Candida"": 0.0, ""Enterobacterales"": 0.0, ""Haemophilus"": 0.0, ""Mycobacteria"": 0.0, ""Pseudomonas"": 1.4460308905167236e-06, ""Staphylococcus"": 9.046807415559743e-07, ""Stenotrophomonas"": 0.0, ""Streptococcus"": 0.00010089690008176767}"
UniRef90_Q04KW9	22.15956719817769	0.6742651046751281	0.00012210811419359173	Streptococcus	0.004628689384325273	0.009577006935854592	"{""Acinetobacter"": 0.0, ""Candida"": 0.0, ""Enterobacterales"": 0.0, ""Haemophilus"": 0.0, ""Mycobacteria"": 0.0, ""Pseudomonas"": 6.67115717893137e-07, ""Staphylococcus"": 7.947661282925903e-07, ""Stenotrophomonas"": 0.0, ""Streptococcus"": 0.00012210811419359173}"
UniRef90_Q04LT6	22.15956719817769	0.6742651046751281	0.00010596398897158989	Streptococcus	0.004628689384325273	0.009577006935854592	"{""Acinetobacter"": 0.0, ""Candida"": 0.0, ""Enterobacterales"": 0.0, ""Haemophilus"": 0.0, ""Mycobacteria"": 0.0, ""Pseudomonas"": 7.714242919467685e-07, ""Staphylococcus"": 7.995346269485342e-07, ""Stenotrophomonas"": 0.0, ""Streptococcus"": 0.00010596398897158989}"
UniRef90_Q04MC2	22.15956719817769	0.6742651046751281	0.00014550520211472042	Streptococcus	0.004628689384325273	0.009577006935854592	"{""Acinetobacter"": 0.0, ""Candida"": 0.0, ""Enterobacterales"": 0.0, ""Haemophilus"": 0.0, ""Mycobacteria"": 0.0, ""Pseudomonas"": 6.001295673532528e-07, ""Staphylococcus"": 1.060678029255999e-06, ""Stenotrophomonas"": 0.0, ""Streptococcus"": 0.00014550520211472042}"
UniRef90_Q04ML5	22.15956719817769	0.6742651046751281	0.00017350719016921714	Streptococcus	0.004628689384325273	0.009577006935854592	"{""Acinetobacter"": 0.0, ""Candida"": 0.0, ""Enterobacterales"": 0.0, ""Haemophilus"": 0.0, ""Mycobacteria"": 0.0, ""Pseudomonas"": 7.804227300389604e-07, ""Staphylococcus"": 7.936174285764377e-07, ""Stenotrophomonas"": 0.0, ""Streptococcus"": 0.00017350719016921714}"
UniRef90_Q04ML8	22.15956719817769	0.6742651046751281	0.0003129352680732747	Streptococcus	0.004628689384325273	0.009577006935854592	"{""Acinetobacter"": 0.0, ""Candida"": 0.0, ""Enterobacterales"": 0.0, ""Haemophilus"": 0.0, ""Mycobacteria"": 0.0, ""Pseudomonas"": 9.174822920932686e-07, ""Staphylococcus"": 1.215669323163308e-06, ""Stenotrophomonas"": 0.0, ""Streptococcus"": 0.0003129352680732747}"
UniRef90_Q3K2D0	22.15956719817769	0.6742651046751281	8.428823718737627e-05	Streptococcus	0.004628689384325273	0.009577006935854592	"{""Acinetobacter"": 0.0, ""Candida"": 0.0, ""Enterobacterales"": 0.0, ""Haemophilus"": 0.0, ""Mycobacteria"": 0.0, ""Pseudomonas"": 8.399806821360682e-07, ""Staphylococcus"": 8.432312785298122e-07, ""Stenotrophomonas"": 0.0, ""Streptococcus"": 8.428823718737627e-05}"
UniRef90_Q3K2Y7	22.15956719817769	0.6742651046751281	0.00020254587348556518	Streptococcus	0.004628689384325273	0.009577006935854592	"{""Acinetobacter"": 0.0, ""Candida"": 0.0, ""Enterobacterales"": 0.0, ""Haemophilus"": 0.0, ""Mycobacteria"": 0.0, ""Pseudomonas"": 7.863663261438448e-07, ""Staphylococcus"": 9.75714386222878e-07, ""Stenotrophomonas"": 0.0, ""Streptococcus"": 0.00020254587348556518}"
UniRef90_Q3K3Q0	22.15956719817769	0.6742651046751281	0.00011834513088920402	Streptococcus	0.004628689384325273	0.009577006935854592	"{""Acinetobacter"": 0.0, ""Candida"": 0.0, ""Enterobacterales"": 0.0, ""Haemophilus"": 0.0, ""Mycobacteria"": 0.0, ""Pseudomonas"": 8.969793714349972e-07, ""Staphylococcus"": 1.4744219428338357e-06, ""Stenotrophomonas"": 0.0, ""Streptococcus"": 0.00011834513088920402}"
UniRef90_Q5LXM5	22.15956719817769	0.6742651046751281	0.00027423989771384934	Streptococcus	0.004628689384325273	0.009577006935854592	"{""Acinetobacter"": 0.0, ""Candida"": 0.0, ""Enterobacterales"": 0.0, ""Haemophilus"": 0.0, ""Mycobacteria"": 0.0, ""Pseudomonas"": 2.486675484830628e-06, ""Staphylococcus"": 1.615569832542639e-06, ""Stenotrophomonas"": 0.0, ""Streptococcus"": 0.00027423989771384934}"
UniRef90_Q5LXZ6	22.15956719817769	0.6742651046751281	0.00013879910567746585	Streptococcus	0.004628689384325273	0.009577006935854592	"{""Acinetobacter"": 0.0, ""Candida"": 0.0, ""Enterobacterales"": 0.0, ""Haemophilus"": 0.0, ""Mycobacteria"": 0.0, ""Pseudomonas"": 1.044843365515064e-06, ""Staphylococcus"": 1.2924661128011191e-06, ""Stenotrophomonas"": 0.0, ""Streptococcus"": 0.00013879910567746585}"
UniRef90_Q8CZ42	22.15956719817769	0.6742651046751281	0.00011207006785998516	Streptococcus	0.004628689384325273	0.009577006935854592	"{""Acinetobacter"": 0.0, ""Candida"": 0.0, ""Enterobacterales"": 0.0, ""Haemophilus"": 0.0, ""Mycobacteria"": 0.0, ""Pseudomonas"": 9.171596321687631e-07, ""Staphylococcus"": 1.254929917164032e-05, ""Stenotrophomonas"": 0.0, ""Streptococcus"": 0.00011207006785998516}"
UniRef90_Q8CZ89	22.15956719817769	0.6742651046751281	0.0002307050092794674	Streptococcus	0.004628689384325273	0.009577006935854592	"{""Acinetobacter"": 0.0, ""Candida"": 0.0, ""Enterobacterales"": 0.0, ""Haemophilus"": 0.0, ""Mycobacteria"": 0.0, ""Pseudomonas"": 1.7281253944041055e-06, ""Staphylococcus"": 1.7749391028781605e-05, ""Stenotrophomonas"": 0.0, ""Streptococcus"": 0.0002307050092794674}"
UniRef90_Q8DQI3	22.15956719817769	0.6742651046751281	9.314684317935867e-05	Streptococcus	0.004628689384325273	0.009577006935854592	"{""Acinetobacter"": 0.0, ""Candida"": 0.0, ""Enterobacterales"": 0.0, ""Haemophilus"": 0.0, ""Mycobacteria"": 0.0, ""Pseudomonas"": 5.043257509286179e-07, ""Staphylococcus"": 7.393942861065001e-07, ""Stenotrophomonas"": 0.0, ""Streptococcus"": 9.314684317935867e-05}"
UniRef90_Q8DQY2	22.15956719817769	0.6742651046751281	9.748642733935656e-05	Streptococcus	0.004628689384325273	0.009577006935854592	"{""Acinetobacter"": 0.0, ""Candida"": 0.0, ""Enterobacterales"": 0.0, ""Haemophilus"": 0.0, ""Mycobacteria"": 0.0, ""Pseudomonas"": 8.103477361530322e-07, ""Staphylococcus"": 1.0518668235488982e-05, ""Stenotrophomonas"": 0.0, ""Streptococcus"": 9.748642733935656e-05}"
UniRef90_Q8DRA8	22.15956719817769	0.6742651046751281	0.00011318034441985594	Streptococcus	0.004628689384325273	0.009577006935854592	"{""Acinetobacter"": 0.0, ""Candida"": 0.0, ""Enterobacterales"": 0.0, ""Haemophilus"": 0.0, ""Mycobacteria"": 0.0, ""Pseudomonas"": 9.036265807028698e-07, ""Staphylococcus"": 1.0433806264365054e-06, ""Stenotrophomonas"": 0.0, ""Streptococcus"": 0.00011318034441985594}"
UniRef90_Q8DRE1	22.15956719817769	0.6742651046751281	0.00012593365316840074	Streptococcus	0.004628689384325273	0.009577006935854592	"{""Acinetobacter"": 0.0, ""Candida"": 0.0, ""Enterobacterales"": 0.0, ""Haemophilus"": 0.0, ""Mycobacteria"": 0.0, ""Pseudomonas"": 4.3603163900247385e-07, ""Staphylococcus"": 8.408876672552406e-07, ""Stenotrophomonas"": 0.0, ""Streptococcus"": 0.00012593365316840074}"
UniRef90_Q8DRH7	22.15956719817769	0.6742651046751281	0.00023546334445968033	Streptococcus	0.004628689384325273	0.009577006935854592	"{""Acinetobacter"": 0.0, ""Candida"": 0.0, ""Enterobacterales"": 0.0, ""Haemophilus"": 0.0, ""Mycobacteria"": 0.0, ""Pseudomonas"": 1.5598706840711034e-06, ""Staphylococcus"": 8.167485198235183e-07, ""Stenotrophomonas"": 0.0, ""Streptococcus"": 0.00023546334445968033}"
UniRef90_Q8DS23	22.15956719817769	0.6742651046751281	0.00011709035194157483	Streptococcus	0.004628689384325273	0.009577006935854592	"{""Acinetobacter"": 0.0, ""Candida"": 0.0, ""Enterobacterales"": 0.0, ""Haemophilus"": 0.0, ""Mycobacteria"": 0.0, ""Pseudomonas"": 9.156664416121818e-07, ""Staphylococcus"": 1.6852657214184834e-06, ""Stenotrophomonas"": 0.0, ""Streptococcus"": 0.00011709035194157483}"
UniRef90_Q8DS37	22.15956719817769	0.6742651046751281	0.00020837554334453777	Streptococcus	0.004628689384325273	0.009577006935854592	"{""Acinetobacter"": 0.0, ""Candida"": 0.0, ""Enterobacterales"": 0.0, ""Haemophilus"": 0.0, ""Mycobacteria"": 0.0, ""Pseudomonas"": 1.2335074712778192e-06, ""Staphylococcus"": 2.518523058158008e-05, ""Stenotrophomonas"": 0.0, ""Streptococcus"": 0.00020837554334453777}"
UniRef90_Q97R63	22.15956719817769	0.6742651046751281	7.424693537950059e-05	Streptococcus	0.004628689384325273	0.009577006935854592	"{""Acinetobacter"": 0.0, ""Candida"": 0.0, ""Enterobacterales"": 0.0, ""Haemophilus"": 0.0, ""Mycobacteria"": 0.0, ""Pseudomonas"": 5.593635276711804e-07, ""Staphylococcus"": 8.021831124080322e-07, ""Stenotrophomonas"": 0.0, ""Streptococcus"": 7.424693537950059e-05}"
UniRef90_Q97SE7	22.15956719817769	0.6742651046751281	0.00011702961243357257	Streptococcus	0.004628689384325273	0.009577006935854592	"{""Acinetobacter"": 0.0, ""Candida"": 0.0, ""Enterobacterales"": 0.0, ""Haemophilus"": 0.0, ""Mycobacteria"": 0.0, ""Pseudomonas"": 8.101757482519895e-07, ""Staphylococcus"": 1.1873983582814388e-06, ""Stenotrophomonas"": 0.0, ""Streptococcus"": 0.00011702961243357257}"
UniRef90_Q97TA2	22.15956719817769	0.6742651046751281	0.00018073766507063177	Streptococcus	0.004628689384325273	0.009577006935854592	"{""Acinetobacter"": 0.0, ""Candida"": 0.0, ""Enterobacterales"": 0.0, ""Haemophilus"": 0.0, ""Mycobacteria"": 0.0, ""Pseudomonas"": 8.158954650630233e-07, ""Staphylococcus"": 7.384685649584989e-07, ""Stenotrophomonas"": 0.0, ""Streptococcus"": 0.00018073766507063177}"
UniRef90_Q9F0R4	22.15956719817769	0.6742651046751281	0.00018214513366529092	Streptococcus	0.004628689384325273	0.009577006935854592	"{""Acinetobacter"": 0.0, ""Candida"": 0.0, ""Enterobacterales"": 0.0, ""Haemophilus"": 0.0, ""Mycobacteria"": 0.0, ""Pseudomonas"": 1.0497789947452504e-06, ""Staphylococcus"": 2.772992202307325e-06, ""Stenotrophomonas"": 0.0, ""Streptococcus"": 0.00018214513366529092}"
UniRef90_R0LED1	22.15956719817769	0.6742651046751281	5.035214727043021e-05	Streptococcus	0.004628689384325273	0.009577006935854592	"{""Acinetobacter"": 0.0, ""Candida"": 0.0, ""Enterobacterales"": 0.0, ""Haemophilus"": 0.0, ""Mycobacteria"": 0.0, ""Pseudomonas"": 4.3614249973271203e-07, ""Staphylococcus"": 5.182449173216693e-07, ""Stenotrophomonas"": 0.0, ""Streptococcus"": 5.035214727043021e-05}"
UniRef90_S7XN52	22.15956719817769	0.6742651046751281	0.00017376048752774107	Streptococcus	0.004628689384325273	0.009577006935854592	"{""Acinetobacter"": 0.0, ""Candida"": 0.0, ""Enterobacterales"": 0.0, ""Haemophilus"": 0.0, ""Mycobacteria"": 0.0, ""Pseudomonas"": 8.779804911957833e-07, ""Staphylococcus"": 1.009851077202501e-06, ""Stenotrophomonas"": 0.0, ""Streptococcus"": 0.00017376048752774107}"
UniRef90_S9R462	22.15956719817769	0.6742651046751281	0.00011802372102788864	Streptococcus	0.004628689384325273	0.009577006935854592	"{""Acinetobacter"": 0.0, ""Candida"": 0.0, ""Enterobacterales"": 0.0, ""Haemophilus"": 0.0, ""Mycobacteria"": 0.0, ""Pseudomonas"": 1.2018325355504203e-06, ""Staphylococcus"": 1.3948674254367379e-06, ""Stenotrophomonas"": 0.0, ""Streptococcus"": 0.00011802372102788864}"
UniRef90_U2XDC7	22.15956719817769	0.6742651046751281	0.00018947412436440587	Streptococcus	0.004628689384325273	0.009577006935854592	"{""Acinetobacter"": 0.0, ""Candida"": 0.0, ""Enterobacterales"": 0.0, ""Haemophilus"": 0.0, ""Mycobacteria"": 0.0, ""Pseudomonas"": 6.57471790422833e-07, ""Staphylococcus"": 9.428801504915569e-07, ""Stenotrophomonas"": 0.0, ""Streptococcus"": 0.00018947412436440587}"
UniRef90_U2ZPB1	22.15956719817769	0.6742651046751281	0.0002630724310999008	Streptococcus	0.004628689384325273	0.009577006935854592	"{""Acinetobacter"": 0.0, ""Candida"": 0.0, ""Enterobacterales"": 0.0, ""Haemophilus"": 0.0, ""Mycobacteria"": 0.0, ""Pseudomonas"": 4.074773545339488e-06, ""Staphylococcus"": 3.6136304609700534e-06, ""Stenotrophomonas"": 0.0, ""Streptococcus"": 0.0002630724310999008}"
UniRef90_UPI00067B10C1	22.15956719817769	0.6742651046751281	4.0843094849200964e-06	Streptococcus	0.004628689384325273	0.009577006935854592	"{""Acinetobacter"": 2.296158706282902e-07, ""Candida"": 0.0, ""Enterobacterales"": 0.0, ""Haemophilus"": 0.0, ""Mycobacteria"": 0.0, ""Pseudomonas"": 4.3218850846133256e-08, ""Staphylococcus"": 0.0, ""Stenotrophomonas"": 0.0, ""Streptococcus"": 4.0843094849200964e-06}"
UniRef90_UPI000777DD26	22.15956719817769	0.6742651046751281	1.491260202522162e-05	Streptococcus	0.004628689384325273	0.009577006935854592	"{""Acinetobacter"": 0.0, ""Candida"": 0.0, ""Enterobacterales"": 0.0, ""Haemophilus"": 0.0, ""Mycobacteria"": 0.0, ""Pseudomonas"": 5.2839857102916706e-08, ""Staphylococcus"": 1.1982763089053866e-06, ""Stenotrophomonas"": 0.0, ""Streptococcus"": 1.491260202522162e-05}"
UniRef90_UPI00099DBDEE	22.15956719817769	0.6742651046751281	1.3703587568163538e-05	Streptococcus	0.004628689384325273	0.009577006935854592	"{""Acinetobacter"": 0.0, ""Candida"": 0.0, ""Enterobacterales"": 0.0, ""Haemophilus"": 0.0, ""Mycobacteria"": 0.0, ""Pseudomonas"": 9.192078019813978e-08, ""Staphylococcus"": 7.795359697464167e-07, ""Stenotrophomonas"": 0.0, ""Streptococcus"": 1.3703587568163538e-05}"
UniRef90_UPI000BA6FC2F	22.15956719817769	0.6742651046751281	1.0915343894468328e-05	Acinetobacter	0.004628689384325273	0.009577006935854592	"{""Acinetobacter"": 1.0915343894468328e-05, ""Candida"": 0.0, ""Enterobacterales"": 6.674754925753807e-08, ""Haemophilus"": 0.0, ""Mycobacteria"": 0.0, ""Pseudomonas"": 1.7630712116335606e-07, ""Staphylococcus"": 0.0, ""Stenotrophomonas"": 0.0, ""Streptococcus"": 0.0}"
UniRef90_UPI000EB5DFAA	22.15956719817769	0.6742651046751281	1.3768890330573426e-05	Pseudomonas	0.004628689384325273	0.009577006935854592	"{""Acinetobacter"": 0.0, ""Candida"": 0.0, ""Enterobacterales"": 1.1940893570224112e-07, ""Haemophilus"": 0.0, ""Mycobacteria"": 0.0, ""Pseudomonas"": 1.3768890330573426e-05, ""Staphylococcus"": 1.323084437168478e-06, ""Stenotrophomonas"": 0.0, ""Streptococcus"": 0.0}"
UniRef90_V8IDZ6	22.15956719817769	0.6742651046751281	9.601155441219108e-05	Streptococcus	0.004628689384325273	0.009577006935854592	"{""Acinetobacter"": 0.0, ""Candida"": 0.0, ""Enterobacterales"": 0.0, ""Haemophilus"": 0.0, ""Mycobacteria"": 0.0, ""Pseudomonas"": 7.635172436977228e-07, ""Staphylococcus"": 8.131136693126179e-07, ""Stenotrophomonas"": 0.0, ""Streptococcus"": 9.601155441219108e-05}"
UniRef90_W1YFI3	22.15956719817769	0.6742651046751281	0.0003883407932362878	Streptococcus	0.004628689384325273	0.009577006935854592	"{""Acinetobacter"": 0.0, ""Candida"": 0.0, ""Enterobacterales"": 0.0, ""Haemophilus"": 0.0, ""Mycobacteria"": 0.0, ""Pseudomonas"": 2.369379471351782e-06, ""Staphylococcus"": 3.6173935914663196e-06, ""Stenotrophomonas"": 0.0, ""Streptococcus"": 0.0003883407932362878}"
UniRef90_W1U109	22.076311336717428	0.670300539843687	0.0004955468181444136	Streptococcus	0.004776444989463309	0.00958329114568489	"{""Acinetobacter"": 0.0, ""Candida"": 0.0, ""Enterobacterales"": 4.327101288850782e-06, ""Haemophilus"": 0.0, ""Mycobacteria"": 0.0, ""Pseudomonas"": 6.444359280446442e-06, ""Staphylococcus"": 0.00012001037998982925, ""Stenotrophomonas"": 0.0, ""Streptococcus"": 0.0004955468181444136}"
UniRef90_A0A0D0ZIG5	22.05807365439093	0.6694320787805206	0.00041088352246116907	Streptococcus	0.004809414345053233	0.00958329114568489	"{""Acinetobacter"": 0.0, ""Candida"": 0.0, ""Enterobacterales"": 0.0, ""Haemophilus"": 0.0, ""Mycobacteria"": 0.0, ""Pseudomonas"": 3.2940137152639143e-06, ""Staphylococcus"": 5.9907721166079884e-05, ""Stenotrophomonas"": 0.0, ""Streptococcus"": 0.00041088352246116907}"
UniRef90_A0A0E1X896	22.05807365439093	0.6694320787805206	0.00041798373205150836	Staphylococcus	0.004809414345053233	0.00958329114568489	"{""Acinetobacter"": 0.0, ""Candida"": 0.0, ""Enterobacterales"": 0.0, ""Haemophilus"": 0.0, ""Mycobacteria"": 0.0, ""Pseudomonas"": 2.7599365271381075e-06, ""Staphylococcus"": 0.00041798373205150836, ""Stenotrophomonas"": 0.0, ""Streptococcus"": 4.980444717341575e-05}"
UniRef90_A0A0T9GW70	22.05807365439093	0.6694320787805206	0.0007008039095446927	Streptococcus	0.004809414345053233	0.00958329114568489	"{""Acinetobacter"": 0.0, ""Candida"": 0.0, ""Enterobacterales"": 0.0, ""Haemophilus"": 0.0, ""Mycobacteria"": 0.0, ""Pseudomonas"": 2.358362429322203e-06, ""Staphylococcus"": 5.384203530537802e-05, ""Stenotrophomonas"": 0.0, ""Streptococcus"": 0.0007008039095446927}"
UniRef90_A0A387KTW9	22.05807365439093	0.6694320787805206	0.00017180423487826192	Streptococcus	0.004809414345053233	0.00958329114568489	"{""Acinetobacter"": 0.0, ""Candida"": 0.0, ""Enterobacterales"": 0.0, ""Haemophilus"": 0.0, ""Mycobacteria"": 0.0, ""Pseudomonas"": 7.812400976474375e-07, ""Staphylococcus"": 1.4724830328033255e-05, ""Stenotrophomonas"": 0.0, ""Streptococcus"": 0.00017180423487826192}"
UniRef90_A3CR42	22.05807365439093	0.6694320787805206	0.00016405101800068018	Streptococcus	0.004809414345053233	0.00958329114568489	"{""Acinetobacter"": 0.0, ""Candida"": 0.0, ""Enterobacterales"": 0.0, ""Haemophilus"": 0.0, ""Mycobacteria"": 0.0, ""Pseudomonas"": 8.844200654064221e-07, ""Staphylococcus"": 1.4085686179547037e-05, ""Stenotrophomonas"": 0.0, ""Streptococcus"": 0.00016405101800068018}"
UniRef90_A5MC69	22.05807365439093	0.6694320787805206	0.00039405518994597863	Streptococcus	0.004809414345053233	0.00958329114568489	"{""Acinetobacter"": 0.0, ""Candida"": 0.0, ""Enterobacterales"": 0.0, ""Haemophilus"": 0.0, ""Mycobacteria"": 0.0, ""Pseudomonas"": 1.5763371653865266e-06, ""Staphylococcus"": 4.722759513269584e-05, ""Stenotrophomonas"": 0.0, ""Streptococcus"": 0.00039405518994597863}"
UniRef90_A5MC70	22.05807365439093	0.6694320787805206	0.00043666428536952946	Streptococcus	0.004809414345053233	0.00958329114568489	"{""Acinetobacter"": 0.0, ""Candida"": 0.0, ""Enterobacterales"": 0.0, ""Haemophilus"": 0.0, ""Mycobacteria"": 0.0, ""Pseudomonas"": 3.219925948397557e-06, ""Staphylococcus"": 4.3344581875669444e-05, ""Stenotrophomonas"": 0.0, ""Streptococcus"": 0.00043666428536952946}"
UniRef90_A8AZM2	22.05807365439093	0.6694320787805206	0.00021589815803344336	Streptococcus	0.004809414345053233	0.00958329114568489	"{""Acinetobacter"": 0.0, ""Candida"": 0.0, ""Enterobacterales"": 0.0, ""Haemophilus"": 0.0, ""Mycobacteria"": 0.0, ""Pseudomonas"": 1.384093234985152e-06, ""Staphylococcus"": 1.5396982488451747e-05, ""Stenotrophomonas"": 0.0, ""Streptococcus"": 0.00021589815803344336}"
UniRef90_E1LQM0	22.05807365439093	0.6694320787805206	0.00047195175114317627	Streptococcus	0.004809414345053233	0.00958329114568489	"{""Acinetobacter"": 0.0, ""Candida"": 0.0, ""Enterobacterales"": 0.0, ""Haemophilus"": 0.0, ""Mycobacteria"": 0.0, ""Pseudomonas"": 2.9478195302879678e-06, ""Staphylococcus"": 5.121059629911027e-05, ""Stenotrophomonas"": 0.0, ""Streptococcus"": 0.00047195175114317627}"
UniRef90_P59186	22.05807365439093	0.6694320787805206	0.00021531587321509002	Streptococcus	0.004809414345053233	0.00958329114568489	"{""Acinetobacter"": 0.0, ""Candida"": 0.0, ""Enterobacterales"": 0.0, ""Haemophilus"": 0.0, ""Mycobacteria"": 0.0, ""Pseudomonas"": 1.3837698291326012e-06, ""Staphylococcus"": 2.4453148101397036e-05, ""Stenotrophomonas"": 0.0, ""Streptococcus"": 0.00021531587321509002}"
UniRef90_P67331	22.05807365439093	0.6694320787805206	0.00014451500502317137	Streptococcus	0.004809414345053233	0.00958329114568489	"{""Acinetobacter"": 0.0, ""Candida"": 0.0, ""Enterobacterales"": 0.0, ""Haemophilus"": 0.0, ""Mycobacteria"": 0.0, ""Pseudomonas"": 9.832012331126868e-07, ""Staphylococcus"": 1.569874066866173e-05, ""Stenotrophomonas"": 0.0, ""Streptococcus"": 0.00014451500502317137}"
UniRef90_Q04N48	22.05807365439093	0.6694320787805206	9.410425169611658e-05	Streptococcus	0.004809414345053233	0.00958329114568489	"{""Acinetobacter"": 0.0, ""Candida"": 0.0, ""Enterobacterales"": 0.0, ""Haemophilus"": 0.0, ""Mycobacteria"": 0.0, ""Pseudomonas"": 9.32850925553266e-07, ""Staphylococcus"": 4.2803307694972825e-06, ""Stenotrophomonas"": 0.0, ""Streptococcus"": 9.410425169611658e-05}"
UniRef90_Q8DS22	22.05807365439093	0.6694320787805206	0.00019215726515148943	Streptococcus	0.004809414345053233	0.00958329114568489	"{""Acinetobacter"": 0.0, ""Candida"": 0.0, ""Enterobacterales"": 0.0, ""Haemophilus"": 0.0, ""Mycobacteria"": 0.0, ""Pseudomonas"": 1.3821380248854412e-06, ""Staphylococcus"": 1.9772418705965376e-05, ""Stenotrophomonas"": 0.0, ""Streptococcus"": 0.00019215726515148943}"
UniRef90_Q97RU8	22.05807365439093	0.6694320787805206	0.00010017702427525677	Streptococcus	0.004809414345053233	0.00958329114568489	"{""Acinetobacter"": 0.0, ""Candida"": 0.0, ""Enterobacterales"": 0.0, ""Haemophilus"": 0.0, ""Mycobacteria"": 0.0, ""Pseudomonas"": 7.911172402326882e-07, ""Staphylococcus"": 9.327784139956657e-06, ""Stenotrophomonas"": 0.0, ""Streptococcus"": 0.00010017702427525677}"
UniRef90_A0A2W5SJY6	21.99354838709678	0.6663594470046086	0.001291663878880919	Haemophilus	0.004927832889263287	0.009787339814675408	"{""Acinetobacter"": 0.000892346497419329, ""Candida"": 0.00043065243615902487, ""Enterobacterales"": 0.00010059326445814843, ""Haemophilus"": 0.0013922571433390674, ""Mycobacteria"": 0.0012857349019338047, ""Pseudomonas"": 0.0004305165100475475, ""Staphylococcus"": 0.0004793830926946582, ""Stenotrophomonas"": 0.00020965385110137952, ""Streptococcus"": 0.000581542781537566}"
UniRef90_F4NR79	21.98914645205169	0.6661498310500804	0.00039803343879014376	Haemophilus	0.004936013157462999	0.009787339814675408	"{""Acinetobacter"": 0.0003230887889366741, ""Candida"": 0.0, ""Enterobacterales"": 0.00036287974477457413, ""Haemophilus"": 0.00039803343879014376, ""Mycobacteria"": 0.0, ""Pseudomonas"": 0.00032670044889272846, ""Staphylococcus"": 2.332791890439586e-05, ""Stenotrophomonas"": 0.00014894625953038767, ""Streptococcus"": 0.00010255879616824745}"
UniRef90_A0A0T7IH18	21.893767705382427	0.6616079859705918	7.885094267356183e-05	Streptococcus	0.005116510413075315	0.009831964190446388	"{""Acinetobacter"": 0.0, ""Candida"": 0.0, ""Enterobacterales"": 0.0, ""Haemophilus"": 0.0, ""Mycobacteria"": 0.0, ""Pseudomonas"": 6.310407635964415e-07, ""Staphylococcus"": 5.020454194403102e-06, ""Stenotrophomonas"": 0.0, ""Streptococcus"": 7.885094267356183e-05}"
UniRef90_A3CPH6	21.893767705382427	0.6616079859705918	0.00013238357738384966	Streptococcus	0.005116510413075315	0.009831964190446388	"{""Acinetobacter"": 0.0, ""Candida"": 0.0, ""Enterobacterales"": 0.0, ""Haemophilus"": 0.0, ""Mycobacteria"": 0.0, ""Pseudomonas"": 9.854009108737594e-07, ""Staphylococcus"": 1.3852431020032607e-05, ""Stenotrophomonas"": 0.0, ""Streptococcus"": 0.00013238357738384966}"
UniRef90_B1IA36	21.893767705382427	0.6616079859705918	0.00012790564468781354	Streptococcus	0.005116510413075315	0.009831964190446388	"{""Acinetobacter"": 0.0, ""Candida"": 0.0, ""Enterobacterales"": 0.0, ""Haemophilus"": 0.0, ""Mycobacteria"": 0.0, ""Pseudomonas"": 9.817708332050534e-07, ""Staphylococcus"": 1.1482669177466848e-05, ""Stenotrophomonas"": 0.0, ""Streptococcus"": 0.00012790564468781354}"
UniRef90_B5E3W1	21.893767705382427	0.6616079859705918	0.00015548011196178115	Streptococcus	0.005116510413075315	0.009831964190446388	"{""Acinetobacter"": 0.0, ""Candida"": 0.0, ""Enterobacterales"": 0.0, ""Haemophilus"": 0.0, ""Mycobacteria"": 0.0, ""Pseudomonas"": 1.7978408307799988e-06, ""Staphylococcus"": 1.712113150692284e-05, ""Stenotrophomonas"": 0.0, ""Streptococcus"": 0.00015548011196178115}"
UniRef90_K9AX20	21.893767705382427	0.6616079859705918	8.910647700087092e-06	Acinetobacter	0.005116510413075315	0.009831964190446388	"{""Acinetobacter"": 8.910647700087092e-06, ""Candida"": 0.0, ""Enterobacterales"": 1.4195465611211712e-07, ""Haemophilus"": 0.0, ""Mycobacteria"": 0.0, ""Pseudomonas"": 8.422068834575552e-08, ""Staphylococcus"": 0.0, ""Stenotrophomonas"": 0.0, ""Streptococcus"": 0.0}"
UniRef90_Q04MV1	21.893767705382427	0.6616079859705918	0.00015384818852899677	Streptococcus	0.005116510413075315	0.009831964190446388	"{""Acinetobacter"": 0.0, ""Candida"": 0.0, ""Enterobacterales"": 0.0, ""Haemophilus"": 0.0, ""Mycobacteria"": 0.0, ""Pseudomonas"": 1.286510497796525e-06, ""Staphylococcus"": 6.47094131098362e-06, ""Stenotrophomonas"": 0.0, ""Streptococcus"": 0.00015384818852899677}"
UniRef90_Q04N59	21.893767705382427	0.6616079859705918	0.0002096827046773746	Streptococcus	0.005116510413075315	0.009831964190446388	"{""Acinetobacter"": 0.0, ""Candida"": 0.0, ""Enterobacterales"": 0.0, ""Haemophilus"": 0.0, ""Mycobacteria"": 0.0, ""Pseudomonas"": 1.1248109838698968e-06, ""Staphylococcus"": 1.709762696125429e-05, ""Stenotrophomonas"": 0.0, ""Streptococcus"": 0.0002096827046773746}"
UniRef90_Q3K3U5	21.893767705382427	0.6616079859705918	0.00021814382487664785	Streptococcus	0.005116510413075315	0.009831964190446388	"{""Acinetobacter"": 0.0, ""Candida"": 0.0, ""Enterobacterales"": 0.0, ""Haemophilus"": 0.0, ""Mycobacteria"": 0.0, ""Pseudomonas"": 1.9963232634132416e-06, ""Staphylococcus"": 2.1758278310158855e-05, ""Stenotrophomonas"": 0.0, ""Streptococcus"": 0.00021814382487664785}"
UniRef90_Q9A1X4	21.893767705382427	0.6616079859705918	0.00013829791497512763	Streptococcus	0.005116510413075315	0.009831964190446388	"{""Acinetobacter"": 0.0, ""Candida"": 0.0, ""Enterobacterales"": 0.0, ""Haemophilus"": 0.0, ""Mycobacteria"": 0.0, ""Pseudomonas"": 1.4484095960317373e-06, ""Staphylococcus"": 1.3171601093189532e-05, ""Stenotrophomonas"": 0.0, ""Streptococcus"": 0.00013829791497512763}"
UniRef90_R0NS96	21.893767705382427	0.6616079859705918	8.45225160189113e-05	Streptococcus	0.005116510413075315	0.009831964190446388	"{""Acinetobacter"": 0.0, ""Candida"": 0.0, ""Enterobacterales"": 0.0, ""Haemophilus"": 0.0, ""Mycobacteria"": 0.0, ""Pseudomonas"": 8.905307673928253e-07, ""Staphylococcus"": 1.3406495052051363e-05, ""Stenotrophomonas"": 0.0, ""Streptococcus"": 8.45225160189113e-05}"
UniRef90_S7XE54	21.893767705382427	0.6616079859705918	2.9292080931626425e-06	Streptococcus	0.005116510413075315	0.009831964190446388	"{""Acinetobacter"": 1.32278708123628e-07, ""Candida"": 0.0, ""Enterobacterales"": 0.0, ""Haemophilus"": 0.0, ""Mycobacteria"": 0.0, ""Pseudomonas"": 0.0, ""Staphylococcus"": 3.144846444545347e-07, ""Stenotrophomonas"": 0.0, ""Streptococcus"": 2.9292080931626425e-06}"
UniRef90_V5XTJ0	21.893767705382427	0.6616079859705918	0.0005570205230821287	Streptococcus	0.005116510413075315	0.009831964190446388	"{""Acinetobacter"": 0.0, ""Candida"": 0.0, ""Enterobacterales"": 0.0, ""Haemophilus"": 0.0, ""Mycobacteria"": 0.0, ""Pseudomonas"": 4.074773545339488e-06, ""Staphylococcus"": 4.45220991822497e-05, ""Stenotrophomonas"": 0.0, ""Streptococcus"": 0.0005570205230821287}"
UniRef90_W1VJK5	21.893767705382427	0.6616079859705918	0.00027364141709250656	Streptococcus	0.005116510413075315	0.009831964190446388	"{""Acinetobacter"": 0.0, ""Candida"": 0.0, ""Enterobacterales"": 0.0, ""Haemophilus"": 0.0, ""Mycobacteria"": 0.0, ""Pseudomonas"": 2.8199963427216185e-06, ""Staphylococcus"": 2.1127543361536276e-05, ""Stenotrophomonas"": 0.0, ""Streptococcus"": 0.00027364141709250656}"
UniRef90_A0A2W5N2T4	21.87422118380063	0.6606771992286014	0.0004966885977670591	Haemophilus	0.005154278926435397	0.009881070264185395	"{""Acinetobacter"": 0.0002839096548142776, ""Candida"": 0.0001800668242383813, ""Enterobacterales"": 2.5372432945195045e-05, ""Haemophilus"": 0.0005220610307122541, ""Mycobacteria"": 0.0005026745084885964, ""Pseudomonas"": 0.0001758784926223018, ""Staphylococcus"": 0.0001637041879158012, ""Stenotrophomonas"": 9.499900937192853e-05, ""Streptococcus"": 0.0001873398262309588}"
UniRef90_A0A0M2KDX5	21.85239179954442	0.6596377047402106	8.392091080572088e-07	Enterobacterales	0.005196776308726748	0.009892216550023387	"{""Acinetobacter"": 6.330315420848868e-07, ""Candida"": 0.0, ""Enterobacterales"": 8.392091080572088e-07, ""Haemophilus"": 0.0, ""Mycobacteria"": 0.0, ""Pseudomonas"": 0.0, ""Staphylococcus"": 0.0, ""Stenotrophomonas"": 0.0, ""Streptococcus"": 0.0}"
UniRef90_A0A2S1PQK9	21.85239179954442	0.6596377047402106	8.437746612360325e-07	Enterobacterales	0.005196776308726748	0.009892216550023387	"{""Acinetobacter"": 4.6879885250776886e-07, ""Candida"": 0.0, ""Enterobacterales"": 8.437746612360325e-07, ""Haemophilus"": 0.0, ""Mycobacteria"": 0.0, ""Pseudomonas"": 0.0, ""Staphylococcus"": 0.0, ""Stenotrophomonas"": 0.0, ""Streptococcus"": 0.0}"
UniRef90_W1HCZ0	21.85239179954442	0.6596377047402106	7.444890743866289e-07	Enterobacterales	0.005196776308726748	0.009892216550023387	"{""Acinetobacter"": 4.273816743600871e-07, ""Candida"": 0.0, ""Enterobacterales"": 7.444890743866289e-07, ""Haemophilus"": 0.0, ""Mycobacteria"": 0.0, ""Pseudomonas"": 0.0, ""Staphylococcus"": 0.0, ""Stenotrophomonas"": 0.0, ""Streptococcus"": 0.0}"
UniRef90_A0A139Q759	21.75293403480371	0.6549016207049386	3.717449233945694e-05	Streptococcus	0.005394714849186691	0.010244892753502426	"{""Acinetobacter"": 2.0846144557218465e-06, ""Candida"": 0.0, ""Enterobacterales"": 0.0, ""Haemophilus"": 0.0, ""Mycobacteria"": 0.0, ""Pseudomonas"": 0.0, ""Staphylococcus"": 4.98071117527774e-07, ""Stenotrophomonas"": 0.0, ""Streptococcus"": 3.717449233945694e-05}"
UniRef90_A0A0P6C3J2	21.672834158415846	0.6510873408769451	0.0002629459345303444	Haemophilus	0.00555939252991322	0.01053290060117048	"{""Acinetobacter"": 0.00010519681676353037, ""Candida"": 5.484016737156519e-05, ""Enterobacterales"": 0.0, ""Haemophilus"": 0.0002629459345303444, ""Mycobacteria"": 9.962659827199478e-05, ""Pseudomonas"": 2.1218979386787628e-05, ""Staphylococcus"": 1.4839477424081646e-05, ""Stenotrophomonas"": 3.322027140040078e-05, ""Streptococcus"": 0.0}"
UniRef90_A0A133RX34	21.612100364224997	0.6481952554392856	0.00011408300103858871	Streptococcus	0.00568747382917097	0.010716935888031194	"{""Acinetobacter"": 0.0, ""Candida"": 0.0, ""Enterobacterales"": 0.0, ""Haemophilus"": 0.0, ""Mycobacteria"": 0.0, ""Pseudomonas"": 1.0416010452713589e-06, ""Staphylococcus"": 1.1416746241268927e-05, ""Stenotrophomonas"": 0.0, ""Streptococcus"": 0.00011408300103858871}"
UniRef90_P67530	21.612100364224997	0.6481952554392856	0.00013541669918435575	Streptococcus	0.00568747382917097	0.010716935888031194	"{""Acinetobacter"": 0.0, ""Candida"": 0.0, ""Enterobacterales"": 0.0, ""Haemophilus"": 0.0, ""Mycobacteria"": 0.0, ""Pseudomonas"": 6.247617510254251e-07, ""Staphylococcus"": 1.840068979899398e-05, ""Stenotrophomonas"": 0.0, ""Streptococcus"": 0.00013541669918435575}"
UniRef90_U2Z4S8	21.60797788309637	0.647998946814113	0.000920605952162285	Streptococcus	0.005696270002290993	0.010716935888031194	"{""Acinetobacter"": 0.0, ""Candida"": 0.0, ""Enterobacterales"": 3.734208849108128e-06, ""Haemophilus"": 0.0, ""Mycobacteria"": 0.0, ""Pseudomonas"": 6.249811262868589e-06, ""Staphylococcus"": 0.00020830730584730194, ""Stenotrophomonas"": 0.0, ""Streptococcus"": 0.000920605952162285}"
UniRef90_J7TNS4	21.565989847715727	0.6459995165578918	0.00028725102565689916	Streptococcus	0.005786610023497718	0.010861641552226575	"{""Acinetobacter"": 0.0, ""Candida"": 0.0, ""Enterobacterales"": 2.940497545614291e-06, ""Haemophilus"": 0.0, ""Mycobacteria"": 0.0, ""Pseudomonas"": 9.114707185861206e-06, ""Staphylococcus"": 0.0001444909694544313, ""Stenotrophomonas"": 0.0, ""Streptococcus"": 0.00028725102565689916}"
UniRef90_A0A150NT54	21.50558086560364	0.6431228983620781	8.648117107339308e-05	Streptococcus	0.0059190088754308475	0.010932598584985288	"{""Acinetobacter"": 0.0, ""Candida"": 0.0, ""Enterobacterales"": 0.0, ""Haemophilus"": 0.0, ""Mycobacteria"": 0.0, ""Pseudomonas"": 2.9590969501804076e-07, ""Staphylococcus"": 7.401484248965661e-06, ""Stenotrophomonas"": 0.0, ""Streptococcus"": 8.648117107339308e-05}"
UniRef90_A0A2J6GHW7	21.50558086560364	0.6431228983620781	6.33436867851638e-06	Streptococcus	0.0059190088754308475	0.010932598584985288	"{""Acinetobacter"": 0.0, ""Candida"": 0.0, ""Enterobacterales"": 0.0, ""Haemophilus"": 0.0, ""Mycobacteria"": 0.0, ""Pseudomonas"": 7.064067857460361e-08, ""Staphylococcus"": 1.337249115737393e-06, ""Stenotrophomonas"": 0.0, ""Streptococcus"": 6.33436867851638e-06}"
UniRef90_A8AXU4	21.50558086560364	0.6431228983620781	7.511898316705067e-05	Streptococcus	0.0059190088754308475	0.010932598584985288	"{""Acinetobacter"": 0.0, ""Candida"": 0.0, ""Enterobacterales"": 1.2710817432514504e-06, ""Haemophilus"": 0.0, ""Mycobacteria"": 0.0, ""Pseudomonas"": 0.0, ""Staphylococcus"": 1.0364376543377094e-05, ""Stenotrophomonas"": 0.0, ""Streptococcus"": 7.511898316705067e-05}"
UniRef90_G6J7L6	21.50558086560364	0.6431228983620781	2.3183393571429043e-05	Streptococcus	0.0059190088754308475	0.010932598584985288	"{""Acinetobacter"": 0.0, ""Candida"": 0.0, ""Enterobacterales"": 0.0, ""Haemophilus"": 0.0, ""Mycobacteria"": 0.0, ""Pseudomonas"": 4.088967482356015e-07, ""Staphylococcus"": 3.0362879884284683e-06, ""Stenotrophomonas"": 0.0, ""Streptococcus"": 2.3183393571429043e-05}"
UniRef90_G6JDM7	21.50558086560364	0.6431228983620781	5.960387042237538e-06	Streptococcus	0.0059190088754308475	0.010932598584985288	"{""Acinetobacter"": 0.0, ""Candida"": 0.0, ""Enterobacterales"": 0.0, ""Haemophilus"": 0.0, ""Mycobacteria"": 0.0, ""Pseudomonas"": 4.818497266879477e-08, ""Staphylococcus"": 1.1208758298514896e-06, ""Stenotrophomonas"": 0.0, ""Streptococcus"": 5.960387042237538e-06}"
UniRef90_Q1WS97	21.50558086560364	0.6431228983620781	0.000184363882367678	Streptococcus	0.0059190088754308475	0.010932598584985288	"{""Acinetobacter"": 0.0, ""Candida"": 0.0, ""Enterobacterales"": 0.0, ""Haemophilus"": 0.0, ""Mycobacteria"": 0.0, ""Pseudomonas"": 1.6055521166503554e-06, ""Staphylococcus"": 1.6846262102448792e-05, ""Stenotrophomonas"": 0.0, ""Streptococcus"": 0.000184363882367678}"
UniRef90_UPI0005E248EC	21.50558086560364	0.6431228983620781	8.2168110775964e-06	Streptococcus	0.0059190088754308475	0.010932598584985288	"{""Acinetobacter"": 0.0, ""Candida"": 0.0, ""Enterobacterales"": 0.0, ""Haemophilus"": 0.0, ""Mycobacteria"": 0.0, ""Pseudomonas"": 1.3392634751698314e-07, ""Staphylococcus"": 1.847556245381462e-06, ""Stenotrophomonas"": 0.0, ""Streptococcus"": 8.2168110775964e-06}"
UniRef90_A0A158T0E7	21.47608045664583	0.6417181169831346	0.0008583942494225659	Enterobacterales	0.00598472073680213	0.011028790606088664	"{""Acinetobacter"": 2.4042611918384634e-05, ""Candida"": 0.0, ""Enterobacterales"": 0.0008583942494225659, ""Haemophilus"": 0.0008334377474259562, ""Mycobacteria"": 0.0, ""Pseudomonas"": 3.2739945239198935e-06, ""Staphylococcus"": 2.670646714358333e-05, ""Stenotrophomonas"": 0.0, ""Streptococcus"": 0.00011555978189854872}"
UniRef90_A0A1T0C1D1	21.436058276001614	0.6398122988572197	0.000197126294003878	Streptococcus	0.006074993620371246	0.011094062841716337	"{""Acinetobacter"": 0.0, ""Candida"": 0.0, ""Enterobacterales"": 0.0, ""Haemophilus"": 0.0, ""Mycobacteria"": 0.0, ""Pseudomonas"": 9.51341757633311e-07, ""Staphylococcus"": 1.840662433147433e-05, ""Stenotrophomonas"": 0.0, ""Streptococcus"": 0.000197126294003878}"
UniRef90_A3CK83	21.436058276001614	0.6398122988572197	0.00012281953260774196	Streptococcus	0.006074993620371246	0.011094062841716337	"{""Acinetobacter"": 0.0, ""Candida"": 0.0, ""Enterobacterales"": 0.0, ""Haemophilus"": 0.0, ""Mycobacteria"": 0.0, ""Pseudomonas"": 9.61049326328202e-07, ""Staphylococcus"": 1.64745119101425e-05, ""Stenotrophomonas"": 0.0, ""Streptococcus"": 0.00012281953260774196}"
UniRef90_E6J0Q4	21.436058276001614	0.6398122988572197	0.00015058080175094998	Streptococcus	0.006074993620371246	0.011094062841716337	"{""Acinetobacter"": 0.0, ""Candida"": 0.0, ""Enterobacterales"": 0.0, ""Haemophilus"": 0.0, ""Mycobacteria"": 0.0, ""Pseudomonas"": 1.1195730223009133e-06, ""Staphylococcus"": 1.338050932190874e-05, ""Stenotrophomonas"": 0.0, ""Streptococcus"": 0.00015058080175094998}"
UniRef90_UPI00067B1447	21.436058276001614	0.6398122988572197	1.0600057436648225e-05	Streptococcus	0.006074993620371246	0.011094062841716337	"{""Acinetobacter"": 8.071700760490172e-07, ""Candida"": 0.0, ""Enterobacterales"": 0.0, ""Haemophilus"": 0.0, ""Mycobacteria"": 0.0, ""Pseudomonas"": 0.0, ""Staphylococcus"": 1.3367823081617018e-06, ""Stenotrophomonas"": 0.0, ""Streptococcus"": 1.0600057436648225e-05}"
UniRef90_A0A2Y0D1C0	21.224904701397712	0.6297573667332244	0.0006158293633743758	Haemophilus	0.00657338766050972	0.011902199942320366	"{""Acinetobacter"": 0.0, ""Candida"": 0.0, ""Enterobacterales"": 0.0004963397220811206, ""Haemophilus"": 0.0006158293633743758, ""Mycobacteria"": 8.188804960073004e-05, ""Pseudomonas"": 0.00019416060371012825, ""Staphylococcus"": 1.8009010875217151e-06, ""Stenotrophomonas"": 0.00030127766136665184, ""Streptococcus"": 5.181803141752667e-05}"
UniRef90_A7ZSJ6	21.218223234624144	0.6294392016487688	0.00013246719210640984	Haemophilus	0.006589783315657742	0.011902199942320366	"{""Acinetobacter"": 0.0, ""Candida"": 0.0, ""Enterobacterales"": 5.856250733585076e-05, ""Haemophilus"": 0.00013246719210640984, ""Mycobacteria"": 0.0, ""Pseudomonas"": 0.0, ""Staphylococcus"": 0.0, ""Stenotrophomonas"": 0.0, ""Streptococcus"": 0.0}"
UniRef90_Q3YX17	21.218223234624144	0.6294392016487688	0.00012348071054629685	Haemophilus	0.006589783315657742	0.011902199942320366	"{""Acinetobacter"": 0.0, ""Candida"": 0.0, ""Enterobacterales"": 6.40666311938771e-05, ""Haemophilus"": 0.00012348071054629685, ""Mycobacteria"": 0.0, ""Pseudomonas"": 0.0, ""Staphylococcus"": 0.0, ""Stenotrophomonas"": 0.0, ""Streptococcus"": 0.0}"
UniRef90_UPI0009F495E4	21.218223234624144	0.6294392016487688	1.2668146671954446e-05	Pseudomonas	0.006589783315657742	0.011902199942320366	"{""Acinetobacter"": 0.0, ""Candida"": 0.0, ""Enterobacterales"": 9.9442182769175e-07, ""Haemophilus"": 0.0, ""Mycobacteria"": 0.0, ""Pseudomonas"": 1.2668146671954446e-05, ""Staphylococcus"": 0.0, ""Stenotrophomonas"": 0.0, ""Streptococcus"": 0.0}"
UniRef90_A0A0T9H220	21.217694566813513	0.6294140269911197	0.0001720630532858367	Streptococcus	0.006591082291915358	0.011902199942320366	"{""Acinetobacter"": 0.0, ""Candida"": 0.0, ""Enterobacterales"": 2.1930644134832414e-06, ""Haemophilus"": 0.0, ""Mycobacteria"": 0.0, ""Pseudomonas"": 0.0, ""Staphylococcus"": 3.479994896218324e-05, ""Stenotrophomonas"": 0.0, ""Streptococcus"": 0.0001720630532858367}"
UniRef90_S8EMS5	21.209677419354833	0.6290322580645158	0.004358486801267644	Haemophilus	0.006610811234314769	0.011911238950023715	"{""Acinetobacter"": 0.0035126830180300063, ""Candida"": 0.0011842804475027267, ""Enterobacterales"": 0.00032896364432586636, ""Haemophilus"": 0.004687450445593511, ""Mycobacteria"": 0.004598635753303956, ""Pseudomonas"": 0.0017158924356702617, ""Staphylococcus"": 0.0019501623634895768, ""Stenotrophomonas"": 0.0006937058244669473, ""Streptococcus"": 0.0020666090967153077}"
UniRef90_A7MHU8	21.189599352488855	0.6280761596423264	0.0003606455049641338	Enterobacterales	0.006660469771966829	0.011947494557696595	"{""Acinetobacter"": 0.0, ""Candida"": 0.0, ""Enterobacterales"": 0.0003606455049641338, ""Haemophilus"": 0.00010390100574013602, ""Mycobacteria"": 0.0, ""Pseudomonas"": 2.0378049025936418e-05, ""Staphylococcus"": 0.0, ""Stenotrophomonas"": 0.0, ""Streptococcus"": 0.0}"
UniRef90_A8AZM1	21.189599352488855	0.6280761596423264	6.83308893906527e-05	Streptococcus	0.006660469771966829	0.011947494557696595	"{""Acinetobacter"": 0.0, ""Candida"": 0.0, ""Enterobacterales"": 0.0, ""Haemophilus"": 0.0, ""Mycobacteria"": 0.0, ""Pseudomonas"": 4.6595227042855424e-07, ""Staphylococcus"": 1.5750999495963574e-05, ""Stenotrophomonas"": 0.0, ""Streptococcus"": 6.83308893906527e-05}"
UniRef90_X6LSL4	21.173717948717947	0.6273199023199022	0.00041524389436473855	Haemophilus	0.0067000027353473855	0.011991819055079723	"{""Acinetobacter"": 0.0002129322606498312, ""Candida"": 0.0, ""Enterobacterales"": 2.7557484084209825e-05, ""Haemophilus"": 0.00041524389436473855, ""Mycobacteria"": 0.0003937626113602296, ""Pseudomonas"": 3.2812110508772974e-05, ""Staphylococcus"": 0.0003360272874607745, ""Stenotrophomonas"": 7.964032219533908e-05, ""Streptococcus"": 0.00016210857361799485}"
UniRef90_F9GRQ0	21.137129654797498	0.6255776026094046	0.001338459462184755	Haemophilus	0.006791941179861898	0.012116124391611614	"{""Acinetobacter"": 0.0002719358524032484, ""Candida"": 0.0, ""Enterobacterales"": 3.565079137191856e-05, ""Haemophilus"": 0.001338459462184755, ""Mycobacteria"": 0.0, ""Pseudomonas"": 4.490702603098132e-05, ""Staphylococcus"": 3.948166336833183e-06, ""Stenotrophomonas"": 0.0, ""Streptococcus"": 0.00011379604765013074}"
UniRef90_A0A2M9WQL0	21.13417935702199	0.6254371122391423	0.0003634164617400613	Enterobacterales	0.0067994072605583105	0.012116124391611614	"{""Acinetobacter"": 2.6909718038419968e-05, ""Candida"": 0.0, ""Enterobacterales"": 0.0003634164617400613, ""Haemophilus"": 0.00022290430238644263, ""Mycobacteria"": 0.0, ""Pseudomonas"": 0.0, ""Staphylococcus"": 0.0, ""Stenotrophomonas"": 0.0, ""Streptococcus"": 2.696059061377296e-05}"
UniRef90_A0A2W5R146	20.92258064516129	0.6153609831029185	0.002088611143799392	Haemophilus	0.007355955084397737	0.01307904980940169	"{""Acinetobacter"": 0.0015259792967842797, ""Candida"": 0.0007500809116972222, ""Enterobacterales"": 0.0001490421037392921, ""Haemophilus"": 0.002237653247538684, ""Mycobacteria"": 0.0020809891330483025, ""Pseudomonas"": 0.0007573254845745121, ""Staphylococcus"": 0.000954677552935282, ""Stenotrophomonas"": 0.00045658246511595213, ""Streptococcus"": 0.0009471218157901937}"
UniRef90_A0A0U0GX68	20.878018223234612	0.613238963011172	6.449599535304414e-05	Streptococcus	0.007478619061013288	0.01321004982611299	"{""Acinetobacter"": 0.0, ""Candida"": 0.0, ""Enterobacterales"": 0.0, ""Haemophilus"": 0.0, ""Mycobacteria"": 0.0, ""Pseudomonas"": 7.267193980583962e-07, ""Staphylococcus"": 8.535368916254374e-06, ""Stenotrophomonas"": 0.0, ""Streptococcus"": 6.449599535304414e-05}"
UniRef90_A0A139Q9C7	20.878018223234612	0.613238963011172	1.063187841832105e-05	Streptococcus	0.007478619061013288	0.01321004982611299	"{""Acinetobacter"": 0.0, ""Candida"": 0.0, ""Enterobacterales"": 0.0, ""Haemophilus"": 0.0, ""Mycobacteria"": 0.0, ""Pseudomonas"": 3.423999325629521e-07, ""Staphylococcus"": 2.5420085486857025e-06, ""Stenotrophomonas"": 0.0, ""Streptococcus"": 1.063187841832105e-05}"
UniRef90_UPI00067C2FA8	20.878018223234612	0.613238963011172	5.866830969821143e-06	Streptococcus	0.007478619061013288	0.01321004982611299	"{""Acinetobacter"": 1.4350991918101573e-06, ""Candida"": 0.0, ""Enterobacterales"": 0.0, ""Haemophilus"": 0.0, ""Mycobacteria"": 0.0, ""Pseudomonas"": 1.0464720755421846e-07, ""Staphylococcus"": 0.0, ""Stenotrophomonas"": 0.0, ""Streptococcus"": 5.866830969821143e-06}"
UniRef90_A0A0E1PQD0	20.851594533029623	0.6119806920490296	9.468748492485866e-05	Acinetobacter	0.007552279056980984	0.0132246618118996	"{""Acinetobacter"": 9.468748492485866e-05, ""Candida"": 0.0, ""Enterobacterales"": 6.1904963006278725e-06, ""Haemophilus"": 0.0, ""Mycobacteria"": 0.0, ""Pseudomonas"": 1.5177478389478812e-05, ""Staphylococcus"": 0.0, ""Stenotrophomonas"": 0.0, ""Streptococcus"": 0.0}"
UniRef90_A0A1X1JW63	20.851594533029623	0.6119806920490296	4.112122878633085e-05	Streptococcus	0.007552279056980984	0.0132246618118996	"{""Acinetobacter"": 0.0, ""Candida"": 0.0, ""Enterobacterales"": 0.0, ""Haemophilus"": 0.0, ""Mycobacteria"": 0.0, ""Pseudomonas"": 3.7671410930936026e-08, ""Staphylococcus"": 2.345071056545036e-07, ""Stenotrophomonas"": 0.0, ""Streptococcus"": 4.112122878633085e-05}"
UniRef90_A0A382FZ05	20.851594533029623	0.6119806920490296	0.00012044456475823627	Acinetobacter	0.007552279056980984	0.0132246618118996	"{""Acinetobacter"": 0.00012044456475823627, ""Candida"": 0.0, ""Enterobacterales"": 2.2863915313150538e-05, ""Haemophilus"": 0.0, ""Mycobacteria"": 0.0, ""Pseudomonas"": 2.461027665289528e-05, ""Staphylococcus"": 0.0, ""Stenotrophomonas"": 0.0, ""Streptococcus"": 0.0}"
UniRef90_UPI00067B6C4C	20.851594533029623	0.6119806920490296	5.748430255428183e-06	Streptococcus	0.007552279056980984	0.0132246618118996	"{""Acinetobacter"": 5.530548294035271e-07, ""Candida"": 0.0, ""Enterobacterales"": 0.0, ""Haemophilus"": 0.0, ""Mycobacteria"": 0.0, ""Pseudomonas"": 0.0, ""Staphylococcus"": 5.850568441869879e-07, ""Stenotrophomonas"": 0.0, ""Streptococcus"": 5.748430255428183e-06}"
UniRef90_A0A2W5R457	20.83870967741936	0.61136712749616	0.0009113268041683916	Haemophilus	0.007588449732682491	0.01325929985689014	"{""Acinetobacter"": 0.00035894434631723453, ""Candida"": 0.00037448136024963136, ""Enterobacterales"": 9.013292931628416e-05, ""Haemophilus"": 0.0010014597334846757, ""Mycobacteria"": 0.000858921227354788, ""Pseudomonas"": 0.00027554070222906435, ""Staphylococcus"": 0.0003309765615199425, ""Stenotrophomonas"": 0.00016157789357234282, ""Streptococcus"": 0.00039765740248608357}"
UniRef90_A0A2W5R216	20.805964325529548	0.6098078250252166	0.00036139904483504495	Mycobacteria	0.007681123354410187	0.013382391580155842	"{""Acinetobacter"": 0.00018546515250961225, ""Candida"": 5.6087037267100925e-05, ""Enterobacterales"": 3.052733775492176e-05, ""Haemophilus"": 0.0003658601501420162, ""Mycobacteria"": 0.0003919263825899667, ""Pseudomonas"": 3.292791779333736e-05, ""Staphylococcus"": 0.0001545966592880615, ""Stenotrophomonas"": 0.00010641948618600897, ""Streptococcus"": 0.00012062585622051428}"
UniRef90_A0A264SE88	20.790570619182503	0.609074791389643	0.00012085469417733095	Streptococcus	0.007725064113637551	0.013382391580155842	"{""Acinetobacter"": 0.0, ""Candida"": 0.0, ""Enterobacterales"": 0.0, ""Haemophilus"": 0.0, ""Mycobacteria"": 0.0, ""Pseudomonas"": 2.1801581941751886e-07, ""Staphylococcus"": 1.771601895589521e-05, ""Stenotrophomonas"": 0.0, ""Streptococcus"": 0.00012085469417733095}"
UniRef90_A0A2J6EC18	20.790570619182503	0.609074791389643	7.103379944680342e-06	Streptococcus	0.007725064113637551	0.013382391580155842	"{""Acinetobacter"": 0.0, ""Candida"": 0.0, ""Enterobacterales"": 0.0, ""Haemophilus"": 0.0, ""Mycobacteria"": 0.0, ""Pseudomonas"": 1.004071993410226e-07, ""Staphylococcus"": 2.7362471186541718e-06, ""Stenotrophomonas"": 0.0, ""Streptococcus"": 7.103379944680342e-06}"
UniRef90_Q04JN5	20.790570619182503	0.609074791389643	0.00012932509579020388	Streptococcus	0.007725064113637551	0.013382391580155842	"{""Acinetobacter"": 0.0, ""Candida"": 0.0, ""Enterobacterales"": 0.0, ""Haemophilus"": 5.43387338734931e-05, ""Mycobacteria"": 0.0, ""Pseudomonas"": 8.926200231063711e-07, ""Staphylococcus"": 0.0, ""Stenotrophomonas"": 0.0, ""Streptococcus"": 0.00012932509579020388}"
UniRef90_A0A2W5KX33	20.75759529147982	0.6075045376895153	0.00048053519789901226	Haemophilus	0.007820004506796275	0.013517913773500399	"{""Acinetobacter"": 0.00019001499913163023, ""Candida"": 0.00014471415606135944, ""Enterobacterales"": 1.828533051124163e-05, ""Haemophilus"": 0.00048053519789901226, ""Mycobacteria"": 0.00021116529291321704, ""Pseudomonas"": 5.071351155591498e-05, ""Staphylococcus"": 0.00010552539518809029, ""Stenotrophomonas"": 0.0, ""Streptococcus"": 7.119482481086964e-05}"
UniRef90_UPI0005EA1ECD	20.69354838709677	0.6044546850998461	0.023065483594380223	Mycobacteria	0.008007613902211937	0.013812707136224857	"{""Acinetobacter"": 0.01631169956619933, ""Candida"": 0.007699974432482618, ""Enterobacterales"": 0.0016520995953594943, ""Haemophilus"": 0.02293812399253691, ""Mycobacteria"": 0.02471758318973972, ""Pseudomonas"": 0.009044064398032467, ""Staphylococcus"": 0.009063096252630071, ""Stenotrophomonas"": 0.0036048585318795455, ""Streptococcus"": 0.010080377265841729}"
UniRef90_W1U6T5	20.68594110854503	0.6040924337402396	0.0010055263842166432	Streptococcus	0.008030182398355573	0.013822165021850337	"{""Acinetobacter"": 0.00022343490703193, ""Candida"": 0.0, ""Enterobacterales"": 1.3094978189512518e-05, ""Haemophilus"": 0.00018221746273076268, ""Mycobacteria"": 0.0, ""Pseudomonas"": 0.0004648056941851796, ""Staphylococcus"": 0.0002905838475489521, ""Stenotrophomonas"": 0.0005379958238345894, ""Streptococcus"": 0.0010055263842166432}"
UniRef90_A0A3A3VXM6	20.554838709677426	0.5978494623655918	0.019543377522006293	Mycobacteria	0.008428845592777965	0.014477571304792726	"{""Acinetobacter"": 0.0144500664759823, ""Candida"": 0.007646115290711653, ""Enterobacterales"": 0.0014347642779755996, ""Haemophilus"": 0.019187682713814512, ""Mycobacteria"": 0.020978141799981892, ""Pseudomonas"": 0.008092555358584304, ""Staphylococcus"": 0.008117232126581105, ""Stenotrophomonas"": 0.0030127530826760548, ""Streptococcus"": 0.008900654988222696}"
UniRef90_A0A0E9FK67	20.519354838709674	0.5961597542242701	0.050261002872799755	Mycobacteria	0.00853996903791345	0.014637362185745722	"{""Acinetobacter"": 0.028009468256671492, ""Candida"": 0.018883743740854473, ""Enterobacterales"": 0.004081143436991374, ""Haemophilus"": 0.04988504221862061, ""Mycobacteria"": 0.05434214630979113, ""Pseudomonas"": 0.02259347016578883, ""Staphylococcus"": 0.021529075473892687, ""Stenotrophomonas"": 0.0077275541059477065, ""Streptococcus"": 0.022682207748238984}"
UniRef90_Q1R3T7	20.462134688691226	0.5934349851757726	0.0002733240639065952	Stenotrophomonas	0.008722127471866205	0.01491797277957666	"{""Acinetobacter"": 8.255008976965872e-05, ""Candida"": 0.0, ""Enterobacterales"": 0.0001653160589752236, ""Haemophilus"": 3.164712631045281e-05, ""Mycobacteria"": 0.0, ""Pseudomonas"": 0.00012668818753518762, ""Staphylococcus"": 4.9557763914517435e-06, ""Stenotrophomonas"": 0.0002733240639065952, ""Streptococcus"": 1.6961818921574876e-05}"
UniRef90_A0A081QF88	20.41501416430594	0.5911911506812353	7.732525892638803e-06	Streptococcus	0.008874924660267538	0.015020531485682926	"{""Acinetobacter"": 0.0, ""Candida"": 0.0, ""Enterobacterales"": 0.0, ""Haemophilus"": 0.0, ""Mycobacteria"": 0.0, ""Pseudomonas"": 9.22732559800637e-08, ""Staphylococcus"": 3.727554126695719e-06, ""Stenotrophomonas"": 0.0, ""Streptococcus"": 7.732525892638803e-06}"
UniRef90_A0A0T9GZ97	20.41501416430594	0.5911911506812353	2.0167723507261144e-05	Staphylococcus	0.008874924660267538	0.015020531485682926	"{""Acinetobacter"": 0.0, ""Candida"": 0.0, ""Enterobacterales"": 0.0, ""Haemophilus"": 0.0, ""Mycobacteria"": 0.0, ""Pseudomonas"": 2.3400643321564635e-07, ""Staphylococcus"": 2.0167723507261144e-05, ""Stenotrophomonas"": 0.0, ""Streptococcus"": 1.66221374203222e-05}"
UniRef90_A0A1F0BSR9	20.41501416430594	0.5911911506812353	6.033062907393627e-06	Streptococcus	0.008874924660267538	0.015020531485682926	"{""Acinetobacter"": 0.0, ""Candida"": 0.0, ""Enterobacterales"": 0.0, ""Haemophilus"": 0.0, ""Mycobacteria"": 0.0, ""Pseudomonas"": 8.651701627991907e-08, ""Staphylococcus"": 2.9503532867936185e-06, ""Stenotrophomonas"": 0.0, ""Streptococcus"": 6.033062907393627e-06}"
UniRef90_UPI000BA0ED7D	20.41501416430594	0.5911911506812353	1.268477486757295e-05	Streptococcus	0.008874924660267538	0.015020531485682926	"{""Acinetobacter"": 0.0, ""Candida"": 0.0, ""Enterobacterales"": 0.0, ""Haemophilus"": 0.0, ""Mycobacteria"": 0.0, ""Pseudomonas"": 9.464685896214489e-08, ""Staphylococcus"": 6.563990939517962e-06, ""Stenotrophomonas"": 0.0, ""Streptococcus"": 1.268477486757295e-05}"
UniRef90_UPI000BB74A98	20.41501416430594	0.5911911506812353	1.1641718956566826e-06	Staphylococcus	0.008874924660267538	0.015020531485682926	"{""Acinetobacter"": 0.0, ""Candida"": 0.0, ""Enterobacterales"": 7.203665795500697e-07, ""Haemophilus"": 0.0, ""Mycobacteria"": 0.0, ""Pseudomonas"": 6.562052138110111e-08, ""Staphylococcus"": 1.1641718956566826e-06, ""Stenotrophomonas"": 0.0, ""Streptococcus"": 0.0}"
UniRef90_A0A3A3VFG0	20.39354838709677	0.590168970814132	0.013438257890556408	Mycobacteria	0.008945378859922228	0.015108165965922927	"{""Acinetobacter"": 0.008652910334772437, ""Candida"": 0.0051092458189311366, ""Enterobacterales"": 0.0010913257773862081, ""Haemophilus"": 0.013954799052187888, ""Mycobacteria"": 0.014529583667942617, ""Pseudomonas"": 0.006126900743464946, ""Staphylococcus"": 0.0063370987244656405, ""Stenotrophomonas"": 0.002324510848819667, ""Streptococcus"": 0.006279865386108773}"
UniRef90_A0A354QUR2	20.31330275229357	0.5863477501092176	6.302444918128483e-06	Streptococcus	0.0092135340216504	0.015515938920060108	"{""Acinetobacter"": 4.1762311156306723e-07, ""Candida"": 0.0, ""Enterobacterales"": 9.371735939263013e-08, ""Haemophilus"": 0.0, ""Mycobacteria"": 0.0, ""Pseudomonas"": 9.530758466232616e-07, ""Staphylococcus"": 1.6752374243378564e-07, ""Stenotrophomonas"": 0.0, ""Streptococcus"": 6.302444918128483e-06}"
UniRef90_R4YAG1	20.309870049504948	0.5861842880716642	0.00030459707468959683	Enterobacterales	0.009225175056302734	0.015515938920060108	"{""Acinetobacter"": 5.219564268721937e-05, ""Candida"": 0.0, ""Enterobacterales"": 0.00030459707468959683, ""Haemophilus"": 0.00016711824391119382, ""Mycobacteria"": 0.0, ""Pseudomonas"": 0.00020253668918687696, ""Staphylococcus"": 5.170329306996791e-06, ""Stenotrophomonas"": 0.0001744892140312962, ""Streptococcus"": 1.6479232605584776e-05}"
UniRef90_A0A151K1C1	20.303225806451607	0.5858678955453146	0.03179062313713751	Mycobacteria	0.009247747148576105	0.015521633699581056	"{""Acinetobacter"": 0.02140181925203962, ""Candida"": 0.01225609130082739, ""Enterobacterales"": 0.002078202916192592, ""Haemophilus"": 0.032064864607458374, ""Mycobacteria"": 0.0338688260533301, ""Pseudomonas"": 0.013963821031370947, ""Staphylococcus"": 0.013612721577295941, ""Stenotrophomonas"": 0.00500271117195473, ""Streptococcus"": 0.014011272659891313}"
UniRef90_A0A0T8A9Y5	20.276879271070623	0.5846132986224106	5.124862013185254e-05	Streptococcus	0.00933777447087427	0.01554374392373927	"{""Acinetobacter"": 0.0, ""Candida"": 0.0, ""Enterobacterales"": 0.0, ""Haemophilus"": 0.0, ""Mycobacteria"": 0.0, ""Pseudomonas"": 8.154357921375266e-07, ""Staphylococcus"": 2.0100609054994776e-05, ""Stenotrophomonas"": 0.0, ""Streptococcus"": 5.124862013185254e-05}"
UniRef90_A0A0T9H6W4	20.276879271070623	0.5846132986224106	3.420698604038004e-05	Streptococcus	0.00933777447087427	0.01554374392373927	"{""Acinetobacter"": 0.0, ""Candida"": 0.0, ""Enterobacterales"": 0.0, ""Haemophilus"": 0.0, ""Mycobacteria"": 0.0, ""Pseudomonas"": 7.876700572557919e-07, ""Staphylococcus"": 1.0170379850050593e-05, ""Stenotrophomonas"": 0.0, ""Streptococcus"": 3.420698604038004e-05}"
UniRef90_A0A2X3D7X0	20.276879271070623	0.5846132986224106	2.2002696261841887e-06	Enterobacterales	0.00933777447087427	0.01554374392373927	"{""Acinetobacter"": 0.0, ""Candida"": 0.0, ""Enterobacterales"": 2.2002696261841887e-06, ""Haemophilus"": 0.0, ""Mycobacteria"": 0.0, ""Pseudomonas"": 2.739619538463394e-08, ""Staphylococcus"": 4.5186473480928603e-07, ""Stenotrophomonas"": 0.0, ""Streptococcus"": 0.0}"
UniRef90_UPI00099A2522	20.276879271070623	0.5846132986224106	1.2440987295018288e-05	Streptococcus	0.00933777447087427	0.01554374392373927	"{""Acinetobacter"": 0.0, ""Candida"": 0.0, ""Enterobacterales"": 0.0, ""Haemophilus"": 0.0, ""Mycobacteria"": 0.0, ""Pseudomonas"": 2.123509702605654e-07, ""Staphylococcus"": 1.9577712384929984e-06, ""Stenotrophomonas"": 0.0, ""Streptococcus"": 1.2440987295018288e-05}"
UniRef90_A0A2W5R3W4	20.23870967741935	0.582795698924731	0.009446667184003308	Mycobacteria	0.009469691748387705	0.015717347830322904	"{""Acinetobacter"": 0.007761897962136654, ""Candida"": 0.002644710415371977, ""Enterobacterales"": 0.0007133854776540567, ""Haemophilus"": 0.008402712955736913, ""Mycobacteria"": 0.010160052661657365, ""Pseudomonas"": 0.003270202928982003, ""Staphylococcus"": 0.003871019429589257, ""Stenotrophomonas"": 0.0012474765247176807, ""Streptococcus"": 0.0038611504893739388}"
UniRef90_UPI000DB64731	20.23548387096774	0.582642089093702	0.019695248660085398	Mycobacteria	0.009480921806177474	0.015717347830322904	"{""Acinetobacter"": 0.013839354920011279, ""Candida"": 0.00707189556881953, ""Enterobacterales"": 0.0013422570873681738, ""Haemophilus"": 0.01853539840709312, ""Mycobacteria"": 0.021037505747453573, ""Pseudomonas"": 0.0075927101352530335, ""Staphylococcus"": 0.008436069921391199, ""Stenotrophomonas"": 0.003006829707165019, ""Streptococcus"": 0.00867703412209592}"
UniRef90_UPI00065B733B	20.19562194036493	0.5807439019221395	0.0006685288210387986	Haemophilus	0.009620750330195665	0.015916537867338022	"{""Acinetobacter"": 0.0003068287183732056, ""Candida"": 0.0, ""Enterobacterales"": 3.785710154927415e-05, ""Haemophilus"": 0.0006685288210387986, ""Mycobacteria"": 0.000462464843982118, ""Pseudomonas"": 0.00021837710733723452, ""Staphylococcus"": 0.00018897054982190917, ""Stenotrophomonas"": 6.705888877268016e-05, ""Streptococcus"": 0.00020038475804077524}"
UniRef90_R9VEF8	20.172234325829088	0.5796302059918613	0.0008557304214961704	Pseudomonas	0.00970370648459714	0.016021017440896096	"{""Acinetobacter"": 3.321436636440017e-05, ""Candida"": 0.0, ""Enterobacterales"": 4.1264047831197394e-05, ""Haemophilus"": 0.0001733637072768124, ""Mycobacteria"": 0.0, ""Pseudomonas"": 0.0008557304214961704, ""Staphylococcus"": 1.5194476558159023e-06, ""Stenotrophomonas"": 0.0, ""Streptococcus"": 2.8996953270796554e-05}"
UniRef90_A0A0E1X9E3	20.10251468428782	0.5763102230613247	0.0006021220735638585	Staphylococcus	0.009955084519493985	0.0163043041147414	"{""Acinetobacter"": 0.0, ""Candida"": 0.0, ""Enterobacterales"": 4.149850667480456e-06, ""Haemophilus"": 0.0, ""Mycobacteria"": 0.0, ""Pseudomonas"": 1.7859502400349893e-06, ""Staphylococcus"": 0.0006021220735638585, ""Stenotrophomonas"": 0.0, ""Streptococcus"": 4.0342131675766036e-05}"
UniRef90_A0A139PJ62	20.10251468428782	0.5763102230613247	0.0008722449700282254	Streptococcus	0.009955084519493985	0.0163043041147414	"{""Acinetobacter"": 9.524066984988837e-06, ""Candida"": 0.0, ""Enterobacterales"": 0.0, ""Haemophilus"": 0.0, ""Mycobacteria"": 0.0, ""Pseudomonas"": 6.8248430447101255e-06, ""Staphylococcus"": 6.090497489782166e-05, ""Stenotrophomonas"": 0.0, ""Streptococcus"": 0.0008722449700282254}"
UniRef90_V8M0W9	20.10251468428782	0.5763102230613247	0.0008343534359543591	Streptococcus	0.009955084519493985	0.0163043041147414	"{""Acinetobacter"": 0.0, ""Candida"": 0.0, ""Enterobacterales"": 4.075937192837308e-06, ""Haemophilus"": 0.0, ""Mycobacteria"": 0.0, ""Pseudomonas"": 3.730013227455237e-06, ""Staphylococcus"": 8.165040038446395e-05, ""Stenotrophomonas"": 0.0, ""Streptococcus"": 0.0008343534359543591}"
UniRef90_A0A0E9FLV2	20.099999999999994	0.5761904761904759	0.1985277586906866	Mycobacteria	0.009964266774457777	0.0163043041147414	"{""Acinetobacter"": 0.12032504131980758, ""Candida"": 0.07226121429426681, ""Enterobacterales"": 0.013742463775107655, ""Haemophilus"": 0.1934494399569895, ""Mycobacteria"": 0.21227022246579424, ""Pseudomonas"": 0.08358262466582056, ""Staphylococcus"": 0.0872807999100649, ""Stenotrophomonas"": 0.033092931986119206, ""Streptococcus"": 0.0890803602738453}"
UniRef90_A0A3A3VDS8	20.096774193548384	0.5760368663594468	0.005312691702487197	Mycobacteria	0.009976057523852895	0.0163043041147414	"{""Acinetobacter"": 0.004384418631303957, ""Candida"": 0.0017509122269031428, ""Enterobacterales"": 0.00033740148083676627, ""Haemophilus"": 0.005099177760956268, ""Mycobacteria"": 0.005650093183323964, ""Pseudomonas"": 0.002036512699582425, ""Staphylococcus"": 0.0022418130856101566, ""Stenotrophomonas"": 0.0007812963063120855, ""Streptococcus"": 0.002164759229421605}"
UniRef90_A0A2S9RER8	20.08387096774193	0.57542242703533	0.009902078637589457	Mycobacteria	0.010023354135036458	0.016348575595251	"{""Acinetobacter"": 0.006543667828067833, ""Candida"": 0.003247323080238092, ""Enterobacterales"": 0.0007126120005334162, ""Haemophilus"": 0.010178863592422684, ""Mycobacteria"": 0.010614690638122874, ""Pseudomonas"": 0.004475854318624407, ""Staphylococcus"": 0.004711208132437567, ""Stenotrophomonas"": 0.001563278380836974, ""Streptococcus"": 0.004419834685523838}"
UniRef90_A0A2V2L629	20.035483870967738	0.5731182795698923	0.012981383651722852	Mycobacteria	0.010202633971780018	0.01658264668605226	"{""Acinetobacter"": 0.011824239782670823, ""Candida"": 0.004575411253723509, ""Enterobacterales"": 0.000997900404104432, ""Haemophilus"": 0.013248216728672931, ""Mycobacteria"": 0.013979284055827284, ""Pseudomonas"": 0.0052920350676741385, ""Staphylococcus"": 0.0056367079355072285, ""Stenotrophomonas"": 0.002133578702634669, ""Streptococcus"": 0.005804705183259106}"
UniRef90_UPI0005E3E408	20.034085841694534	0.5730517067473587	0.0009658246173929137	Haemophilus	0.010207859146667522	0.01658264668605226	"{""Acinetobacter"": 0.0003154878339260457, ""Candida"": 0.0, ""Enterobacterales"": 2.7986173988929237e-05, ""Haemophilus"": 0.0009658246173929137, ""Mycobacteria"": 0.0003915629531019835, ""Pseudomonas"": 0.00018538606909567485, ""Staphylococcus"": 0.00012179524199389418, ""Stenotrophomonas"": 0.0002009197217971061, ""Streptococcus"": 0.0002463681465931226}"
UniRef90_A0A3A3W8L6	20.012903225806454	0.5720430107526883	0.04967296991298467	Mycobacteria	0.010287343623743346	0.01667827854029733	"{""Acinetobacter"": 0.04718312780810371, ""Candida"": 0.01834901043441876, ""Enterobacterales"": 0.0033543646003638718, ""Haemophilus"": 0.04911766202738359, ""Mycobacteria"": 0.05302733451334854, ""Pseudomonas"": 0.020990382859143116, ""Staphylococcus"": 0.02162350815345806, ""Stenotrophomonas"": 0.007915557621164747, ""Streptococcus"": 0.023229574074315185}"
UniRef90_A0A0U1N5C3	19.967741935483872	0.5698924731182796	0.028079731537081445	Mycobacteria	0.010458784889221001	0.016902916154066115	"{""Acinetobacter"": 0.012945736344396283, ""Candida"": 0.008912365283654423, ""Enterobacterales"": 0.002223521110491254, ""Haemophilus"": 0.0267219369490289, ""Mycobacteria"": 0.0303032526475727, ""Pseudomonas"": 0.012377978599215288, ""Staphylococcus"": 0.011655831292407399, ""Stenotrophomonas"": 0.004316822586675134, ""Streptococcus"": 0.012312941255216824}"
UniRef90_A0A1S9ZT50	19.94814610866374	0.5689593385077971	8.9818610580882e-06	Streptococcus	0.010534021301579193	0.016902916154066115	"{""Acinetobacter"": 1.5212051433231477e-07, ""Candida"": 0.0, ""Enterobacterales"": 0.0, ""Haemophilus"": 0.0, ""Mycobacteria"": 0.0, ""Pseudomonas"": 3.7671410930936026e-08, ""Staphylococcus"": 5.961644468074428e-07, ""Stenotrophomonas"": 0.0, ""Streptococcus"": 8.9818610580882e-06}"
UniRef90_A0A1X1L807	19.94814610866374	0.5689593385077971	3.521711271601913e-06	Streptococcus	0.010534021301579193	0.016902916154066115	"{""Acinetobacter"": 1.5212051433231477e-07, ""Candida"": 0.0, ""Enterobacterales"": 0.0, ""Haemophilus"": 0.0, ""Mycobacteria"": 0.0, ""Pseudomonas"": 3.7671410930936026e-08, ""Staphylococcus"": 5.961644468074428e-07, ""Stenotrophomonas"": 0.0, ""Streptococcus"": 3.521711271601913e-06}"
UniRef90_A0A2R9SKI5	19.93707602339182	0.5684321915900867	0.03150375977812568	Mycobacteria	0.010576752303449273	0.016902916154066115	"{""Acinetobacter"": 0.005519581242634872, ""Candida"": 0.008274246142236466, ""Enterobacterales"": 0.0022544154252006486, ""Haemophilus"": 0.0, ""Mycobacteria"": 0.03150375977812568, ""Pseudomonas"": 0.00015390463240978552, ""Staphylococcus"": 0.008151012253575791, ""Stenotrophomonas"": 0.006209100198794048, ""Streptococcus"": 0.01097408728827764}"
UniRef90_A0A0B7M4B6	19.922096317280452	0.5677188722514501	0.0001715692243762532	Streptococcus	0.010634838470234427	0.016902916154066115	"{""Acinetobacter"": 0.0, ""Candida"": 0.0, ""Enterobacterales"": 6.68130204718246e-07, ""Haemophilus"": 0.0, ""Mycobacteria"": 0.0, ""Pseudomonas"": 2.2528301339391692e-07, ""Staphylococcus"": 1.2951938191790967e-06, ""Stenotrophomonas"": 0.0, ""Streptococcus"": 0.0001715692243762532}"
UniRef90_A0A158LP16	19.922096317280452	0.5677188722514501	1.3289797716426875e-05	Streptococcus	0.010634838470234427	0.016902916154066115	"{""Acinetobacter"": 2.704364698900402e-07, ""Candida"": 0.0, ""Enterobacterales"": 0.0, ""Haemophilus"": 0.0, ""Mycobacteria"": 0.0, ""Pseudomonas"": 5.469425008794759e-08, ""Staphylococcus"": 9.428926993664866e-07, ""Stenotrophomonas"": 0.0, ""Streptococcus"": 1.3289797716426875e-05}"
UniRef90_A0A158T0R6	19.922096317280452	0.5677188722514501	0.000299189223418425	Haemophilus	0.010634838470234427	0.016902916154066115	"{""Acinetobacter"": 0.0, ""Candida"": 0.0, ""Enterobacterales"": 3.7424514217657652e-06, ""Haemophilus"": 0.000299189223418425, ""Mycobacteria"": 0.0, ""Pseudomonas"": 5.581204976050379e-07, ""Staphylococcus"": 0.0, ""Stenotrophomonas"": 0.0, ""Streptococcus"": 3.533047596555331e-05}"
UniRef90_S7XH46	19.922096317280452	0.5677188722514501	5.209575815414356e-06	Streptococcus	0.010634838470234427	0.016902916154066115	"{""Acinetobacter"": 1.9138841221942828e-07, ""Candida"": 0.0, ""Enterobacterales"": 0.0, ""Haemophilus"": 0.0, ""Mycobacteria"": 0.0, ""Pseudomonas"": 1.3933567002234814e-07, ""Staphylococcus"": 5.738523817683293e-07, ""Stenotrophomonas"": 0.0, ""Streptococcus"": 5.209575815414356e-06}"
UniRef90_S7YZK1	19.922096317280452	0.5677188722514501	2.576089823343535e-05	Streptococcus	0.010634838470234427	0.016902916154066115	"{""Acinetobacter"": 2.704364698900402e-07, ""Candida"": 0.0, ""Enterobacterales"": 0.0, ""Haemophilus"": 0.0, ""Mycobacteria"": 0.0, ""Pseudomonas"": 5.469425008794759e-08, ""Staphylococcus"": 9.428926993664866e-07, ""Stenotrophomonas"": 0.0, ""Streptococcus"": 2.576089823343535e-05}"
UniRef90_UPI00067DFA8A	19.922096317280452	0.5677188722514501	5.008236636567458e-06	Streptococcus	0.010634838470234427	0.016902916154066115	"{""Acinetobacter"": 3.6000488308837426e-07, ""Candida"": 0.0, ""Enterobacterales"": 0.0, ""Haemophilus"": 0.0, ""Mycobacteria"": 0.0, ""Pseudomonas"": 4.3218850846133256e-08, ""Staphylococcus"": 5.630690135324815e-07, ""Stenotrophomonas"": 0.0, ""Streptococcus"": 5.008236636567458e-06}"
UniRef90_A0A2W5QWT9	19.903225806451616	0.566820276497696	0.01159813741402142	Haemophilus	0.010708445900555285	0.01698653477166515	"{""Acinetobacter"": 0.010185118276911754, ""Candida"": 0.004385062079715599, ""Enterobacterales"": 0.0009337294615728284, ""Haemophilus"": 0.012531866875594247, ""Mycobacteria"": 0.012049724213289193, ""Pseudomonas"": 0.0048730750420071115, ""Staphylococcus"": 0.0053300173319716, ""Stenotrophomonas"": 0.0020223063248044804, ""Streptococcus"": 0.005407202243670058}"
UniRef90_G7YY51	19.851000367107197	0.5643333508146284	0.0001313920497793628	Stenotrophomonas	0.010914706449474142	0.01727983858634947	"{""Acinetobacter"": 0.0, ""Candida"": 0.0, ""Enterobacterales"": 0.00012520963432855633, ""Haemophilus"": 8.381161381475876e-05, ""Mycobacteria"": 0.0, ""Pseudomonas"": 3.500433039966716e-05, ""Staphylococcus"": 0.0, ""Stenotrophomonas"": 0.0001313920497793628, ""Streptococcus"": 0.0}"
UniRef90_A0A2W5R3M2	19.81935483870967	0.5628264208909367	0.02150996013686196	Mycobacteria	0.011041529260389132	0.01743972187378764	"{""Acinetobacter"": 0.015955997792271033, ""Candida"": 0.008428069293671491, ""Enterobacterales"": 0.0013662358222000532, ""Haemophilus"": 0.021635451090683634, ""Mycobacteria"": 0.022876195959062012, ""Pseudomonas"": 0.008971289769018616, ""Staphylococcus"": 0.009304063511141852, ""Stenotrophomonas"": 0.00329389065776022, ""Streptococcus"": 0.009471851911466404}"
UniRef90_W1YMA1	19.81506975036712	0.5626223690651009	0.0008785142061380786	Streptococcus	0.011058810038631716	0.01743972187378764	"{""Acinetobacter"": 0.0, ""Candida"": 0.0, ""Enterobacterales"": 0.0, ""Haemophilus"": 0.0, ""Mycobacteria"": 9.349791513157573e-05, ""Pseudomonas"": 2.4002243193464396e-06, ""Staphylococcus"": 9.123281130899555e-05, ""Stenotrophomonas"": 0.0, ""Streptococcus"": 0.0008785142061380786}"
UniRef90_A0A1X1JST8	19.793777533039655	0.5616084539542693	4.8088221905363806e-05	Streptococcus	0.011145060467293333	0.017541544587627054	"{""Acinetobacter"": 1.32278708123628e-07, ""Candida"": 0.0, ""Enterobacterales"": 0.0, ""Haemophilus"": 0.0, ""Mycobacteria"": 0.0, ""Pseudomonas"": 1.3403966595873913e-07, ""Staphylococcus"": 5.184038668368215e-07, ""Stenotrophomonas"": 0.0, ""Streptococcus"": 4.8088221905363806e-05}"
UniRef90_A0A224AZB2	19.722748815165883	0.5582261340555182	0.0008104391772146564	Staphylococcus	0.011437453534038548	0.017825149525551053	"{""Acinetobacter"": 0.0, ""Candida"": 0.0, ""Enterobacterales"": 2.3409859659154425e-05, ""Haemophilus"": 0.0, ""Mycobacteria"": 7.110418372687574e-05, ""Pseudomonas"": 1.0174349908626014e-05, ""Staphylococcus"": 0.0008104391772146564, ""Stenotrophomonas"": 0.0, ""Streptococcus"": 0.00021742095546975872}"
UniRef90_A0A0T9GZD2	19.702164009111627	0.5572459051957918	1.3433584828649272e-05	Streptococcus	0.01152355154742052	0.017825149525551053	"{""Acinetobacter"": 0.0, ""Candida"": 0.0, ""Enterobacterales"": 0.0, ""Haemophilus"": 0.0, ""Mycobacteria"": 0.0, ""Pseudomonas"": 1.5339290576213402e-07, ""Staphylococcus"": 1.2281302617425987e-05, ""Stenotrophomonas"": 0.0, ""Streptococcus"": 1.3433584828649272e-05}"
UniRef90_A0A237JUE5	19.702164009111627	0.5572459051957918	1.4587533662065005e-05	Staphylococcus	0.01152355154742052	0.017825149525551053	"{""Acinetobacter"": 3.5969382706064764e-07, ""Candida"": 0.0, ""Enterobacterales"": 0.0, ""Haemophilus"": 0.0, ""Mycobacteria"": 0.0, ""Pseudomonas"": 0.0, ""Staphylococcus"": 1.4587533662065005e-05, ""Stenotrophomonas"": 0.0, ""Streptococcus"": 7.765555598571815e-06}"
UniRef90_A0A2S6E368	19.702164009111627	0.5572459051957918	1.6761683528420707e-05	Haemophilus	0.01152355154742052	0.017825149525551053	"{""Acinetobacter"": 0.0, ""Candida"": 0.0, ""Enterobacterales"": 2.3612075428989264e-06, ""Haemophilus"": 1.6761683528420707e-05, ""Mycobacteria"": 0.0, ""Pseudomonas"": 6.404674686156015e-08, ""Staphylococcus"": 0.0, ""Stenotrophomonas"": 0.0, ""Streptococcus"": 0.0}"
UniRef90_R0M852	19.702164009111627	0.5572459051957918	7.353933719467924e-05	Streptococcus	0.01152355154742052	0.017825149525551053	"{""Acinetobacter"": 0.0, ""Candida"": 0.0, ""Enterobacterales"": 0.0, ""Haemophilus"": 0.0, ""Mycobacteria"": 0.0, ""Pseudomonas"": 6.862137266116061e-07, ""Staphylococcus"": 3.360031965987558e-05, ""Stenotrophomonas"": 0.0, ""Streptococcus"": 7.353933719467924e-05}"
UniRef90_S5AQN7	19.702164009111627	0.5572459051957918	6.405830212142804e-07	Staphylococcus	0.01152355154742052	0.017825149525551053	"{""Acinetobacter"": 0.0, ""Candida"": 0.0, ""Enterobacterales"": 5.468168884973668e-07, ""Haemophilus"": 0.0, ""Mycobacteria"": 0.0, ""Pseudomonas"": 2.796683299728806e-08, ""Staphylococcus"": 6.405830212142804e-07, ""Stenotrophomonas"": 0.0, ""Streptococcus"": 0.0}"
UniRef90_UPI0009A11863	19.702164009111627	0.5572459051957918	6.868680425688616e-06	Streptococcus	0.01152355154742052	0.017825149525551053	"{""Acinetobacter"": 0.0, ""Candida"": 0.0, ""Enterobacterales"": 0.0, ""Haemophilus"": 0.0, ""Mycobacteria"": 0.0, ""Pseudomonas"": 1.7669438498658877e-07, ""Staphylococcus"": 2.522254203091141e-06, ""Stenotrophomonas"": 0.0, ""Streptococcus"": 6.868680425688616e-06}"
UniRef90_UPI0009AE49B9	19.702164009111627	0.5572459051957918	1.0063803248404083e-06	Streptococcus	0.01152355154742052	0.017825149525551053	"{""Acinetobacter"": 0.0, ""Candida"": 0.0, ""Enterobacterales"": 6.203795082739626e-07, ""Haemophilus"": 0.0, ""Mycobacteria"": 0.0, ""Pseudomonas"": 5.499198659745879e-08, ""Staphylococcus"": 0.0, ""Stenotrophomonas"": 0.0, ""Streptococcus"": 1.0063803248404083e-06}"
UniRef90_UPI000CFD90FD	19.702164009111627	0.5572459051957918	1.7266505614626417e-05	Haemophilus	0.01152355154742052	0.017825149525551053	"{""Acinetobacter"": 0.0, ""Candida"": 0.0, ""Enterobacterales"": 9.3586647268452e-07, ""Haemophilus"": 1.7266505614626417e-05, ""Mycobacteria"": 0.0, ""Pseudomonas"": 6.597528969878158e-08, ""Staphylococcus"": 0.0, ""Stenotrophomonas"": 0.0, ""Streptococcus"": 0.0}"
UniRef90_A0A2W5R0G2	19.68387096774194	0.5563748079877113	0.011812727413899379	Mycobacteria	0.011600582940981572	0.017910060303920023	"{""Acinetobacter"": 0.008375513441158996, ""Candida"": 0.004889185044000103, ""Enterobacterales"": 0.0007594727390115618, ""Haemophilus"": 0.011643217713500504, ""Mycobacteria"": 0.012572200152910941, ""Pseudomonas"": 0.005263827914630036, ""Staphylococcus"": 0.004745648787572215, ""Stenotrophomonas"": 0.0016995937351763249, ""Streptococcus"": 0.005602904969745651}"
UniRef90_A0A2W5R1D9	19.65483870967742	0.5549923195084486	0.03663519736023134	Mycobacteria	0.011723846730959274	0.018052726745082577	"{""Acinetobacter"": 0.03497374485403617, ""Candida"": 0.014250608410255479, ""Enterobacterales"": 0.0026804983162718346, ""Haemophilus"": 0.037013719681077965, ""Mycobacteria"": 0.03931569567650317, ""Pseudomonas"": 0.015771518714659562, ""Staphylococcus"": 0.016121617693085483, ""Stenotrophomonas"": 0.006247826337797708, ""Streptococcus"": 0.017861945919313657}"
UniRef90_A0A2W5KU66	19.65161290322581	0.5548387096774196	0.000637723574609715	Mycobacteria	0.011737619614231688	0.018052726745082577	"{""Acinetobacter"": 0.00041431120391704064, ""Candida"": 0.0001744176921010386, ""Enterobacterales"": 4.516752949562571e-05, ""Haemophilus"": 0.0005345712297297058, ""Mycobacteria"": 0.0006828911041053408, ""Pseudomonas"": 0.00019060430097613977, ""Staphylococcus"": 0.00025270584510667197, ""Stenotrophomonas"": 9.221229725889261e-05, ""Streptococcus"": 0.000276599377826597}"
UniRef90_A0A2W5R8Q5	19.61290322580645	0.552995391705069	0.0021203752398212513	Haemophilus	0.011904103217462048	0.01827404080251764	"{""Acinetobacter"": 0.0017099258014099793, ""Candida"": 0.0007296732347193088, ""Enterobacterales"": 0.00014472361761095804, ""Haemophilus"": 0.002265098857432209, ""Mycobacteria"": 0.0020417599726385077, ""Pseudomonas"": 0.0008186467143340703, ""Staphylococcus"": 0.0009000874914584067, ""Stenotrophomonas"": 0.0002876909709921001, ""Streptococcus"": 0.0009862938747937555}"
UniRef90_A0A2E1TJ30	19.548917033773858	0.5499484301797075	0.0001233606204633473	Haemophilus	0.012184247249280203	0.018658819613143696	"{""Acinetobacter"": 0.0, ""Candida"": 0.0, ""Enterobacterales"": 3.493492562843851e-07, ""Haemophilus"": 0.0001233606204633473, ""Mycobacteria"": 0.0, ""Pseudomonas"": 4.983218727868928e-07, ""Staphylococcus"": 0.0, ""Stenotrophomonas"": 0.0, ""Streptococcus"": 6.517991372133147e-06}"
UniRef90_A0A2W5R2D4	19.545161290322582	0.5497695852534563	0.003702413013834083	Haemophilus	0.01220088451835972	0.018658819613143696	"{""Acinetobacter"": 0.003321161306437719, ""Candida"": 0.0010981675543758475, ""Enterobacterales"": 0.00020883842943828805, ""Haemophilus"": 0.003911251443272371, ""Mycobacteria"": 0.0031063765744175327, ""Pseudomonas"": 0.0011089838822821174, ""Staphylococcus"": 0.0014810397754113625, ""Stenotrophomonas"": 0.00047771658643230733, ""Streptococcus"": 0.0015365136167466624}"
UniRef90_J7TUV6	19.522056631892706	0.5486693634234622	0.0006583415886852954	Streptococcus	0.012303711616360702	0.018780571127614734	"{""Acinetobacter"": 0.0, ""Candida"": 0.0, ""Enterobacterales"": 1.4959931255929833e-05, ""Haemophilus"": 0.0, ""Mycobacteria"": 5.5714511068630384e-05, ""Pseudomonas"": 3.033510464912454e-05, ""Staphylococcus"": 0.0003194401661715695, ""Stenotrophomonas"": 0.0, ""Streptococcus"": 0.0006583415886852954}"
UniRef90_A0A2W5SKT5	19.50645161290322	0.5479262672811057	0.008020425152315125	Mycobacteria	0.012373628649139063	0.01882568771036853	"{""Acinetobacter"": 0.005641830422353824, ""Candida"": 0.003094986630728236, ""Enterobacterales"": 0.0005721270729412083, ""Haemophilus"": 0.00825929565143495, ""Mycobacteria"": 0.008592552225256334, ""Pseudomonas"": 0.003396433465862994, ""Staphylococcus"": 0.0036337764870506264, ""Stenotrophomonas"": 0.0012983211226048716, ""Streptococcus"": 0.003656802388119799}"
UniRef90_W7D682	19.505076142131987	0.5478607686729517	4.769210263573345e-06	Streptococcus	0.012379809470848033	0.01882568771036853	"{""Acinetobacter"": 0.0, ""Candida"": 0.0, ""Enterobacterales"": 1.4837158337282242e-07, ""Haemophilus"": 0.0, ""Mycobacteria"": 0.0, ""Pseudomonas"": 1.2921579579559087e-07, ""Staphylococcus"": 5.504685172305705e-07, ""Stenotrophomonas"": 0.0, ""Streptococcus"": 4.769210263573345e-06}"
UniRef90_A0A2W5MS36	19.44464842011571	0.544983258100748	0.0005951891527475898	Haemophilus	0.012654271928945802	0.019206953077893347	"{""Acinetobacter"": 0.00038173050051714194, ""Candida"": 0.0001291476894297544, ""Enterobacterales"": 4.66215650980258e-05, ""Haemophilus"": 0.0006418107178456157, ""Mycobacteria"": 0.0006351174972195611, ""Pseudomonas"": 0.00018398397645994616, ""Staphylococcus"": 0.00031034611289246645, ""Stenotrophomonas"": 7.916117795156301e-05, ""Streptococcus"": 0.00027254547071712697}"
UniRef90_A0A0V0U2G1	19.431695906432754	0.544366471734893	0.010772721598324334	Mycobacteria	0.012713852407058633	0.0192612483095701	"{""Acinetobacter"": 0.0014566313624615685, ""Candida"": 0.002336647210646496, ""Enterobacterales"": 0.0005962449743726095, ""Haemophilus"": 0.0, ""Mycobacteria"": 0.010772721598324334, ""Pseudomonas"": 7.057191472474643e-05, ""Staphylococcus"": 0.003477962501150172, ""Stenotrophomonas"": 0.0022204424175592684, ""Streptococcus"": 0.0029934489818152174}"
UniRef90_A0A1L7N5G5	19.418727915194342	0.5437489483425877	0.00036569857958323765	Haemophilus	0.012773771873703632	0.01931585316976867	"{""Acinetobacter"": 0.0, ""Candida"": 0.0, ""Enterobacterales"": 2.681220709773409e-05, ""Haemophilus"": 0.00036569857958323765, ""Mycobacteria"": 0.0, ""Pseudomonas"": 0.00015643552399398868, ""Staphylococcus"": 1.325767783575293e-06, ""Stenotrophomonas"": 0.0, ""Streptococcus"": 5.075575712975199e-05}"
UniRef90_A0A2W5R9C8	19.412903225806446	0.5434715821812593	0.10717037919986494	Mycobacteria	0.01280077274248093	0.019320569307214687	"{""Acinetobacter"": 0.07155282602808115, ""Candida"": 0.044948530597912366, ""Enterobacterales"": 0.007295981806810142, ""Haemophilus"": 0.11038907981932762, ""Mycobacteria"": 0.11446636100667508, ""Pseudomonas"": 0.046769760592398534, ""Staphylococcus"": 0.0489047018647301, ""Stenotrophomonas"": 0.01736837993003238, ""Streptococcus"": 0.0505506245883172}"
UniRef90_UPI00065BFCF5	19.370967741935488	0.5414746543778803	0.0005936294348170995	Haemophilus	0.012996779999714355	0.01957987899398308	"{""Acinetobacter"": 0.00039645160311006604, ""Candida"": 0.00026082608388613423, ""Enterobacterales"": 4.232026058460966e-05, ""Haemophilus"": 0.0006359496954017091, ""Mycobacteria"": 0.0006048144024879101, ""Pseudomonas"": 0.00018586787662111688, ""Staphylococcus"": 0.0002614751715999634, ""Stenotrophomonas"": 7.350499536700385e-05, ""Streptococcus"": 0.0002219245622100805}"
UniRef90_A0A3A3VJS2	19.3516129032258	0.5405529953917048	0.0008549387769801844	Mycobacteria	0.013088206310022492	0.01968096450707843	"{""Acinetobacter"": 0.0006123290923719664, ""Candida"": 0.00017621646934589503, ""Enterobacterales"": 0.00011179024114946277, ""Haemophilus"": 0.0009116771360504599, ""Mycobacteria"": 0.0009667290181296471, ""Pseudomonas"": 0.00024109893432788088, ""Staphylococcus"": 0.0003810484896081305, ""Stenotrophomonas"": 0.0003719024929899953, ""Streptococcus"": 0.00044997302555387607}"
UniRef90_A0A2W5R368	19.332258064516125	0.5396313364055297	0.0024418708279992617	Haemophilus	0.013180245108717023	0.019698837567168937	"{""Acinetobacter"": 0.0017744012081532842, ""Candida"": 0.000854826393006013, ""Enterobacterales"": 0.00019552835681352912, ""Haemophilus"": 0.002637399184812791, ""Mycobacteria"": 0.002422536340917462, ""Pseudomonas"": 0.0009821599775834012, ""Staphylococcus"": 0.0011487883046565474, ""Stenotrophomonas"": 0.00040319011063672596, ""Streptococcus"": 0.0011573567349376691}"
UniRef90_UPI000BB85CB4	19.325806451612905	0.5393241167434717	0.004538156794303752	Mycobacteria	0.013211061477288875	0.019698837567168937	"{""Acinetobacter"": 0.004571174657060827, ""Candida"": 0.0016135932033034214, ""Enterobacterales"": 0.0002679010925858189, ""Haemophilus"": 0.004025886661352949, ""Mycobacteria"": 0.004806057886889571, ""Pseudomonas"": 0.0017437174000457798, ""Staphylococcus"": 0.001838928105982471, ""Stenotrophomonas"": 0.0008543090443130512, ""Streptococcus"": 0.0021419382155501987}"
UniRef90_A0A0E2P7Z3	19.323553217320924	0.539216819872425	5.8368850796388845e-06	Streptococcus	0.013221840295392747	0.019698837567168937	"{""Acinetobacter"": 3.2903421028704046e-07, ""Candida"": 0.0, ""Enterobacterales"": 0.0, ""Haemophilus"": 0.0, ""Mycobacteria"": 0.0, ""Pseudomonas"": 4.3729536919975725e-08, ""Staphylococcus"": 1.0909097048317566e-06, ""Stenotrophomonas"": 0.0, ""Streptococcus"": 5.8368850796388845e-06}"
UniRef90_UPI0004A29517	19.323553217320924	0.539216819872425	8.351186104488864e-06	Streptococcus	0.013221840295392747	0.019698837567168937	"{""Acinetobacter"": 2.2126620265721957e-07, ""Candida"": 0.0, ""Enterobacterales"": 0.0, ""Haemophilus"": 0.0, ""Mycobacteria"": 0.0, ""Pseudomonas"": 3.568043363587284e-08, ""Staphylococcus"": 7.72236722102801e-07, ""Stenotrophomonas"": 0.0, ""Streptococcus"": 8.351186104488864e-06}"
UniRef90_W1VPB1	19.323553217320924	0.539216819872425	3.6530660360122986e-05	Streptococcus	0.013221840295392747	0.019698837567168937	"{""Acinetobacter"": 0.0, ""Candida"": 0.0, ""Enterobacterales"": 2.1569872001083114e-06, ""Haemophilus"": 0.0, ""Mycobacteria"": 0.0, ""Pseudomonas"": 1.3502915269634091e-06, ""Staphylococcus"": 1.0914552044494697e-06, ""Stenotrophomonas"": 0.0, ""Streptococcus"": 3.6530660360122986e-05}"
UniRef90_Q57L44	19.29074889867841	0.5376547094608766	0.00010706834815498421	Enterobacterales	0.013379718415028347	0.019897412128231495	"{""Acinetobacter"": 2.792874332858921e-05, ""Candida"": 0.0, ""Enterobacterales"": 0.00010706834815498421, ""Haemophilus"": 0.0, ""Mycobacteria"": 0.0, ""Pseudomonas"": 4.77634912508208e-05, ""Staphylococcus"": 0.0, ""Stenotrophomonas"": 0.0, ""Streptococcus"": 0.0}"
UniRef90_A0A3A3UDZ3	19.26451612903226	0.5364055299539171	0.0354133703455472	Haemophilus	0.013507259664675267	0.02005022581416934	"{""Acinetobacter"": 0.007276972107666244, ""Candida"": 0.005199673019839936, ""Enterobacterales"": 0.0011963685750011471, ""Haemophilus"": 0.03660973892054835, ""Mycobacteria"": 0.023185435910759493, ""Pseudomonas"": 0.0059883191468045, ""Staphylococcus"": 0.009708530032679286, ""Stenotrophomonas"": 0.00528694318436012, ""Streptococcus"": 0.00695417019936136}"
UniRef90_A0A0T9G014	19.211035875504866	0.5338588512145174	0.0005947905390834534	Mycobacteria	0.013770870065486576	0.02040409136076674	"{""Acinetobacter"": 0.00013060390280339402, ""Candida"": 0.00016019885852330688, ""Enterobacterales"": 3.302112850739298e-05, ""Haemophilus"": 0.0, ""Mycobacteria"": 0.0005947905390834534, ""Pseudomonas"": 3.579823332198568e-06, ""Staphylococcus"": 0.00017578495361675241, ""Stenotrophomonas"": 0.00012878938075412308, ""Streptococcus"": 0.00026685766534738874}"
UniRef90_A0A1E8DYA4	19.147511129097538	0.530833863290359	2.5017365930503263e-05	Haemophilus	0.014090354617925805	0.020801271689602146	"{""Acinetobacter"": 0.0, ""Candida"": 0.0, ""Enterobacterales"": 1.0790600406590537e-06, ""Haemophilus"": 2.5017365930503263e-05, ""Mycobacteria"": 0.0, ""Pseudomonas"": 8.477298812111104e-08, ""Staphylococcus"": 0.0, ""Stenotrophomonas"": 0.0, ""Streptococcus"": 0.0}"
UniRef90_A8AQL2	19.147511129097538	0.530833863290359	0.00011135694668057063	Haemophilus	0.014090354617925805	0.020801271689602146	"{""Acinetobacter"": 0.0, ""Candida"": 0.0, ""Enterobacterales"": 6.337364819966125e-05, ""Haemophilus"": 0.00011135694668057063, ""Mycobacteria"": 0.0, ""Pseudomonas"": 0.0, ""Staphylococcus"": 1.2682402026373429e-06, ""Stenotrophomonas"": 0.0, ""Streptococcus"": 0.0}"
UniRef90_W1U0N5	19.111304062909564	0.5291097172814079	0.0006406800357066703	Streptococcus	0.0142755930875444	0.021036347555233915	"{""Acinetobacter"": 5.022507081448732e-06, ""Candida"": 0.0, ""Enterobacterales"": 5.561766550248833e-05, ""Haemophilus"": 0.0, ""Mycobacteria"": 0.0001034023553092431, ""Pseudomonas"": 1.0642128133470086e-05, ""Staphylococcus"": 0.0003233118027404139, ""Stenotrophomonas"": 0.0001634048332366289, ""Streptococcus"": 0.0006406800357066703}"
UniRef90_UPI000940DD0F	19.087813211845116	0.5279911053259579	4.3425961524312107e-07	Staphylococcus	0.014397010827122565	0.02117669410753119	"{""Acinetobacter"": 0.0, ""Candida"": 0.0, ""Enterobacterales"": 3.204919307826125e-07, ""Haemophilus"": 0.0, ""Mycobacteria"": 0.0, ""Pseudomonas"": 2.6328811146857573e-08, ""Staphylococcus"": 4.3425961524312107e-07, ""Stenotrophomonas"": 0.0, ""Streptococcus"": 0.0}"
UniRef90_W1W1Y1	19.063059791817956	0.5268123710389503	0.0007562207778637992	Streptococcus	0.014526016924337143	0.021327672761867054	"{""Acinetobacter"": 1.955640713090943e-05, ""Candida"": 0.0, ""Enterobacterales"": 5.701452481473517e-05, ""Haemophilus"": 2.0274417833057287e-05, ""Mycobacteria"": 0.0, ""Pseudomonas"": 2.723911016884301e-05, ""Staphylococcus"": 0.0005038307654286392, ""Stenotrophomonas"": 0.00022287471302692867, ""Streptococcus"": 0.0007562207778637992}"
UniRef90_A5TSU5	19.024969059405937	0.524998526638378	0.0005927272417074573	Stenotrophomonas	0.014726681757650318	0.021550092230825674	"{""Acinetobacter"": 0.00021595026474967535, ""Candida"": 0.0, ""Enterobacterales"": 0.00014479835684888306, ""Haemophilus"": 7.659522875173151e-05, ""Mycobacteria"": 0.0, ""Pseudomonas"": 0.0003271011477010793, ""Staphylococcus"": 5.3579322312139756e-05, ""Stenotrophomonas"": 0.0005927272417074573, ""Streptococcus"": 0.0005727484932129571}"
UniRef90_K9CAF8	19.024196277495758	0.524961727499798	0.0005115536116965477	Acinetobacter	0.01473077997978566	0.021550092230825674	"{""Acinetobacter"": 0.0005115536116965477, ""Candida"": 0.0, ""Enterobacterales"": 4.631283634898263e-06, ""Haemophilus"": 0.0, ""Mycobacteria"": 0.0, ""Pseudomonas"": 2.1929781045240165e-05, ""Staphylococcus"": 1.125563179701072e-06, ""Stenotrophomonas"": 0.00010168121071124499, ""Streptococcus"": 1.7812448299774793e-05}"
UniRef90_A0A2W5R9K4	19.012903225806454	0.5244239631336407	0.0004636255005944056	Haemophilus	0.014790793198434144	0.021598829778940835	"{""Acinetobacter"": 0.00022220128991915037, ""Candida"": 0.00010316806488323222, ""Enterobacterales"": 5.0299388143166866e-05, ""Haemophilus"": 0.0005139248887375725, ""Mycobacteria"": 0.0003575689247348733, ""Pseudomonas"": 0.00018199210053917203, ""Staphylococcus"": 0.00015094005419069443, ""Stenotrophomonas"": 0.0001018819288788892, ""Streptococcus"": 0.00023408949113788195}"
UniRef90_W1VVV3	18.994312796208533	0.5235387045813586	0.0004964121047717365	Streptococcus	0.014890092459335705	0.021704657296581234	"{""Acinetobacter"": 0.0, ""Candida"": 0.0, ""Enterobacterales"": 5.617377162711623e-06, ""Haemophilus"": 0.0, ""Mycobacteria"": 0.0, ""Pseudomonas"": 2.5185711594710704e-05, ""Staphylococcus"": 8.549139976757264e-05, ""Stenotrophomonas"": 0.0, ""Streptococcus"": 0.0004964121047717365}"
UniRef90_A0A2W5R1Y5	18.954838709677418	0.5216589861751151	0.0007553155250417213	Haemophilus	0.015103045265342318	0.02197547413608262	"{""Acinetobacter"": 0.0003196507117861965, ""Candida"": 0.0002730860420409922, ""Enterobacterales"": 6.0381411928525704e-05, ""Haemophilus"": 0.0008156969369702469, ""Mycobacteria"": 0.0006663909261895396, ""Pseudomonas"": 0.00023231894969086007, ""Staphylococcus"": 0.00034648274184050375, ""Stenotrophomonas"": 0.00012647353179834743, ""Streptococcus"": 0.0002774827845245196}"
UniRef90_A0A062EPR5	18.836429381735684	0.5160204467493182	0.00033209147554583466	Acinetobacter	0.0157593290926996	0.022889223044872488	"{""Acinetobacter"": 0.00033209147554583466, ""Candida"": 0.0, ""Enterobacterales"": 5.0329527120275026e-05, ""Haemophilus"": 4.339182842038393e-05, ""Mycobacteria"": 0.0, ""Pseudomonas"": 0.0, ""Staphylococcus"": 5.085373747657e-05, ""Stenotrophomonas"": 0.0, ""Streptococcus"": 1.4051458280217023e-05}"
UniRef90_A0A0E9FJ85	18.81612903225806	0.5150537634408601	0.0008136123169778729	Haemophilus	0.015874528960948188	0.02301522209571162	"{""Acinetobacter"": 0.0004126871592271531, ""Candida"": 0.00011353785571888001, ""Enterobacterales"": 5.790888708414188e-05, ""Haemophilus"": 0.0008715212040620148, ""Mycobacteria"": 0.0007372261711471814, ""Pseudomonas"": 0.00018454577964962767, ""Staphylococcus"": 0.000313812145493666, ""Stenotrophomonas"": 0.0004719035061423655, ""Streptococcus"": 0.000356220014228954}"
UniRef90_A0A2W5SUE9	18.790322580645167	0.513824884792627	0.004821930171552725	Mycobacteria	0.01602212912299393	0.02318766093113075	"{""Acinetobacter"": 0.003213124317014519, ""Candida"": 0.0016091398579838195, ""Enterobacterales"": 0.0003283074916122819, ""Haemophilus"": 0.004397512625447913, ""Mycobacteria"": 0.005150237663165007, ""Pseudomonas"": 0.002023063880093004, ""Staphylococcus"": 0.002036060719918534, ""Stenotrophomonas"": 0.0007886765004342858, ""Streptococcus"": 0.0022055884828257113}"
UniRef90_A0A2R9SKX3	18.753333333333327	0.5120634920634918	0.0009292151040787779	Mycobacteria	0.01623596273044899	0.02345516758738077	"{""Acinetobacter"": 0.0002009246424082, ""Candida"": 0.0001536772334717149, ""Enterobacterales"": 6.465764731224339e-05, ""Haemophilus"": 0.0, ""Mycobacteria"": 0.0009292151040787779, ""Pseudomonas"": 5.205761094298077e-06, ""Staphylococcus"": 0.00035194304293558246, ""Stenotrophomonas"": 0.0001792559984591179, ""Streptococcus"": 0.00031609610929365776}"
UniRef90_A0A0T8BVF2	18.734489720998543	0.5111661771904068	5.550178299521636e-06	Streptococcus	0.016345935615851553	0.023571946369383076	"{""Acinetobacter"": 4.3344171557822865e-07, ""Candida"": 0.0, ""Enterobacterales"": 0.0, ""Haemophilus"": 0.0, ""Mycobacteria"": 0.0, ""Pseudomonas"": 1.0207570040159382e-07, ""Staphylococcus"": 1.8526178910097924e-06, ""Stenotrophomonas"": 0.0, ""Streptococcus"": 5.550178299521636e-06}"
UniRef90_A4WFA3	18.619384864427353	0.5056849935441596	0.00010667165528297599	Haemophilus	0.017033193206501013	0.024519311928931174	"{""Acinetobacter"": 0.0, ""Candida"": 0.0, ""Enterobacterales"": 6.421848074182904e-05, ""Haemophilus"": 0.00010667165528297599, ""Mycobacteria"": 0.0, ""Pseudomonas"": 0.0, ""Staphylococcus"": 0.0, ""Stenotrophomonas"": 0.0, ""Streptococcus"": 1.4357923389272793e-05}"
UniRef90_UPI000710B9E2	18.569475036710713	0.5033083350814626	1.479155165683887e-05	Streptococcus	0.01733962869637778	0.02491609167916452	"{""Acinetobacter"": 1.9512420733561262e-07, ""Candida"": 0.0, ""Enterobacterales"": 0.0, ""Haemophilus"": 0.0, ""Mycobacteria"": 0.0, ""Pseudomonas"": 1.192687020707482e-07, ""Staphylococcus"": 6.145097329390722e-06, ""Stenotrophomonas"": 0.0, ""Streptococcus"": 1.479155165683887e-05}"
UniRef90_A0A0H2V5P1	18.524229074889856	0.5011537654709455	9.610482437689918e-05	Enterobacterales	0.017621938121623864	0.02527685805034345	"{""Acinetobacter"": 5.121584313288614e-05, ""Candida"": 0.0, ""Enterobacterales"": 9.610482437689918e-05, ""Haemophilus"": 0.0, ""Mycobacteria"": 0.0, ""Pseudomonas"": 4.5093174969300614e-05, ""Staphylococcus"": 0.0, ""Stenotrophomonas"": 0.0, ""Streptococcus"": 0.0}"
UniRef90_A0A0P6BLV8	18.483870967741936	0.4992319508448541	0.0009501891718204579	Haemophilus	0.017877419726229967	0.025597933731893882	"{""Acinetobacter"": 0.0005942191355450214, ""Candida"": 0.0002241651897609825, ""Enterobacterales"": 3.6573446117990385e-05, ""Haemophilus"": 0.0009867626179384482, ""Mycobacteria"": 0.0005963966603030603, ""Pseudomonas"": 0.00022680817678921906, ""Staphylococcus"": 0.0003376511116820273, ""Stenotrophomonas"": 0.00016103743410634955, ""Streptococcus"": 0.00027976944033308333}"
UniRef90_A0A370ZPP9	18.473462414578577	0.49873630545612274	1.8796406062501586e-06	Enterobacterales	0.01794387657518887	0.025647696376904235	"{""Acinetobacter"": 0.0, ""Candida"": 0.0, ""Enterobacterales"": 1.8796406062501586e-06, ""Haemophilus"": 0.0, ""Mycobacteria"": 0.0, ""Pseudomonas"": 0.0, ""Staphylococcus"": 5.137706161282983e-07, ""Stenotrophomonas"": 0.0, ""Streptococcus"": 8.481501608560112e-07}"
UniRef90_A0A1A9AHF0	18.458064516129028	0.4980030721966204	0.003855030684333971	Mycobacteria	0.01804261879475269	0.02574334850962068	"{""Acinetobacter"": 0.0007899137007745865, ""Candida"": 0.0011378758321662595, ""Enterobacterales"": 0.00023161673385830006, ""Haemophilus"": 0.002016942247680818, ""Mycobacteria"": 0.004086647418192271, ""Pseudomonas"": 0.0007547726849940457, ""Staphylococcus"": 0.0011220066824140285, ""Stenotrophomonas"": 0.0008856650421070048, ""Streptococcus"": 0.0011407843568488779}"
UniRef90_A0A366U8W6	18.376480541455155	0.4941181210216741	0.0004966455532758524	Streptococcus	0.01857443586993727	0.026430493024175737	"{""Acinetobacter"": 2.749626034340499e-06, ""Candida"": 0.0, ""Enterobacterales"": 1.1913067379951556e-06, ""Haemophilus"": 0.0, ""Mycobacteria"": 0.0, ""Pseudomonas"": 5.071423785761506e-06, ""Staphylococcus"": 7.78001075911531e-05, ""Stenotrophomonas"": 0.0, ""Streptococcus"": 0.0004966455532758524}"
UniRef90_W1V606	18.374193548387098	0.4940092165898618	0.008309906673177247	Mycobacteria	0.01858955566224474	0.026430493024175737	"{""Acinetobacter"": 0.0017521792066960426, ""Candida"": 0.0019241263826730321, ""Enterobacterales"": 0.0004512484703959158, ""Haemophilus"": 0.0019297177352234833, ""Mycobacteria"": 0.008761155143573163, ""Pseudomonas"": 0.0008639020287074644, ""Staphylococcus"": 0.0025498226171787666, ""Stenotrophomonas"": 0.0018778964073596887, ""Streptococcus"": 0.0026691386454035537}"
UniRef90_A0A2R9SKW9	18.363274853801176	0.493489278752437	0.001481647154809339	Mycobacteria	0.018661902149434615	0.026462386425826698	"{""Acinetobacter"": 0.0004785600721697003, ""Candida"": 0.0005768968989829986, ""Enterobacterales"": 0.00011934260517812239, ""Haemophilus"": 0.0, ""Mycobacteria"": 0.001481647154809339, ""Pseudomonas"": 1.0330704656394137e-05, ""Staphylococcus"": 0.00048024133524643105, ""Stenotrophomonas"": 0.00034248033070531306, ""Streptococcus"": 0.0006336510310009364}"
UniRef90_A0A0J4Y5U0	18.360939968404416	0.49337809373354363	0.0004560692631428178	Enterobacterales	0.01867740747731402	0.026462386425826698	"{""Acinetobacter"": 2.975510499126962e-05, ""Candida"": 0.0, ""Enterobacterales"": 0.0004560692631428178, ""Haemophilus"": 0.00014916738945698453, ""Mycobacteria"": 0.0, ""Pseudomonas"": 2.4409546135035835e-05, ""Staphylococcus"": 0.0, ""Stenotrophomonas"": 0.0003422062936059986, ""Streptococcus"": 2.4102866392735553e-05}"
UniRef90_A0A2S9RET3	18.299999999999997	0.49047619047619034	0.004046746303961362	Mycobacteria	0.019086430554643347	0.02699461943829802	"{""Acinetobacter"": 0.003038064320789971, ""Candida"": 0.002156692207384936, ""Enterobacterales"": 0.0003666757227531706, ""Haemophilus"": 0.004142956995167114, ""Mycobacteria"": 0.004413422026714533, ""Pseudomonas"": 0.0017959232506988706, ""Staphylococcus"": 0.0018432920470649974, ""Stenotrophomonas"": 0.0007435885791999196, ""Streptococcus"": 0.0018879407625137633}"
UniRef90_UPI00065D5B97	18.22926421404682	0.48710781971651534	0.0003550054238759477	Haemophilus	0.019571825959117696	0.02763282234018537	"{""Acinetobacter"": 0.00022626013830249472, ""Candida"": 0.0001230789069513062, ""Enterobacterales"": 2.394913973554776e-05, ""Haemophilus"": 0.0003789545636114955, ""Mycobacteria"": 0.0002056264206252278, ""Pseudomonas"": 3.273153513087635e-05, ""Staphylococcus"": 0.0001124817699301173, ""Stenotrophomonas"": 3.182185499389921e-05, ""Streptococcus"": 0.00013598636514917137}"
UniRef90_A0A0T8ANS3	18.19688385269121	0.48556589774720055	7.057247665846837e-05	Streptococcus	0.01979789620282193	0.027903306669134046	"{""Acinetobacter"": 0.0, ""Candida"": 0.0, ""Enterobacterales"": 9.886191335609275e-07, ""Haemophilus"": 0.0, ""Mycobacteria"": 2.824416186753562e-05, ""Pseudomonas"": 0.0, ""Staphylococcus"": 6.253128775716867e-07, ""Stenotrophomonas"": 0.0, ""Streptococcus"": 7.057247665846837e-05}"
UniRef90_W1YES0	18.170967741935485	0.48433179723502306	0.004121703716243165	Mycobacteria	0.019980610900245853	0.02811185081443286	"{""Acinetobacter"": 0.0007912386631092662, ""Candida"": 0.0009813136591017143, ""Enterobacterales"": 0.0002336449580250205, ""Haemophilus"": 0.0009407926784729316, ""Mycobacteria"": 0.004355348674268185, ""Pseudomonas"": 0.0003870288980129562, ""Staphylococcus"": 0.0013079231401570285, ""Stenotrophomonas"": 0.0008067940315643369, ""Streptococcus"": 0.001127023876413343}"
UniRef90_A0A2V2L3F1	18.074970760233917	0.4797605123920913	0.0004944788203804744	Mycobacteria	0.020671389328044586	0.02903325341386818	"{""Acinetobacter"": 0.0001588954171700673, ""Candida"": 7.806147007861583e-05, ""Enterobacterales"": 4.637937955107257e-05, ""Haemophilus"": 0.0, ""Mycobacteria"": 0.0004944788203804744, ""Pseudomonas"": 3.1709985023517364e-06, ""Staphylococcus"": 0.00018069128987235084, ""Stenotrophomonas"": 6.549514377902682e-05, ""Streptococcus"": 0.0001518182893891599}"
UniRef90_A0A077M4D3	18.054838709677426	0.4788018433179727	0.009671496189045068	Mycobacteria	0.02081908927368041	0.029190022915784146	"{""Acinetobacter"": 0.002358075714278476, ""Candida"": 0.0025587774721105897, ""Enterobacterales"": 0.00048062339591260913, ""Haemophilus"": 0.0029709808416146883, ""Mycobacteria"": 0.010152119584957677, ""Pseudomonas"": 0.0011837270150711176, ""Staphylococcus"": 0.0031458249837536104, ""Stenotrophomonas"": 0.0022648002000940203, ""Streptococcus"": 0.0030365987076011866}"
UniRef90_A0A1Y1JUJ1	18.018538913362704	0.4770732815887002	0.00046171108480837333	Haemophilus	0.021087926010913322	0.029414020935911857	"{""Acinetobacter"": 0.0, ""Candida"": 0.0, ""Enterobacterales"": 3.657385236498905e-06, ""Haemophilus"": 0.00046171108480837333, ""Mycobacteria"": 0.0, ""Pseudomonas"": 2.440810902638029e-06, ""Staphylococcus"": 2.60130157078466e-06, ""Stenotrophomonas"": 0.0, ""Streptococcus"": 2.877585557218961e-05}"
UniRef90_L2UUH0	18.018538913362704	0.4770732815887002	0.0004988044556981537	Enterobacterales	0.021087926010913322	0.029414020935911857	"{""Acinetobacter"": 0.0, ""Candida"": 0.0, ""Enterobacterales"": 0.0004988044556981537, ""Haemophilus"": 5.9982821661536305e-05, ""Mycobacteria"": 0.0, ""Pseudomonas"": 1.0243435528903142e-05, ""Staphylococcus"": 1.4950962343720929e-06, ""Stenotrophomonas"": 0.0, ""Streptococcus"": 1.6996065347590896e-05}"
UniRef90_W1YP94	18.018538913362704	0.4770732815887002	0.0006464798416218386	Streptococcus	0.021087926010913322	0.029414020935911857	"{""Acinetobacter"": 0.0, ""Candida"": 0.0, ""Enterobacterales"": 1.0545270753712392e-06, ""Haemophilus"": 2.2614106498059897e-05, ""Mycobacteria"": 0.0, ""Pseudomonas"": 9.302008294812599e-07, ""Staphylococcus"": 2.5701291581039766e-05, ""Stenotrophomonas"": 0.0, ""Streptococcus"": 0.0006464798416218386}"
UniRef90_A0A077LYK9	17.959649122807015	0.4742690058479531	0.003034298752054913	Mycobacteria	0.02153104555472923	0.029980405944536912	"{""Acinetobacter"": 0.0005585824849837717, ""Candida"": 0.0006302121611181077, ""Enterobacterales"": 0.00019415514241548823, ""Haemophilus"": 0.0, ""Mycobacteria"": 0.003034298752054913, ""Pseudomonas"": 2.8522194585416365e-05, ""Staphylococcus"": 0.0014729486922098736, ""Stenotrophomonas"": 0.0006098764658313206, ""Streptococcus"": 0.0009506007779415761}"
UniRef90_A0A0K6BD85	17.938382687927117	0.4732563184727199	1.2632803504873064e-05	Haemophilus	0.02169321421678251	0.03008099379513047	"{""Acinetobacter"": 0.0, ""Candida"": 0.0, ""Enterobacterales"": 4.68264888103426e-06, ""Haemophilus"": 1.2632803504873064e-05, ""Mycobacteria"": 0.0, ""Pseudomonas"": 0.0, ""Staphylococcus"": 0.0, ""Stenotrophomonas"": 0.0, ""Streptococcus"": 2.4167531797380693e-06}"
UniRef90_A0A377B841	17.938382687927117	0.4732563184727199	3.31579160394273e-05	Haemophilus	0.02169321421678251	0.03008099379513047	"{""Acinetobacter"": 0.0, ""Candida"": 0.0, ""Enterobacterales"": 1.475989417751951e-05, ""Haemophilus"": 3.31579160394273e-05, ""Mycobacteria"": 0.0, ""Pseudomonas"": 0.0, ""Staphylococcus"": 0.0, ""Stenotrophomonas"": 0.0, ""Streptococcus"": 5.3692564154004225e-06}"
UniRef90_W1YQ07	17.934856175972936	0.47308838933204456	0.00039350333444043353	Streptococcus	0.02172021699873015	0.03008099379513047	"{""Acinetobacter"": 4.295167464376867e-06, ""Candida"": 0.0, ""Enterobacterales"": 1.8609301336361327e-06, ""Haemophilus"": 0.0, ""Mycobacteria"": 0.0, ""Pseudomonas"": 2.4465123630485213e-06, ""Staphylococcus"": 3.17076330456058e-05, ""Stenotrophomonas"": 0.0, ""Streptococcus"": 0.00039350333444043353}"
UniRef90_UPI000F4835E1	17.93070851688692	0.47289088175652	2.3912652613903555e-06	Enterobacterales	0.02175201652676307	0.03008099379513047	"{""Acinetobacter"": 0.0, ""Candida"": 0.0, ""Enterobacterales"": 2.3912652613903555e-06, ""Haemophilus"": 0.0, ""Mycobacteria"": 0.0, ""Pseudomonas"": 6.733248036865212e-08, ""Staphylococcus"": 7.125611066258755e-08, ""Stenotrophomonas"": 0.0, ""Streptococcus"": 1.588919345233158e-06}"
UniRef90_A0A2D5HMB3	17.88000809388911	0.47047657589948144	7.926935136884575e-07	Pseudomonas	0.022144295427477506	0.030571220137933966	"{""Acinetobacter"": 0.0, ""Candida"": 0.0, ""Enterobacterales"": 4.6722179711251883e-07, ""Haemophilus"": 0.0, ""Mycobacteria"": 0.0, ""Pseudomonas"": 7.926935136884575e-07, ""Staphylococcus"": 0.0, ""Stenotrophomonas"": 0.0, ""Streptococcus"": 1.467596753542782e-07}"
UniRef90_Q57HV4	17.850503403289842	0.46907159063284964	0.0002297910884106203	Enterobacterales	0.022375639373557136	0.030837976581273803	"{""Acinetobacter"": 2.810052424507035e-05, ""Candida"": 0.0, ""Enterobacterales"": 0.0002297910884106203, ""Haemophilus"": 0.00019150084902026272, ""Mycobacteria"": 0.0, ""Pseudomonas"": 0.00010083726654410902, ""Staphylococcus"": 0.0, ""Stenotrophomonas"": 0.00017722215370964486, ""Streptococcus"": 2.667104558498899e-05}"
UniRef90_A0A158T0F0	17.82690355329949	0.4679477882523567	0.0009812181464582855	Haemophilus	0.022562321887777056	0.030989674715130117	"{""Acinetobacter"": 0.0, ""Candida"": 0.0, ""Enterobacterales"": 1.0700933095924055e-05, ""Haemophilus"": 0.0009812181464582855, ""Mycobacteria"": 0.0, ""Pseudomonas"": 2.7384416946389065e-06, ""Staphylococcus"": 1.7116473145740747e-05, ""Stenotrophomonas"": 0.0, ""Streptococcus"": 6.29564867675048e-05}"
UniRef90_W1YJW3	17.82690355329949	0.4679477882523567	0.0005141878643426521	Streptococcus	0.022562321887777056	0.030989674715130117	"{""Acinetobacter"": 0.0, ""Candida"": 0.0, ""Enterobacterales"": 2.06320514839391e-06, ""Haemophilus"": 0.0, ""Mycobacteria"": 2.947216889641291e-05, ""Pseudomonas"": 2.417944392600305e-06, ""Staphylococcus"": 1.2252100708735209e-05, ""Stenotrophomonas"": 0.0, ""Streptococcus"": 0.0005141878643426521}"
UniRef90_A0A2W5SKK8	17.80967741935484	0.46712749615975435	0.0011832274952483209	Acinetobacter	0.022699511937504788	0.03112526297871419	"{""Acinetobacter"": 0.0012808909312673972, ""Candida"": 0.0005862171945210423, ""Enterobacterales"": 9.766343601907629e-05, ""Haemophilus"": 0.0011969659016566859, ""Mycobacteria"": 0.0012700787191797925, ""Pseudomonas"": 0.0006038361087944526, ""Staphylococcus"": 0.0005814264880285009, ""Stenotrophomonas"": 0.0002394723122141575, ""Streptococcus"": 0.0005518550496340393}"
UniRef90_UPI0008DD38E1	17.653896412449512	0.4597093529737863	0.0002779446368682505	Mycobacteria	0.023976350660260874	0.03282041909331818	"{""Acinetobacter"": 9.854255849626092e-05, ""Candida"": 0.00011284275598861531, ""Enterobacterales"": 1.7469782312003154e-05, ""Haemophilus"": 0.0, ""Mycobacteria"": 0.0002779446368682505, ""Pseudomonas"": 1.331723728671424e-06, ""Staphylococcus"": 9.093298594256598e-05, ""Stenotrophomonas"": 5.447483813892586e-05, ""Streptococcus"": 0.00012126984109255854}"
UniRef90_U3TZ66	17.62105055292259	0.45814526442488523	0.0006853713188650547	Enterobacterales	0.02425406080960946	0.033100209956224765	"{""Acinetobacter"": 3.429705010761062e-05, ""Candida"": 0.0, ""Enterobacterales"": 0.0006853713188650547, ""Haemophilus"": 7.55610277653931e-05, ""Mycobacteria"": 0.0, ""Pseudomonas"": 5.1472517542009145e-06, ""Staphylococcus"": 2.712433205269114e-05, ""Stenotrophomonas"": 0.00014115806507623531, ""Streptococcus"": 9.236622924649138e-06}"
UniRef90_A0A2W5R854	17.6200489541611	0.4580975692457666	0.00048559815508407585	Mycobacteria	0.02426257664281988	0.033100209956224765	"{""Acinetobacter"": 0.00017446672157524687, ""Candida"": 0.00010847647128078574, ""Enterobacterales"": 4.668509868024138e-05, ""Haemophilus"": 0.00045817210216780684, ""Mycobacteria"": 0.0005322832537643172, ""Pseudomonas"": 0.00017208197999452686, ""Staphylococcus"": 0.00016907351581510734, ""Stenotrophomonas"": 6.363315114575382e-05, ""Streptococcus"": 0.00016967194216599784}"
UniRef90_A0A2Y0QZH5	17.511619462599853	0.45293426012380256	0.000649833095770454	Enterobacterales	0.02520128586059526	0.03432296340272991	"{""Acinetobacter"": 7.72853527904712e-05, ""Candida"": 0.0, ""Enterobacterales"": 0.000649833095770454, ""Haemophilus"": 0.0003229937002390827, ""Mycobacteria"": 0.0, ""Pseudomonas"": 0.00010305913242764326, ""Staphylococcus"": 7.661117948787145e-05, ""Stenotrophomonas"": 0.00022645966050862434, ""Streptococcus"": 6.191697341992386e-05}"
UniRef90_A0A0E2LT58	17.458064516129028	0.45038402457757276	0.001185205007985877	Haemophilus	0.025677424454005733	0.03491266619040443	"{""Acinetobacter"": 0.00037551426449625923, ""Candida"": 0.0002506512752399466, ""Enterobacterales"": 4.1902544838508124e-05, ""Haemophilus"": 0.0012271075528243853, ""Mycobacteria"": 0.0008345455221213854, ""Pseudomonas"": 0.000322154559635555, ""Staphylococcus"": 0.0003605183555972143, ""Stenotrophomonas"": 9.826559501349874e-05, ""Streptococcus"": 0.00022927130234597133}"
UniRef90_A0A2W5R2S8	17.41612903225807	0.4483870967741938	0.0018225398350249851	Mycobacteria	0.02605614477867142	0.03499830404181971	"{""Acinetobacter"": 0.0014810605270875773, ""Candida"": 0.0009991642262774292, ""Enterobacterales"": 0.0001709334721405587, ""Haemophilus"": 0.0018007467555857814, ""Mycobacteria"": 0.001993473307165544, ""Pseudomonas"": 0.0009479963457920395, ""Staphylococcus"": 0.0009413049997215876, ""Stenotrophomonas"": 0.0003855209779192175, ""Streptococcus"": 0.0009645603254451007}"
UniRef90_A0A1S9ZEL2	17.40330296127563	0.4477763314893158	6.56930226380087e-05	Haemophilus	0.026173020945983835	0.03499830404181971	"{""Acinetobacter"": 0.0, ""Candida"": 0.0, ""Enterobacterales"": 0.0, ""Haemophilus"": 6.56930226380087e-05, ""Mycobacteria"": 0.0, ""Pseudomonas"": 6.066527148062843e-07, ""Staphylococcus"": 0.0, ""Stenotrophomonas"": 0.0, ""Streptococcus"": 1.23855216856353e-06}"
UniRef90_A0A2D0B415	17.40330296127563	0.4477763314893158	2.7941818310244594e-05	Haemophilus	0.026173020945983835	0.03499830404181971	"{""Acinetobacter"": 0.0, ""Candida"": 0.0, ""Enterobacterales"": 7.511391816083326e-07, ""Haemophilus"": 2.7941818310244594e-05, ""Mycobacteria"": 0.0, ""Pseudomonas"": 6.798818490065736e-06, ""Staphylococcus"": 0.0, ""Stenotrophomonas"": 0.0, ""Streptococcus"": 0.0}"
UniRef90_A0A2X3CPS2	17.40330296127563	0.4477763314893158	6.397125642217859e-06	Haemophilus	0.026173020945983835	0.03499830404181971	"{""Acinetobacter"": 0.0, ""Candida"": 0.0, ""Enterobacterales"": 7.169813719106937e-07, ""Haemophilus"": 6.397125642217859e-06, ""Mycobacteria"": 0.0, ""Pseudomonas"": 0.0, ""Staphylococcus"": 0.0, ""Stenotrophomonas"": 0.0, ""Streptococcus"": 1.399636764540737e-06}"
UniRef90_A0A377CYR0	17.40330296127563	0.4477763314893158	1.6242175934836796e-05	Haemophilus	0.026173020945983835	0.03499830404181971	"{""Acinetobacter"": 0.0, ""Candida"": 0.0, ""Enterobacterales"": 2.261630410049457e-06, ""Haemophilus"": 1.6242175934836796e-05, ""Mycobacteria"": 0.0, ""Pseudomonas"": 0.0, ""Staphylococcus"": 0.0, ""Stenotrophomonas"": 0.0, ""Streptococcus"": 1.5422033158991167e-06}"
UniRef90_A0A381GFY7	17.40330296127563	0.4477763314893158	8.297121139742006e-07	Streptococcus	0.026173020945983835	0.03499830404181971	"{""Acinetobacter"": 0.0, ""Candida"": 0.0, ""Enterobacterales"": 2.6704786669264614e-07, ""Haemophilus"": 0.0, ""Mycobacteria"": 0.0, ""Pseudomonas"": 0.0, ""Staphylococcus"": 5.026016896688562e-07, ""Stenotrophomonas"": 0.0, ""Streptococcus"": 8.297121139742006e-07}"
UniRef90_A0A3B1A2Z1	17.40330296127563	0.4477763314893158	4.41722225422049e-07	Streptococcus	0.026173020945983835	0.03499830404181971	"{""Acinetobacter"": 0.0, ""Candida"": 0.0, ""Enterobacterales"": 2.539926287577924e-07, ""Haemophilus"": 0.0, ""Mycobacteria"": 0.0, ""Pseudomonas"": 0.0, ""Staphylococcus"": 1.8678753429243285e-07, ""Stenotrophomonas"": 0.0, ""Streptococcus"": 4.41722225422049e-07}"
UniRef90_A0A3E0WGM3	17.40330296127563	0.4477763314893158	8.862406744529172e-07	Staphylococcus	0.026173020945983835	0.03499830404181971	"{""Acinetobacter"": 0.0, ""Candida"": 0.0, ""Enterobacterales"": 2.740238743208736e-07, ""Haemophilus"": 0.0, ""Mycobacteria"": 0.0, ""Pseudomonas"": 7.239423505272959e-07, ""Staphylococcus"": 8.862406744529172e-07, ""Stenotrophomonas"": 0.0, ""Streptococcus"": 0.0}"
UniRef90_C9XTC0	17.40330296127563	0.4477763314893158	8.481501608560112e-07	Streptococcus	0.026173020945983835	0.03499830404181971	"{""Acinetobacter"": 0.0, ""Candida"": 0.0, ""Enterobacterales"": 5.366108398186274e-07, ""Haemophilus"": 0.0, ""Mycobacteria"": 0.0, ""Pseudomonas"": 0.0, ""Staphylococcus"": 5.137706161282983e-07, ""Stenotrophomonas"": 0.0, ""Streptococcus"": 8.481501608560112e-07}"
UniRef90_P14647	17.40330296127563	0.4477763314893158	3.654489585594093e-05	Haemophilus	0.026173020945983835	0.03499830404181971	"{""Acinetobacter"": 0.0, ""Candida"": 0.0, ""Enterobacterales"": 2.242744373263696e-05, ""Haemophilus"": 3.654489585594093e-05, ""Mycobacteria"": 0.0, ""Pseudomonas"": 0.0, ""Staphylococcus"": 0.0, ""Stenotrophomonas"": 0.0, ""Streptococcus"": 1.9616826180972756e-05}"
UniRef90_A0A0S8IQX6	17.331324446965397	0.4443487831888284	2.174510187253838e-06	Pseudomonas	0.026838101801601805	0.03582842303217139	"{""Acinetobacter"": 4.1769715789730425e-07, ""Candida"": 0.0, ""Enterobacterales"": 1.3434851672555693e-07, ""Haemophilus"": 0.0, ""Mycobacteria"": 0.0, ""Pseudomonas"": 2.174510187253838e-06, ""Staphylococcus"": 1.2970738850252534e-07, ""Stenotrophomonas"": 0.0, ""Streptococcus"": 1.6260389490729596e-07}"
UniRef90_A0A2W5R499	17.209836065573768	0.4385636221701794	0.0001195362833078421	Mycobacteria	0.02799674894953522	0.03731362421774958	"{""Acinetobacter"": 6.622120160599453e-05, ""Candida"": 0.0, ""Enterobacterales"": 1.0586144560918073e-05, ""Haemophilus"": 4.953209094489476e-05, ""Mycobacteria"": 0.0001195362833078421, ""Pseudomonas"": 0.0, ""Staphylococcus"": 0.0, ""Stenotrophomonas"": 4.095036173400851e-05, ""Streptococcus"": 0.0}"
UniRef90_A0A379X2Y3	17.185480910425856	0.4374038528774217	2.4366600141485576e-06	Enterobacterales	0.02823459972192847	0.037531075494565434	"{""Acinetobacter"": 0.0, ""Candida"": 0.0, ""Enterobacterales"": 2.4366600141485576e-06, ""Haemophilus"": 0.0, ""Mycobacteria"": 0.0, ""Pseudomonas"": 6.940442021236625e-08, ""Staphylococcus"": 9.645799058112832e-07, ""Stenotrophomonas"": 0.0, ""Streptococcus"": 7.114969666294842e-07}"
UniRef90_A8GKI0	17.17583974099554	0.4369447495712161	0.00012187012145332702	Haemophilus	0.028329276879373592	0.037531075494565434	"{""Acinetobacter"": 0.0, ""Candida"": 0.0, ""Enterobacterales"": 4.769300663908865e-05, ""Haemophilus"": 0.00012187012145332702, ""Mycobacteria"": 0.0, ""Pseudomonas"": 0.0, ""Staphylococcus"": 0.0, ""Stenotrophomonas"": 0.0, ""Streptococcus"": 1.945172554871903e-05}"
UniRef90_P44379	17.17583974099554	0.4369447495712161	7.182758807079237e-05	Haemophilus	0.028329276879373592	0.037531075494565434	"{""Acinetobacter"": 0.0, ""Candida"": 0.0, ""Enterobacterales"": 4.892145916694132e-05, ""Haemophilus"": 7.182758807079237e-05, ""Mycobacteria"": 0.0, ""Pseudomonas"": 0.0, ""Staphylococcus"": 0.0, ""Stenotrophomonas"": 0.0, ""Streptococcus"": 2.1132890437085353e-05}"
UniRef90_A0A0N4VRR8	17.174193548387095	0.4368663594470045	0.0010200335955387516	Haemophilus	0.028345472345092063	0.037531075494565434	"{""Acinetobacter"": 0.00020940753185224936, ""Candida"": 0.00021303643094114274, ""Enterobacterales"": 5.2631659486841355e-05, ""Haemophilus"": 0.0010726652550255929, ""Mycobacteria"": 0.0006941886421738684, ""Pseudomonas"": 0.0004492398295365802, ""Staphylococcus"": 0.0003364709334481331, ""Stenotrophomonas"": 9.66992397501873e-05, ""Streptococcus"": 0.000208276245659914}"
UniRef90_A0A1X1JM14	17.14289647577093	0.43537602265575853	4.849480044456361e-05	Streptococcus	0.02865503234995301	0.03787895616194769	"{""Acinetobacter"": 0.0, ""Candida"": 0.0, ""Enterobacterales"": 1.186342960415474e-06, ""Haemophilus"": 0.0, ""Mycobacteria"": 0.0, ""Pseudomonas"": 3.7671410930936026e-08, ""Staphylococcus"": 1.4765078556446395e-06, ""Stenotrophomonas"": 0.0, ""Streptococcus"": 4.849480044456361e-05}"
UniRef90_A0A0M3KI73	17.07123519458544	0.4319635806945448	0.00010757872809085443	Stenotrophomonas	0.029375802195947327	0.03869618693790436	"{""Acinetobacter"": 9.799157172875098e-06, ""Candida"": 0.0, ""Enterobacterales"": 8.886831154759713e-05, ""Haemophilus"": 0.0, ""Mycobacteria"": 0.0, ""Pseudomonas"": 2.3684881771533193e-05, ""Staphylococcus"": 0.0, ""Stenotrophomonas"": 0.00010757872809085443, ""Streptococcus"": 7.073569355111925e-05}"
UniRef90_A0A237JUS6	17.070214488061524	0.43191497562197734	6.310506754661994e-05	Streptococcus	0.02938619002383556	0.03869618693790436	"{""Acinetobacter"": 6.084820574168806e-06, ""Candida"": 0.0, ""Enterobacterales"": 0.0, ""Haemophilus"": 0.0, ""Mycobacteria"": 0.0, ""Pseudomonas"": 1.1959724951071327e-06, ""Staphylococcus"": 8.959706902895998e-08, ""Stenotrophomonas"": 0.0, ""Streptococcus"": 6.310506754661994e-05}"
UniRef90_X5NU12	17.067213114754093	0.43177205308352823	0.0009017343483847658	Streptococcus	0.029416755212374763	0.03869618693790436	"{""Acinetobacter"": 0.0001377825801203004, ""Candida"": 0.0, ""Enterobacterales"": 4.784040635425938e-05, ""Haemophilus"": 0.0, ""Mycobacteria"": 0.0, ""Pseudomonas"": 4.157725128598887e-05, ""Staphylococcus"": 7.589776362553822e-05, ""Stenotrophomonas"": 0.0, ""Streptococcus"": 0.0009017343483847658}"
UniRef90_A0A2S9RFD6	17.044114374721858	0.4306721130819932	0.0007063469470408142	Haemophilus	0.029652984382134807	0.03894361098238159	"{""Acinetobacter"": 0.00037458746593019336, ""Candida"": 0.00017171517251193924, ""Enterobacterales"": 7.14769528546353e-05, ""Haemophilus"": 0.0007778238998954495, ""Mycobacteria"": 0.0005743022090644804, ""Pseudomonas"": 0.00011471636638618672, ""Staphylococcus"": 0.0003066210376862006, ""Stenotrophomonas"": 0.00020273342802088325, ""Streptococcus"": 0.00023796741264713717}"
UniRef90_A9MHG0	16.991189427312776	0.4281518774910846	9.543112679369883e-05	Haemophilus	0.030200954326134358	0.03959898225258135	"{""Acinetobacter"": 0.0, ""Candida"": 0.0, ""Enterobacterales"": 9.292020747391845e-06, ""Haemophilus"": 9.543112679369883e-05, ""Mycobacteria"": 0.0, ""Pseudomonas"": 0.0, ""Staphylococcus"": 0.0, ""Stenotrophomonas"": 0.0, ""Streptococcus"": 2.7620068882424836e-05}"
UniRef90_A0A2W5KTR9	16.92692737430167	0.4250917797286509	0.0003430519173591256	Haemophilus	0.030879037317765874	0.04039768817845865	"{""Acinetobacter"": 0.00021251367517970834, ""Candida"": 0.00014704354393719208, ""Enterobacterales"": 2.6456084649080414e-05, ""Haemophilus"": 0.000369508002008206, ""Mycobacteria"": 0.00021421968056250547, ""Pseudomonas"": 4.420298973268992e-05, ""Staphylococcus"": 0.00013770923595623339, ""Stenotrophomonas"": 4.421138670583398e-05, ""Streptococcus"": 0.00015150829387755428}"
UniRef90_A0A0Q9M9J0	16.924027072758033	0.4249536701313349	0.00012492314270774732	Haemophilus	0.030909974020353406	0.04039768817845865	"{""Acinetobacter"": 3.411012558678982e-05, ""Candida"": 0.0, ""Enterobacterales"": 0.0, ""Haemophilus"": 0.00012492314270774732, ""Mycobacteria"": 2.018350077558383e-05, ""Pseudomonas"": 0.0, ""Staphylococcus"": 9.791320929890868e-06, ""Stenotrophomonas"": 0.0, ""Streptococcus"": 7.734034537686485e-06}"
UniRef90_A0A2S9RCR4	16.903225806451616	0.4239631336405531	0.0009086186076104518	Haemophilus	0.031132705786697575	0.04062315964748119	"{""Acinetobacter"": 0.0006703393593273045, ""Candida"": 0.00033632403391800815, ""Enterobacterales"": 0.00010635614212942066, ""Haemophilus"": 0.0010149747497398725, ""Mycobacteria"": 0.000910505623214698, ""Pseudomonas"": 0.0003451014637764407, ""Staphylococcus"": 0.0006734850597503987, ""Stenotrophomonas"": 0.00024581474193454105, ""Streptococcus"": 0.00042129498960072684}"
UniRef90_A0A3B4AGX3	16.87310858923009	0.422528980439528	0.008395499915581967	Mycobacteria	0.0314578483232025	0.04098131931315753	"{""Acinetobacter"": 0.001184615118762384, ""Candida"": 0.0017068646074524837, ""Enterobacterales"": 0.00044034186691721566, ""Haemophilus"": 0.0006771032158629547, ""Mycobacteria"": 0.008598318116831769, ""Pseudomonas"": 0.0002028182012498027, ""Staphylococcus"": 0.0024243655492057325, ""Stenotrophomonas"": 0.0013728578330436316, ""Streptococcus"": 0.002008607818579658}"
UniRef90_UPI0005E5048D	16.777419354838713	0.4179723502304149	0.0011821910660408906	Mycobacteria	0.03251207317012286	0.042286603206799674	"{""Acinetobacter"": 0.0005593464208344797, ""Candida"": 0.0003316211041210746, ""Enterobacterales"": 0.0001036033378052653, ""Haemophilus"": 0.0009804309193502138, ""Mycobacteria"": 0.001285794403846156, ""Pseudomonas"": 0.0003430417468927437, ""Staphylococcus"": 0.0008515762151037709, ""Stenotrophomonas"": 0.00013516888510095907, ""Streptococcus"": 0.00035305269908588783}"
UniRef90_J7R5H1	16.742470389170887	0.41630811377004223	0.00010042477154810577	Enterobacterales	0.032905267372347426	0.042716880591629	"{""Acinetobacter"": 0.0, ""Candida"": 0.0, ""Enterobacterales"": 0.00010042477154810577, ""Haemophilus"": 0.0, ""Mycobacteria"": 0.0, ""Pseudomonas"": 3.490185903469542e-05, ""Staphylococcus"": 1.5477468974744985e-05, ""Stenotrophomonas"": 2.4102212909332147e-05, ""Streptococcus"": 1.0363606283505334e-05}"
UniRef90_A0A0P6IUB4	16.738651807556405	0.416126276550305	0.0003577944745044573	Pseudomonas	0.032948496278339304	0.042716880591629	"{""Acinetobacter"": 0.0001176752060655919, ""Candida"": 0.0, ""Enterobacterales"": 0.00010562560820529002, ""Haemophilus"": 0.0001701485011411593, ""Mycobacteria"": 0.0, ""Pseudomonas"": 0.0003577944745044573, ""Staphylococcus"": 0.0, ""Stenotrophomonas"": 0.0003160067914511301, ""Streptococcus"": 0.0}"
UniRef90_UPI000940EC85	16.711729074889863	0.4148442416614221	2.056572253822498e-06	Enterobacterales	0.03325478666739386	0.04304499586227461	"{""Acinetobacter"": 1.13515273660808e-06, ""Candida"": 0.0, ""Enterobacterales"": 2.056572253822498e-06, ""Haemophilus"": 0.0, ""Mycobacteria"": 0.0, ""Pseudomonas"": 2.323908030493566e-08, ""Staphylococcus"": 5.475640827077767e-07, ""Stenotrophomonas"": 0.0, ""Streptococcus"": 0.0}"
UniRef90_A0A0B0HFJ5	16.643666169895678	0.41160315094741323	0.0005951790220790138	Streptococcus	0.03404099781431197	0.04399227992296866	"{""Acinetobacter"": 0.0, ""Candida"": 0.0, ""Enterobacterales"": 2.7660222965035608e-05, ""Haemophilus"": 8.671670203954451e-05, ""Mycobacteria"": 0.0001034023553092431, ""Pseudomonas"": 6.385276881756413e-06, ""Staphylococcus"": 8.785642392174854e-05, ""Stenotrophomonas"": 0.0, ""Streptococcus"": 0.0005951790220790138}"
UniRef90_A0A0V0T020	16.599999999999994	0.40952380952380923	0.022249001652911632	Mycobacteria	0.034554483772099846	0.04458465290530905	"{""Acinetobacter"": 0.003223235919233636, ""Candida"": 0.005025644146451196, ""Enterobacterales"": 0.0011879414366683665, ""Haemophilus"": 0.002401907751564813, ""Mycobacteria"": 0.023316893469351518, ""Pseudomonas"": 0.0010678918164398854, ""Staphylococcus"": 0.006487592766122608, ""Stenotrophomonas"": 0.004923201292851781, ""Streptococcus"": 0.005956054304098612}"
UniRef90_A0A376TQ99	16.54208822339134	0.40676610587577805	3.0700419506097152e-06	Enterobacterales	0.03524662429727054	0.0452611413595109	"{""Acinetobacter"": 0.0, ""Candida"": 0.0, ""Enterobacterales"": 3.0700419506097152e-06, ""Haemophilus"": 0.0, ""Mycobacteria"": 0.0, ""Pseudomonas"": 7.017963330056792e-08, ""Staphylococcus"": 1.0105969194363285e-06, ""Stenotrophomonas"": 0.0, ""Streptococcus"": 1.1100565046772047e-06}"
UniRef90_V8IIG8	16.54208822339134	0.40676610587577805	3.1548325833095664e-06	Streptococcus	0.03524662429727054	0.0452611413595109	"{""Acinetobacter"": 7.262508758049727e-07, ""Candida"": 0.0, ""Enterobacterales"": 0.0, ""Haemophilus"": 0.0, ""Mycobacteria"": 0.0, ""Pseudomonas"": 6.342278382826772e-08, ""Staphylococcus"": 8.750265137748116e-07, ""Stenotrophomonas"": 0.0, ""Streptococcus"": 3.1548325833095664e-06}"
UniRef90_W9BC30	16.54208822339134	0.40676610587577805	2.8574775453399286e-06	Enterobacterales	0.03524662429727054	0.0452611413595109	"{""Acinetobacter"": 0.0, ""Candida"": 0.0, ""Enterobacterales"": 2.8574775453399286e-06, ""Haemophilus"": 0.0, ""Mycobacteria"": 0.0, ""Pseudomonas"": 6.702629896579557e-08, ""Staphylococcus"": 9.65176832621729e-07, ""Stenotrophomonas"": 0.0, ""Streptococcus"": 1.0601663242550436e-06}"
UniRef90_A0A2W5R1L5	16.522580645161284	0.40583717357910876	0.0010289413567622896	Haemophilus	0.035482663687845195	0.04549203632879043	"{""Acinetobacter"": 0.0007602347019738904, ""Candida"": 0.000347170440402944, ""Enterobacterales"": 7.487148300366102e-05, ""Haemophilus"": 0.0011038128397659506, ""Mycobacteria"": 0.0009537126716775229, ""Pseudomonas"": 0.0004855473717236184, ""Staphylococcus"": 0.0005208953501972464, ""Stenotrophomonas"": 0.00021210506868982765, ""Streptococcus"": 0.0004895815388510866}"
UniRef90_A0A158T0E5	16.41500789889416	0.40071466185210286	0.0007820346773631697	Haemophilus	0.036810920449372925	0.04712030798028907	"{""Acinetobacter"": 1.737856041122432e-05, ""Candida"": 0.0, ""Enterobacterales"": 2.0873391033774352e-05, ""Haemophilus"": 0.0007820346773631697, ""Mycobacteria"": 0.0, ""Pseudomonas"": 1.9095839645943098e-05, ""Staphylococcus"": 1.5218882430927755e-06, ""Stenotrophomonas"": 0.0, ""Streptococcus"": 0.00010230647696046607}"
UniRef90_UPI000BB79B24	16.39234581497798	0.3996355149989514	7.886256938161585e-07	Enterobacterales	0.037096574170836824	0.04741094550427644	"{""Acinetobacter"": 3.157724177408925e-07, ""Candida"": 0.0, ""Enterobacterales"": 7.886256938161585e-07, ""Haemophilus"": 0.0, ""Mycobacteria"": 0.0, ""Pseudomonas"": 3.852122467641667e-08, ""Staphylococcus"": 7.147872379008637e-07, ""Stenotrophomonas"": 0.0, ""Streptococcus"": 0.0}"
UniRef90_A0A192CAU6	16.384239842726082	0.3992495163202896	0.0003007290319735517	Enterobacterales	0.03719924866226596	0.04746718007535199	"{""Acinetobacter"": 0.0001725932492211942, ""Candida"": 0.0, ""Enterobacterales"": 0.0003007290319735517, ""Haemophilus"": 7.843907446635151e-05, ""Mycobacteria"": 0.0, ""Pseudomonas"": 5.841687843977024e-05, ""Staphylococcus"": 2.031785842322956e-06, ""Stenotrophomonas"": 0.0002433396495375624, ""Streptococcus"": 4.9873489511263055e-05}"
UniRef90_A0A287P3Q7	16.36632849693947	0.3983965950923557	0.0004133325396708854	Haemophilus	0.03742706048635577	0.04768266446214459	"{""Acinetobacter"": 0.00010515431527635655, ""Candida"": 0.0, ""Enterobacterales"": 5.0994100986986385e-06, ""Haemophilus"": 0.0004133325396708854, ""Mycobacteria"": 0.0001784131991590565, ""Pseudomonas"": 7.53549364791664e-05, ""Staphylococcus"": 6.557648070529099e-05, ""Stenotrophomonas"": 7.784149818420048e-05, ""Streptococcus"": 0.000123564617682225}"
UniRef90_A0A2V2KZ75	16.188332122972643	0.38992057728441154	0.0009175264234482329	Mycobacteria	0.0397624683026356	0.05057835983778648	"{""Acinetobacter"": 0.00018034366614265085, ""Candida"": 0.00021963520097440843, ""Enterobacterales"": 6.324646383011074e-05, ""Haemophilus"": 0.0, ""Mycobacteria"": 0.0009175264234482329, ""Pseudomonas"": 5.614171278567278e-06, ""Staphylococcus"": 0.00022306958137493512, ""Stenotrophomonas"": 0.00022500746180963046, ""Streptococcus"": 0.0002047147089113296}"
UniRef90_X1FG36	16.121641249092225	0.38674482138534405	0.0003178664059621157	Haemophilus	0.04067177675331569	0.051653794966141905	"{""Acinetobacter"": 0.00016796344422887957, ""Candida"": 0.0, ""Enterobacterales"": 1.633607039064614e-05, ""Haemophilus"": 0.0003178664059621157, ""Mycobacteria"": 7.815774518835489e-05, ""Pseudomonas"": 4.373723046442539e-05, ""Staphylococcus"": 7.750199670954784e-05, ""Stenotrophomonas"": 0.0, ""Streptococcus"": 7.361864594969652e-05}"
UniRef90_F9H8L4	16.08181818181818	0.38484848484848466	0.0007685692132616615	Haemophilus	0.04122390171315134	0.052272941200532025	"{""Acinetobacter"": 0.0, ""Candida"": 0.0, ""Enterobacterales"": 8.602052519212835e-06, ""Haemophilus"": 0.0007685692132616615, ""Mycobacteria"": 2.2121027010453214e-05, ""Pseudomonas"": 3.748570507408322e-06, ""Staphylococcus"": 2.10692643724344e-05, ""Stenotrophomonas"": 0.0, ""Streptococcus"": 8.197548202780374e-05}"
UniRef90_A8AMJ6	16.04917037636585	0.3832938274459929	7.640783392999764e-05	Enterobacterales	0.04168171558484817	0.05277074790006599	"{""Acinetobacter"": 0.0, ""Candida"": 0.0, ""Enterobacterales"": 7.640783392999764e-05, ""Haemophilus"": 4.001564015848125e-05, ""Mycobacteria"": 0.0, ""Pseudomonas"": 7.015481118444401e-07, ""Staphylococcus"": 0.0, ""Stenotrophomonas"": 0.0, ""Streptococcus"": 2.605375881383159e-05}"
UniRef90_A0A077M4E9	15.903225806451616	0.3763440860215055	0.027460488525545362	Mycobacteria	0.043786379345427964	0.055348720141330035	"{""Acinetobacter"": 0.0038760760269610536, ""Candida"": 0.005624024007485712, ""Enterobacterales"": 0.0014261492094287498, ""Haemophilus"": 0.0019172947543042336, ""Mycobacteria"": 0.028376695271322923, ""Pseudomonas"": 0.0009162067457775602, ""Staphylococcus"": 0.008894589134524435, ""Stenotrophomonas"": 0.005945335814513918, ""Streptococcus"": 0.008424064729704181}"
UniRef90_A8SIB4	15.84673274596183	0.3736539402838967	0.00015068096796345674	Streptococcus	0.04462711665429829	0.05632345924076024	"{""Acinetobacter"": 0.0, ""Candida"": 0.0, ""Enterobacterales"": 8.739355835217458e-06, ""Haemophilus"": 0.0, ""Mycobacteria"": 0.0, ""Pseudomonas"": 6.530232856934152e-06, ""Staphylococcus"": 0.0001434844572322813, ""Stenotrophomonas"": 0.0, ""Streptococcus"": 0.00015068096796345674}"
UniRef90_U2PB75	15.822400000000005	0.3724952380952383	0.000399252458714834	Haemophilus	0.044993813284366156	0.056697811444006575	"{""Acinetobacter"": 0.0001379777122672501, ""Candida"": 0.0, ""Enterobacterales"": 1.3723461622236046e-05, ""Haemophilus"": 0.000399252458714834, ""Mycobacteria"": 0.00030833818476878937, ""Pseudomonas"": 3.6386670158516944e-05, ""Staphylococcus"": 0.0001466962279399636, ""Stenotrophomonas"": 6.852965946798465e-05, ""Streptococcus"": 3.592176485670857e-05}"
UniRef90_A0A1V4SDG5	15.81714060031596	0.3722447904912362	8.387067450277758e-07	Pseudomonas	0.0450734376585496	0.05670981503229646	"{""Acinetobacter"": 3.6750833816589844e-07, ""Candida"": 0.0, ""Enterobacterales"": 1.0624932963931116e-07, ""Haemophilus"": 0.0, ""Mycobacteria"": 0.0, ""Pseudomonas"": 8.387067450277758e-07, ""Staphylococcus"": 0.0, ""Stenotrophomonas"": 0.0, ""Streptococcus"": 1.0015862917309676e-07}"
UniRef90_A0A1A9A3V3	15.774193548387103	0.37019969278033826	0.013889873347737561	Mycobacteria	0.045728516123072445	0.05744467320429443	"{""Acinetobacter"": 0.002227592614574141, ""Candida"": 0.003206601233100021, ""Enterobacterales"": 0.000667638105668537, ""Haemophilus"": 0.000650046068096831, ""Mycobacteria"": 0.01425599198221215, ""Pseudomonas"": 0.00036611863447458747, ""Staphylococcus"": 0.0045211159265010304, ""Stenotrophomonas"": 0.0028707855858735327, ""Streptococcus"": 0.004221078225083954}"
UniRef90_A0A0E9FL68	15.645161290322577	0.3640552995391703	0.0003900703340666087	Haemophilus	0.04774986309719924	0.05989091355912276	"{""Acinetobacter"": 0.0001962883144562026, ""Candida"": 0.0001052735355825021, ""Enterobacterales"": 4.039250780171894e-05, ""Haemophilus"": 0.00043046284186832765, ""Mycobacteria"": 0.00028758212710643864, ""Pseudomonas"": 0.00010172482792670377, ""Staphylococcus"": 0.0001947103389268794, ""Stenotrophomonas"": 6.025553227333036e-05, ""Streptococcus"": 0.00013934209488918278}"
UniRef90_UPI000C282F2E	15.603225806451618	0.36205837173579136	0.002318637939060817	Mycobacteria	0.04842432179946587	0.06064284262502769	"{""Acinetobacter"": 0.0006745926960523526, ""Candida"": 0.0010378010668682914, ""Enterobacterales"": 0.00013189969690092623, ""Haemophilus"": 0.0023680558519844613, ""Mycobacteria"": 0.0024505376359617434, ""Pseudomonas"": 0.0007408085465934238, ""Staphylococcus"": 0.0008450777625237896, ""Stenotrophomonas"": 0.00042443119106637536, ""Streptococcus"": 0.000930140374730345}"
UniRef90_A0A081QXJ7	15.55625252934034	0.3598215490162066	1.0464968163700923e-05	Streptococcus	0.04919021123677399	0.06131722787449947	"{""Acinetobacter"": 4.379862575055806e-06, ""Candida"": 0.0, ""Enterobacterales"": 0.0, ""Haemophilus"": 0.0, ""Mycobacteria"": 0.0, ""Pseudomonas"": 5.405221035496094e-07, ""Staphylococcus"": 4.9126032052450795e-06, ""Stenotrophomonas"": 0.0, ""Streptococcus"": 1.0464968163700923e-05}"
UniRef90_A0A2S4R0N5	15.55625252934034	0.3598215490162066	6.338565623112611e-07	Streptococcus	0.04919021123677399	0.06131722787449947	"{""Acinetobacter"": 0.0, ""Candida"": 0.0, ""Enterobacterales"": 5.575555454811145e-07, ""Haemophilus"": 0.0, ""Mycobacteria"": 0.0, ""Pseudomonas"": 3.27949851725191e-08, ""Staphylococcus"": 4.3997355752247695e-07, ""Stenotrophomonas"": 0.0, ""Streptococcus"": 6.338565623112611e-07}"
UniRef90_UPI0009ACAA23	15.55625252934034	0.3598215490162066	1.530106988919171e-05	Haemophilus	0.04919021123677399	0.06131722787449947	"{""Acinetobacter"": 0.0, ""Candida"": 0.0, ""Enterobacterales"": 8.533294592902343e-07, ""Haemophilus"": 1.530106988919171e-05, ""Mycobacteria"": 0.0, ""Pseudomonas"": 6.766016735424584e-08, ""Staphylococcus"": 0.0, ""Stenotrophomonas"": 0.0, ""Streptococcus"": 1.185329821370846e-06}"
UniRef90_A0A080KAY6	15.524687958883991	0.358318474232571	2.5357653844776954e-05	Haemophilus	0.04971110883759259	0.061871210845557544	"{""Acinetobacter"": 0.0, ""Candida"": 0.0, ""Enterobacterales"": 8.935608892294603e-07, ""Haemophilus"": 2.5357653844776954e-05, ""Mycobacteria"": 0.0, ""Pseudomonas"": 7.712215351417454e-08, ""Staphylococcus"": 0.0, ""Stenotrophomonas"": 0.0, ""Streptococcus"": 1.2854985386697907e-06}"
UniRef90_A0A044RXA6	15.50645161290322	0.35745007680491525	0.005862192959362142	Mycobacteria	0.050014363228022024	0.062153025885514315	"{""Acinetobacter"": 0.0018805375844963875, ""Candida"": 0.0030439210826611555, ""Enterobacterales"": 0.0004628362151533777, ""Haemophilus"": 0.006063403324290543, ""Mycobacteria"": 0.00632502917451552, ""Pseudomonas"": 0.0023590388089209267, ""Staphylococcus"": 0.0029503648914766343, ""Stenotrophomonas"": 0.001186669104673084, ""Streptococcus"": 0.0024784602659202654}"
UniRef90_A0A0E2M890	15.35018914107699	0.35000900671795193	0.0009924816591155674	Haemophilus	0.052683420438429156	0.06536945879553556	"{""Acinetobacter"": 0.0003991587732316771, ""Candida"": 0.000129655283707604, ""Enterobacterales"": 2.601695859389843e-05, ""Haemophilus"": 0.0010184986177094659, ""Mycobacteria"": 0.00024194342989770622, ""Pseudomonas"": 0.00017555804175207383, ""Staphylococcus"": 0.00038738369033094783, ""Stenotrophomonas"": 0.00011426547107040492, ""Streptococcus"": 0.00025870756175256276}"
UniRef90_A0A0J1FIM8	15.262984054669705	0.3458563835557002	0.00018071799882915794	Streptococcus	0.05422915013290928	0.06697920985881467	"{""Acinetobacter"": 0.0, ""Candida"": 0.0, ""Enterobacterales"": 0.0, ""Haemophilus"": 0.0, ""Mycobacteria"": 0.0, ""Pseudomonas"": 2.9923104935198914e-06, ""Staphylococcus"": 3.846977243579205e-05, ""Stenotrophomonas"": 0.0, ""Streptococcus"": 0.00018071799882915794}"
UniRef90_A0A1X0TT29	15.262984054669705	0.3458563835557002	0.0001398273076497695	Staphylococcus	0.05422915013290928	0.06697920985881467	"{""Acinetobacter"": 0.0, ""Candida"": 0.0, ""Enterobacterales"": 0.0, ""Haemophilus"": 0.0, ""Mycobacteria"": 0.0, ""Pseudomonas"": 1.3330903609401775e-06, ""Staphylococcus"": 0.0001398273076497695, ""Stenotrophomonas"": 0.0, ""Streptococcus"": 3.6604815510815985e-05}"
UniRef90_E6J137	15.262984054669705	0.3458563835557002	0.00014699230071165973	Streptococcus	0.05422915013290928	0.06697920985881467	"{""Acinetobacter"": 0.0, ""Candida"": 0.0, ""Enterobacterales"": 0.0, ""Haemophilus"": 0.0, ""Mycobacteria"": 0.0, ""Pseudomonas"": 6.846054668171735e-07, ""Staphylococcus"": 1.7686383688175117e-05, ""Stenotrophomonas"": 0.0, ""Streptococcus"": 0.00014699230071165973}"
UniRef90_A0A285AWH4	15.152334851936232	0.34058737390172533	3.651850440442716e-05	Stenotrophomonas	0.0562502153624223	0.06936954912835311	"{""Acinetobacter"": 0.0, ""Candida"": 0.0, ""Enterobacterales"": 3.3032185173164994e-05, ""Haemophilus"": 0.0, ""Mycobacteria"": 0.0, ""Pseudomonas"": 2.5369113535492994e-06, ""Staphylococcus"": 0.0, ""Stenotrophomonas"": 3.651850440442716e-05, ""Streptococcus"": 1.5702433761316626e-05}"
UniRef90_A0A352TRW1	15.0798355076574	0.3371350241741619	4.740642852883614e-06	Pseudomonas	0.05761157241499943	0.07081406998613676	"{""Acinetobacter"": 4.0485371728502745e-07, ""Candida"": 0.0, ""Enterobacterales"": 3.567666585060703e-07, ""Haemophilus"": 0.0, ""Mycobacteria"": 0.0, ""Pseudomonas"": 4.740642852883614e-06, ""Staphylococcus"": 5.345287444606085e-07, ""Stenotrophomonas"": 0.0, ""Streptococcus"": 4.405106870549596e-06}"
UniRef90_A0A242K0U5	15.071412300683372	0.3367339190801606	5.228036000973867e-05	Streptococcus	0.057771676379295755	0.07081406998613676	"{""Acinetobacter"": 0.0, ""Candida"": 0.0, ""Enterobacterales"": 0.0, ""Haemophilus"": 0.0, ""Mycobacteria"": 0.0, ""Pseudomonas"": 1.1627510370608702e-06, ""Staphylococcus"": 1.1248492646562152e-05, ""Stenotrophomonas"": 0.0, ""Streptococcus"": 5.228036000973867e-05}"
UniRef90_B4U516	15.071412300683372	0.3367339190801606	0.0001511211211567313	Streptococcus	0.057771676379295755	0.07081406998613676	"{""Acinetobacter"": 0.0, ""Candida"": 0.0, ""Enterobacterales"": 0.0, ""Haemophilus"": 0.0, ""Mycobacteria"": 0.0, ""Pseudomonas"": 1.3709073343293256e-06, ""Staphylococcus"": 1.0868895934883947e-05, ""Stenotrophomonas"": 0.0, ""Streptococcus"": 0.0001511211211567313}"
UniRef90_Q97SE5	15.071412300683372	0.3367339190801606	9.457438206550661e-05	Streptococcus	0.057771676379295755	0.07081406998613676	"{""Acinetobacter"": 0.0, ""Candida"": 0.0, ""Enterobacterales"": 0.0, ""Haemophilus"": 0.0, ""Mycobacteria"": 0.0, ""Pseudomonas"": 8.239967978479362e-07, ""Staphylococcus"": 1.2895999623914652e-05, ""Stenotrophomonas"": 0.0, ""Streptococcus"": 9.457438206550661e-05}"
UniRef90_UPI000930C0EA	15.02812626467018	0.33467267927000854	1.1180840876207124e-06	Acinetobacter	0.05860086407488417	0.07172178371646186	"{""Acinetobacter"": 1.1180840876207124e-06, ""Candida"": 0.0, ""Enterobacterales"": 4.566277290726422e-07, ""Haemophilus"": 0.0, ""Mycobacteria"": 0.0, ""Pseudomonas"": 3.0716946341488756e-08, ""Staphylococcus"": 5.066362177578454e-07, ""Stenotrophomonas"": 0.0, ""Streptococcus"": 0.0}"
UniRef90_A0A2W5R0V3	15.019354838709674	0.3342549923195083	0.0007179988036395563	Haemophilus	0.058770207949188406	0.07182039007687828	"{""Acinetobacter"": 0.0005709545708383992, ""Candida"": 0.0003852370035978055, ""Enterobacterales"": 6.134984576076765e-05, ""Haemophilus"": 0.000779348649400324, ""Mycobacteria"": 0.0006010531813472942, ""Pseudomonas"": 0.0003456296081303816, ""Staphylococcus"": 0.0003868215264378492, ""Stenotrophomonas"": 0.00010854902258962088, ""Streptococcus"": 0.00043024405223343}"
UniRef90_G5R6J7	14.807420494699652	0.32416288069998345	2.955379472724744e-05	Haemophilus	0.06300000627236796	0.0768733108210342	"{""Acinetobacter"": 2.896028263559975e-07, ""Candida"": 0.0, ""Enterobacterales"": 1.3808535248690605e-07, ""Haemophilus"": 2.955379472724744e-05, ""Mycobacteria"": 0.0, ""Pseudomonas"": 3.0415589180126874e-08, ""Staphylococcus"": 8.879443744173075e-07, ""Stenotrophomonas"": 0.0, ""Streptococcus"": 6.284470859879811e-06}"
UniRef90_A0A150NWW3	14.747722095671985	0.3213200997939041	2.991246608011402e-05	Streptococcus	0.06424050581636154	0.07826892952625976	"{""Acinetobacter"": 0.0, ""Candida"": 0.0, ""Enterobacterales"": 0.0, ""Haemophilus"": 0.0, ""Mycobacteria"": 0.0, ""Pseudomonas"": 3.8821699239976436e-07, ""Staphylococcus"": 5.685425041896015e-06, ""Stenotrophomonas"": 0.0, ""Streptococcus"": 2.991246608011402e-05}"
UniRef90_A0A2W5R2R9	14.651747940325096	0.31674990192024266	0.00031614104789992625	Mycobacteria	0.06628138343522481	0.08063404390841636	"{""Acinetobacter"": 0.00024129997583135582, ""Candida"": 0.00011213830734517042, ""Enterobacterales"": 4.236648868678803e-05, ""Haemophilus"": 0.0002725690604221261, ""Mycobacteria"": 0.0003585075365867143, ""Pseudomonas"": 0.00012110851805187273, ""Staphylococcus"": 8.606230580175924e-05, ""Stenotrophomonas"": 7.283635769356642e-05, ""Streptococcus"": 0.0001418681124498776}"
UniRef90_A0A287QPV8	14.572337443946184	0.31296844971172305	0.0005492642543295579	Haemophilus	0.06801432143859046	0.08261799706279231	"{""Acinetobacter"": 0.00018360932843977329, ""Candida"": 0.0, ""Enterobacterales"": 2.8148483554343904e-05, ""Haemophilus"": 0.0005492642543295579, ""Mycobacteria"": 0.00027817286770110013, ""Pseudomonas"": 0.00016967009229630305, ""Staphylococcus"": 0.0001251008342803643, ""Stenotrophomonas"": 0.0001409842400372443, ""Streptococcus"": 0.00016110011342185677}"
UniRef90_A0A382YD36	14.523472278429784	0.31064153706808495	1.6176386446780377e-05	Acinetobacter	0.06910098527054225	0.083812139556025	"{""Acinetobacter"": 1.6176386446780377e-05, ""Candida"": 0.0, ""Enterobacterales"": 1.838506693574566e-06, ""Haemophilus"": 0.0, ""Mycobacteria"": 0.0, ""Pseudomonas"": 2.2147638799365474e-07, ""Staphylococcus"": 0.0, ""Stenotrophomonas"": 0.0, ""Streptococcus"": 2.1839237406898055e-06}"
UniRef90_A0A287QPF5	14.504839786381842	0.3097542755419925	0.00042885620821898565	Haemophilus	0.06951945744733624	0.08419347466301651	"{""Acinetobacter"": 0.00026837916557983203, ""Candida"": 5.318677665658009e-05, ""Enterobacterales"": 1.2861706199510214e-05, ""Haemophilus"": 0.00044171791441849584, ""Mycobacteria"": 0.00020867070618765294, ""Pseudomonas"": 0.00015118765398592664, ""Staphylococcus"": 0.0002032266853626048, ""Stenotrophomonas"": 5.964890010948787e-05, ""Streptococcus"": 0.0001358641461103733}"
UniRef90_E7RZ14	14.49733847283406	0.30939707013495527	5.926384503016128e-07	Staphylococcus	0.0696885780545577	0.08427213698974167	"{""Acinetobacter"": 3.7522925316144845e-07, ""Candida"": 0.0, ""Enterobacterales"": 4.1383585118938263e-07, ""Haemophilus"": 0.0, ""Mycobacteria"": 0.0, ""Pseudomonas"": 1.8553180069673435e-07, ""Staphylococcus"": 5.926384503016128e-07, ""Stenotrophomonas"": 0.0, ""Streptococcus"": 0.0}"
UniRef90_U2PP59	14.296191339832239	0.2998186352301066	0.0004800437751768772	Haemophilus	0.07436454289407776	0.08979241074822225	"{""Acinetobacter"": 0.00015458656196349333, ""Candida"": 0.00015398218639244398, ""Enterobacterales"": 9.399886205451802e-06, ""Haemophilus"": 0.000489443661382329, ""Mycobacteria"": 0.00012499689589958577, ""Pseudomonas"": 6.872714614183554e-05, ""Staphylococcus"": 0.00010894576121259157, ""Stenotrophomonas"": 0.0001263641382410384, ""Streptococcus"": 8.000259784791637e-05}"
UniRef90_A0A378AT22	14.019120135363792	0.28662476835065676	3.3477527752600195e-06	Enterobacterales	0.0812684162932166	0.09798233797498096	"{""Acinetobacter"": 4.290675855044762e-07, ""Candida"": 0.0, ""Enterobacterales"": 3.3477527752600195e-06, ""Haemophilus"": 0.0, ""Mycobacteria"": 0.0, ""Pseudomonas"": 5.440454883924242e-08, ""Staphylococcus"": 8.376610975351546e-07, ""Stenotrophomonas"": 0.0, ""Streptococcus"": 4.7000961471837525e-07}"
UniRef90_A0A376VY83	13.930433186490449	0.282401580309069	8.521272448657615e-07	Enterobacterales	0.08359676656146424	0.10063955974438181	"{""Acinetobacter"": 3.1603018824697903e-07, ""Candida"": 0.0, ""Enterobacterales"": 8.521272448657615e-07, ""Haemophilus"": 0.0, ""Mycobacteria"": 0.0, ""Pseudomonas"": 3.522178137184101e-08, ""Staphylococcus"": 3.501449939911321e-08, ""Stenotrophomonas"": 0.0, ""Streptococcus"": 5.916608289147935e-07}"
UniRef90_A0A3A3VKR2	13.920000000000002	0.281904761904762	0.00050502843801459	Haemophilus	0.08387456473130862	0.10082395671267262	"{""Acinetobacter"": 0.00018548548490523125, ""Candida"": 0.0, ""Enterobacterales"": 3.1043636965456746e-05, ""Haemophilus"": 0.00050502843801459, ""Mycobacteria"": 0.00021888270956854324, ""Pseudomonas"": 0.00015860456444090926, ""Staphylococcus"": 0.00014275370095836155, ""Stenotrophomonas"": 0.00015317042650058328, ""Streptococcus"": 0.000126922948692573}"
UniRef90_M7CD87	13.908806740962225	0.2813717495696298	0.00037086928452578554	Mycobacteria	0.08417351912165719	0.10103320025136596	"{""Acinetobacter"": 0.0001639125746529358, ""Candida"": 0.0, ""Enterobacterales"": 4.298471492542897e-05, ""Haemophilus"": 0.0, ""Mycobacteria"": 0.00037086928452578554, ""Pseudomonas"": 0.0, ""Staphylococcus"": 4.142886338790227e-05, ""Stenotrophomonas"": 0.0001868546121371893, ""Streptococcus"": 0.000204387096175374}"
UniRef90_A0A2N0Y0Q4	13.81685912240185	0.2769932915429452	0.00030250554592166823	Haemophilus	0.08666558324710986	0.10387030643986946	"{""Acinetobacter"": 0.00010274109229229213, ""Candida"": 0.0001408093108625672, ""Enterobacterales"": 6.477207584834163e-06, ""Haemophilus"": 0.0003089827535065024, ""Mycobacteria"": 4.316821776277175e-05, ""Pseudomonas"": 3.922058215053691e-05, ""Staphylococcus"": 8.331079847801477e-05, ""Stenotrophomonas"": 2.3003144372316212e-05, ""Streptococcus"": 4.4978700099249714e-05}"
UniRef90_UPI0003A401A3	13.810768191034018	0.2767032471920961	0.00044036587460158296	Haemophilus	0.08683297026537694	0.10391697181167152	"{""Acinetobacter"": 0.000217230379260864, ""Candida"": 5.4586277720362795e-05, ""Enterobacterales"": 2.9785303496906684e-05, ""Haemophilus"": 0.00047015117809848966, ""Mycobacteria"": 0.00016781846593576854, ""Pseudomonas"": 0.00012337711791339122, ""Staphylococcus"": 4.368840290493784e-05, ""Stenotrophomonas"": 0.00014124886196861886, ""Streptococcus"": 0.00010248071755986596}"
UniRef90_A0A378FUM4	13.724703891708957	0.27260494722423606	9.646141366910534e-07	Enterobacterales	0.08922916465407185	0.10662687474910507	"{""Acinetobacter"": 3.7410073426429975e-07, ""Candida"": 0.0, ""Enterobacterales"": 9.646141366910534e-07, ""Haemophilus"": 0.0, ""Mycobacteria"": 0.0, ""Pseudomonas"": 3.852122467641667e-08, ""Staphylococcus"": 7.147872379008637e-07, ""Stenotrophomonas"": 0.0, ""Streptococcus"": 3.8656812102932826e-07}"
UniRef90_A0A3A6S7W8	13.71429699842022	0.27210938087715336	1.577132869441857e-05	Haemophilus	0.08952287092392992	0.10682006279861254	"{""Acinetobacter"": 0.0, ""Candida"": 0.0, ""Enterobacterales"": 6.170097630116518e-06, ""Haemophilus"": 1.577132869441857e-05, ""Mycobacteria"": 0.0, ""Pseudomonas"": 7.79750520781549e-08, ""Staphylococcus"": 1.194607145086215e-06, ""Stenotrophomonas"": 0.0, ""Streptococcus"": 1.8658570979395382e-06}"
UniRef90_F1LIK0	13.684168564920283	0.2706746935676325	2.24276116665142e-05	Staphylococcus	0.09037802523114073	0.10768162358172732	"{""Acinetobacter"": 0.0, ""Candida"": 0.0, ""Enterobacterales"": 0.0, ""Haemophilus"": 0.0, ""Mycobacteria"": 0.0, ""Pseudomonas"": 7.951722333955457e-06, ""Staphylococcus"": 2.24276116665142e-05, ""Stenotrophomonas"": 0.0, ""Streptococcus"": 4.634690940041566e-06}"
UniRef90_A0A3A6MT97	13.644262295081973	0.26877439500390343	4.9081025047186145e-06	Pseudomonas	0.09152190170084144	0.10888414481761871	"{""Acinetobacter"": 4.19312778587518e-07, ""Candida"": 0.0, ""Enterobacterales"": 3.1224728211743545e-07, ""Haemophilus"": 0.0, ""Mycobacteria"": 0.0, ""Pseudomonas"": 4.9081025047186145e-06, ""Staphylococcus"": 2.82654964043542e-07, ""Stenotrophomonas"": 0.0, ""Streptococcus"": 4.46390452127267e-06}"
UniRef90_Q89A67	13.637927107061497	0.2684727193838808	6.345371108460353e-05	Pseudomonas	0.09170467380636582	0.10894138195205573	"{""Acinetobacter"": 0.0, ""Candida"": 0.0, ""Enterobacterales"": 4.94234531426168e-06, ""Haemophilus"": 2.325584282299836e-05, ""Mycobacteria"": 0.0, ""Pseudomonas"": 6.345371108460353e-05, ""Staphylococcus"": 0.0, ""Stenotrophomonas"": 0.0, ""Streptococcus"": 0.0}"
UniRef90_A0A3A3WAY7	13.603225806451618	0.26682027649769613	0.0009376807904757643	Mycobacteria	0.09271158632370137	0.10997606060978653	"{""Acinetobacter"": 0.0005941654472265814, ""Candida"": 0.00021551878702055205, ""Enterobacterales"": 0.00011667384164147537, ""Haemophilus"": 0.0009804864598155023, ""Mycobacteria"": 0.0010543546321172396, ""Pseudomonas"": 0.0002708100872447207, ""Staphylococcus"": 0.0007106603295772853, ""Stenotrophomonas"": 0.0003035308140795639, ""Streptococcus"": 0.0004309234307386018}"
UniRef90_A0A376TXU0	13.584581141238365	0.265932435297065	2.9707626220223902e-05	Haemophilus	0.09325663797208061	0.1104606443915274	"{""Acinetobacter"": 2.0382246920395493e-05, ""Candida"": 0.0, ""Enterobacterales"": 6.620877092188237e-06, ""Haemophilus"": 2.9707626220223902e-05, ""Mycobacteria"": 0.0, ""Pseudomonas"": 0.0, ""Staphylococcus"": 0.0, ""Stenotrophomonas"": 0.0, ""Streptococcus"": 1.0031992319552762e-05}"
UniRef90_A0A0T8TK39	13.408539053014978	0.25754947871499895	0.00015618260124562657	Streptococcus	0.09854483691772499	0.1163836103159701	"{""Acinetobacter"": 0.0, ""Candida"": 0.0, ""Enterobacterales"": 1.143526823523152e-06, ""Haemophilus"": 0.0, ""Mycobacteria"": 0.0, ""Pseudomonas"": 1.2351213632057247e-06, ""Staphylococcus"": 1.2201235835261365e-05, ""Stenotrophomonas"": 0.0, ""Streptococcus"": 0.00015618260124562657}"
UniRef90_X5J960	13.408539053014978	0.25754947871499895	0.00015076094250430995	Streptococcus	0.09854483691772499	0.1163836103159701	"{""Acinetobacter"": 0.0, ""Candida"": 0.0, ""Enterobacterales"": 1.0529671245406697e-06, ""Haemophilus"": 0.0, ""Mycobacteria"": 0.0, ""Pseudomonas"": 1.225781734193201e-06, ""Staphylococcus"": 1.2860077041708635e-05, ""Stenotrophomonas"": 0.0, ""Streptococcus"": 0.00015076094250430995}"
UniRef90_A0A382EM19	13.177496274217576	0.2465474416294084	1.0832327624945716e-06	Pseudomonas	0.10588669667559238	0.12487221226028314	"{""Acinetobacter"": 4.74655861247629e-07, ""Candida"": 0.0, ""Enterobacterales"": 3.7020309214429335e-07, ""Haemophilus"": 0.0, ""Mycobacteria"": 0.0, ""Pseudomonas"": 1.0832327624945716e-06, ""Staphylococcus"": 1.4739475959512607e-07, ""Stenotrophomonas"": 0.0, ""Streptococcus"": 1.8477715330824827e-07}"
UniRef90_A0A2X6CX15	13.149088838268796	0.24519470658422837	6.1002123204688906e-05	Enterobacterales	0.10682184946139434	0.12579166843416015	"{""Acinetobacter"": 0.0, ""Candida"": 0.0, ""Enterobacterales"": 6.1002123204688906e-05, ""Haemophilus"": 4.950038680073788e-05, ""Mycobacteria"": 0.0, ""Pseudomonas"": 2.584883121379029e-05, ""Staphylococcus"": 0.0, ""Stenotrophomonas"": 0.0, ""Streptococcus"": 0.0}"
UniRef90_A0A1A7LMV5	13.089067022934758	0.24233652490165514	0.0005168312188203749	Haemophilus	0.10882161884646885	0.1279603047191763	"{""Acinetobacter"": 0.0001655676054573752, ""Candida"": 5.886085663008354e-05, ""Enterobacterales"": 2.3306362528111928e-05, ""Haemophilus"": 0.0005401375813484869, ""Mycobacteria"": 0.0002170375344094233, ""Pseudomonas"": 0.00012203707521551564, ""Staphylococcus"": 0.00015621339221909256, ""Stenotrophomonas"": 0.00011982230191107942, ""Streptococcus"": 0.00018214025316368217}"
UniRef90_P44557	13.07992715499797	0.2419012930951414	0.00016002602003591904	Haemophilus	0.1091290001404284	0.1281355023419544	"{""Acinetobacter"": 0.0, ""Candida"": 0.0, ""Enterobacterales"": 1.664996136336653e-05, ""Haemophilus"": 0.00016002602003591904, ""Mycobacteria"": 0.0, ""Pseudomonas"": 6.106119053886905e-07, ""Staphylococcus"": 0.0, ""Stenotrophomonas"": 0.0, ""Streptococcus"": 1.89984049781011e-05}"
UniRef90_A0A0M0G7P4	12.939093484419256	0.2351949278294884	0.00010903381835171946	Staphylococcus	0.11396246459161051	0.13325138447788712	"{""Acinetobacter"": 0.0, ""Candida"": 0.0, ""Enterobacterales"": 6.007196703303264e-06, ""Haemophilus"": 0.0, ""Mycobacteria"": 0.0, ""Pseudomonas"": 7.516257969353998e-06, ""Staphylococcus"": 0.00010903381835171946, ""Stenotrophomonas"": 0.0, ""Streptococcus"": 5.7059213116829065e-05}"
UniRef90_A0A1X1LBE4	12.924487471526199	0.23449940340600944	9.007880837134925e-07	Pseudomonas	0.11447430434132455	0.13325138447788712	"{""Acinetobacter"": 0.0, ""Candida"": 0.0, ""Enterobacterales"": 1.558143073359672e-07, ""Haemophilus"": 0.0, ""Mycobacteria"": 0.0, ""Pseudomonas"": 9.007880837134925e-07, ""Staphylococcus"": 0.0, ""Stenotrophomonas"": 0.0, ""Streptococcus"": 1.6677235839015527e-07}"
UniRef90_A0A2D5XFJ5	12.924487471526199	0.23449940340600944	9.436827543489214e-07	Pseudomonas	0.11447430434132455	0.13325138447788712	"{""Acinetobacter"": 0.0, ""Candida"": 0.0, ""Enterobacterales"": 1.6323403624536743e-07, ""Haemophilus"": 0.0, ""Mycobacteria"": 0.0, ""Pseudomonas"": 9.436827543489214e-07, ""Staphylococcus"": 0.0, ""Stenotrophomonas"": 0.0, ""Streptococcus"": 1.7471389924858026e-07}"
UniRef90_A0A2D9TSN6	12.924487471526199	0.23449940340600944	1.2927343207683202e-05	Pseudomonas	0.11447430434132455	0.13325138447788712	"{""Acinetobacter"": 0.0, ""Candida"": 0.0, ""Enterobacterales"": 1.8968359432927813e-07, ""Haemophilus"": 0.0, ""Mycobacteria"": 0.0, ""Pseudomonas"": 1.2927343207683202e-05, ""Staphylococcus"": 0.0, ""Stenotrophomonas"": 0.0, ""Streptococcus"": 2.158230519993552e-07}"
UniRef90_A0A382CIV1	12.924487471526199	0.23449940340600944	1.096423358362656e-05	Staphylococcus	0.11447430434132455	0.13325138447788712	"{""Acinetobacter"": 0.0, ""Candida"": 0.0, ""Enterobacterales"": 8.057559985873766e-07, ""Haemophilus"": 0.0, ""Mycobacteria"": 0.0, ""Pseudomonas"": 9.966437459923758e-07, ""Staphylococcus"": 1.096423358362656e-05, ""Stenotrophomonas"": 0.0, ""Streptococcus"": 0.0}"
UniRef90_Q7N3P9	12.924487471526199	0.23449940340600944	9.038130023699168e-05	Haemophilus	0.11447430434132455	0.13325138447788712	"{""Acinetobacter"": 0.0, ""Candida"": 0.0, ""Enterobacterales"": 1.194632206697808e-05, ""Haemophilus"": 9.038130023699168e-05, ""Mycobacteria"": 0.0, ""Pseudomonas"": 0.0, ""Staphylococcus"": 0.0, ""Stenotrophomonas"": 0.0, ""Streptococcus"": 1.3542918726987067e-05}"
UniRef90_A0A2N1WFW9	12.887114537444939	0.23271973987833042	7.482649135725317e-06	Staphylococcus	0.11579311706530647	0.13459286164631168	"{""Acinetobacter"": 0.0, ""Candida"": 0.0, ""Enterobacterales"": 1.7971774376756648e-07, ""Haemophilus"": 0.0, ""Mycobacteria"": 0.0, ""Pseudomonas"": 9.226183297938858e-07, ""Staphylococcus"": 7.482649135725317e-06, ""Stenotrophomonas"": 0.0, ""Streptococcus"": 1.5287466185489057e-07}"
UniRef90_A0A2A6RIG7	12.855076574021547	0.2311941225724546	4.46390452127267e-06	Streptococcus	0.11693420289138184	0.13552975664631506	"{""Acinetobacter"": 1.6369227034316599e-06, ""Candida"": 0.0, ""Enterobacterales"": 3.1224728211743545e-07, ""Haemophilus"": 0.0, ""Mycobacteria"": 0.0, ""Pseudomonas"": 2.5658379447885323e-06, ""Staphylococcus"": 2.82654964043542e-07, ""Stenotrophomonas"": 0.0, ""Streptococcus"": 4.46390452127267e-06}"
UniRef90_A0A2E2WXJ5	12.855076574021547	0.2311941225724546	4.46390452127267e-06	Streptococcus	0.11693420289138184	0.13552975664631506	"{""Acinetobacter"": 1.6369227034316599e-06, ""Candida"": 0.0, ""Enterobacterales"": 3.1224728211743545e-07, ""Haemophilus"": 0.0, ""Mycobacteria"": 0.0, ""Pseudomonas"": 2.5658379447885323e-06, ""Staphylococcus"": 2.82654964043542e-07, ""Stenotrophomonas"": 0.0, ""Streptococcus"": 4.46390452127267e-06}"
UniRef90_A0A2W5MTP0	12.848187134502924	0.23086605402394875	0.00024443343297275927	Mycobacteria	0.11718085857905637	0.13562133703927984	"{""Acinetobacter"": 9.12249699909655e-05, ""Candida"": 0.0, ""Enterobacterales"": 1.1845843645725252e-05, ""Haemophilus"": 0.00015738728650413985, ""Mycobacteria"": 0.00024443343297275927, ""Pseudomonas"": 9.551805397413328e-05, ""Staphylococcus"": 7.402676272447044e-06, ""Stenotrophomonas"": 5.3887061377264464e-05, ""Streptococcus"": 6.585768325947083e-05}"
UniRef90_A0A229SJH5	12.78257191201354	0.22774151961969236	5.560061265782464e-05	Haemophilus	0.11955281971828931	0.1381689016458515	"{""Acinetobacter"": 5.1992449146867776e-05, ""Candida"": 0.0, ""Enterobacterales"": 1.8634947479382177e-06, ""Haemophilus"": 5.560061265782464e-05, ""Mycobacteria"": 3.76777483150244e-05, ""Pseudomonas"": 0.0, ""Staphylococcus"": 5.0109063713843416e-05, ""Stenotrophomonas"": 0.0, ""Streptococcus"": 0.0}"
UniRef90_A0A257SQY2	12.765945330296129	0.22694977763314897	1.139452295946286e-06	Staphylococcus	0.12016045655800855	0.1386730518622381	"{""Acinetobacter"": 0.0, ""Candida"": 0.0, ""Enterobacterales"": 1.5543199854934698e-07, ""Haemophilus"": 0.0, ""Mycobacteria"": 0.0, ""Pseudomonas"": 9.424476569837667e-07, ""Staphylococcus"": 1.139452295946286e-06, ""Stenotrophomonas"": 0.0, ""Streptococcus"": 0.0}"
UniRef90_A0A2W4R804	12.693280182232355	0.223489532487255	1.927980870120964e-06	Pseudomonas	0.12284768832757469	0.14157233597864377	"{""Acinetobacter"": 0.0, ""Candida"": 0.0, ""Enterobacterales"": 1.5475585411072138e-07, ""Haemophilus"": 0.0, ""Mycobacteria"": 0.0, ""Pseudomonas"": 1.927980870120964e-06, ""Staphylococcus"": 8.862406744529172e-07, ""Stenotrophomonas"": 0.0, ""Streptococcus"": 0.0}"
UniRef90_K1A9Z8	12.67676537585421	0.22270311313591473	4.315778054429597e-05	Streptococcus	0.12346564576049916	0.14208208736876787	"{""Acinetobacter"": 0.0, ""Candida"": 0.0, ""Enterobacterales"": 9.490743679052958e-07, ""Haemophilus"": 0.0, ""Mycobacteria"": 0.0, ""Pseudomonas"": 2.7906024888623703e-07, ""Staphylococcus"": 9.604805801316416e-07, ""Stenotrophomonas"": 0.0, ""Streptococcus"": 4.315778054429597e-05}"
UniRef90_UPI000BB88B81	12.645177664974618	0.22119893642736277	8.041561617362773e-07	Staphylococcus	0.12465511686127882	0.1432471442340548	"{""Acinetobacter"": 4.1190488212913806e-07, ""Candida"": 0.0, ""Enterobacterales"": 7.195938785932701e-07, ""Haemophilus"": 0.0, ""Mycobacteria"": 0.0, ""Pseudomonas"": 5.222836689069581e-08, ""Staphylococcus"": 8.041561617362773e-07, ""Stenotrophomonas"": 0.0, ""Streptococcus"": 4.5121880428324426e-07}"
UniRef90_D5ZTW3	12.563537029542694	0.21731128712108067	5.988275696318201e-05	Staphylococcus	0.12777545632862491	0.14662460165937244	"{""Acinetobacter"": 0.0, ""Candida"": 0.0, ""Enterobacterales"": 4.222252886348045e-06, ""Haemophilus"": 0.0, ""Mycobacteria"": 0.0, ""Pseudomonas"": 2.1466172989317042e-06, ""Staphylococcus"": 5.988275696318201e-05, ""Stenotrophomonas"": 0.0, ""Streptococcus"": 4.768702231209055e-05}"
UniRef90_A0A381R8V8	12.46526248164463	0.21263154674498233	7.553014394743901e-05	Haemophilus	0.13162085175240928	0.15082332729135853	"{""Acinetobacter"": 5.844880950433017e-05, ""Candida"": 0.0, ""Enterobacterales"": 7.70327502288015e-06, ""Haemophilus"": 7.553014394743901e-05, ""Mycobacteria"": 0.0, ""Pseudomonas"": 0.0, ""Staphylococcus"": 0.0, ""Stenotrophomonas"": 2.211398322468941e-05, ""Streptococcus"": 9.595931744754095e-06}"
UniRef90_A0A1B7K8K1	12.370389170896773	0.2081137700427035	7.151108538386777e-05	Haemophilus	0.13542730593025476	0.15496561597959846	"{""Acinetobacter"": 0.0, ""Candida"": 0.0, ""Enterobacterales"": 1.3051993397128933e-06, ""Haemophilus"": 7.151108538386777e-05, ""Mycobacteria"": 0.0, ""Pseudomonas"": 1.0179249190816904e-07, ""Staphylococcus"": 1.5142177894481686e-06, ""Stenotrophomonas"": 0.0, ""Streptococcus"": 3.3083744090459555e-06}"
UniRef90_A0A378CZA9	12.256735677821888	0.20270169894389944	2.2657909293608653e-05	Haemophilus	0.1401113107662003	0.1600989412568588	"{""Acinetobacter"": 1.561830131429532e-06, ""Candida"": 0.0, ""Enterobacterales"": 1.4274802619810775e-05, ""Haemophilus"": 2.2657909293608653e-05, ""Mycobacteria"": 0.0, ""Pseudomonas"": 7.86583428878142e-08, ""Staphylococcus"": 1.093185937147073e-06, ""Stenotrophomonas"": 0.0, ""Streptococcus"": 1.7191936113555084e-06}"
UniRef90_A0A2I2KZ26	12.232258064516131	0.20153609831029196	0.0009944254269248554	Haemophilus	0.1411380554098034	0.1608166202908506	"{""Acinetobacter"": 0.0008402507224185506, ""Candida"": 0.00017354182836186707, ""Enterobacterales"": 2.7008470735341287e-05, ""Haemophilus"": 0.0010214338976601968, ""Mycobacteria"": 0.00029469187212039785, ""Pseudomonas"": 0.000528716349549535, ""Staphylococcus"": 0.000514608281298313, ""Stenotrophomonas"": 0.00015807295483253244, ""Streptococcus"": 0.0004988542225460544}"
UniRef90_A0A3A4N2X0	12.227562642369017	0.201312506779477	3.8936308753627204e-06	Streptococcus	0.14133574416167463	0.1608166202908506	"{""Acinetobacter"": 4.563615429531337e-07, ""Candida"": 0.0, ""Enterobacterales"": 0.0, ""Haemophilus"": 0.0, ""Mycobacteria"": 0.0, ""Pseudomonas"": 5.278567129069556e-08, ""Staphylococcus"": 1.5858062475138875e-06, ""Stenotrophomonas"": 0.0, ""Streptococcus"": 3.8936308753627204e-06}"
UniRef90_A0A3E4U7D1	12.227562642369017	0.201312506779477	0.00012623672009941754	Streptococcus	0.14133574416167463	0.1608166202908506	"{""Acinetobacter"": 0.0, ""Candida"": 0.0, ""Enterobacterales"": 0.0, ""Haemophilus"": 3.586749522533818e-05, ""Mycobacteria"": 0.0, ""Pseudomonas"": 1.3647956088894596e-06, ""Staphylococcus"": 1.1150171158990328e-06, ""Stenotrophomonas"": 0.0, ""Streptococcus"": 0.00012623672009941754}"
UniRef90_A0A1A9ASR8	12.19472277889112	0.19974870375671996	0.0012729118759007652	Haemophilus	0.1427250055053777	0.16216928294080135	"{""Acinetobacter"": 0.00045845308854079925, ""Candida"": 0.0008469252929910958, ""Enterobacterales"": 0.0001025345859900946, ""Haemophilus"": 0.0013754464618908598, ""Mycobacteria"": 0.0011426719782249945, ""Pseudomonas"": 0.0003265224338994463, ""Staphylococcus"": 0.0005965467389667497, ""Stenotrophomonas"": 0.00022770678504703494, ""Streptococcus"": 0.0004438087426559661}"
UniRef90_A0A2W5R960	12.142124439461883	0.19724402092675633	0.001346968375877351	Mycobacteria	0.14497440373397658	0.1640107377594861	"{""Acinetobacter"": 0.0006899854642333158, ""Candida"": 0.0, ""Enterobacterales"": 5.7748231345649326e-05, ""Haemophilus"": 0.0008531271071483673, ""Mycobacteria"": 0.001346968375877351, ""Pseudomonas"": 0.00040002494614515893, ""Staphylococcus"": 0.0006076702887719494, ""Stenotrophomonas"": 0.00019152549530597755, ""Streptococcus"": 0.00046608060003633774}"
UniRef90_A0A132GIA7	12.137894640234954	0.1970426019159502	3.778642442854476e-05	Stenotrophomonas	0.1451565985609296	0.1640107377594861	"{""Acinetobacter"": 3.836593788522195e-06, ""Candida"": 0.0, ""Enterobacterales"": 2.5537749400104365e-06, ""Haemophilus"": 3.7287159675285984e-05, ""Mycobacteria"": 0.0, ""Pseudomonas"": 5.649024959032483e-07, ""Staphylococcus"": 0.0, ""Stenotrophomonas"": 3.778642442854476e-05, ""Streptococcus"": 1.8284044706225355e-05}"
UniRef90_A0A132GJ73	12.137894640234954	0.1970426019159502	3.670681230649103e-05	Stenotrophomonas	0.1451565985609296	0.1640107377594861	"{""Acinetobacter"": 3.7269768226739384e-06, ""Candida"": 0.0, ""Enterobacterales"": 2.4808099410893764e-06, ""Haemophilus"": 3.622181227055936e-05, ""Mycobacteria"": 0.0, ""Pseudomonas"": 5.487624246634854e-07, ""Staphylococcus"": 0.0, ""Stenotrophomonas"": 3.670681230649103e-05, ""Streptococcus"": 1.8038833755695143e-05}"
UniRef90_A0A132GRA8	12.137894640234954	0.1970426019159502	3.670681230649103e-05	Stenotrophomonas	0.1451565985609296	0.1640107377594861	"{""Acinetobacter"": 3.7269768226739384e-06, ""Candida"": 0.0, ""Enterobacterales"": 2.4808099410893764e-06, ""Haemophilus"": 3.622181227055936e-05, ""Mycobacteria"": 0.0, ""Pseudomonas"": 5.487624246634854e-07, ""Staphylococcus"": 0.0, ""Stenotrophomonas"": 3.670681230649103e-05, ""Streptococcus"": 2.0105732148843896e-05}"
UniRef90_A0A375FM08	12.078128542280668	0.19419659725146038	0.00017927374817228175	Stenotrophomonas	0.14775187504996076	0.16671027463796131	"{""Acinetobacter"": 2.309257382672589e-05, ""Candida"": 0.0, ""Enterobacterales"": 3.2426998067431406e-05, ""Haemophilus"": 0.00011845266273415818, ""Mycobacteria"": 3.407146689125357e-05, ""Pseudomonas"": 0.00014001329919626382, ""Staphylococcus"": 6.448981237300826e-05, ""Stenotrophomonas"": 0.00017927374817228175, ""Streptococcus"": 6.50025904965628e-05}"
UniRef90_A0A2R9SKU3	11.99354792966534	0.19016894903168285	0.00013854027194770593	Mycobacteria	0.15149199053493034	0.170692228889636	"{""Acinetobacter"": 4.966554116937898e-05, ""Candida"": 0.0, ""Enterobacterales"": 5.517993853581679e-06, ""Haemophilus"": 0.0, ""Mycobacteria"": 0.00013854027194770593, ""Pseudomonas"": 0.0, ""Staphylococcus"": 5.826108019828928e-05, ""Stenotrophomonas"": 0.0, ""Streptococcus"": 4.0202717170569885e-05}"
UniRef90_A0A2S4Q5V4	11.932786885245902	0.18727556596409056	1.6910141290916611e-06	Streptococcus	0.15422805604396583	0.1735333759938364	"{""Acinetobacter"": 1.536226358979368e-06, ""Candida"": 0.0, ""Enterobacterales"": 9.109806564080204e-07, ""Haemophilus"": 0.0, ""Mycobacteria"": 0.0, ""Pseudomonas"": 7.736886188980468e-08, ""Staphylococcus"": 1.0752654893884666e-06, ""Stenotrophomonas"": 0.0, ""Streptococcus"": 1.6910141290916611e-06}"
UniRef90_A0A359YGR8	11.804783599088841	0.18118017138518291	0.00011817399334596692	Streptococcus	0.16012879688269951	0.17992249538625543	"{""Acinetobacter"": 0.0, ""Candida"": 0.0, ""Enterobacterales"": 0.0, ""Haemophilus"": 3.11651903764275e-05, ""Mycobacteria"": 0.0, ""Pseudomonas"": 1.4873769608329205e-06, ""Staphylococcus"": 1.6454933795400839e-06, ""Stenotrophomonas"": 0.0, ""Streptococcus"": 0.00011817399334596692}"
UniRef90_A0A2R9SKY0	11.698354716084578	0.17611212933736087	0.0002672599395524413	Haemophilus	0.1651784652332232	0.18533894365281214	"{""Acinetobacter"": 0.00021416767785340264, ""Candida"": 0.0, ""Enterobacterales"": 9.871061270947667e-06, ""Haemophilus"": 0.0002672599395524413, ""Mycobacteria"": 0.00018269918823900122, ""Pseudomonas"": 0.0, ""Staphylococcus"": 0.00011290162255785338, ""Stenotrophomonas"": 9.476479082754636e-05, ""Streptococcus"": 0.00010996343027959287}"
UniRef90_A5ZYU5	11.408428246013681	0.16230610695303244	8.568171852700808e-05	Staphylococcus	0.17961329533861997	0.20125644865504647	"{""Acinetobacter"": 0.0, ""Candida"": 0.0, ""Enterobacterales"": 3.1286893889090486e-05, ""Haemophilus"": 0.0, ""Mycobacteria"": 0.0, ""Pseudomonas"": 8.37180746616852e-06, ""Staphylococcus"": 8.568171852700808e-05, ""Stenotrophomonas"": 0.0, ""Streptococcus"": 1.9812556174808813e-05}"
UniRef90_A0A2R9SL10	11.268360864040655	0.15563623162098358	0.00048484560592629484	Mycobacteria	0.18695219195288362	0.20918993539402886	"{""Acinetobacter"": 0.00012064750891777364, ""Candida"": 0.00010282531383642304, ""Enterobacterales"": 1.8552178449866478e-05, ""Haemophilus"": 0.0, ""Mycobacteria"": 0.00048484560592629484, ""Pseudomonas"": 4.386323200623205e-06, ""Staphylococcus"": 4.6104953998338834e-05, ""Stenotrophomonas"": 7.006457240636513e-05, ""Streptococcus"": 0.00010565094098866295}"
UniRef90_A3J029	11.219672131147542	0.1533177205308353	0.00010235199448219827	Pseudomonas	0.1895602413742838	0.21181524208811545	"{""Acinetobacter"": 3.737032420977341e-05, ""Candida"": 6.55035332526447e-05, ""Enterobacterales"": 0.0, ""Haemophilus"": 0.0, ""Mycobacteria"": 5.4892918885842276e-05, ""Pseudomonas"": 0.00010235199448219827, ""Staphylococcus"": 3.711731656991093e-05, ""Stenotrophomonas"": 0.0, ""Streptococcus"": 1.0966657060130019e-05}"
UniRef90_A0A267W5D1	11.065143824027082	0.14595922971557534	8.902529555059295e-07	Pseudomonas	0.19803531342231812	0.2197675837567289	"{""Acinetobacter"": 4.144831320584195e-07, ""Candida"": 0.0, ""Enterobacterales"": 3.385751488848285e-07, ""Haemophilus"": 0.0, ""Mycobacteria"": 0.0, ""Pseudomonas"": 8.902529555059295e-07, ""Staphylococcus"": 2.490500457490396e-07, ""Stenotrophomonas"": 0.0, ""Streptococcus"": 4.1424906779369973e-07}"
UniRef90_A0A2E2D8L5	11.065143824027082	0.14595922971557534	7.233044484560334e-07	Pseudomonas	0.19803531342231812	0.2197675837567289	"{""Acinetobacter"": 3.360674043386392e-07, ""Candida"": 0.0, ""Enterobacterales"": 1.5924102681524696e-07, ""Haemophilus"": 0.0, ""Mycobacteria"": 0.0, ""Pseudomonas"": 7.233044484560334e-07, ""Staphylococcus"": 2.0193246953670606e-07, ""Stenotrophomonas"": 0.0, ""Streptococcus"": 4.775375410592817e-07}"
UniRef90_A0A2W4JV81	11.065143824027082	0.14595922971557534	7.432147745607542e-07	Pseudomonas	0.19803531342231812	0.2197675837567289	"{""Acinetobacter"": 3.4540261004019034e-07, ""Candida"": 0.0, ""Enterobacterales"": 1.6365823892303635e-07, ""Haemophilus"": 0.0, ""Mycobacteria"": 0.0, ""Pseudomonas"": 7.432147745607542e-07, ""Staphylococcus"": 2.075417047263769e-07, ""Stenotrophomonas"": 0.0, ""Streptococcus"": 3.452075565497847e-07}"
UniRef90_A0A2W4P816	11.065143824027082	0.14595922971557534	7.642523672790725e-07	Pseudomonas	0.19803531342231812	0.2197675837567289	"{""Acinetobacter"": 3.552712560355151e-07, ""Candida"": 0.0, ""Enterobacterales"": 1.6832750981004788e-07, ""Haemophilus"": 0.0, ""Mycobacteria"": 0.0, ""Pseudomonas"": 7.642523672790725e-07, ""Staphylococcus"": 2.1347146777383577e-07, ""Stenotrophomonas"": 0.0, ""Streptococcus"": 5.048254004351689e-07}"
UniRef90_A0A2W4SFN6	11.065143824027082	0.14595922971557534	7.233044484560334e-07	Pseudomonas	0.19803531342231812	0.2197675837567289	"{""Acinetobacter"": 3.360674043386392e-07, ""Candida"": 0.0, ""Enterobacterales"": 1.5924102681524696e-07, ""Haemophilus"": 0.0, ""Mycobacteria"": 0.0, ""Pseudomonas"": 7.233044484560334e-07, ""Staphylococcus"": 2.0193246953670606e-07, ""Stenotrophomonas"": 0.0, ""Streptococcus"": 3.358776227496221e-07}"
UniRef90_A0A241Z2Z5	10.98944566813509	0.1423545556254805	2.729889618632375e-06	Acinetobacter	0.20229793928484865	0.2241904560019761	"{""Acinetobacter"": 2.729889618632375e-06, ""Candida"": 0.0, ""Enterobacterales"": 2.480437507735159e-07, ""Haemophilus"": 0.0, ""Mycobacteria"": 0.0, ""Pseudomonas"": 7.926935136884575e-07, ""Staphylococcus"": 0.0, ""Stenotrophomonas"": 0.0, ""Streptococcus"": 1.467596753542782e-07}"
UniRef90_A0A316M8D2	10.932801822323473	0.1396572296344511	7.68328220091296e-06	Staphylococcus	0.20553589187697463	0.22746721823320448	"{""Acinetobacter"": 0.0, ""Candida"": 0.0, ""Enterobacterales"": 5.488928752746462e-07, ""Haemophilus"": 0.0, ""Mycobacteria"": 0.0, ""Pseudomonas"": 5.581204976050379e-07, ""Staphylococcus"": 7.68328220091296e-06, ""Stenotrophomonas"": 0.0, ""Streptococcus"": 2.5071444543541633e-06}"
UniRef90_UPI0008DD236A	10.913381392205455	0.1387324472478788	0.00019305663988773998	Mycobacteria	0.20665560123743063	0.22839396366267947	"{""Acinetobacter"": 0.00020580760242889032, ""Candida"": 0.00010145428739436081, ""Enterobacterales"": 2.2588742784409858e-05, ""Haemophilus"": 0.00021361107498859864, ""Mycobacteria"": 0.00021564538267214984, ""Pseudomonas"": 2.975432884744747e-05, ""Staphylococcus"": 0.00014374917284497283, ""Stenotrophomonas"": 5.810622975337147e-05, ""Streptococcus"": 0.00012082195520395424}"
UniRef90_A0A2W5R9Q7	10.89435914552737	0.1378266259774938	0.0003794316225899751	Mycobacteria	0.2077571086517132	0.2292980912677162	"{""Acinetobacter"": 0.00018036606032199916, ""Candida"": 0.00013967540693251326, ""Enterobacterales"": 4.418415636015644e-05, ""Haemophilus"": 0.00023333760447292865, ""Mycobacteria"": 0.0004236157789501315, ""Pseudomonas"": 0.00015890935169432895, ""Staphylococcus"": 0.0002928386290181274, ""Stenotrophomonas"": 7.361277225633088e-05, ""Streptococcus"": 0.00010985230770050591}"
UniRef90_X1I8E8	10.887906097018252	0.1375193379532501	0.0004310285326862541	Mycobacteria	0.20813185158819536	0.22939873015647147	"{""Acinetobacter"": 0.00016236273311351403, ""Candida"": 0.00016940568946987293, ""Enterobacterales"": 2.0673105343913927e-05, ""Haemophilus"": 0.0003478374928040415, ""Mycobacteria"": 0.000451701638030168, ""Pseudomonas"": 0.00014249211202906246, ""Staphylococcus"": 0.0002054760292411173, ""Stenotrophomonas"": 0.00011034254995870605, ""Streptococcus"": 0.00013210197077681592}"
UniRef90_A0A0S8G6B2	10.786808846761451	0.1327051831791167	4.885766415298582e-06	Pseudomonas	0.2140739593074824	0.23562698378197725	"{""Acinetobacter"": 3.6750833816589844e-07, ""Candida"": 0.0, ""Enterobacterales"": 1.1322614997916969e-07, ""Haemophilus"": 0.0, ""Mycobacteria"": 0.0, ""Pseudomonas"": 4.885766415298582e-06, ""Staphylococcus"": 1.4742089330148993e-07, ""Stenotrophomonas"": 0.0, ""Streptococcus"": 1.5558560338261396e-07}"
UniRef90_A0A358QXZ8	10.752569750367106	0.13107475001748126	6.377903324616079e-07	Streptococcus	0.21611688588682354	0.2375523922315764	"{""Acinetobacter"": 4.557402701066606e-07, ""Candida"": 0.0, ""Enterobacterales"": 2.7059871037814063e-07, ""Haemophilus"": 0.0, ""Mycobacteria"": 0.0, ""Pseudomonas"": 8.949973154602846e-08, ""Staphylococcus"": 5.746954962283074e-07, ""Stenotrophomonas"": 0.0, ""Streptococcus"": 6.377903324616079e-07}"
UniRef90_A0A0E2LTA1	10.743255295429208	0.13063120454424798	0.0004757034446355772	Haemophilus	0.21667532916471902	0.2378430682418693	"{""Acinetobacter"": 0.0003244986198943172, ""Candida"": 9.62036231310418e-05, ""Enterobacterales"": 1.2429730290910655e-05, ""Haemophilus"": 0.00048813317492648787, ""Mycobacteria"": 0.0002485507596210807, ""Pseudomonas"": 0.0001988642925905884, ""Staphylococcus"": 0.00015850818515858502, ""Stenotrophomonas"": 4.715694827324959e-05, ""Streptococcus"": 0.00016075699202832897}"
UniRef90_J3LVN8	10.632942128692834	0.12537819660442068	5.0742473322035046e-05	Candida	0.22337681570076892	0.24486699715707597	"{""Acinetobacter"": 2.4578391665683715e-05, ""Candida"": 5.0742473322035046e-05, ""Enterobacterales"": 2.7438950261233e-06, ""Haemophilus"": 0.0, ""Mycobacteria"": 3.7601006430218494e-05, ""Pseudomonas"": 0.0, ""Staphylococcus"": 3.5097926061895705e-05, ""Stenotrophomonas"": 3.3429559640093586e-05, ""Streptococcus"": 0.0}"
UniRef90_A0A2J6JET8	10.505752961082909	0.1193215695753766	8.007860366696901e-07	Pseudomonas	0.23130592832248023	0.2528736432606575	"{""Acinetobacter"": 3.5578053939214997e-07, ""Candida"": 0.0, ""Enterobacterales"": 2.96121650271843e-07, ""Haemophilus"": 0.0, ""Mycobacteria"": 0.0, ""Pseudomonas"": 8.007860366696901e-07, ""Staphylococcus"": 2.3982845434935535e-07, ""Stenotrophomonas"": 0.0, ""Streptococcus"": 7.766654784463982e-07}"
UniRef90_W1WIF5	10.505752961082909	0.1193215695753766	7.774608748945718e-07	Pseudomonas	0.23130592832248023	0.2528736432606575	"{""Acinetobacter"": 3.45316405925577e-07, ""Candida"": 0.0, ""Enterobacterales"": 2.8741218997114456e-07, ""Haemophilus"": 0.0, ""Mycobacteria"": 0.0, ""Pseudomonas"": 7.774608748945718e-07, ""Staphylococcus"": 2.3277467625749567e-07, ""Stenotrophomonas"": 0.0, ""Streptococcus"": 7.53973512630477e-07}"
UniRef90_A0A259JHY1	10.478432452276055	0.1180205929655264	6.631373348361449e-06	Streptococcus	0.233037638366533	0.2544230086889679	"{""Acinetobacter"": 8.009211239500492e-07, ""Candida"": 0.0, ""Enterobacterales"": 1.681669469244619e-07, ""Haemophilus"": 0.0, ""Mycobacteria"": 0.0, ""Pseudomonas"": 9.473815369164114e-07, ""Staphylococcus"": 0.0, ""Stenotrophomonas"": 0.0, ""Streptococcus"": 6.631373348361449e-06}"
UniRef90_A0A2W5SUS9	10.365165819414191	0.11262694378162814	0.000588670363273052	Haemophilus	0.24032546377694136	0.2620260110452096	"{""Acinetobacter"": 0.0003324760255484764, ""Candida"": 0.00024494727803093315, ""Enterobacterales"": 5.264857922879008e-06, ""Haemophilus"": 0.000593935221195931, ""Mycobacteria"": 0.0004510038829214878, ""Pseudomonas"": 0.00019096404936560683, ""Staphylococcus"": 2.8028221637857136e-05, ""Stenotrophomonas"": 9.284349886909278e-05, ""Streptococcus"": 0.0001540741858353261}"
UniRef90_A0A287IB17	10.330116879586843	0.11095794664699252	0.0001076134951990933	Mycobacteria	0.24261615390610608	0.26416752154783285	"{""Acinetobacter"": 8.103951136428679e-05, ""Candida"": 0.0, ""Enterobacterales"": 0.0, ""Haemophilus"": 9.125153907439317e-05, ""Mycobacteria"": 0.0001076134951990933, ""Pseudomonas"": 2.5199870002868728e-05, ""Staphylococcus"": 3.0414174668648954e-05, ""Stenotrophomonas"": 0.0, ""Streptococcus"": 1.0521427700068634e-05}"
UniRef90_A0A0V0SUR0	10.320866420873507	0.11051744861302415	0.00016596252756240725	Mycobacteria	0.24322355036638277	0.2642696623382169	"{""Acinetobacter"": 5.134899536671076e-05, ""Candida"": 0.0, ""Enterobacterales"": 1.4661454934598083e-05, ""Haemophilus"": 0.0, ""Mycobacteria"": 0.00016596252756240725, ""Pseudomonas"": 0.0, ""Staphylococcus"": 3.373145977849988e-05, ""Stenotrophomonas"": 0.00010983222785153017, ""Streptococcus"": 7.43834157917556e-05}"
UniRef90_A0A2N9GIA5	10.318740822320112	0.11041622963429107	6.403808686651112e-05	Pseudomonas	0.24336328608401928	0.2642696623382169	"{""Acinetobacter"": 0.0, ""Candida"": 0.0, ""Enterobacterales"": 1.6912401423247453e-05, ""Haemophilus"": 0.0, ""Mycobacteria"": 0.0, ""Pseudomonas"": 6.403808686651112e-05, ""Staphylococcus"": 5.020860828962641e-05, ""Stenotrophomonas"": 0.0, ""Streptococcus"": 1.7379435241929334e-05}"
UniRef90_Q65Q50	10.263952164009119	0.10780724590519614	2.6036341103825906e-05	Stenotrophomonas	0.24698654491666908	0.2678446579592296	"{""Acinetobacter"": 8.642917866526609e-06, ""Candida"": 0.0, ""Enterobacterales"": 0.0, ""Haemophilus"": 2.4973275544769852e-05, ""Mycobacteria"": 0.0, ""Pseudomonas"": 2.1511419364596294e-06, ""Staphylococcus"": 1.1062445704834794e-06, ""Stenotrophomonas"": 2.6036341103825906e-05, ""Streptococcus"": 0.0}"
UniRef90_A0A101E798	10.219362186788144	0.1056839136565783	7.482649135725317e-06	Staphylococcus	0.24996595055924062	0.27035087433479366	"{""Acinetobacter"": 0.0, ""Candida"": 0.0, ""Enterobacterales"": 5.346865041975934e-08, ""Haemophilus"": 0.0, ""Mycobacteria"": 0.0, ""Pseudomonas"": 9.226183297938858e-07, ""Staphylococcus"": 7.482649135725317e-06, ""Stenotrophomonas"": 0.0, ""Streptococcus"": 1.1083412982002997e-06}"
UniRef90_A0A2N2LDC4	10.219362186788144	0.1056839136565783	7.183343169003302e-06	Staphylococcus	0.24996595055924062	0.27035087433479366	"{""Acinetobacter"": 0.0, ""Candida"": 0.0, ""Enterobacterales"": 5.1329904403956974e-08, ""Haemophilus"": 0.0, ""Mycobacteria"": 0.0, ""Pseudomonas"": 8.857135966365834e-07, ""Staphylococcus"": 7.183343169003302e-06, ""Stenotrophomonas"": 0.0, ""Streptococcus"": 1.0640076463515378e-06}"
UniRef90_A0A259K809	10.20457304734925	0.10497966892139285	1.5390990443726965e-06	Acinetobacter	0.2509602093036355	0.2710638308766904	"{""Acinetobacter"": 1.5390990443726965e-06, ""Candida"": 0.0, ""Enterobacterales"": 2.9529017947988515e-07, ""Haemophilus"": 0.0, ""Mycobacteria"": 0.0, ""Pseudomonas"": 9.436827543489214e-07, ""Staphylococcus"": 0.0, ""Stenotrophomonas"": 0.0, ""Streptococcus"": 1.7471389924858026e-07}"
UniRef90_A0A0Y5UK39	10.163496560097137	0.10302364571891129	0.00034570036381443073	Stenotrophomonas	0.2537376643221336	0.2736983605821415	"{""Acinetobacter"": 0.0, ""Candida"": 0.0, ""Enterobacterales"": 9.429548098335368e-05, ""Haemophilus"": 0.0, ""Mycobacteria"": 0.0, ""Pseudomonas"": 8.669424162179089e-05, ""Staphylococcus"": 1.643552499958826e-05, ""Stenotrophomonas"": 0.00034570036381443073, ""Streptococcus"": 6.197296015131479e-05}"
UniRef90_C8ZJR7	10.145892351274787	0.10218535006070414	0.00017392616676444874	Streptococcus	0.25493518231558165	0.27462391810027376	"{""Acinetobacter"": 0.0, ""Candida"": 0.0, ""Enterobacterales"": 1.9332586738249665e-05, ""Haemophilus"": 8.096525882418655e-05, ""Mycobacteria"": 0.0, ""Pseudomonas"": 2.334767022425762e-06, ""Staphylococcus"": 1.2847825513827374e-06, ""Stenotrophomonas"": 0.0, ""Streptococcus"": 0.00017392616676444874}"
UniRef90_X1FQ44	10.093570219966166	0.09969381999838885	5.192845003891994e-05	Mycobacteria	0.25851985914466286	0.2781151144255748	"{""Acinetobacter"": 3.344632621576072e-05, ""Candida"": 0.0, ""Enterobacterales"": 2.882629631072719e-06, ""Haemophilus"": 0.0, ""Mycobacteria"": 5.192845003891994e-05, ""Pseudomonas"": 0.0, ""Staphylococcus"": 6.3896784677022165e-06, ""Stenotrophomonas"": 2.114229202678707e-05, ""Streptococcus"": 2.2264839440334507e-05}"
UniRef90_A2T1M0	9.746863617968435	0.08318398180802071	0.00012440398277294325	Streptococcus	0.2832442289568786	0.3039052801407358	"{""Acinetobacter"": 0.0, ""Candida"": 0.0, ""Enterobacterales"": 2.3025002385011778e-05, ""Haemophilus"": 5.512780317066987e-05, ""Mycobacteria"": 0.0, ""Pseudomonas"": 1.180923069038242e-06, ""Staphylococcus"": 2.186560182396612e-06, ""Stenotrophomonas"": 0.0, ""Streptococcus"": 0.00012440398277294325}"
UniRef90_C9KU46	9.746863617968435	0.08318398180802071	9.271398664296811e-05	Streptococcus	0.2832442289568786	0.3039052801407358	"{""Acinetobacter"": 0.0, ""Candida"": 0.0, ""Enterobacterales"": 1.4438305432152743e-05, ""Haemophilus"": 3.132220784574677e-05, ""Mycobacteria"": 0.0, ""Pseudomonas"": 1.0052821176685324e-06, ""Staphylococcus"": 1.2759355232194655e-06, ""Stenotrophomonas"": 0.0, ""Streptococcus"": 9.271398664296811e-05}"
UniRef90_Q9LPW2	9.641257142857148	0.07815510204081656	0.008711180564083251	Candida	0.2911128547785903	0.31193417154421127	"{""Acinetobacter"": 0.0006627544035352514, ""Candida"": 0.008775630663516913, ""Enterobacterales"": 6.4450099433662e-05, ""Haemophilus"": 0.0005080432826460227, ""Mycobacteria"": 0.0012777453579106627, ""Pseudomonas"": 0.00037697994881383495, ""Staphylococcus"": 0.0010309055673299462, ""Stenotrophomonas"": 0.00013096349580330797, ""Streptococcus"": 0.0008425602203709832}"
UniRef90_A0A0E2LTX7	9.594058295964123	0.07590753790305348	0.00036214564979986926	Haemophilus	0.2946808181465408	0.31533965857215807	"{""Acinetobacter"": 0.00023736094771729339, ""Candida"": 8.733804434668515e-05, ""Enterobacterales"": 1.6128474199322772e-05, ""Haemophilus"": 0.00037827412399919205, ""Mycobacteria"": 0.0003203299933129866, ""Pseudomonas"": 0.0001247762621323927, ""Staphylococcus"": 0.0001686226585575399, ""Stenotrophomonas"": 9.54091038125982e-05, ""Streptococcus"": 9.147222370370388e-05}"
UniRef90_D7KNB0	9.55051252847379	0.07383392992732335	0.004201390544189367	Candida	0.29800072836104863	0.3184710558046081	"{""Acinetobacter"": 0.0005323502828008559, ""Candida"": 0.004201390544189367, ""Enterobacterales"": 0.0, ""Haemophilus"": 0.0, ""Mycobacteria"": 0.0, ""Pseudomonas"": 0.00093959062110835, ""Staphylococcus"": 0.003101409513404364, ""Stenotrophomonas"": 0.0, ""Streptococcus"": 0.0013503392751591907}"
UniRef90_A0A2H9EK07	9.453075170842812	0.06919405575441961	1.9012399959898014e-06	Acinetobacter	0.3055270518772619	0.32608362133074525	"{""Acinetobacter"": 1.9012399959898014e-06, ""Candida"": 0.0, ""Enterobacterales"": 3.5281177133577256e-07, ""Haemophilus"": 0.0, ""Mycobacteria"": 0.0, ""Pseudomonas"": 3.696320084304223e-07, ""Staphylococcus"": 0.0, ""Stenotrophomonas"": 0.0, ""Streptococcus"": 2.158230519993552e-07}"
UniRef90_A0A379VZ69	9.414691943127957	0.06736628300609321	2.2084685265092633e-05	Haemophilus	0.30852897794617795	0.32885368005066923	"{""Acinetobacter"": 4.3458935876934767e-07, ""Candida"": 0.0, ""Enterobacterales"": 8.585709763000488e-07, ""Haemophilus"": 2.2084685265092633e-05, ""Mycobacteria"": 0.0, ""Pseudomonas"": 5.518031446673687e-08, ""Staphylococcus"": 8.296799596953725e-07, ""Stenotrophomonas"": 0.0, ""Streptococcus"": 4.608620782822413e-07}"
UniRef90_A0A381YNG7	9.337484116899617	0.06368971985236271	6.0473955947848416e-05	Haemophilus	0.3146308527020759	0.3349162629420782	"{""Acinetobacter"": 3.293492243359228e-05, ""Candida"": 0.0, ""Enterobacterales"": 8.472375418605604e-06, ""Haemophilus"": 6.0473955947848416e-05, ""Mycobacteria"": 0.0, ""Pseudomonas"": 4.9425602534362826e-06, ""Staphylococcus"": 3.2013452449010264e-05, ""Stenotrophomonas"": 2.8119248390203797e-05, ""Streptococcus"": 1.2529571385494955e-05}"
UniRef90_N1NJ02	9.277418049372713	0.06082943092251014	7.566537230947897e-05	Haemophilus	0.3194366199271623	0.33958505324714106	"{""Acinetobacter"": 0.0, ""Candida"": 0.0, ""Enterobacterales"": 8.61771900655288e-06, ""Haemophilus"": 7.566537230947897e-05, ""Mycobacteria"": 0.0, ""Pseudomonas"": 1.55033471608116e-06, ""Staphylococcus"": 0.0, ""Stenotrophomonas"": 0.0, ""Streptococcus"": 4.438753187469141e-05}"
UniRef90_C6J7T2	9.21873735329825	0.05803511206182144	6.399524325289282e-05	Staphylococcus	0.3241810452220154	0.3441764640217985	"{""Acinetobacter"": 0.0, ""Candida"": 0.0, ""Enterobacterales"": 3.043279128308133e-05, ""Haemophilus"": 0.0, ""Mycobacteria"": 0.0, ""Pseudomonas"": 1.4310781994273334e-06, ""Staphylococcus"": 6.399524325289282e-05, ""Stenotrophomonas"": 0.0, ""Streptococcus"": 1.567541307236426e-05}"
UniRef90_A0A2W5R337	8.926046961994674	0.04409747438069874	0.00019052065614173856	Haemophilus	0.34857294787154036	0.3695878307052112	"{""Acinetobacter"": 9.406489103117065e-05, ""Candida"": 0.0, ""Enterobacterales"": 4.9272249546021546e-06, ""Haemophilus"": 0.00019052065614173856, ""Mycobacteria"": 2.5498646187224696e-05, ""Pseudomonas"": 2.5899496911937972e-05, ""Staphylococcus"": 3.405640307076841e-05, ""Stenotrophomonas"": 3.1099629556929864e-05, ""Streptococcus"": 4.32806561561809e-05}"
UniRef90_T4AWL0	8.683485193621857	0.032546913981993206	9.95989293193017e-05	Staphylococcus	0.3696961485081307	0.3914714452134525	"{""Acinetobacter"": 0.0, ""Candida"": 0.0, ""Enterobacterales"": 4.005434495158408e-06, ""Haemophilus"": 0.0, ""Mycobacteria"": 0.0, ""Pseudomonas"": 1.5838554666629287e-06, ""Staphylococcus"": 9.95989293193017e-05, ""Stenotrophomonas"": 0.0, ""Streptococcus"": 4.6129816171073534e-05}"
UniRef90_A0A0D3AH13	8.611808846761452	0.02913375460768819	0.00018082214160051096	Staphylococcus	0.37609326486528094	0.39772477290981995	"{""Acinetobacter"": 0.00014620366873694909, ""Candida"": 6.44297048531636e-05, ""Enterobacterales"": 0.0, ""Haemophilus"": 0.00016696682803902922, ""Mycobacteria"": 0.0, ""Pseudomonas"": 3.782955056281685e-05, ""Staphylococcus"": 0.00018082214160051096, ""Stenotrophomonas"": 0.0, ""Streptococcus"": 0.00012792560990269644}"
UniRef90_G5LUL6	8.60186125211506	0.028660059624526706	2.1927008991841396e-05	Haemophilus	0.37698662541510697	0.39814906000107253	"{""Acinetobacter"": 3.0798966078063115e-07, ""Candida"": 0.0, ""Enterobacterales"": 1.896808545942368e-07, ""Haemophilus"": 2.1927008991841396e-05, ""Mycobacteria"": 0.0, ""Pseudomonas"": 3.156653616623511e-08, ""Staphylococcus"": 6.411933229668418e-07, ""Stenotrophomonas"": 0.0, ""Streptococcus"": 1.100053544149835e-06}"
UniRef90_A0A0S4XGK5	8.562605752961076	0.026790750141003628	1.0776769147982517e-06	Pseudomonas	0.3805251434994724	0.4013622439257799	"{""Acinetobacter"": 4.74655861247629e-07, ""Candida"": 0.0, ""Enterobacterales"": 7.38852688852943e-08, ""Haemophilus"": 0.0, ""Mycobacteria"": 0.0, ""Pseudomonas"": 1.0776769147982517e-06, ""Staphylococcus"": 1.4739475959512607e-07, ""Stenotrophomonas"": 0.0, ""Streptococcus"": 1.8477715330824827e-07}"
UniRef90_J9FTK5	8.493908629441615	0.023519458544838792	4.622894565404771e-06	Acinetobacter	0.38676765026417337	0.40741540242671387	"{""Acinetobacter"": 4.622894565404771e-06, ""Candida"": 0.0, ""Enterobacterales"": 6.674832392018828e-07, ""Haemophilus"": 0.0, ""Mycobacteria"": 0.0, ""Pseudomonas"": 8.332077768765371e-08, ""Staphylococcus"": 1.5252722095115252e-06, ""Stenotrophomonas"": 0.0, ""Streptococcus"": 3.4127973537004156e-06}"
UniRef90_A0A2V2KZ91	8.47870159453303	0.02279531402538238	5.241124749513639e-05	Haemophilus	0.38815808756737424	0.4083483652041688	"{""Acinetobacter"": 1.2550821238348606e-05, ""Candida"": 0.0, ""Enterobacterales"": 2.2654837676567756e-06, ""Haemophilus"": 5.241124749513639e-05, ""Mycobacteria"": 0.0, ""Pseudomonas"": 0.0, ""Staphylococcus"": 6.259298577721634e-06, ""Stenotrophomonas"": 0.0, ""Streptococcus"": 0.0}"
UniRef90_A0A1A9AM51	8.232901659247277	0.011090555202251298	3.460613751989497e-05	Acinetobacter	0.4110567632513298	0.43171099095691245	"{""Acinetobacter"": 3.460613751989497e-05, ""Candida"": 0.0, ""Enterobacterales"": 0.0, ""Haemophilus"": 0.0, ""Mycobacteria"": 3.428596693962917e-05, ""Pseudomonas"": 2.15523099217844e-05, ""Staphylococcus"": 0.0, ""Stenotrophomonas"": 2.5381545343313418e-05, ""Streptococcus"": 2.5001458804256824e-05}"
UniRef90_A0A0S8JFB9	8.228934010152278	0.010901619531060851	1.0776769147982517e-06	Pseudomonas	0.4114328479947831	0.43171099095691245	"{""Acinetobacter"": 3.4343702136580383e-07, ""Candida"": 0.0, ""Enterobacterales"": 9.699105943787747e-08, ""Haemophilus"": 0.0, ""Mycobacteria"": 0.0, ""Pseudomonas"": 1.0776769147982517e-06, ""Staphylococcus"": 1.4739475959512607e-07, ""Stenotrophomonas"": 0.0, ""Streptococcus"": 1.8477715330824827e-07}"
UniRef90_A0A0Y1ZDJ5	8.092067988668562	0.004384189936598203	3.16050757609645e-05	Streptococcus	0.4245287455429225	0.4448753304976999	"{""Acinetobacter"": 0.0, ""Candida"": 0.0, ""Enterobacterales"": 0.0, ""Haemophilus"": 0.0, ""Mycobacteria"": 2.4799751879225856e-05, ""Pseudomonas"": 1.976388409456738e-05, ""Staphylococcus"": 2.2305878435981318e-05, ""Stenotrophomonas"": 0.0, ""Streptococcus"": 3.16050757609645e-05}"
UniRef90_A0A2D5FFL7	7.976651480637805	0	1.9828689225039285e-06	Pseudomonas	0.43575420506426443	0.45604806196247083	"{""Acinetobacter"": 0.0, ""Candida"": 0.0, ""Enterobacterales"": 1.4323557620125113e-07, ""Haemophilus"": 0.0, ""Mycobacteria"": 0.0, ""Pseudomonas"": 1.9828689225039285e-06, ""Staphylococcus"": 9.957598098470586e-07, ""Stenotrophomonas"": 0.0, ""Streptococcus"": 9.075390268249169e-07}"
UniRef90_A0A2W5L2Z0	7.950721709006926	0	0.0001697223339214277	Haemophilus	0.43829855579597465	0.45811825793145156	"{""Acinetobacter"": 9.197733316117105e-05, ""Candida"": 0.0, ""Enterobacterales"": 1.8619692097578492e-05, ""Haemophilus"": 0.0001697223339214277, ""Mycobacteria"": 0.00010672950216552749, ""Pseudomonas"": 3.4951203914900995e-05, ""Staphylococcus"": 7.769772598425066e-05, ""Stenotrophomonas"": 3.257055798916674e-05, ""Streptococcus"": 8.641757909603964e-05}"
UniRef90_A0A2S9RGK5	7.933630109267499	0	8.613902631584021e-05	Acinetobacter	0.43998009976677477	0.4592824525307365	"{""Acinetobacter"": 8.613902631584021e-05, ""Candida"": 0.0, ""Enterobacterales"": 5.260749959564263e-06, ""Haemophilus"": 0.0, ""Mycobacteria"": 0.0, ""Pseudomonas"": 6.846959398861575e-05, ""Staphylococcus"": 9.369552954083966e-07, ""Stenotrophomonas"": 5.2144210622078285e-05, ""Streptococcus"": 1.0160285218104681e-05}"
UniRef90_A0A0T9E5A0	7.877562642369015	0	8.736013201105093e-05	Streptococcus	0.4455207823300704	0.4638691285778983	"{""Acinetobacter"": 0.0, ""Candida"": 0.0, ""Enterobacterales"": 4.518963724533376e-05, ""Haemophilus"": 0.0, ""Mycobacteria"": 0.0, ""Pseudomonas"": 2.0699523954582278e-06, ""Staphylococcus"": 3.1130077760727614e-05, ""Stenotrophomonas"": 0.0, ""Streptococcus"": 8.736013201105093e-05}"
UniRef90_A0A141RHF0	7.877562642369015	0	7.690019046286218e-05	Streptococcus	0.4455207823300704	0.4638691285778983	"{""Acinetobacter"": 0.0, ""Candida"": 0.0, ""Enterobacterales"": 4.137691933274478e-06, ""Haemophilus"": 0.0, ""Mycobacteria"": 0.0, ""Pseudomonas"": 1.6205445424086465e-05, ""Staphylococcus"": 1.2637902369205336e-06, ""Stenotrophomonas"": 0.0, ""Streptococcus"": 7.690019046286218e-05}"
UniRef90_F9Q378	7.864350797266521	0	4.045069022754819e-05	Streptococcus	0.44683182905390917	0.4646361821396048	"{""Acinetobacter"": 0.0, ""Candida"": 0.0, ""Enterobacterales"": 0.0, ""Haemophilus"": 0.0, ""Mycobacteria"": 2.6899201781510464e-05, ""Pseudomonas"": 1.297294847825152e-05, ""Staphylococcus"": 2.608962371334557e-07, ""Stenotrophomonas"": 0.0, ""Streptococcus"": 4.045069022754819e-05}"
UniRef90_A0A3A5BW52	7.811503416856488	0	2.300513569514868e-05	Pseudomonas	0.45209648352491394	0.46950713115745235	"{""Acinetobacter"": 0.0, ""Candida"": 0.0, ""Enterobacterales"": 2.1695370560602988e-08, ""Haemophilus"": 0.0, ""Mycobacteria"": 0.0, ""Pseudomonas"": 2.300513569514868e-05, ""Staphylococcus"": 1.3641558094653413e-07, ""Stenotrophomonas"": 0.0, ""Streptococcus"": 1.0429643160256401e-05}"
UniRef90_UPI0005E0605D	7.7124145785876985	0	5.02144058089264e-05	Acinetobacter	0.4620545035949274	0.4792334530875593	"{""Acinetobacter"": 5.02144058089264e-05, ""Candida"": 0.0, ""Enterobacterales"": 3.1271015795740613e-06, ""Haemophilus"": 0.0, ""Mycobacteria"": 2.3931247884572466e-05, ""Pseudomonas"": 0.0, ""Staphylococcus"": 6.786552905377864e-06, ""Stenotrophomonas"": 0.0, ""Streptococcus"": 0.0}"
UniRef90_A0A2N0NEV4	7.570640877598156	0	0.00034161579856546747	Haemophilus	0.47649273073204945	0.493575696750612	"{""Acinetobacter"": 0.00017274404342046914, ""Candida"": 0.0, ""Enterobacterales"": 3.573325750050379e-05, ""Haemophilus"": 0.00034161579856546747, ""Mycobacteria"": 8.248291536701817e-05, ""Pseudomonas"": 4.541404193521917e-05, ""Staphylococcus"": 0.00010843748877337048, ""Stenotrophomonas"": 0.0001160270984255871, ""Streptococcus"": 8.296268659352906e-05}"
UniRef90_A0A101E7L0	7.5587371512481605	0	7.149837441502271e-07	Pseudomonas	0.47771490597663635	0.49357772533218236	"{""Acinetobacter"": 3.1731777840294884e-07, ""Candida"": 0.0, ""Enterobacterales"": 2.5111842265720115e-07, ""Haemophilus"": 0.0, ""Mycobacteria"": 0.0, ""Pseudomonas"": 7.149837441502271e-07, ""Staphylococcus"": 2.1390105382477444e-07, ""Stenotrophomonas"": 0.0, ""Streptococcus"": 5.515533960653544e-07}"
UniRef90_A0A2N6BRJ1	7.5587371512481605	0	7.149837441502271e-07	Pseudomonas	0.47771490597663635	0.49357772533218236	"{""Acinetobacter"": 3.1731777840294884e-07, ""Candida"": 0.0, ""Enterobacterales"": 2.6853846801442735e-07, ""Haemophilus"": 0.0, ""Mycobacteria"": 0.0, ""Pseudomonas"": 7.149837441502271e-07, ""Staphylococcus"": 2.1390105382477444e-07, ""Stenotrophomonas"": 0.0, ""Streptococcus"": 5.515533960653544e-07}"
UniRef90_A0A0H4TCP9	7.478891336270189	0	7.346629395918432e-07	Pseudomonas	0.4859512461985679	0.5008083543626005	"{""Acinetobacter"": 3.2613216113494863e-07, ""Candida"": 0.0, ""Enterobacterales"": 2.4285899721438505e-07, ""Haemophilus"": 0.0, ""Mycobacteria"": 0.0, ""Pseudomonas"": 7.346629395918432e-07, ""Staphylococcus"": 2.1984274976865083e-07, ""Stenotrophomonas"": 0.0, ""Streptococcus"": 5.667535125541171e-07}"
UniRef90_X1AFB9	7.478891336270189	0	7.554561942231372e-07	Pseudomonas	0.4859512461985679	0.5008083543626005	"{""Acinetobacter"": 3.354502228700144e-07, ""Candida"": 0.0, ""Enterobacterales"": 2.4979782568306497e-07, ""Haemophilus"": 0.0, ""Mycobacteria"": 0.0, ""Pseudomonas"": 7.554561942231372e-07, ""Staphylococcus"": 2.261239712348336e-07, ""Stenotrophomonas"": 0.0, ""Streptococcus"": 5.828153035276639e-07}"
UniRef90_A0A2W5KYL1	7.458596491228071	0	0.00013427800485891526	Haemophilus	0.4880552172002388	0.5023367311895588	"{""Acinetobacter"": 4.746946542994928e-05, ""Candida"": 0.0, ""Enterobacterales"": 1.2135721486298322e-05, ""Haemophilus"": 0.00013427800485891526, ""Mycobacteria"": 9.159891806974149e-05, ""Pseudomonas"": 3.765259570544272e-05, ""Staphylococcus"": 2.2187207208337348e-05, ""Stenotrophomonas"": 3.65346834968868e-05, ""Streptococcus"": 4.930162353262954e-05}"
UniRef90_UPI000C2A411E	7.3777034559643235	0	0.00021030879273537998	Haemophilus	0.4964825579155592	0.5103613587721567	"{""Acinetobacter"": 0.0001206516115655924, ""Candida"": 8.265350328458958e-05, ""Enterobacterales"": 1.6920304639748344e-05, ""Haemophilus"": 0.00022722909737512832, ""Mycobacteria"": 0.00017978192151346683, ""Pseudomonas"": 7.981876352932181e-05, ""Staphylococcus"": 0.00010938443765904103, ""Stenotrophomonas"": 5.0765159994167274e-05, ""Streptococcus"": 8.288437073826341e-05}"
UniRef90_K2GD68	7.335168869309827	0	1.8884812009373635e-06	Streptococcus	0.5009395518496224	0.5142894637643965	"{""Acinetobacter"": 3.5578053939214997e-07, ""Candida"": 0.0, ""Enterobacterales"": 2.6493708783866544e-07, ""Haemophilus"": 0.0, ""Mycobacteria"": 0.0, ""Pseudomonas"": 8.007860366696901e-07, ""Staphylococcus"": 2.3982845434935535e-07, ""Stenotrophomonas"": 0.0, ""Streptococcus"": 1.8884812009373635e-06}"
UniRef90_A0A287QPW3	7.047551598543101	0	2.5541811845564758e-05	Acinetobacter	0.5315110166531849	0.5449840462261427	"{""Acinetobacter"": 2.5541811845564758e-05, ""Candida"": 0.0, ""Enterobacterales"": 1.4867336843733563e-06, ""Haemophilus"": 0.0, ""Mycobacteria"": 2.1370618305442755e-05, ""Pseudomonas"": 1.589718967021794e-05, ""Staphylococcus"": 1.0739054269533728e-06, ""Stenotrophomonas"": 2.0558636297642233e-05, ""Streptococcus"": 0.0}"
UniRef90_A0A3A0QCE4	6.997168405365122	0	6.271619628674521e-05	Haemophilus	0.5369382072616498	0.5497458828781491	"{""Acinetobacter"": 4.616362671525599e-05, ""Candida"": 0.0, ""Enterobacterales"": 2.1672085747631497e-06, ""Haemophilus"": 6.271619628674521e-05, ""Mycobacteria"": 4.258805559360727e-05, ""Pseudomonas"": 0.0, ""Staphylococcus"": 3.956881608073276e-05, ""Stenotrophomonas"": 0.0, ""Streptococcus"": 1.9370278746991946e-05}"
UniRef90_W1YQ47	6.991831864904548	0	7.926025693734808e-05	Acinetobacter	0.5375142068684993	0.5497458828781491	"{""Acinetobacter"": 7.926025693734808e-05, ""Candida"": 0.0, ""Enterobacterales"": 4.059637148434196e-06, ""Haemophilus"": 0.0, ""Mycobacteria"": 0.0, ""Pseudomonas"": 3.699249172719276e-05, ""Staphylococcus"": 4.241806422015697e-05, ""Stenotrophomonas"": 0.0, ""Streptococcus"": 3.111522982036507e-05}"
UniRef90_M7BZQ6	6.815648286140098	0	6.929893563800029e-05	Mycobacteria	0.5566473548124373	0.5685955934889669	"{""Acinetobacter"": 3.967676013038331e-05, ""Candida"": 0.0, ""Enterobacterales"": 3.3630884946593343e-06, ""Haemophilus"": 0.0, ""Mycobacteria"": 6.929893563800029e-05, ""Pseudomonas"": 1.2280663770096575e-06, ""Staphylococcus"": 6.873775996568725e-05, ""Stenotrophomonas"": 4.103733678669543e-05, ""Streptococcus"": 3.139375884554509e-05}"
UniRef90_A0A2R9SK48	6.786304062909574	0	0.0003714360529733435	Acinetobacter	0.5598547389447623	0.5711506731479353	"{""Acinetobacter"": 0.0003714360529733435, ""Candida"": 0.00028085712615282936, ""Enterobacterales"": 6.199045140958005e-05, ""Haemophilus"": 0.0, ""Mycobacteria"": 0.00034232992152017386, ""Pseudomonas"": 7.5761375482945706e-06, ""Staphylococcus"": 0.00021525959261479367, ""Stenotrophomonas"": 0.00012533150712852714, ""Streptococcus"": 0.0002209360757512807}"
UniRef90_UPI000928192A	6.475855815007939	0	0.0001844251338458362	Haemophilus	0.5940869540367759	0.6053102592137931	"{""Acinetobacter"": 0.0001324812210288681, ""Candida"": 0.00010233266778583052, ""Enterobacterales"": 1.701155580052746e-05, ""Haemophilus"": 0.00020143668964636368, ""Mycobacteria"": 0.00011670338492980953, ""Pseudomonas"": 3.9944926159888035e-05, ""Staphylococcus"": 8.032734230005308e-05, ""Stenotrophomonas"": 5.737282389033769e-05, ""Streptococcus"": 0.00010850225964223161}"
UniRef90_A0A2U2VXH8	6.246942103832559	0	0.00016389706161920681	Mycobacteria	0.6195921524180601	0.630503209190202	"{""Acinetobacter"": 2.537458246545221e-05, ""Candida"": 0.0, ""Enterobacterales"": 1.3459889842438423e-05, ""Haemophilus"": 3.346334060113945e-05, ""Mycobacteria"": 0.00016389706161920681, ""Pseudomonas"": 4.195834704315452e-05, ""Staphylococcus"": 0.0001022219353135242, ""Stenotrophomonas"": 0.0, ""Streptococcus"": 3.411737993753205e-05}"
UniRef90_A0A2R9SKX0	5.856184798807755	0	6.342027233464233e-05	Haemophilus	0.6633375146910709	0.67417091631291	"{""Acinetobacter"": 4.986463679958512e-05, ""Candida"": 5.327032259767137e-05, ""Enterobacterales"": 7.686254364900364e-06, ""Haemophilus"": 6.342027233464233e-05, ""Mycobacteria"": 2.6662877766908708e-05, ""Pseudomonas"": 0.0, ""Staphylococcus"": 1.1746663261807878e-05, ""Stenotrophomonas"": 0.0, ""Streptococcus"": 1.8875239484157174e-05}"
UniRef90_A0A2I2KZ36	5.437089095443203	0	0.00010635440467124128	Mycobacteria	0.7099995833160091	0.7206896648715826	"{""Acinetobacter"": 5.360034040122563e-05, ""Candida"": 3.0704781225073214e-05, ""Enterobacterales"": 5.949916153616635e-06, ""Haemophilus"": 6.709145542571167e-05, ""Mycobacteria"": 0.00011230432082485792, ""Pseudomonas"": 9.861647852130823e-06, ""Staphylococcus"": 5.3626659220145503e-05, ""Stenotrophomonas"": 2.510647177653728e-05, ""Streptococcus"": 3.631012003047264e-05}"
UniRef90_A0A1A7LC15	5.272089082546597	0	0.00021342010565125874	Haemophilus	0.7281383262483434	0.7381753207204383	"{""Acinetobacter"": 0.00010339018233679829, ""Candida"": 0.0, ""Enterobacterales"": 1.1292581477254387e-05, ""Haemophilus"": 0.00021342010565125874, ""Mycobacteria"": 0.00021101279633139317, ""Pseudomonas"": 0.00010122871691957306, ""Staphylococcus"": 7.114644541491898e-05, ""Stenotrophomonas"": 8.983741799478577e-05, ""Streptococcus"": 7.492683390520976e-05}"
UniRef90_A0A2U2VWN7	5.25170842824601	0	5.001243924510683e-05	Pseudomonas	0.7303655650176446	0.7385821776240931	"{""Acinetobacter"": 1.278456347810574e-05, ""Candida"": 0.0, ""Enterobacterales"": 5.963825824634929e-06, ""Haemophilus"": 0.0, ""Mycobacteria"": 2.4790350457880535e-05, ""Pseudomonas"": 5.001243924510683e-05, ""Staphylococcus"": 3.0501233343170447e-05, ""Stenotrophomonas"": 0.0, ""Streptococcus"": 0.0}"
UniRef90_A0A3A6TLW4	5.25170842824601	0	1.6198108433447792e-06	Streptococcus	0.7303655650176446	0.7385821776240931	"{""Acinetobacter"": 3.360674043386392e-07, ""Candida"": 0.0, ""Enterobacterales"": 1.0609600000080153e-07, ""Haemophilus"": 0.0, ""Mycobacteria"": 0.0, ""Pseudomonas"": 7.045529007483693e-07, ""Staphylococcus"": 7.964673113258146e-08, ""Stenotrophomonas"": 0.0, ""Streptococcus"": 1.6198108433447792e-06}"
UniRef90_A0A0V0SPY2	5.060136674259677	0	7.681917527287585e-05	Staphylococcus	0.7511297336196006	0.7586316535558763	"{""Acinetobacter"": 6.129719573404457e-06, ""Candida"": 0.0, ""Enterobacterales"": 1.6206465790966379e-06, ""Haemophilus"": 6.70398465737696e-05, ""Mycobacteria"": 0.0, ""Pseudomonas"": 3.0160580246315174e-05, ""Staphylococcus"": 7.681917527287585e-05, ""Stenotrophomonas"": 0.0, ""Streptococcus"": 0.0}"
UniRef90_W1YR30	4.868564920273344	0	2.9322786349264673e-05	Pseudomonas	0.7715273273825295	0.7782613564245217	"{""Acinetobacter"": 9.86161791563086e-06, ""Candida"": 0.0, ""Enterobacterales"": 3.1086249757175773e-06, ""Haemophilus"": 0.0, ""Mycobacteria"": 0.0, ""Pseudomonas"": 2.9322786349264673e-05, ""Staphylococcus"": 1.964619368369226e-06, ""Stenotrophomonas"": 0.0, ""Streptococcus"": 9.421460256789976e-06}"
UniRef90_A0A317BNZ8	4.759622367465505	0	0.00017479541740452067	Haemophilus	0.7829318791669896	0.7887819305679883	"{""Acinetobacter"": 7.531970878637232e-05, ""Candida"": 0.0, ""Enterobacterales"": 9.499685162439952e-06, ""Haemophilus"": 0.00017479541740452067, ""Mycobacteria"": 0.00011456356382376064, ""Pseudomonas"": 2.6391725402301637e-05, ""Staphylococcus"": 0.00014997103810545444, ""Stenotrophomonas"": 0.00010329519817768729, ""Streptococcus"": 6.637166806735161e-05}"
UniRef90_A0A121D5N5	4.742841409691631	0	0.00016013709316219077	Streptococcus	0.7846746757827907	0.7895544934182558	"{""Acinetobacter"": 4.5988220020913036e-05, ""Candida"": 0.0, ""Enterobacterales"": 4.583189056049298e-05, ""Haemophilus"": 0.0, ""Mycobacteria"": 0.0001034023553092431, ""Pseudomonas"": 3.5473760449086186e-06, ""Staphylococcus"": 6.031856917924208e-06, ""Stenotrophomonas"": 0.0, ""Streptococcus"": 0.00016013709316219077}"
UniRef90_A0A2W5KW48	4.5527251184834086	0	4.1377387759471817e-05	Haemophilus	0.8041352389256688	0.8081309419762313	"{""Acinetobacter"": 2.7933812444414707e-05, ""Candida"": 0.0, ""Enterobacterales"": 5.47165012382122e-06, ""Haemophilus"": 4.1377387759471817e-05, ""Mycobacteria"": 3.704970452869766e-05, ""Pseudomonas"": 1.4066655675731964e-05, ""Staphylococcus"": 0.0, ""Stenotrophomonas"": 3.6735088311660976e-05, ""Streptococcus"": 2.90022236997324e-05}"
UniRef90_UPI000DB006F4	4.434104258443466	0	5.431076993300646e-05	Staphylococcus	0.8159889970089934	0.819026176898605	"{""Acinetobacter"": 1.7955656778816608e-05, ""Candida"": 0.0, ""Enterobacterales"": 3.7276108358296545e-06, ""Haemophilus"": 0.0, ""Mycobacteria"": 2.0129697103478895e-05, ""Pseudomonas"": 9.92639820656774e-07, ""Staphylococcus"": 5.431076993300646e-05, ""Stenotrophomonas"": 0.0, ""Streptococcus"": 8.861704346196021e-06}"
UniRef90_U2IUE9	4.280239195433539	0	0.0001574499524844745	Haemophilus	0.8309956047178719	0.8330550733788827	"{""Acinetobacter"": 8.623760492606046e-05, ""Candida"": 0.0, ""Enterobacterales"": 7.551561631992887e-06, ""Haemophilus"": 0.0001574499524844745, ""Mycobacteria"": 3.588773489746838e-05, ""Pseudomonas"": 3.86202551847628e-05, ""Staphylococcus"": 0.00013087276968957982, ""Stenotrophomonas"": 6.842550609329529e-05, ""Streptococcus"": 4.094809551783296e-05}"
UniRef90_A0A2W5L082	4.119505104934774	0	7.97656621770665e-05	Haemophilus	0.8461834543019705	0.8472307110523443	"{""Acinetobacter"": 2.766385178227516e-05, ""Candida"": 5.7390341862723166e-05, ""Enterobacterales"": 7.405951021978307e-06, ""Haemophilus"": 7.97656621770665e-05, ""Mycobacteria"": 1.931985413571072e-05, ""Pseudomonas"": 8.111325771965514e-07, ""Staphylococcus"": 4.9456715766559184e-05, ""Stenotrophomonas"": 0.0, ""Streptococcus"": 3.568339098327912e-05}"
UniRef90_A0A2R9SKW8	4.104074889867837	0	4.751881447151681e-05	Acinetobacter	0.847613431567003	0.847613431567003	"{""Acinetobacter"": 4.751881447151681e-05, ""Candida"": 0.0, ""Enterobacterales"": 1.0986325277387852e-05, ""Haemophilus"": 0.0, ""Mycobacteria"": 4.019243599896708e-05, ""Pseudomonas"": 1.6494540742519606e-06, ""Staphylococcus"": 4.552823135010614e-05, ""Stenotrophomonas"": 0.0, ""Streptococcus"": 1.3952504349526604e-05}"
