run_accession	experiment_accession	biosample	sra_sample	sample_alias	submitted_sample_name	library_name	group_phenotype_fields	platform	layout	read_length_nt	spots	bases	sra_size_mib	compressed_bytes_ena_fastq	download_url	fastq_md5	host_depletion_status	source
SRR24784644	SRX20557860	SAMN35536430	SRS17863906	2234042380112_C1T.unhost.fq.gz	2234042380112_C1T.unhost.fq.gz	L180	NONE; Subject_ID/Disease/Affection_Status empty in current RunInfo	Illumina NovaSeq 6000	SINGLE	40	26564740	1062589600	479	554495924	https://ftp.sra.ebi.ac.uk/vol1/fastq/SRR247/044/SRR24784644/SRR24784644.fastq.gz	e2e85714eb682fdfab63bdd34e2d188c	SUPPORTED_COMPUTATIONALLY_HOST_DEPLETED	NCBI RunInfo and ENA read_run filereport retrieved 2026-08-24
SRR24784645	SRX20557859	SAMN35536429	SRS17863907	2234042380105_C1T.unhost.fq.gz	2234042380105_C1T.unhost.fq.gz	L179	NONE; Subject_ID/Disease/Affection_Status empty in current RunInfo	Illumina NovaSeq 6000	SINGLE	40	721385	28855400	13	17805851	https://ftp.sra.ebi.ac.uk/vol1/fastq/SRR247/045/SRR24784645/SRR24784645.fastq.gz	d972dacfc8d3fe290dc711ac667d2cda	SUPPORTED_COMPUTATIONALLY_HOST_DEPLETED	NCBI RunInfo and ENA read_run filereport retrieved 2026-08-24
SRR24784646	SRX20557858	SAMN35536428	SRS17863902	2234042380099_C1T.unhost.fq.gz	2234042380099_C1T.unhost.fq.gz	L178	NONE; Subject_ID/Disease/Affection_Status empty in current RunInfo	Illumina NovaSeq 6000	SINGLE	40	1033518	41340720	18	25284759	https://ftp.sra.ebi.ac.uk/vol1/fastq/SRR247/046/SRR24784646/SRR24784646.fastq.gz	430b90e6d840ade78235804df281c07c	SUPPORTED_COMPUTATIONALLY_HOST_DEPLETED	NCBI RunInfo and ENA read_run filereport retrieved 2026-08-24
SRR24784647	SRX20557857	SAMN35536427	SRS17863900	2234042380075_C1T.unhost.fq.gz	2234042380075_C1T.unhost.fq.gz	L177	NONE; Subject_ID/Disease/Affection_Status empty in current RunInfo	Illumina NovaSeq 6000	SINGLE	40	1633797	65351880	29	39163339	https://ftp.sra.ebi.ac.uk/vol1/fastq/SRR247/047/SRR24784647/SRR24784647.fastq.gz	2019ccbdc97594d98692864a8f8e677b	SUPPORTED_COMPUTATIONALLY_HOST_DEPLETED	NCBI RunInfo and ENA read_run filereport retrieved 2026-08-24
SRR24784648	SRX20557856	SAMN35536426	SRS17863903	2234042380068_C1T.unhost.fq.gz	2234042380068_C1T.unhost.fq.gz	L176	NONE; Subject_ID/Disease/Affection_Status empty in current RunInfo	Illumina NovaSeq 6000	SINGLE	40	1146897	45875880	20	28067744	https://ftp.sra.ebi.ac.uk/vol1/fastq/SRR247/048/SRR24784648/SRR24784648.fastq.gz	033928cd41f0230eb8cad114893b5487	SUPPORTED_COMPUTATIONALLY_HOST_DEPLETED	NCBI RunInfo and ENA read_run filereport retrieved 2026-08-24
SRR24784649	SRX20557855	SAMN35536425	SRS17863897	2234042380013_C1T.unhost.fq.gz	2234042380013_C1T.unhost.fq.gz	L175	NONE; Subject_ID/Disease/Affection_Status empty in current RunInfo	Illumina NovaSeq 6000	SINGLE	40	2711792	108471680	47	64677982	https://ftp.sra.ebi.ac.uk/vol1/fastq/SRR247/049/SRR24784649/SRR24784649.fastq.gz	a5158c0fd0843b2a5bf56c5bec0825f4	SUPPORTED_COMPUTATIONALLY_HOST_DEPLETED	NCBI RunInfo and ENA read_run filereport retrieved 2026-08-24
SRR24784650	SRX20557854	SAMN35536424	SRS17863901	2234042152870_C1D.unhost.fq.gz	2234042152870_C1D.unhost.fq.gz	L174	NONE; Subject_ID/Disease/Affection_Status empty in current RunInfo	Illumina NovaSeq 6000	SINGLE	40	719710	28788400	13	17772396	https://ftp.sra.ebi.ac.uk/vol1/fastq/SRR247/050/SRR24784650/SRR24784650.fastq.gz	b9af525c9e88447e8062b0312880117a	SUPPORTED_COMPUTATIONALLY_HOST_DEPLETED	NCBI RunInfo and ENA read_run filereport retrieved 2026-08-24
SRR24784651	SRX20557853	SAMN35536423	SRS17863895	2234042152788_C1D.unhost.fq.gz	2234042152788_C1D.unhost.fq.gz	L173	NONE; Subject_ID/Disease/Affection_Status empty in current RunInfo	Illumina NovaSeq 6000	SINGLE	40	1581669	63266760	27	38411663	https://ftp.sra.ebi.ac.uk/vol1/fastq/SRR247/051/SRR24784651/SRR24784651.fastq.gz	2f1ff1cdc6ec20ee5f0dfff0d1255e61	SUPPORTED_COMPUTATIONALLY_HOST_DEPLETED	NCBI RunInfo and ENA read_run filereport retrieved 2026-08-24
SRR24784652	SRX20557852	SAMN35536422	SRS17863899	2234042152771_C1D.unhost.fq.gz	2234042152771_C1D.unhost.fq.gz	L172	NONE; Subject_ID/Disease/Affection_Status empty in current RunInfo	Illumina NovaSeq 6000	SINGLE	40	6818110	272724400	116	163275202	https://ftp.sra.ebi.ac.uk/vol1/fastq/SRR247/052/SRR24784652/SRR24784652.fastq.gz	2aaedc55d3094d7ed66e5b4b9df89394	SUPPORTED_COMPUTATIONALLY_HOST_DEPLETED	NCBI RunInfo and ENA read_run filereport retrieved 2026-08-24
SRR24784653	SRX20557851	SAMN35536421	SRS17863894	2234042152559_C1T.unhost.fq.gz	2234042152559_C1T.unhost.fq.gz	L171	NONE; Subject_ID/Disease/Affection_Status empty in current RunInfo	Illumina NovaSeq 6000	SINGLE	40	4196724	167868960	72	95644001	https://ftp.sra.ebi.ac.uk/vol1/fastq/SRR247/053/SRR24784653/SRR24784653.fastq.gz	0eba4958835a8922932f8518afb2a1f2	SUPPORTED_COMPUTATIONALLY_HOST_DEPLETED	NCBI RunInfo and ENA read_run filereport retrieved 2026-08-24
SRR24784654	SRX20557850	SAMN35536268	SRS17863898	V300094685_L01_27.fq.gz	V300094685_L01_27.fq.gz	L18	NONE; Subject_ID/Disease/Affection_Status empty in current RunInfo	Illumina NovaSeq 6000	SINGLE	50	65889429	3294471450	2787	1513292400	https://ftp.sra.ebi.ac.uk/vol1/fastq/SRR247/054/SRR24784654/SRR24784654.fastq.gz	644b75ea57544a149d458a61340be58f	UNRESOLVED_AT_FILE_LEVEL	NCBI RunInfo and ENA read_run filereport retrieved 2026-08-24
SRR24784655	SRX20557849	SAMN35536420	SRS17863896	2234042152535_C1T.unhost.fq.gz	2234042152535_C1T.unhost.fq.gz	L170	NONE; Subject_ID/Disease/Affection_Status empty in current RunInfo	Illumina NovaSeq 6000	SINGLE	40	5405635	216225400	94	126680103	https://ftp.sra.ebi.ac.uk/vol1/fastq/SRR247/055/SRR24784655/SRR24784655.fastq.gz	3a7b6fcd91e5503a540d1d8f44690e27	SUPPORTED_COMPUTATIONALLY_HOST_DEPLETED	NCBI RunInfo and ENA read_run filereport retrieved 2026-08-24
SRR24784656	SRX20557848	SAMN35536419	SRS17863893	2234042152528_C1T.unhost.fq.gz	2234042152528_C1T.unhost.fq.gz	L169	NONE; Subject_ID/Disease/Affection_Status empty in current RunInfo	Illumina NovaSeq 6000	SINGLE	40	10662847	426513880	186	241376571	https://ftp.sra.ebi.ac.uk/vol1/fastq/SRR247/056/SRR24784656/SRR24784656.fastq.gz	3af3fc24fb16e6acc60309c226a3af8e	SUPPORTED_COMPUTATIONALLY_HOST_DEPLETED	NCBI RunInfo and ENA read_run filereport retrieved 2026-08-24
SRR24784657	SRX20557566	SAMN35536418	SRS17863610	2234042152511_C1T.unhost.fq.gz	2234042152511_C1T.unhost.fq.gz	L168	NONE; Subject_ID/Disease/Affection_Status empty in current RunInfo	Illumina NovaSeq 6000	SINGLE	40	5616137	224645480	99	134681147	https://ftp.sra.ebi.ac.uk/vol1/fastq/SRR247/057/SRR24784657/SRR24784657.fastq.gz	1eca22d341c158e20e432c4dba0a7af0	SUPPORTED_COMPUTATIONALLY_HOST_DEPLETED	NCBI RunInfo and ENA read_run filereport retrieved 2026-08-24
SRR24784658	SRX20557846	SAMN35536709	SRS17863889	N100018724_L01_29.fq.gz	N100018724_L01_29.fq.gz	L459	NONE; Subject_ID/Disease/Affection_Status empty in current RunInfo	Illumina NovaSeq 6000	SINGLE	50	29512702	1475635100	1272	677440719	https://ftp.sra.ebi.ac.uk/vol1/fastq/SRR247/058/SRR24784658/SRR24784658.fastq.gz	71b76604743731b2ca496389756a092b	UNRESOLVED_AT_FILE_LEVEL	NCBI RunInfo and ENA read_run filereport retrieved 2026-08-24
SRR24784659	SRX20557845	SAMN35536708	SRS17863892	N100018696_L01_5.fq.gz	N100018696_L01_5.fq.gz	L458	NONE; Subject_ID/Disease/Affection_Status empty in current RunInfo	Illumina NovaSeq 6000	SINGLE	50	41247623	2062381150	1632	935648574	https://ftp.sra.ebi.ac.uk/vol1/fastq/SRR247/059/SRR24784659/SRR24784659.fastq.gz	56c9341d3afbea3951c548c0ac1e36aa	UNRESOLVED_AT_FILE_LEVEL	NCBI RunInfo and ENA read_run filereport retrieved 2026-08-24
SRR24784660	SRX20557844	SAMN35536707	SRS17863887	N100018696_L01_4.fq.gz	N100018696_L01_4.fq.gz	L457	NONE; Subject_ID/Disease/Affection_Status empty in current RunInfo	Illumina NovaSeq 6000	SINGLE	50	55092653	2754632650	2231	1239741366	https://ftp.sra.ebi.ac.uk/vol1/fastq/SRR247/060/SRR24784660/SRR24784660.fastq.gz	e90ea414c4249f3e2bbb3a5adeef54ed	UNRESOLVED_AT_FILE_LEVEL	NCBI RunInfo and ENA read_run filereport retrieved 2026-08-24
SRR24784661	SRX20557843	SAMN35536706	SRS17863888	N100018663_L01_8.fq.gz	N100018663_L01_8.fq.gz	L456	NONE; Subject_ID/Disease/Affection_Status empty in current RunInfo	Illumina NovaSeq 6000	SINGLE	50	35570280	1778514000	1478	807771410	https://ftp.sra.ebi.ac.uk/vol1/fastq/SRR247/061/SRR24784661/SRR24784661.fastq.gz	34adc8f548a21961a6ab2b38d4d91d29	UNRESOLVED_AT_FILE_LEVEL	NCBI RunInfo and ENA read_run filereport retrieved 2026-08-24
SRR24784662	SRX20557842	SAMN35536705	SRS17863890	N100018663_L01_6.fq.gz	N100018663_L01_6.fq.gz	L455	NONE; Subject_ID/Disease/Affection_Status empty in current RunInfo	Illumina NovaSeq 6000	SINGLE	50	39721916	1986095800	1671	906869544	https://ftp.sra.ebi.ac.uk/vol1/fastq/SRR247/062/SRR24784662/SRR24784662.fastq.gz	950af613c9b779644d59298ebcb5fe1b	UNRESOLVED_AT_FILE_LEVEL	NCBI RunInfo and ENA read_run filereport retrieved 2026-08-24
SRR24784663	SRX20557841	SAMN35536704	SRS17863885	N100018663_L01_5.fq.gz	N100018663_L01_5.fq.gz	L454	NONE; Subject_ID/Disease/Affection_Status empty in current RunInfo	Illumina NovaSeq 6000	SINGLE	50	20683568	1034178400	862	476067538	https://ftp.sra.ebi.ac.uk/vol1/fastq/SRR247/063/SRR24784663/SRR24784663.fastq.gz	6a5753615701000c1ce4ddc92e3fa125	UNRESOLVED_AT_FILE_LEVEL	NCBI RunInfo and ENA read_run filereport retrieved 2026-08-24
SRR24784664	SRX20557840	SAMN35536703	SRS17863886	N100018663_L01_4.fq.gz	N100018663_L01_4.fq.gz	L453	NONE; Subject_ID/Disease/Affection_Status empty in current RunInfo	Illumina NovaSeq 6000	SINGLE	50	31659638	1582981900	1340	723240542	https://ftp.sra.ebi.ac.uk/vol1/fastq/SRR247/064/SRR24784664/SRR24784664.fastq.gz	c76498b00d737bf3e9f8e868448e42ba	UNRESOLVED_AT_FILE_LEVEL	NCBI RunInfo and ENA read_run filereport retrieved 2026-08-24
SRR24784665	SRX20557839	SAMN35536702	SRS17863881	N100018637_L01_31.fq.gz	N100018637_L01_31.fq.gz	L452	NONE; Subject_ID/Disease/Affection_Status empty in current RunInfo	Illumina NovaSeq 6000	SINGLE	50	18270225	913511250	755	417076331	https://ftp.sra.ebi.ac.uk/vol1/fastq/SRR247/065/SRR24784665/SRR24784665.fastq.gz	195640f7745f80ac243a001489edbc54	UNRESOLVED_AT_FILE_LEVEL	NCBI RunInfo and ENA read_run filereport retrieved 2026-08-24
SRR24784666	SRX20557838	SAMN35536701	SRS17863884	N100018637_L01_29.fq.gz	N100018637_L01_29.fq.gz	L451	NONE; Subject_ID/Disease/Affection_Status empty in current RunInfo	Illumina NovaSeq 6000	SINGLE	50	36205898	1810294900	1454	823081703	https://ftp.sra.ebi.ac.uk/vol1/fastq/SRR247/066/SRR24784666/SRR24784666.fastq.gz	db8b9a9fbddd91b9271b41a1db9eaa93	UNRESOLVED_AT_FILE_LEVEL	NCBI RunInfo and ENA read_run filereport retrieved 2026-08-24
SRR24784667	SRX20557837	SAMN35536296	SRS17863880	V300035271_L04_27.fq.gz	V300035271_L04_27.fq.gz	L46	NONE; Subject_ID/Disease/Affection_Status empty in current RunInfo	Illumina NovaSeq 6000	SINGLE	50	33501012	1675050600	1436	769325620	https://ftp.sra.ebi.ac.uk/vol1/fastq/SRR247/067/SRR24784667/SRR24784667.fastq.gz	89af173ff5a03bdc22663610688b2703	UNRESOLVED_AT_FILE_LEVEL	NCBI RunInfo and ENA read_run filereport retrieved 2026-08-24
SRR24784668	SRX20557836	SAMN35536700	SRS17863882	N100018637_L01_25.fq.gz	N100018637_L01_25.fq.gz	L450	NONE; Subject_ID/Disease/Affection_Status empty in current RunInfo	Illumina NovaSeq 6000	SINGLE	50	41357009	2067850450	1662	938705380	https://ftp.sra.ebi.ac.uk/vol1/fastq/SRR247/068/SRR24784668/SRR24784668.fastq.gz	557e9758133bce90fba647848bb3f785	UNRESOLVED_AT_FILE_LEVEL	NCBI RunInfo and ENA read_run filereport retrieved 2026-08-24
SRR24784669	SRX20557835	SAMN35536699	SRS17863883	N100018637_L01_20.fq.gz	N100018637_L01_20.fq.gz	L449	NONE; Subject_ID/Disease/Affection_Status empty in current RunInfo	Illumina NovaSeq 6000	SINGLE	50	27936026	1396801300	1148	641111440	https://ftp.sra.ebi.ac.uk/vol1/fastq/SRR247/069/SRR24784669/SRR24784669.fastq.gz	264875683368e72b91e2747ad2819a86	UNRESOLVED_AT_FILE_LEVEL	NCBI RunInfo and ENA read_run filereport retrieved 2026-08-24
SRR24784670	SRX20557834	SAMN35536698	SRS17863879	N100018637_L01_17.fq.gz	N100018637_L01_17.fq.gz	L448	NONE; Subject_ID/Disease/Affection_Status empty in current RunInfo	Illumina NovaSeq 6000	SINGLE	50	27357739	1367886950	1103	623443799	https://ftp.sra.ebi.ac.uk/vol1/fastq/SRR247/070/SRR24784670/SRR24784670.fastq.gz	4d9ff53dde5a50ba82a7b83384a36261	UNRESOLVED_AT_FILE_LEVEL	NCBI RunInfo and ENA read_run filereport retrieved 2026-08-24
SRR24784671	SRX20557833	SAMN35536697	SRS17863878	N100018637_L01_16.fq.gz	N100018637_L01_16.fq.gz	L447	NONE; Subject_ID/Disease/Affection_Status empty in current RunInfo	Illumina NovaSeq 6000	SINGLE	50	21703643	1085182150	866	495012447	https://ftp.sra.ebi.ac.uk/vol1/fastq/SRR247/071/SRR24784671/SRR24784671.fastq.gz	2638f14bee9d0ca42b07e16aebcbd9a4	UNRESOLVED_AT_FILE_LEVEL	NCBI RunInfo and ENA read_run filereport retrieved 2026-08-24
SRR24784672	SRX20557832	SAMN35536696	SRS17863877	N100018637_L01_15.fq.gz	N100018637_L01_15.fq.gz	L446	NONE; Subject_ID/Disease/Affection_Status empty in current RunInfo	Illumina NovaSeq 6000	SINGLE	50	23843044	1192152200	973	542037592	https://ftp.sra.ebi.ac.uk/vol1/fastq/SRR247/072/SRR24784672/SRR24784672.fastq.gz	fbea8b63784edca1650279e6e96fde79	UNRESOLVED_AT_FILE_LEVEL	NCBI RunInfo and ENA read_run filereport retrieved 2026-08-24
SRR24784673	SRX20557831	SAMN35536695	SRS17863875	N100018633_L01_28.fq.gz	N100018633_L01_28.fq.gz	L445	NONE; Subject_ID/Disease/Affection_Status empty in current RunInfo	Illumina NovaSeq 6000	SINGLE	50	36859258	1842962900	1512	835781895	https://ftp.sra.ebi.ac.uk/vol1/fastq/SRR247/073/SRR24784673/SRR24784673.fastq.gz	56a2ba87d8b00418451f6a47f6f942d7	UNRESOLVED_AT_FILE_LEVEL	NCBI RunInfo and ENA read_run filereport retrieved 2026-08-24
SRR24784674	SRX20557830	SAMN35536694	SRS17863873	N100018633_L01_26.fq.gz	N100018633_L01_26.fq.gz	L444	NONE; Subject_ID/Disease/Affection_Status empty in current RunInfo	Illumina NovaSeq 6000	SINGLE	50	29463575	1473178750	1220	672794573	https://ftp.sra.ebi.ac.uk/vol1/fastq/SRR247/074/SRR24784674/SRR24784674.fastq.gz	d4c6f08a84f9ed7b543875d3fa766310	UNRESOLVED_AT_FILE_LEVEL	NCBI RunInfo and ENA read_run filereport retrieved 2026-08-24
SRR24784675	SRX20557829	SAMN35536693	SRS17863876	N100018633_L01_22.fq.gz	N100018633_L01_22.fq.gz	L443	NONE; Subject_ID/Disease/Affection_Status empty in current RunInfo	Illumina NovaSeq 6000	SINGLE	50	71963535	3598176750	2908	1610629144	https://ftp.sra.ebi.ac.uk/vol1/fastq/SRR247/075/SRR24784675/SRR24784675.fastq.gz	d36c8e9da19f400a997f1318cdaa9e04	UNRESOLVED_AT_FILE_LEVEL	NCBI RunInfo and ENA read_run filereport retrieved 2026-08-24
SRR24784676	SRX20557828	SAMN35536692	SRS17863871	N100018631_L01_20.fq.gz	N100018631_L01_20.fq.gz	L442	NONE; Subject_ID/Disease/Affection_Status empty in current RunInfo	Illumina NovaSeq 6000	SINGLE	50	56751727	2837586350	2345	1279200892	https://ftp.sra.ebi.ac.uk/vol1/fastq/SRR247/076/SRR24784676/SRR24784676.fastq.gz	13e81fb85087a73aecd1ceaf1dac39bd	UNRESOLVED_AT_FILE_LEVEL	NCBI RunInfo and ENA read_run filereport retrieved 2026-08-24
SRR24784677	SRX20557827	SAMN35536691	SRS17863874	N100018631_L01_17.fq.gz	N100018631_L01_17.fq.gz	L441	NONE; Subject_ID/Disease/Affection_Status empty in current RunInfo	Illumina NovaSeq 6000	SINGLE	50	49599937	2479996850	1996	1114663461	https://ftp.sra.ebi.ac.uk/vol1/fastq/SRR247/077/SRR24784677/SRR24784677.fastq.gz	c31acdc5da14dae85021db490df8e577	UNRESOLVED_AT_FILE_LEVEL	NCBI RunInfo and ENA read_run filereport retrieved 2026-08-24
SRR24784678	SRX20557826	SAMN35536295	SRS17863870	P100003225_L02_15.fq.gz	P100003225_L02_15.fq.gz	L45	NONE; Subject_ID/Disease/Affection_Status empty in current RunInfo	Illumina NovaSeq 6000	SINGLE	50	38769894	1938494700	1830	810373438	https://ftp.sra.ebi.ac.uk/vol1/fastq/SRR247/078/SRR24784678/SRR24784678.fastq.gz	82b4863609751fc78e8d37587caab323	UNRESOLVED_AT_FILE_LEVEL	NCBI RunInfo and ENA read_run filereport retrieved 2026-08-24
SRR24784679	SRX20557825	SAMN35536690	SRS17863872	N100018631_L01_16.fq.gz	N100018631_L01_16.fq.gz	L440	NONE; Subject_ID/Disease/Affection_Status empty in current RunInfo	Illumina NovaSeq 6000	SINGLE	50	38057736	1902886800	1509	865966335	https://ftp.sra.ebi.ac.uk/vol1/fastq/SRR247/079/SRR24784679/SRR24784679.fastq.gz	3c81ab7f758ec2e452145e1fc417f02b	UNRESOLVED_AT_FILE_LEVEL	NCBI RunInfo and ENA read_run filereport retrieved 2026-08-24
SRR24784680	SRX20557824	SAMN35536689	SRS17863868	N100018627_L01_28.fq.gz	N100018627_L01_28.fq.gz	L439	NONE; Subject_ID/Disease/Affection_Status empty in current RunInfo	Illumina NovaSeq 6000	SINGLE	50	31204273	1560213650	1237	711082231	https://ftp.sra.ebi.ac.uk/vol1/fastq/SRR247/080/SRR24784680/SRR24784680.fastq.gz	03fc9ae78a9322d21c09fa0dbd5c5f5a	UNRESOLVED_AT_FILE_LEVEL	NCBI RunInfo and ENA read_run filereport retrieved 2026-08-24
SRR24784681	SRX20557823	SAMN35536688	SRS17863869	N100018627_L01_26.fq.gz	N100018627_L01_26.fq.gz	L438	NONE; Subject_ID/Disease/Affection_Status empty in current RunInfo	Illumina NovaSeq 6000	SINGLE	50	32377097	1618854850	1281	738132720	https://ftp.sra.ebi.ac.uk/vol1/fastq/SRR247/081/SRR24784681/SRR24784681.fastq.gz	71aba1b76196fd64414bfcf76f840803	UNRESOLVED_AT_FILE_LEVEL	NCBI RunInfo and ENA read_run filereport retrieved 2026-08-24
SRR24784682	SRX20557822	SAMN35536687	SRS17863867	N100018627_L01_22.fq.gz	N100018627_L01_22.fq.gz	L437	NONE; Subject_ID/Disease/Affection_Status empty in current RunInfo	Illumina NovaSeq 6000	SINGLE	50	66820871	3341043550	2614	1499705063	https://ftp.sra.ebi.ac.uk/vol1/fastq/SRR247/082/SRR24784682/SRR24784682.fastq.gz	87cf2735a9e7637db5880374b5ed9d8f	UNRESOLVED_AT_FILE_LEVEL	NCBI RunInfo and ENA read_run filereport retrieved 2026-08-24
SRR24784683	SRX20557821	SAMN35536686	SRS17863865	N100018612_L01_7.fq.gz	N100018612_L01_7.fq.gz	L436	NONE; Subject_ID/Disease/Affection_Status empty in current RunInfo	Illumina NovaSeq 6000	SINGLE	50	37919265	1895963250	1574	861755992	https://ftp.sra.ebi.ac.uk/vol1/fastq/SRR247/083/SRR24784683/SRR24784683.fastq.gz	af8f9980ee7c501bb3d3464e3267dab3	UNRESOLVED_AT_FILE_LEVEL	NCBI RunInfo and ENA read_run filereport retrieved 2026-08-24
SRR24784684	SRX20557820	SAMN35536685	SRS17863866	N100018612_L01_32.fq.gz	N100018612_L01_32.fq.gz	L435	NONE; Subject_ID/Disease/Affection_Status empty in current RunInfo	Illumina NovaSeq 6000	SINGLE	50	39098798	1954939900	1656	888632929	https://ftp.sra.ebi.ac.uk/vol1/fastq/SRR247/084/SRR24784684/SRR24784684.fastq.gz	10ac81205d5fd3d54e15b24e717eade5	UNRESOLVED_AT_FILE_LEVEL	NCBI RunInfo and ENA read_run filereport retrieved 2026-08-24
SRR24784685	SRX20557819	SAMN35536684	SRS17863863	N100018612_L01_30.fq.gz	N100018612_L01_30.fq.gz	L434	NONE; Subject_ID/Disease/Affection_Status empty in current RunInfo	Illumina NovaSeq 6000	SINGLE	50	23390941	1169547050	1003	537454771	https://ftp.sra.ebi.ac.uk/vol1/fastq/SRR247/085/SRR24784685/SRR24784685.fastq.gz	ed1d4f9d524c252deedccaf8c811e175	UNRESOLVED_AT_FILE_LEVEL	NCBI RunInfo and ENA read_run filereport retrieved 2026-08-24
SRR24784686	SRX20557818	SAMN35536683	SRS17863862	N100018610_L01_11.fq.gz	N100018610_L01_11.fq.gz	L433	NONE; Subject_ID/Disease/Affection_Status empty in current RunInfo	Illumina NovaSeq 6000	SINGLE	50	36130737	1806536850	1467	823403329	https://ftp.sra.ebi.ac.uk/vol1/fastq/SRR247/086/SRR24784686/SRR24784686.fastq.gz	4fcda423092657a2cc7bd9205cddd84d	UNRESOLVED_AT_FILE_LEVEL	NCBI RunInfo and ENA read_run filereport retrieved 2026-08-24
SRR24784687	SRX20557817	SAMN35536682	SRS17863864	N100018610_L01_6.fq.gz	N100018610_L01_6.fq.gz	L432	NONE; Subject_ID/Disease/Affection_Status empty in current RunInfo	Illumina NovaSeq 6000	SINGLE	50	39695980	1984799000	1608	899381230	https://ftp.sra.ebi.ac.uk/vol1/fastq/SRR247/087/SRR24784687/SRR24784687.fastq.gz	1e11040e693269a0ead852e764ebd08e	UNRESOLVED_AT_FILE_LEVEL	NCBI RunInfo and ENA read_run filereport retrieved 2026-08-24
SRR24784688	SRX20557816	SAMN35536681	SRS17863860	N100018610_L01_5.fq.gz	N100018610_L01_5.fq.gz	L431	NONE; Subject_ID/Disease/Affection_Status empty in current RunInfo	Illumina NovaSeq 6000	SINGLE	50	13960081	698004050	551	321038726	https://ftp.sra.ebi.ac.uk/vol1/fastq/SRR247/088/SRR24784688/SRR24784688.fastq.gz	96ccb120dc08d7ec39306fea99e218ee	UNRESOLVED_AT_FILE_LEVEL	NCBI RunInfo and ENA read_run filereport retrieved 2026-08-24
SRR24784689	SRX20557815	SAMN35536294	SRS17863858	V300081129_L03_15.fq.gz	V300081129_L03_15.fq.gz	L44	NONE; Subject_ID/Disease/Affection_Status empty in current RunInfo	Illumina NovaSeq 6000	SINGLE	50	32798521	1639926050	1467	746686517	https://ftp.sra.ebi.ac.uk/vol1/fastq/SRR247/089/SRR24784689/SRR24784689.fastq.gz	5ded6877afda2e3d4a042f54bbb68bb7	UNRESOLVED_AT_FILE_LEVEL	NCBI RunInfo and ENA read_run filereport retrieved 2026-08-24
SRR24784690	SRX20557814	SAMN35536680	SRS17863857	N100018610_L01_4.fq.gz	N100018610_L01_4.fq.gz	L430	NONE; Subject_ID/Disease/Affection_Status empty in current RunInfo	Illumina NovaSeq 6000	SINGLE	50	27941187	1397059350	1143	635902697	https://ftp.sra.ebi.ac.uk/vol1/fastq/SRR247/090/SRR24784690/SRR24784690.fastq.gz	13cdaed45e5ce59a1af126f85fee719f	UNRESOLVED_AT_FILE_LEVEL	NCBI RunInfo and ENA read_run filereport retrieved 2026-08-24
SRR24784691	SRX20557813	SAMN35536679	SRS17863861	N100018606_L01_8.fq.gz	N100018606_L01_8.fq.gz	L429	NONE; Subject_ID/Disease/Affection_Status empty in current RunInfo	Illumina NovaSeq 6000	SINGLE	50	37019851	1850992550	1501	840193133	https://ftp.sra.ebi.ac.uk/vol1/fastq/SRR247/091/SRR24784691/SRR24784691.fastq.gz	374a8daca5166ed18c71c7f205f1caa8	UNRESOLVED_AT_FILE_LEVEL	NCBI RunInfo and ENA read_run filereport retrieved 2026-08-24
SRR24784692	SRX20557812	SAMN35536678	SRS17863859	N100018606_L01_6.fq.gz	N100018606_L01_6.fq.gz	L428	NONE; Subject_ID/Disease/Affection_Status empty in current RunInfo	Illumina NovaSeq 6000	SINGLE	50	26910434	1345521700	1122	617460199	https://ftp.sra.ebi.ac.uk/vol1/fastq/SRR247/092/SRR24784692/SRR24784692.fastq.gz	2dda5c19d9e3fc088c793940effa7d5e	UNRESOLVED_AT_FILE_LEVEL	NCBI RunInfo and ENA read_run filereport retrieved 2026-08-24
SRR24784693	SRX20557710	SAMN35536677	SRS17863754	N100018606_L01_5.fq.gz	N100018606_L01_5.fq.gz	L427	NONE; Subject_ID/Disease/Affection_Status empty in current RunInfo	Illumina NovaSeq 6000	SINGLE	50	37851491	1892574550	1513	861027423	https://ftp.sra.ebi.ac.uk/vol1/fastq/SRR247/093/SRR24784693/SRR24784693.fastq.gz	92a70c33f8079796ba8dd32787f89ec3	UNRESOLVED_AT_FILE_LEVEL	NCBI RunInfo and ENA read_run filereport retrieved 2026-08-24
SRR24784694	SRX20557810	SAMN35536806	SRS17863854	N100019121_L01_15.fq.gz	N100019121_L01_15.fq.gz	L556	NONE; Subject_ID/Disease/Affection_Status empty in current RunInfo	Illumina NovaSeq 6000	SINGLE	50	32082993	1604149650	1358	727154315	https://ftp.sra.ebi.ac.uk/vol1/fastq/SRR247/094/SRR24784694/SRR24784694.fastq.gz	557127a7246e431ae8f79436385c6fd5	UNRESOLVED_AT_FILE_LEVEL	NCBI RunInfo and ENA read_run filereport retrieved 2026-08-24
SRR24784695	SRX20557809	SAMN35536805	SRS17863855	N100019116_L01_4.fq.gz	N100019116_L01_4.fq.gz	L555	NONE; Subject_ID/Disease/Affection_Status empty in current RunInfo	Illumina NovaSeq 6000	SINGLE	50	46129769	2306488450	2022	1041730739	https://ftp.sra.ebi.ac.uk/vol1/fastq/SRR247/095/SRR24784695/SRR24784695.fastq.gz	9f8055f99bc0889257690603bd95e89b	UNRESOLVED_AT_FILE_LEVEL	NCBI RunInfo and ENA read_run filereport retrieved 2026-08-24
SRR24784696	SRX20557808	SAMN35536804	SRS17863853	N100019116_L01_5.fq.gz	N100019116_L01_5.fq.gz	L554	NONE; Subject_ID/Disease/Affection_Status empty in current RunInfo	Illumina NovaSeq 6000	SINGLE	50	45024698	2251234900	1933	1019627009	https://ftp.sra.ebi.ac.uk/vol1/fastq/SRR247/096/SRR24784696/SRR24784696.fastq.gz	fe46e2077fa5230939a0e80a7ce8f713	UNRESOLVED_AT_FILE_LEVEL	NCBI RunInfo and ENA read_run filereport retrieved 2026-08-24
SRR24784697	SRX20557807	SAMN35536803	SRS17863852	N100019116_L01_2.fq.gz	N100019116_L01_2.fq.gz	L553	NONE; Subject_ID/Disease/Affection_Status empty in current RunInfo	Illumina NovaSeq 6000	SINGLE	50	48696194	2434809700	2102	1094504916	https://ftp.sra.ebi.ac.uk/vol1/fastq/SRR247/097/SRR24784697/SRR24784697.fastq.gz	dbed72745dde10b2b27c1cb1e11faacc	UNRESOLVED_AT_FILE_LEVEL	NCBI RunInfo and ENA read_run filereport retrieved 2026-08-24
SRR24784698	SRX20557806	SAMN35536802	SRS17863849	N100019110_L01_10.fq.gz	N100019110_L01_10.fq.gz	L552	NONE; Subject_ID/Disease/Affection_Status empty in current RunInfo	Illumina NovaSeq 6000	SINGLE	50	28791787	1439589350	1250	658763611	https://ftp.sra.ebi.ac.uk/vol1/fastq/SRR247/098/SRR24784698/SRR24784698.fastq.gz	3870e8a6cad1be50a282b52692ae84db	UNRESOLVED_AT_FILE_LEVEL	NCBI RunInfo and ENA read_run filereport retrieved 2026-08-24
SRR24784699	SRX20557805	SAMN35536801	SRS17863851	N100019110_L01_8.fq.gz	N100019110_L01_8.fq.gz	L551	NONE; Subject_ID/Disease/Affection_Status empty in current RunInfo	Illumina NovaSeq 6000	SINGLE	50	23381963	1169098150	1019	535328358	https://ftp.sra.ebi.ac.uk/vol1/fastq/SRR247/099/SRR24784699/SRR24784699.fastq.gz	0353f929f7b7e6c89ae7453e9111c865	UNRESOLVED_AT_FILE_LEVEL	NCBI RunInfo and ENA read_run filereport retrieved 2026-08-24
SRR24784700	SRX20557804	SAMN35536306	SRS17863850	P100003464_L02_17.fq.gz	P100003464_L02_17.fq.gz	L56	NONE; Subject_ID/Disease/Affection_Status empty in current RunInfo	Illumina NovaSeq 6000	SINGLE	50	51712313	2585615650	2269	793784116	https://ftp.sra.ebi.ac.uk/vol1/fastq/SRR247/000/SRR24784700/SRR24784700.fastq.gz	20d97be297e98ced339bd0bb13932b68	UNRESOLVED_AT_FILE_LEVEL	NCBI RunInfo and ENA read_run filereport retrieved 2026-08-24
SRR24784701	SRX20557803	SAMN35536800	SRS17863846	N100019110_L01_6.fq.gz	N100019110_L01_6.fq.gz	L550	NONE; Subject_ID/Disease/Affection_Status empty in current RunInfo	Illumina NovaSeq 6000	SINGLE	50	29300997	1465049850	1282	671909624	https://ftp.sra.ebi.ac.uk/vol1/fastq/SRR247/001/SRR24784701/SRR24784701.fastq.gz	75068dcada80cb85e55440c754913b3f	UNRESOLVED_AT_FILE_LEVEL	NCBI RunInfo and ENA read_run filereport retrieved 2026-08-24
SRR24784702	SRX20557802	SAMN35536799	SRS17863844	N100019109_L01_30.fq.gz	N100019109_L01_30.fq.gz	L549	NONE; Subject_ID/Disease/Affection_Status empty in current RunInfo	Illumina NovaSeq 6000	SINGLE	50	31798802	1589940100	1340	726869307	https://ftp.sra.ebi.ac.uk/vol1/fastq/SRR247/002/SRR24784702/SRR24784702.fastq.gz	8e777cf21f16ff04c5047811d2dde662	UNRESOLVED_AT_FILE_LEVEL	NCBI RunInfo and ENA read_run filereport retrieved 2026-08-24
SRR24784703	SRX20557801	SAMN35536798	SRS17863845	N100019109_L01_28.fq.gz	N100019109_L01_28.fq.gz	L548	NONE; Subject_ID/Disease/Affection_Status empty in current RunInfo	Illumina NovaSeq 6000	SINGLE	50	44040176	2202008800	1770	995399622	https://ftp.sra.ebi.ac.uk/vol1/fastq/SRR247/003/SRR24784703/SRR24784703.fastq.gz	6bc4e2b834d34e28b913b6091510bd94	UNRESOLVED_AT_FILE_LEVEL	NCBI RunInfo and ENA read_run filereport retrieved 2026-08-24
SRR24784704	SRX20557800	SAMN35536797	SRS17863847	N100019099_L01_32.fq.gz	N100019099_L01_32.fq.gz	L547	NONE; Subject_ID/Disease/Affection_Status empty in current RunInfo	Illumina NovaSeq 6000	SINGLE	50	26499991	1324999550	1183	605626362	https://ftp.sra.ebi.ac.uk/vol1/fastq/SRR247/004/SRR24784704/SRR24784704.fastq.gz	6f5d2b149caed27c58eb2f74bdc7c65d	UNRESOLVED_AT_FILE_LEVEL	NCBI RunInfo and ENA read_run filereport retrieved 2026-08-24
SRR24784705	SRX20557799	SAMN35536796	SRS17863848	N100019099_L01_30.fq.gz	N100019099_L01_30.fq.gz	L546	NONE; Subject_ID/Disease/Affection_Status empty in current RunInfo	Illumina NovaSeq 6000	SINGLE	50	24494031	1224701550	1097	560889599	https://ftp.sra.ebi.ac.uk/vol1/fastq/SRR247/005/SRR24784705/SRR24784705.fastq.gz	ad09d0c2c7268f968c79efb405911e59	UNRESOLVED_AT_FILE_LEVEL	NCBI RunInfo and ENA read_run filereport retrieved 2026-08-24
SRR24784706	SRX20557798	SAMN35536795	SRS17863841	N100019099_L01_28.fq.gz	N100019099_L01_28.fq.gz	L545	NONE; Subject_ID/Disease/Affection_Status empty in current RunInfo	Illumina NovaSeq 6000	SINGLE	50	21686803	1084340150	960	495841350	https://ftp.sra.ebi.ac.uk/vol1/fastq/SRR247/006/SRR24784706/SRR24784706.fastq.gz	202a0f66c307d6c4d4278dc9e22d66c8	UNRESOLVED_AT_FILE_LEVEL	NCBI RunInfo and ENA read_run filereport retrieved 2026-08-24
SRR24784707	SRX20557797	SAMN35536794	SRS17863840	N100019099_L01_26.fq.gz	N100019099_L01_26.fq.gz	L544	NONE; Subject_ID/Disease/Affection_Status empty in current RunInfo	Illumina NovaSeq 6000	SINGLE	50	10805915	540295750	481	249080973	https://ftp.sra.ebi.ac.uk/vol1/fastq/SRR247/007/SRR24784707/SRR24784707.fastq.gz	faed1d475a09cfb47d86c3ee7a0ab5e9	UNRESOLVED_AT_FILE_LEVEL	NCBI RunInfo and ENA read_run filereport retrieved 2026-08-24
SRR24784708	SRX20557796	SAMN35536793	SRS17863842	N100019099_L01_22.fq.gz	N100019099_L01_22.fq.gz	L543	NONE; Subject_ID/Disease/Affection_Status empty in current RunInfo	Illumina NovaSeq 6000	SINGLE	50	34850765	1742538250	1545	788370672	https://ftp.sra.ebi.ac.uk/vol1/fastq/SRR247/008/SRR24784708/SRR24784708.fastq.gz	656fc86f65797f17e1a6d5c912f0d0eb	UNRESOLVED_AT_FILE_LEVEL	NCBI RunInfo and ENA read_run filereport retrieved 2026-08-24
SRR24784709	SRX20557795	SAMN35536792	SRS17863843	N100019099_L01_18.fq.gz	N100019099_L01_18.fq.gz	L542	NONE; Subject_ID/Disease/Affection_Status empty in current RunInfo	Illumina NovaSeq 6000	SINGLE	50	23758046	1187902300	1069	542912602	https://ftp.sra.ebi.ac.uk/vol1/fastq/SRR247/009/SRR24784709/SRR24784709.fastq.gz	6158b0e432455a7bb63a88abce9fc0e3	UNRESOLVED_AT_FILE_LEVEL	NCBI RunInfo and ENA read_run filereport retrieved 2026-08-24
SRR24784710	SRX20557794	SAMN35536791	SRS17863837	N100019093_L01_2.fq.gz	N100019093_L01_2.fq.gz	L541	NONE; Subject_ID/Disease/Affection_Status empty in current RunInfo	Illumina NovaSeq 6000	SINGLE	50	47420012	2371000600	1966	1070104412	https://ftp.sra.ebi.ac.uk/vol1/fastq/SRR247/010/SRR24784710/SRR24784710.fastq.gz	958ed770ac86b74cccd58838a8953def	UNRESOLVED_AT_FILE_LEVEL	NCBI RunInfo and ENA read_run filereport retrieved 2026-08-24
SRR24784711	SRX20557793	SAMN35536305	SRS17863838	P100003482_L04_17.fq.gz	P100003482_L04_17.fq.gz	L55	NONE; Subject_ID/Disease/Affection_Status empty in current RunInfo	Illumina NovaSeq 6000	SINGLE	50	42239369	2111968450	1865	667568504	https://ftp.sra.ebi.ac.uk/vol1/fastq/SRR247/011/SRR24784711/SRR24784711.fastq.gz	a14120da98ca83da45d40be771a3dfd3	UNRESOLVED_AT_FILE_LEVEL	NCBI RunInfo and ENA read_run filereport retrieved 2026-08-24
SRR24784712	SRX20557792	SAMN35536790	SRS17863839	N100019093_L01_10.fq.gz	N100019093_L01_10.fq.gz	L540	NONE; Subject_ID/Disease/Affection_Status empty in current RunInfo	Illumina NovaSeq 6000	SINGLE	50	28046698	1402334900	1186	638906991	https://ftp.sra.ebi.ac.uk/vol1/fastq/SRR247/012/SRR24784712/SRR24784712.fastq.gz	27b651b42c5ec1efa3e8785eeaf85c7f	UNRESOLVED_AT_FILE_LEVEL	NCBI RunInfo and ENA read_run filereport retrieved 2026-08-24
SRR24784713	SRX20557791	SAMN35536789	SRS17863835	N100019093_L01_8.fq.gz	N100019093_L01_8.fq.gz	L539	NONE; Subject_ID/Disease/Affection_Status empty in current RunInfo	Illumina NovaSeq 6000	SINGLE	50	32926965	1646348250	1373	747256927	https://ftp.sra.ebi.ac.uk/vol1/fastq/SRR247/013/SRR24784713/SRR24784713.fastq.gz	8b638887f30b24a49bdd8f005d003c3f	UNRESOLVED_AT_FILE_LEVEL	NCBI RunInfo and ENA read_run filereport retrieved 2026-08-24
SRR24784714	SRX20557790	SAMN35536788	SRS17863836	N100019093_L01_6.fq.gz	N100019093_L01_6.fq.gz	L538	NONE; Subject_ID/Disease/Affection_Status empty in current RunInfo	Illumina NovaSeq 6000	SINGLE	50	39613777	1980688850	1682	899008808	https://ftp.sra.ebi.ac.uk/vol1/fastq/SRR247/014/SRR24784714/SRR24784714.fastq.gz	48574b4fd14220f747b5bb6d34e23fe2	UNRESOLVED_AT_FILE_LEVEL	NCBI RunInfo and ENA read_run filereport retrieved 2026-08-24
SRR24784715	SRX20557789	SAMN35536787	SRS17863829	N100019093_L01_5.fq.gz	N100019093_L01_5.fq.gz	L537	NONE; Subject_ID/Disease/Affection_Status empty in current RunInfo	Illumina NovaSeq 6000	SINGLE	50	37961166	1898058300	1553	862636015	https://ftp.sra.ebi.ac.uk/vol1/fastq/SRR247/015/SRR24784715/SRR24784715.fastq.gz	407ab28d4d4049e86ded97d41ec57324	UNRESOLVED_AT_FILE_LEVEL	NCBI RunInfo and ENA read_run filereport retrieved 2026-08-24
SRR24784716	SRX20557788	SAMN35536786	SRS17863832	N100019093_L01_4.fq.gz	N100019093_L01_4.fq.gz	L536	NONE; Subject_ID/Disease/Affection_Status empty in current RunInfo	Illumina NovaSeq 6000	SINGLE	50	32701344	1635067200	1375	743791919	https://ftp.sra.ebi.ac.uk/vol1/fastq/SRR247/016/SRR24784716/SRR24784716.fastq.gz	83e389d980190a510715c17e070f579b	UNRESOLVED_AT_FILE_LEVEL	NCBI RunInfo and ENA read_run filereport retrieved 2026-08-24
SRR24784717	SRX20557787	SAMN35536785	SRS17863834	N100019045_L01_8.fq.gz	N100019045_L01_8.fq.gz	L535	NONE; Subject_ID/Disease/Affection_Status empty in current RunInfo	Illumina NovaSeq 6000	SINGLE	50	28632796	1431639800	1171	651349538	https://ftp.sra.ebi.ac.uk/vol1/fastq/SRR247/017/SRR24784717/SRR24784717.fastq.gz	c854ccc981337fd1044a00d6a58a3a94	UNRESOLVED_AT_FILE_LEVEL	NCBI RunInfo and ENA read_run filereport retrieved 2026-08-24
SRR24784718	SRX20557786	SAMN35536784	SRS17863830	N100019045_L01_6.fq.gz	N100019045_L01_6.fq.gz	L534	NONE; Subject_ID/Disease/Affection_Status empty in current RunInfo	Illumina NovaSeq 6000	SINGLE	50	52509644	2625482200	2154	1183578500	https://ftp.sra.ebi.ac.uk/vol1/fastq/SRR247/018/SRR24784718/SRR24784718.fastq.gz	500571de2af734dfe26fafa0919d8e52	UNRESOLVED_AT_FILE_LEVEL	NCBI RunInfo and ENA read_run filereport retrieved 2026-08-24
SRR24784719	SRX20557785	SAMN35536783	SRS17863831	N100019045_L01_5.fq.gz	N100019045_L01_5.fq.gz	L533	NONE; Subject_ID/Disease/Affection_Status empty in current RunInfo	Illumina NovaSeq 6000	SINGLE	50	28424617	1421230850	1154	649641498	https://ftp.sra.ebi.ac.uk/vol1/fastq/SRR247/019/SRR24784719/SRR24784719.fastq.gz	7195899c208f8fcb8b14d295ed55fd43	UNRESOLVED_AT_FILE_LEVEL	NCBI RunInfo and ENA read_run filereport retrieved 2026-08-24
SRR24784720	SRX20557784	SAMN35536782	SRS17863833	N100019041_L01_10.fq.gz	N100019041_L01_10.fq.gz	L532	NONE; Subject_ID/Disease/Affection_Status empty in current RunInfo	Illumina NovaSeq 6000	SINGLE	50	35964947	1798247350	1619	822361424	https://ftp.sra.ebi.ac.uk/vol1/fastq/SRR247/020/SRR24784720/SRR24784720.fastq.gz	ba8370d8b0a1b9615e22157b2754200c	UNRESOLVED_AT_FILE_LEVEL	NCBI RunInfo and ENA read_run filereport retrieved 2026-08-24
SRR24784721	SRX20557783	SAMN35536781	SRS17863828	N100019035_L01_10.fq.gz	N100019035_L01_10.fq.gz	L531	NONE; Subject_ID/Disease/Affection_Status empty in current RunInfo	Illumina NovaSeq 6000	SINGLE	50	19326421	966321050	853	442258363	https://ftp.sra.ebi.ac.uk/vol1/fastq/SRR247/021/SRR24784721/SRR24784721.fastq.gz	4ef13093c8f4fe355bdcbe96df8dd323	UNRESOLVED_AT_FILE_LEVEL	NCBI RunInfo and ENA read_run filereport retrieved 2026-08-24
SRR24784722	SRX20557782	SAMN35536304	SRS17863827	P100003482_L04_16.fq.gz	P100003482_L04_16.fq.gz	L54	NONE; Subject_ID/Disease/Affection_Status empty in current RunInfo	Illumina NovaSeq 6000	SINGLE	50	30901248	1545062400	1384	649801650	https://ftp.sra.ebi.ac.uk/vol1/fastq/SRR247/022/SRR24784722/SRR24784722.fastq.gz	d929c4f8f52cb3e7ff6b64ac2195b6e8	UNRESOLVED_AT_FILE_LEVEL	NCBI RunInfo and ENA read_run filereport retrieved 2026-08-24
SRR24784723	SRX20557781	SAMN35536780	SRS17863825	N100019035_L01_8.fq.gz	N100019035_L01_8.fq.gz	L530	NONE; Subject_ID/Disease/Affection_Status empty in current RunInfo	Illumina NovaSeq 6000	SINGLE	50	20461184	1023059200	900	467621566	https://ftp.sra.ebi.ac.uk/vol1/fastq/SRR247/023/SRR24784723/SRR24784723.fastq.gz	acd93e027105cb2f23fb45b55da96c41	UNRESOLVED_AT_FILE_LEVEL	NCBI RunInfo and ENA read_run filereport retrieved 2026-08-24
SRR24784724	SRX20557780	SAMN35536779	SRS17863824	N100019035_L01_6.fq.gz	N100019035_L01_6.fq.gz	L529	NONE; Subject_ID/Disease/Affection_Status empty in current RunInfo	Illumina NovaSeq 6000	SINGLE	50	45365499	2268274950	1990	1024298373	https://ftp.sra.ebi.ac.uk/vol1/fastq/SRR247/024/SRR24784724/SRR24784724.fastq.gz	b3470d12bbb9018a4476ab8166e9ee48	UNRESOLVED_AT_FILE_LEVEL	NCBI RunInfo and ENA read_run filereport retrieved 2026-08-24
SRR24784725	SRX20557779	SAMN35536778	SRS17863822	N100019035_L01_5.fq.gz	N100019035_L01_5.fq.gz	L528	NONE; Subject_ID/Disease/Affection_Status empty in current RunInfo	Illumina NovaSeq 6000	SINGLE	50	17898447	894922350	781	407717998	https://ftp.sra.ebi.ac.uk/vol1/fastq/SRR247/025/SRR24784725/SRR24784725.fastq.gz	4e0f970bbc9b107d016db46c285907f1	UNRESOLVED_AT_FILE_LEVEL	NCBI RunInfo and ENA read_run filereport retrieved 2026-08-24
SRR24784726	SRX20557778	SAMN35536777	SRS17863823	N100019033_L01_6.fq.gz	N100019033_L01_6.fq.gz	L527	NONE; Subject_ID/Disease/Affection_Status empty in current RunInfo	Illumina NovaSeq 6000	SINGLE	50	27999493	1399974650	1224	639117958	https://ftp.sra.ebi.ac.uk/vol1/fastq/SRR247/026/SRR24784726/SRR24784726.fastq.gz	77fe11848a37f93fedc5c7565581ec79	UNRESOLVED_AT_FILE_LEVEL	NCBI RunInfo and ENA read_run filereport retrieved 2026-08-24
SRR24784727	SRX20557777	SAMN35536776	SRS17863820	N100019033_L01_5.fq.gz	N100019033_L01_5.fq.gz	L526	NONE; Subject_ID/Disease/Affection_Status empty in current RunInfo	Illumina NovaSeq 6000	SINGLE	50	37694514	1884725700	1605	856490933	https://ftp.sra.ebi.ac.uk/vol1/fastq/SRR247/027/SRR24784727/SRR24784727.fastq.gz	dca99c1465e72435e58d28df55c7b21a	UNRESOLVED_AT_FILE_LEVEL	NCBI RunInfo and ENA read_run filereport retrieved 2026-08-24
SRR24784728	SRX20557776	SAMN35536775	SRS17863821	N100019033_L01_4.fq.gz	N100019033_L01_4.fq.gz	L525	NONE; Subject_ID/Disease/Affection_Status empty in current RunInfo	Illumina NovaSeq 6000	SINGLE	50	42282065	2114103250	1832	956063176	https://ftp.sra.ebi.ac.uk/vol1/fastq/SRR247/028/SRR24784728/SRR24784728.fastq.gz	b96e5d56f45a4cfc91fc975a0fff0ec3	UNRESOLVED_AT_FILE_LEVEL	NCBI RunInfo and ENA read_run filereport retrieved 2026-08-24
SRR24784729	SRX20557775	SAMN35536350	SRS17863818	P100002295_L04_13.fq.gz	P100002295_L04_13.fq.gz	L100	NONE; Subject_ID/Disease/Affection_Status empty in current RunInfo	Illumina NovaSeq 6000	SINGLE	50	34034748	1701737400	1539	739535806	https://ftp.sra.ebi.ac.uk/vol1/fastq/SRR247/029/SRR24784729/SRR24784729.fastq.gz	a49ee22ad9b9b863da6d54df56a80e7f	UNRESOLVED_AT_FILE_LEVEL	NCBI RunInfo and ENA read_run filereport retrieved 2026-08-24
SRR24784730	SRX20558207	SAMN35536774	SRS17864252	N100019015_L01_7.fq.gz	N100019015_L01_7.fq.gz	L524	NONE; Subject_ID/Disease/Affection_Status empty in current RunInfo	Illumina NovaSeq 6000	SINGLE	50	18267402	913370100	827	424144119	https://ftp.sra.ebi.ac.uk/vol1/fastq/SRR247/030/SRR24784730/SRR24784730.fastq.gz	e390341036f6042b0651ffe9ec7fd56a	UNRESOLVED_AT_FILE_LEVEL	NCBI RunInfo and ENA read_run filereport retrieved 2026-08-24
SRR24784731	SRX20557774	SAMN35536349	SRS17863819	P100002295_L02_13.fq.gz	P100002295_L02_13.fq.gz	L99	NONE; Subject_ID/Disease/Affection_Status empty in current RunInfo	Illumina NovaSeq 6000	SINGLE	50	33852376	1692618800	1536	729552597	https://ftp.sra.ebi.ac.uk/vol1/fastq/SRR247/031/SRR24784731/SRR24784731.fastq.gz	e955cae06f628d5cbacf0afb705855af	UNRESOLVED_AT_FILE_LEVEL	NCBI RunInfo and ENA read_run filereport retrieved 2026-08-24
SRR24784732	SRX20557773	SAMN35536348	SRS17863816	V350011298_L03_8.fq.gz	V350011298_L03_8.fq.gz	L98	NONE; Subject_ID/Disease/Affection_Status empty in current RunInfo	Illumina NovaSeq 6000	SINGLE	50	31072766	1553638300	1344	690070547	https://ftp.sra.ebi.ac.uk/vol1/fastq/SRR247/032/SRR24784732/SRR24784732.fastq.gz	864ad450679a368a21445af142702d7f	UNRESOLVED_AT_FILE_LEVEL	NCBI RunInfo and ENA read_run filereport retrieved 2026-08-24
SRR24784733	SRX20557772	SAMN35536347	SRS17863815	V350011298_L01_8.fq.gz	V350011298_L01_8.fq.gz	L97	NONE; Subject_ID/Disease/Affection_Status empty in current RunInfo	Illumina NovaSeq 6000	SINGLE	50	34228813	1711440650	1479	759892088	https://ftp.sra.ebi.ac.uk/vol1/fastq/SRR247/033/SRR24784733/SRR24784733.fastq.gz	c5d469fa109ff08981d14241b35f2c62	UNRESOLVED_AT_FILE_LEVEL	NCBI RunInfo and ENA read_run filereport retrieved 2026-08-24
SRR24784734	SRX20557771	SAMN35536346	SRS17863813	V350042676_L01_4.fq.gz	V350042676_L01_4.fq.gz	L96	NONE; Subject_ID/Disease/Affection_Status empty in current RunInfo	Illumina NovaSeq 6000	SINGLE	50	47911544	2395577200	1998	1072738277	https://ftp.sra.ebi.ac.uk/vol1/fastq/SRR247/034/SRR24784734/SRR24784734.fastq.gz	4c9944bc66f5b604928df0339a375fb2	UNRESOLVED_AT_FILE_LEVEL	NCBI RunInfo and ENA read_run filereport retrieved 2026-08-24
SRR24784735	SRX20557770	SAMN35536345	SRS17863814	V300023794_L03_23.fq.gz	V300023794_L03_23.fq.gz	L95	NONE; Subject_ID/Disease/Affection_Status empty in current RunInfo	Illumina NovaSeq 6000	SINGLE	50	50176935	2508846750	2097	1212608968	https://ftp.sra.ebi.ac.uk/vol1/fastq/SRR247/035/SRR24784735/SRR24784735.fastq.gz	d5000292b788255a333f7678d2952916	UNRESOLVED_AT_FILE_LEVEL	NCBI RunInfo and ENA read_run filereport retrieved 2026-08-24
SRR24784736	SRX20557769	SAMN35536344	SRS17863812	V300094685_L01_25.fq.gz	V300094685_L01_25.fq.gz	L94	NONE; Subject_ID/Disease/Affection_Status empty in current RunInfo	Illumina NovaSeq 6000	SINGLE	50	68403623	3420181150	2906	1567426293	https://ftp.sra.ebi.ac.uk/vol1/fastq/SRR247/036/SRR24784736/SRR24784736.fastq.gz	7ce0c180a356d305997ec78b6ac2e54c	UNRESOLVED_AT_FILE_LEVEL	NCBI RunInfo and ENA read_run filereport retrieved 2026-08-24
SRR24784737	SRX20557768	SAMN35536343	SRS17863811	V350015024_L01_6.fq.gz	V350015024_L01_6.fq.gz	L93	NONE; Subject_ID/Disease/Affection_Status empty in current RunInfo	Illumina NovaSeq 6000	SINGLE	50	35293501	1764675050	1528	794999355	https://ftp.sra.ebi.ac.uk/vol1/fastq/SRR247/037/SRR24784737/SRR24784737.fastq.gz	cd5fe01570ea377e05e0650f13c655d3	UNRESOLVED_AT_FILE_LEVEL	NCBI RunInfo and ENA read_run filereport retrieved 2026-08-24
SRR24784738	SRX20557767	SAMN35536342	SRS17863809	V350015024_L03_6.fq.gz	V350015024_L03_6.fq.gz	L92	NONE; Subject_ID/Disease/Affection_Status empty in current RunInfo	Illumina NovaSeq 6000	SINGLE	50	35012416	1750620800	1523	788835781	https://ftp.sra.ebi.ac.uk/vol1/fastq/SRR247/038/SRR24784738/SRR24784738.fastq.gz	34cd42c36e287aefdf3da2cb06b98ac8	UNRESOLVED_AT_FILE_LEVEL	NCBI RunInfo and ENA read_run filereport retrieved 2026-08-24
SRR24784739	SRX20557766	SAMN35536341	SRS17863810	V300097376_L01_4.fq.gz	V300097376_L01_4.fq.gz	L91	NONE; Subject_ID/Disease/Affection_Status empty in current RunInfo	Illumina NovaSeq 6000	SINGLE	50	24843960	1242198000	1101	557892597	https://ftp.sra.ebi.ac.uk/vol1/fastq/SRR247/039/SRR24784739/SRR24784739.fastq.gz	8e59c8ce027cf8d51026ece2f2d14b3b	UNRESOLVED_AT_FILE_LEVEL	NCBI RunInfo and ENA read_run filereport retrieved 2026-08-24
SRR24784740	SRX20557765	SAMN35536260	SRS17863826	P100002635_L03_22.fq.gz	P100002635_L03_22.fq.gz	L10	NONE; Subject_ID/Disease/Affection_Status empty in current RunInfo	Illumina NovaSeq 6000	SINGLE	50	32671078	1633553900	1542	721068622	https://ftp.sra.ebi.ac.uk/vol1/fastq/SRR247/040/SRR24784740/SRR24784740.fastq.gz	336306bd73e4b1b7727e7a375e5b78a5	UNRESOLVED_AT_FILE_LEVEL	NCBI RunInfo and ENA read_run filereport retrieved 2026-08-24
SRR24784741	SRX20557764	SAMN35536340	SRS17863806	P100003149_L04_28.fq.gz	P100003149_L04_28.fq.gz	L90	NONE; Subject_ID/Disease/Affection_Status empty in current RunInfo	Illumina NovaSeq 6000	SINGLE	50	59105808	2955290400	2742	1285965835	https://ftp.sra.ebi.ac.uk/vol1/fastq/SRR247/041/SRR24784741/SRR24784741.fastq.gz	f51fb238875edbf6b9710ecd6d597b07	UNRESOLVED_AT_FILE_LEVEL	NCBI RunInfo and ENA read_run filereport retrieved 2026-08-24
SRR24784742	SRX20557763	SAMN35536339	SRS17863805	P100003149_L01_32.fq.gz	P100003149_L01_32.fq.gz	L89	NONE; Subject_ID/Disease/Affection_Status empty in current RunInfo	Illumina NovaSeq 6000	SINGLE	50	38945315	1947265750	1733	538616513	https://ftp.sra.ebi.ac.uk/vol1/fastq/SRR247/042/SRR24784742/SRR24784742.fastq.gz	9a83db19226045fe81a5f447909d8fd1	UNRESOLVED_AT_FILE_LEVEL	NCBI RunInfo and ENA read_run filereport retrieved 2026-08-24
SRR24784743	SRX20557762	SAMN35536338	SRS17863801	V300037508_L04_11.fq.gz	V300037508_L04_11.fq.gz	L88	NONE; Subject_ID/Disease/Affection_Status empty in current RunInfo	Illumina NovaSeq 6000	SINGLE	50	30492173	1524608650	1313	690104306	https://ftp.sra.ebi.ac.uk/vol1/fastq/SRR247/043/SRR24784743/SRR24784743.fastq.gz	15aa1c863dab47642d41d1e2bfa8f2a3	UNRESOLVED_AT_FILE_LEVEL	NCBI RunInfo and ENA read_run filereport retrieved 2026-08-24
SRR24784744	SRX20557761	SAMN35536337	SRS17863817	P100004415_L02_11.fq.gz	P100004415_L02_11.fq.gz	L87	NONE; Subject_ID/Disease/Affection_Status empty in current RunInfo	Illumina NovaSeq 6000	SINGLE	50	77572302	3878615100	3364	987644511	https://ftp.sra.ebi.ac.uk/vol1/fastq/SRR247/044/SRR24784744/SRR24784744.fastq.gz	d12429d27b25777982561de434d24798	UNRESOLVED_AT_FILE_LEVEL	NCBI RunInfo and ENA read_run filereport retrieved 2026-08-24
SRR24784745	SRX20557760	SAMN35536336	SRS17863807	V300035308_L03_1.fq.gz	V300035308_L03_1.fq.gz	L86	NONE; Subject_ID/Disease/Affection_Status empty in current RunInfo	Illumina NovaSeq 6000	SINGLE	50	47671755	2383587750	2033	1088192774	https://ftp.sra.ebi.ac.uk/vol1/fastq/SRR247/045/SRR24784745/SRR24784745.fastq.gz	a512457bf5a8020f779c72a515bb9d58	UNRESOLVED_AT_FILE_LEVEL	NCBI RunInfo and ENA read_run filereport retrieved 2026-08-24
SRR24784746	SRX20557759	SAMN35536335	SRS17863808	P100004367_L02_12.fq.gz	P100004367_L02_12.fq.gz	L85	NONE; Subject_ID/Disease/Affection_Status empty in current RunInfo	Illumina NovaSeq 6000	SINGLE	50	41314757	2065737850	1946	587838971	https://ftp.sra.ebi.ac.uk/vol1/fastq/SRR247/046/SRR24784746/SRR24784746.fastq.gz	923ed68c63ff1284d7866517d303bdde	UNRESOLVED_AT_FILE_LEVEL	NCBI RunInfo and ENA read_run filereport retrieved 2026-08-24
SRR24784747	SRX20557758	SAMN35536334	SRS17863804	V300081016_L03_21.fq.gz	V300081016_L03_21.fq.gz	L84	NONE; Subject_ID/Disease/Affection_Status empty in current RunInfo	Illumina NovaSeq 6000	SINGLE	50	42733505	2136675250	1844	980841024	https://ftp.sra.ebi.ac.uk/vol1/fastq/SRR247/047/SRR24784747/SRR24784747.fastq.gz	f76dfd24a915d8a0cbc322d39afa1730	UNRESOLVED_AT_FILE_LEVEL	NCBI RunInfo and ENA read_run filereport retrieved 2026-08-24
SRR24784748	SRX20557757	SAMN35536333	SRS17863803	V300081129_L03_21.fq.gz	V300081129_L03_21.fq.gz	L83	NONE; Subject_ID/Disease/Affection_Status empty in current RunInfo	Illumina NovaSeq 6000	SINGLE	50	35198068	1759903400	1556	808940410	https://ftp.sra.ebi.ac.uk/vol1/fastq/SRR247/048/SRR24784748/SRR24784748.fastq.gz	8a1eb6e1eb68aa73a0f5b7abf40866be	UNRESOLVED_AT_FILE_LEVEL	NCBI RunInfo and ENA read_run filereport retrieved 2026-08-24
SRR24784749	SRX20557756	SAMN35536332	SRS17863800	P100003162_L02_11.fq.gz	P100003162_L02_11.fq.gz	L82	NONE; Subject_ID/Disease/Affection_Status empty in current RunInfo	Illumina NovaSeq 6000	SINGLE	50	82438107	4121905350	3674	1816829762	https://ftp.sra.ebi.ac.uk/vol1/fastq/SRR247/049/SRR24784749/SRR24784749.fastq.gz	fd98d681a4688c43ac7705e49ca9147c	UNRESOLVED_AT_FILE_LEVEL	NCBI RunInfo and ENA read_run filereport retrieved 2026-08-24
SRR24784750	SRX20557755	SAMN35536331	SRS17863802	V300024280_L02_23.fq.gz	V300024280_L02_23.fq.gz	L81	NONE; Subject_ID/Disease/Affection_Status empty in current RunInfo	Illumina NovaSeq 6000	SINGLE	50	18842710	942135500	809	454700418	https://ftp.sra.ebi.ac.uk/vol1/fastq/SRR247/050/SRR24784750/SRR24784750.fastq.gz	2442e1522b0a124b97ed6a8bffd826c3	UNRESOLVED_AT_FILE_LEVEL	NCBI RunInfo and ENA read_run filereport retrieved 2026-08-24
SRR24784751	SRX20557754	SAMN35536259	SRS17863799	P100002635_L04_31.fq.gz	P100002635_L04_31.fq.gz	L9	NONE; Subject_ID/Disease/Affection_Status empty in current RunInfo	Illumina NovaSeq 6000	SINGLE	50	7998472	399923600	372	156777875	https://ftp.sra.ebi.ac.uk/vol1/fastq/SRR247/051/SRR24784751/SRR24784751.fastq.gz	313fd503b229a4f6459aa2a39788438e	UNRESOLVED_AT_FILE_LEVEL	NCBI RunInfo and ENA read_run filereport retrieved 2026-08-24
SRR24784752	SRX20557753	SAMN35536330	SRS17863798	V300037492_L04_6.fq.gz	V300037492_L04_6.fq.gz	L80	NONE; Subject_ID/Disease/Affection_Status empty in current RunInfo	Illumina NovaSeq 6000	SINGLE	50	75758739	3787936950	3201	1727218049	https://ftp.sra.ebi.ac.uk/vol1/fastq/SRR247/052/SRR24784752/SRR24784752.fastq.gz	b1dcfe827cc3595b7f020a39ac63b80b	UNRESOLVED_AT_FILE_LEVEL	NCBI RunInfo and ENA read_run filereport retrieved 2026-08-24
SRR24784753	SRX20557752	SAMN35536329	SRS17863797	V300094685_L01_26.fq.gz	V300094685_L01_26.fq.gz	L79	NONE; Subject_ID/Disease/Affection_Status empty in current RunInfo	Illumina NovaSeq 6000	SINGLE	50	58259473	2912973650	2576	1291849523	https://ftp.sra.ebi.ac.uk/vol1/fastq/SRR247/053/SRR24784753/SRR24784753.fastq.gz	30a6113085dd0864ab0286e7d0d9a638	UNRESOLVED_AT_FILE_LEVEL	NCBI RunInfo and ENA read_run filereport retrieved 2026-08-24
SRR24784754	SRX20557751	SAMN35536328	SRS17863796	V300030813_L03_4.fq.gz	V300030813_L03_4.fq.gz	L78	NONE; Subject_ID/Disease/Affection_Status empty in current RunInfo	Illumina NovaSeq 6000	SINGLE	50	43653108	2182655400	1852	997780799	https://ftp.sra.ebi.ac.uk/vol1/fastq/SRR247/054/SRR24784754/SRR24784754.fastq.gz	3749df38d2550e9c9720bcb19bab0725	UNRESOLVED_AT_FILE_LEVEL	NCBI RunInfo and ENA read_run filereport retrieved 2026-08-24
SRR24784755	SRX20557750	SAMN35536327	SRS17863795	V300104379_L03_3.fq.gz	V300104379_L03_3.fq.gz	L77	NONE; Subject_ID/Disease/Affection_Status empty in current RunInfo	Illumina NovaSeq 6000	SINGLE	50	29798201	1489910050	1309	666575938	https://ftp.sra.ebi.ac.uk/vol1/fastq/SRR247/055/SRR24784755/SRR24784755.fastq.gz	7fd9c3336af9a659f306853db7b36f97	UNRESOLVED_AT_FILE_LEVEL	NCBI RunInfo and ENA read_run filereport retrieved 2026-08-24
SRR24784756	SRX20557749	SAMN35536326	SRS17863794	V300104379_L01_3.fq.gz	V300104379_L01_3.fq.gz	L76	NONE; Subject_ID/Disease/Affection_Status empty in current RunInfo	Illumina NovaSeq 6000	SINGLE	50	28485160	1424258000	1266	637645085	https://ftp.sra.ebi.ac.uk/vol1/fastq/SRR247/056/SRR24784756/SRR24784756.fastq.gz	dd7cc4c1cf5d59bdf7ef2e31ccf9020f	UNRESOLVED_AT_FILE_LEVEL	NCBI RunInfo and ENA read_run filereport retrieved 2026-08-24
SRR24784757	SRX20557748	SAMN35536325	SRS17863793	V300030811_L02_5.fq.gz	V300030811_L02_5.fq.gz	L75	NONE; Subject_ID/Disease/Affection_Status empty in current RunInfo	Illumina NovaSeq 6000	SINGLE	50	16422719	821135950	711	377086044	https://ftp.sra.ebi.ac.uk/vol1/fastq/SRR247/057/SRR24784757/SRR24784757.fastq.gz	7560a81541f5d06f64d58c9cb4bb4cfe	UNRESOLVED_AT_FILE_LEVEL	NCBI RunInfo and ENA read_run filereport retrieved 2026-08-24
SRR24784758	SRX20557747	SAMN35536324	SRS17863791	V350025932_L02_17.fq.gz	V350025932_L02_17.fq.gz	L74	NONE; Subject_ID/Disease/Affection_Status empty in current RunInfo	Illumina NovaSeq 6000	SINGLE	50	36660692	1833034600	1591	832187411	https://ftp.sra.ebi.ac.uk/vol1/fastq/SRR247/058/SRR24784758/SRR24784758.fastq.gz	531468b839a24eac066aa0093ea4a0ee	UNRESOLVED_AT_FILE_LEVEL	NCBI RunInfo and ENA read_run filereport retrieved 2026-08-24
SRR24784759	SRX20557746	SAMN35536323	SRS17863789	V300080924_L03_23.fq.gz	V300080924_L03_23.fq.gz	L73	NONE; Subject_ID/Disease/Affection_Status empty in current RunInfo	Illumina NovaSeq 6000	SINGLE	50	35640735	1782036750	1549	812533538	https://ftp.sra.ebi.ac.uk/vol1/fastq/SRR247/059/SRR24784759/SRR24784759.fastq.gz	134e61314e0ff92942253f7e0e8c5840	UNRESOLVED_AT_FILE_LEVEL	NCBI RunInfo and ENA read_run filereport retrieved 2026-08-24
SRR24784760	SRX20557745	SAMN35536968	SRS17863792	W2201140307_L01_7.fq.gz	W2201140307_L01_7.fq.gz	L718	NONE; Subject_ID/Disease/Affection_Status empty in current RunInfo	Illumina NovaSeq 6000	SINGLE	50	26661477	1333073850	1118	610527269	https://ftp.sra.ebi.ac.uk/vol1/fastq/SRR247/060/SRR24784760/SRR24784760.fastq.gz	dcdb9a35ef78dc4fd256b183d1cabe4c	UNRESOLVED_AT_FILE_LEVEL	NCBI RunInfo and ENA read_run filereport retrieved 2026-08-24
SRR24784761	SRX20557744	SAMN35536967	SRS17863788	W2201140307_L01_32.fq.gz	W2201140307_L01_32.fq.gz	L717	NONE; Subject_ID/Disease/Affection_Status empty in current RunInfo	Illumina NovaSeq 6000	SINGLE	50	25634803	1281740150	1101	587402436	https://ftp.sra.ebi.ac.uk/vol1/fastq/SRR247/061/SRR24784761/SRR24784761.fastq.gz	7694f8cc3390597680422a46df56845b	UNRESOLVED_AT_FILE_LEVEL	NCBI RunInfo and ENA read_run filereport retrieved 2026-08-24
SRR24784762	SRX20557743	SAMN35536966	SRS17863790	W2201140307_L01_30.fq.gz	W2201140307_L01_30.fq.gz	L716	NONE; Subject_ID/Disease/Affection_Status empty in current RunInfo	Illumina NovaSeq 6000	SINGLE	50	27927898	1396394900	1195	641090228	https://ftp.sra.ebi.ac.uk/vol1/fastq/SRR247/062/SRR24784762/SRR24784762.fastq.gz	13b7f836d21283f340b1425a27c2df0d	UNRESOLVED_AT_FILE_LEVEL	NCBI RunInfo and ENA read_run filereport retrieved 2026-08-24
SRR24784763	SRX20557742	SAMN35536965	SRS17863787	W2201140307_L01_28.fq.gz	W2201140307_L01_28.fq.gz	L715	NONE; Subject_ID/Disease/Affection_Status empty in current RunInfo	Illumina NovaSeq 6000	SINGLE	50	36461393	1823069650	1523	828127440	https://ftp.sra.ebi.ac.uk/vol1/fastq/SRR247/063/SRR24784763/SRR24784763.fastq.gz	593846a079ad8bfc1600c0ad6828cc05	UNRESOLVED_AT_FILE_LEVEL	NCBI RunInfo and ENA read_run filereport retrieved 2026-08-24
SRR24784764	SRX20557741	SAMN35536964	SRS17863786	W2201140307_L01_26.fq.gz	W2201140307_L01_26.fq.gz	L714	NONE; Subject_ID/Disease/Affection_Status empty in current RunInfo	Illumina NovaSeq 6000	SINGLE	50	22989998	1149499900	987	527601364	https://ftp.sra.ebi.ac.uk/vol1/fastq/SRR247/064/SRR24784764/SRR24784764.fastq.gz	a4e19ddaa4cbba671b0c3bdacc33c56b	UNRESOLVED_AT_FILE_LEVEL	NCBI RunInfo and ENA read_run filereport retrieved 2026-08-24
SRR24784765	SRX20557740	SAMN35536963	SRS17863783	W2201140307_L01_22.fq.gz	W2201140307_L01_22.fq.gz	L713	NONE; Subject_ID/Disease/Affection_Status empty in current RunInfo	Illumina NovaSeq 6000	SINGLE	50	35819027	1790951350	1534	816842221	https://ftp.sra.ebi.ac.uk/vol1/fastq/SRR247/065/SRR24784765/SRR24784765.fastq.gz	4f0277896ec1961c988f01066867db9e	UNRESOLVED_AT_FILE_LEVEL	NCBI RunInfo and ENA read_run filereport retrieved 2026-08-24
SRR24784766	SRX20557739	SAMN35536962	SRS17863785	W2201140307_L01_18.fq.gz	W2201140307_L01_18.fq.gz	L712	NONE; Subject_ID/Disease/Affection_Status empty in current RunInfo	Illumina NovaSeq 6000	SINGLE	50	40819626	2040981300	1774	925481984	https://ftp.sra.ebi.ac.uk/vol1/fastq/SRR247/066/SRR24784766/SRR24784766.fastq.gz	ad381c2c72b1f6c6825f22dba1d92e27	UNRESOLVED_AT_FILE_LEVEL	NCBI RunInfo and ENA read_run filereport retrieved 2026-08-24
SRR24784767	SRX20557738	SAMN35536961	SRS17863781	N100019963_L01_25.fq.gz	N100019963_L01_25.fq.gz	L711	NONE; Subject_ID/Disease/Affection_Status empty in current RunInfo	Illumina NovaSeq 6000	SINGLE	50	32490054	1624502700	1441	746873662	https://ftp.sra.ebi.ac.uk/vol1/fastq/SRR247/067/SRR24784767/SRR24784767.fastq.gz	3cf5171c41fe259982f07f0878974b3e	UNRESOLVED_AT_FILE_LEVEL	NCBI RunInfo and ENA read_run filereport retrieved 2026-08-24
SRR24784768	SRX20557737	SAMN35536322	SRS17863780	V300080924_L02_12.fq.gz	V300080924_L02_12.fq.gz	L72	NONE; Subject_ID/Disease/Affection_Status empty in current RunInfo	Illumina NovaSeq 6000	SINGLE	50	26808991	1340449550	1194	610261737	https://ftp.sra.ebi.ac.uk/vol1/fastq/SRR247/068/SRR24784768/SRR24784768.fastq.gz	b851912b3a95a3c78217ba97ac9736f4	UNRESOLVED_AT_FILE_LEVEL	NCBI RunInfo and ENA read_run filereport retrieved 2026-08-24
SRR24784769	SRX20557736	SAMN35536960	SRS17863784	N100019958_L01_25.fq.gz	N100019958_L01_25.fq.gz	L710	NONE; Subject_ID/Disease/Affection_Status empty in current RunInfo	Illumina NovaSeq 6000	SINGLE	50	27201683	1360084150	1164	620331649	https://ftp.sra.ebi.ac.uk/vol1/fastq/SRR247/069/SRR24784769/SRR24784769.fastq.gz	6db933bf03720f0aaa9bb1019e2d8e29	UNRESOLVED_AT_FILE_LEVEL	NCBI RunInfo and ENA read_run filereport retrieved 2026-08-24
SRR24784770	SRX20557735	SAMN35536959	SRS17863782	N100019958_L01_20.fq.gz	N100019958_L01_20.fq.gz	L709	NONE; Subject_ID/Disease/Affection_Status empty in current RunInfo	Illumina NovaSeq 6000	SINGLE	50	22913316	1145665800	986	526771191	https://ftp.sra.ebi.ac.uk/vol1/fastq/SRR247/070/SRR24784770/SRR24784770.fastq.gz	39f2ca26d6bb7c5ed9f4d3a3703efad1	UNRESOLVED_AT_FILE_LEVEL	NCBI RunInfo and ENA read_run filereport retrieved 2026-08-24
SRR24784771	SRX20557734	SAMN35536958	SRS17863779	N100019955_L01_10.fq.gz	N100019955_L01_10.fq.gz	L708	NONE; Subject_ID/Disease/Affection_Status empty in current RunInfo	Illumina NovaSeq 6000	SINGLE	50	36962191	1848109550	1588	837917182	https://ftp.sra.ebi.ac.uk/vol1/fastq/SRR247/071/SRR24784771/SRR24784771.fastq.gz	4ce074d3aa28a5957f3322b9233b8b0d	UNRESOLVED_AT_FILE_LEVEL	NCBI RunInfo and ENA read_run filereport retrieved 2026-08-24
SRR24784772	SRX20557733	SAMN35536957	SRS17863778	N100019955_L01_8.fq.gz	N100019955_L01_8.fq.gz	L707	NONE; Subject_ID/Disease/Affection_Status empty in current RunInfo	Illumina NovaSeq 6000	SINGLE	50	14332370	716618500	626	329633840	https://ftp.sra.ebi.ac.uk/vol1/fastq/SRR247/072/SRR24784772/SRR24784772.fastq.gz	083fe59eec1cc5951df4f4cff47e04de	UNRESOLVED_AT_FILE_LEVEL	NCBI RunInfo and ENA read_run filereport retrieved 2026-08-24
SRR24784773	SRX20557732	SAMN35536956	SRS17863777	N100019955_L01_6.fq.gz	N100019955_L01_6.fq.gz	L706	NONE; Subject_ID/Disease/Affection_Status empty in current RunInfo	Illumina NovaSeq 6000	SINGLE	50	37579335	1878966750	1658	854008938	https://ftp.sra.ebi.ac.uk/vol1/fastq/SRR247/073/SRR24784773/SRR24784773.fastq.gz	7d1ffebc6fdddf771f50da788cb49b5e	UNRESOLVED_AT_FILE_LEVEL	NCBI RunInfo and ENA read_run filereport retrieved 2026-08-24
SRR24784774	SRX20557731	SAMN35536955	SRS17863775	N100019955_L01_5.fq.gz	N100019955_L01_5.fq.gz	L705	NONE; Subject_ID/Disease/Affection_Status empty in current RunInfo	Illumina NovaSeq 6000	SINGLE	50	15891390	794569500	671	365835738	https://ftp.sra.ebi.ac.uk/vol1/fastq/SRR247/074/SRR24784774/SRR24784774.fastq.gz	6d0b44f31db9515ac06608497318df2c	UNRESOLVED_AT_FILE_LEVEL	NCBI RunInfo and ENA read_run filereport retrieved 2026-08-24
SRR24784775	SRX20557730	SAMN35536954	SRS17863776	N100019952_L01_16.fq.gz	N100019952_L01_16.fq.gz	L704	NONE; Subject_ID/Disease/Affection_Status empty in current RunInfo	Illumina NovaSeq 6000	SINGLE	50	22958299	1147914950	973	524136470	https://ftp.sra.ebi.ac.uk/vol1/fastq/SRR247/075/SRR24784775/SRR24784775.fastq.gz	902d9122c56fc12216fd6592fdcc8c5d	UNRESOLVED_AT_FILE_LEVEL	NCBI RunInfo and ENA read_run filereport retrieved 2026-08-24
SRR24784776	SRX20557729	SAMN35536953	SRS17863774	N100019952_L01_29.fq.gz	N100019952_L01_29.fq.gz	L703	NONE; Subject_ID/Disease/Affection_Status empty in current RunInfo	Illumina NovaSeq 6000	SINGLE	50	37052381	1852619050	1598	843739289	https://ftp.sra.ebi.ac.uk/vol1/fastq/SRR247/076/SRR24784776/SRR24784776.fastq.gz	a26665134b9edcdb7369b644d1207335	UNRESOLVED_AT_FILE_LEVEL	NCBI RunInfo and ENA read_run filereport retrieved 2026-08-24
SRR24784777	SRX20557728	SAMN35536952	SRS17863773	N100019952_L01_25.fq.gz	N100019952_L01_25.fq.gz	L702	NONE; Subject_ID/Disease/Affection_Status empty in current RunInfo	Illumina NovaSeq 6000	SINGLE	50	30130080	1506504000	1292	689991996	https://ftp.sra.ebi.ac.uk/vol1/fastq/SRR247/077/SRR24784777/SRR24784777.fastq.gz	f04fb3f0938959a8f81d4027d8ee8108	UNRESOLVED_AT_FILE_LEVEL	NCBI RunInfo and ENA read_run filereport retrieved 2026-08-24
SRR24784778	SRX20557727	SAMN35536951	SRS17863772	N100019952_L01_20.fq.gz	N100019952_L01_20.fq.gz	L701	NONE; Subject_ID/Disease/Affection_Status empty in current RunInfo	Illumina NovaSeq 6000	SINGLE	50	31482013	1574100650	1387	721124302	https://ftp.sra.ebi.ac.uk/vol1/fastq/SRR247/078/SRR24784778/SRR24784778.fastq.gz	e163457be2efb0cdda8a91ebbccd671d	UNRESOLVED_AT_FILE_LEVEL	NCBI RunInfo and ENA read_run filereport retrieved 2026-08-24
SRR24784779	SRX20557726	SAMN35536321	SRS17863769	V300048044_L03_4.fq.gz	V300048044_L03_4.fq.gz	L71	NONE; Subject_ID/Disease/Affection_Status empty in current RunInfo	Illumina NovaSeq 6000	SINGLE	50	60671239	3033561950	2549	1390064323	https://ftp.sra.ebi.ac.uk/vol1/fastq/SRR247/079/SRR24784779/SRR24784779.fastq.gz	85037f94271ab1c51f4acd0cf08f43ed	UNRESOLVED_AT_FILE_LEVEL	NCBI RunInfo and ENA read_run filereport retrieved 2026-08-24
SRR24784780	SRX20557725	SAMN35536258	SRS17863768	V300044706_L04_10.fq.gz	V300044706_L04_10.fq.gz	L8	NONE; Subject_ID/Disease/Affection_Status empty in current RunInfo	Illumina NovaSeq 6000	SINGLE	50	34031443	1701572150	1449	775421359	https://ftp.sra.ebi.ac.uk/vol1/fastq/SRR247/080/SRR24784780/SRR24784780.fastq.gz	15b4c5121c645eb3c070781538c7e659	UNRESOLVED_AT_FILE_LEVEL	NCBI RunInfo and ENA read_run filereport retrieved 2026-08-24
SRR24784781	SRX20557724	SAMN35536950	SRS17863771	N100019952_L01_17.fq.gz	N100019952_L01_17.fq.gz	L700	NONE; Subject_ID/Disease/Affection_Status empty in current RunInfo	Illumina NovaSeq 6000	SINGLE	50	18680074	934003700	818	427565158	https://ftp.sra.ebi.ac.uk/vol1/fastq/SRR247/081/SRR24784781/SRR24784781.fastq.gz	4bcd5418d65b02b49d5dd0423b9c2978	UNRESOLVED_AT_FILE_LEVEL	NCBI RunInfo and ENA read_run filereport retrieved 2026-08-24
SRR24784782	SRX20557723	SAMN35536949	SRS17863767	N100019938_L01_28.fq.gz	N100019938_L01_28.fq.gz	L699	NONE; Subject_ID/Disease/Affection_Status empty in current RunInfo	Illumina NovaSeq 6000	SINGLE	50	31340872	1567043600	1366	714579717	https://ftp.sra.ebi.ac.uk/vol1/fastq/SRR247/082/SRR24784782/SRR24784782.fastq.gz	b7846a429237afecc1455fba306520cc	UNRESOLVED_AT_FILE_LEVEL	NCBI RunInfo and ENA read_run filereport retrieved 2026-08-24
SRR24784783	SRX20557722	SAMN35536948	SRS17863770	N100019932_L01_10.fq.gz	N100019932_L01_10.fq.gz	L698	NONE; Subject_ID/Disease/Affection_Status empty in current RunInfo	Illumina NovaSeq 6000	SINGLE	50	23654406	1182720300	1014	541136158	https://ftp.sra.ebi.ac.uk/vol1/fastq/SRR247/083/SRR24784783/SRR24784783.fastq.gz	fd49ebbcd37874d6b0a7774bfe0d2c1e	UNRESOLVED_AT_FILE_LEVEL	NCBI RunInfo and ENA read_run filereport retrieved 2026-08-24
SRR24784784	SRX20557721	SAMN35536947	SRS17863766	N100019932_L01_8.fq.gz	N100019932_L01_8.fq.gz	L697	NONE; Subject_ID/Disease/Affection_Status empty in current RunInfo	Illumina NovaSeq 6000	SINGLE	50	21900484	1095024200	937	491469810	https://ftp.sra.ebi.ac.uk/vol1/fastq/SRR247/084/SRR24784784/SRR24784784.fastq.gz	ff4cc3191cc2aec380579974266464df	UNRESOLVED_AT_FILE_LEVEL	NCBI RunInfo and ENA read_run filereport retrieved 2026-08-24
SRR24784785	SRX20557720	SAMN35536946	SRS17863764	N100019932_L01_6.fq.gz	N100019932_L01_6.fq.gz	L696	NONE; Subject_ID/Disease/Affection_Status empty in current RunInfo	Illumina NovaSeq 6000	SINGLE	50	31175731	1558786550	1343	700679928	https://ftp.sra.ebi.ac.uk/vol1/fastq/SRR247/085/SRR24784785/SRR24784785.fastq.gz	3b7a08360ad3d36126e58a8a064f8bd0	UNRESOLVED_AT_FILE_LEVEL	NCBI RunInfo and ENA read_run filereport retrieved 2026-08-24
SRR24784786	SRX20557719	SAMN35536945	SRS17863765	N100019932_L01_5.fq.gz	N100019932_L01_5.fq.gz	L695	NONE; Subject_ID/Disease/Affection_Status empty in current RunInfo	Illumina NovaSeq 6000	SINGLE	50	10748486	537424300	455	245872365	https://ftp.sra.ebi.ac.uk/vol1/fastq/SRR247/086/SRR24784786/SRR24784786.fastq.gz	36c04943533d318f0980fa54004a1b28	UNRESOLVED_AT_FILE_LEVEL	NCBI RunInfo and ENA read_run filereport retrieved 2026-08-24
SRR24784787	SRX20557718	SAMN35536944	SRS17863762	N100019932_L01_4.fq.gz	N100019932_L01_4.fq.gz	L694	NONE; Subject_ID/Disease/Affection_Status empty in current RunInfo	Illumina NovaSeq 6000	SINGLE	50	30413899	1520694950	1292	686262735	https://ftp.sra.ebi.ac.uk/vol1/fastq/SRR247/087/SRR24784787/SRR24784787.fastq.gz	1ee88ac8ab65a5ab53b8504bd770d514	UNRESOLVED_AT_FILE_LEVEL	NCBI RunInfo and ENA read_run filereport retrieved 2026-08-24
SRR24784788	SRX20557717	SAMN35536943	SRS17863763	N100019932_L01_2.fq.gz	N100019932_L01_2.fq.gz	L693	NONE; Subject_ID/Disease/Affection_Status empty in current RunInfo	Illumina NovaSeq 6000	SINGLE	50	39686567	1984328350	1666	899435839	https://ftp.sra.ebi.ac.uk/vol1/fastq/SRR247/088/SRR24784788/SRR24784788.fastq.gz	9fff05a948e02cc647b682247f23b631	UNRESOLVED_AT_FILE_LEVEL	NCBI RunInfo and ENA read_run filereport retrieved 2026-08-24
SRR24784789	SRX20557716	SAMN35536942	SRS17863761	N100019794_L01_11.fq.gz	N100019794_L01_11.fq.gz	L692	NONE; Subject_ID/Disease/Affection_Status empty in current RunInfo	Illumina NovaSeq 6000	SINGLE	50	12527058	626352900	555	286339026	https://ftp.sra.ebi.ac.uk/vol1/fastq/SRR247/089/SRR24784789/SRR24784789.fastq.gz	2451f6ce716a1a0046ad5eb36f18696a	UNRESOLVED_AT_FILE_LEVEL	NCBI RunInfo and ENA read_run filereport retrieved 2026-08-24
SRR24784790	SRX20557715	SAMN35536941	SRS17863760	N100019794_L01_10.fq.gz	N100019794_L01_10.fq.gz	L691	NONE; Subject_ID/Disease/Affection_Status empty in current RunInfo	Illumina NovaSeq 6000	SINGLE	50	20952202	1047610100	940	481778986	https://ftp.sra.ebi.ac.uk/vol1/fastq/SRR247/090/SRR24784790/SRR24784790.fastq.gz	259280196d1c3764a2e216d7cc408d38	UNRESOLVED_AT_FILE_LEVEL	NCBI RunInfo and ENA read_run filereport retrieved 2026-08-24
SRR24784791	SRX20557714	SAMN35536320	SRS17863756	V350042676_L03_20.fq.gz	V350042676_L03_20.fq.gz	L70	NONE; Subject_ID/Disease/Affection_Status empty in current RunInfo	Illumina NovaSeq 6000	SINGLE	50	50840658	2542032900	2121	1118851537	https://ftp.sra.ebi.ac.uk/vol1/fastq/SRR247/091/SRR24784791/SRR24784791.fastq.gz	cd89e702eda962fe35260071484b47c5	UNRESOLVED_AT_FILE_LEVEL	NCBI RunInfo and ENA read_run filereport retrieved 2026-08-24
SRR24784792	SRX20557713	SAMN35536940	SRS17863759	N100019794_L01_8.fq.gz	N100019794_L01_8.fq.gz	L690	NONE; Subject_ID/Disease/Affection_Status empty in current RunInfo	Illumina NovaSeq 6000	SINGLE	50	10660831	533041550	478	243530255	https://ftp.sra.ebi.ac.uk/vol1/fastq/SRR247/092/SRR24784792/SRR24784792.fastq.gz	11beeb734154e63e5a65142c0cf318d7	UNRESOLVED_AT_FILE_LEVEL	NCBI RunInfo and ENA read_run filereport retrieved 2026-08-24
SRR24784793	SRX20557712	SAMN35536939	SRS17863757	N100019794_L01_6.fq.gz	N100019794_L01_6.fq.gz	L689	NONE; Subject_ID/Disease/Affection_Status empty in current RunInfo	Illumina NovaSeq 6000	SINGLE	50	15818030	790901500	710	362396309	https://ftp.sra.ebi.ac.uk/vol1/fastq/SRR247/093/SRR24784793/SRR24784793.fastq.gz	db184f937457d6842f5c6ea40c827c28	UNRESOLVED_AT_FILE_LEVEL	NCBI RunInfo and ENA read_run filereport retrieved 2026-08-24
SRR24784794	SRX20557711	SAMN35536938	SRS17863758	N100019786_L01_7.fq.gz	N100019786_L01_7.fq.gz	L688	NONE; Subject_ID/Disease/Affection_Status empty in current RunInfo	Illumina NovaSeq 6000	SINGLE	50	15240564	762028200	652	346465723	https://ftp.sra.ebi.ac.uk/vol1/fastq/SRR247/094/SRR24784794/SRR24784794.fastq.gz	132f8f10f83e1c9fc1df9765a109250e	UNRESOLVED_AT_FILE_LEVEL	NCBI RunInfo and ENA read_run filereport retrieved 2026-08-24
SRR24784795	SRX20557919	SAMN35536937	SRS17863963	N100019786_L01_12.fq.gz	N100019786_L01_12.fq.gz	L687	NONE; Subject_ID/Disease/Affection_Status empty in current RunInfo	Illumina NovaSeq 6000	SINGLE	50	12398338	619916900	558	286655815	https://ftp.sra.ebi.ac.uk/vol1/fastq/SRR247/095/SRR24784795/SRR24784795.fastq.gz	6c7cd38363163469e07331fb5c6dc126	UNRESOLVED_AT_FILE_LEVEL	NCBI RunInfo and ENA read_run filereport retrieved 2026-08-24
SRR24784796	SRX20557709	SAMN35536676	SRS17863753	N100018592_L01_25.fq.gz	N100018592_L01_25.fq.gz	L426	NONE; Subject_ID/Disease/Affection_Status empty in current RunInfo	Illumina NovaSeq 6000	SINGLE	50	45342111	2267105550	1874	1025033041	https://ftp.sra.ebi.ac.uk/vol1/fastq/SRR247/096/SRR24784796/SRR24784796.fastq.gz	829d3b1621cf87c78ceb3bad20f4a3aa	UNRESOLVED_AT_FILE_LEVEL	NCBI RunInfo and ENA read_run filereport retrieved 2026-08-24
SRR24784797	SRX20557708	SAMN35536675	SRS17863755	N100018592_L01_20.fq.gz	N100018592_L01_20.fq.gz	L425	NONE; Subject_ID/Disease/Affection_Status empty in current RunInfo	Illumina NovaSeq 6000	SINGLE	50	29364017	1468200850	1232	676294996	https://ftp.sra.ebi.ac.uk/vol1/fastq/SRR247/097/SRR24784797/SRR24784797.fastq.gz	60df3c5946ddb23002960fbe622c2a6f	UNRESOLVED_AT_FILE_LEVEL	NCBI RunInfo and ENA read_run filereport retrieved 2026-08-24
SRR24784798	SRX20557707	SAMN35536674	SRS17863751	N100018590_L01_4.fq.gz	N100018590_L01_4.fq.gz	L424	NONE; Subject_ID/Disease/Affection_Status empty in current RunInfo	Illumina NovaSeq 6000	SINGLE	50	44457157	2222857850	1813	1004597814	https://ftp.sra.ebi.ac.uk/vol1/fastq/SRR247/098/SRR24784798/SRR24784798.fastq.gz	5234e080aa0812aaa347a7a42198759b	UNRESOLVED_AT_FILE_LEVEL	NCBI RunInfo and ENA read_run filereport retrieved 2026-08-24
SRR24784799	SRX20557706	SAMN35536673	SRS17863752	N100018590_L01_8.fq.gz	N100018590_L01_8.fq.gz	L423	NONE; Subject_ID/Disease/Affection_Status empty in current RunInfo	Illumina NovaSeq 6000	SINGLE	50	37015605	1850780250	1483	840043685	https://ftp.sra.ebi.ac.uk/vol1/fastq/SRR247/099/SRR24784799/SRR24784799.fastq.gz	6c3f4e78802a29116df5a1ad70807394	UNRESOLVED_AT_FILE_LEVEL	NCBI RunInfo and ENA read_run filereport retrieved 2026-08-24
SRR24784800	SRX20557705	SAMN35536672	SRS17863750	N100018590_L01_6.fq.gz	N100018590_L01_6.fq.gz	L422	NONE; Subject_ID/Disease/Affection_Status empty in current RunInfo	Illumina NovaSeq 6000	SINGLE	50	55507797	2775389850	2251	1251199364	https://ftp.sra.ebi.ac.uk/vol1/fastq/SRR247/000/SRR24784800/SRR24784800.fastq.gz	cf11c51dd2197c4b9efe3453a0b35a92	UNRESOLVED_AT_FILE_LEVEL	NCBI RunInfo and ENA read_run filereport retrieved 2026-08-24
SRR24784801	SRX20557704	SAMN35536671	SRS17863749	N100018590_L01_5.fq.gz	N100018590_L01_5.fq.gz	L421	NONE; Subject_ID/Disease/Affection_Status empty in current RunInfo	Illumina NovaSeq 6000	SINGLE	50	35157122	1757856100	1414	799973822	https://ftp.sra.ebi.ac.uk/vol1/fastq/SRR247/001/SRR24784801/SRR24784801.fastq.gz	ef1642d9d252fad23cf5fa0212b0a0f8	UNRESOLVED_AT_FILE_LEVEL	NCBI RunInfo and ENA read_run filereport retrieved 2026-08-24
SRR24784802	SRX20557703	SAMN35536293	SRS17863747	V300081016_L03_15.fq.gz	V300081016_L03_15.fq.gz	L43	NONE; Subject_ID/Disease/Affection_Status empty in current RunInfo	Illumina NovaSeq 6000	SINGLE	50	44085383	2204269150	1925	1000321539	https://ftp.sra.ebi.ac.uk/vol1/fastq/SRR247/002/SRR24784802/SRR24784802.fastq.gz	69f12909d4c4dafa4f47afe0421db207	UNRESOLVED_AT_FILE_LEVEL	NCBI RunInfo and ENA read_run filereport retrieved 2026-08-24
SRR24784803	SRX20557702	SAMN35536670	SRS17863748	N100018589_L01_31.fq.gz	N100018589_L01_31.fq.gz	L420	NONE; Subject_ID/Disease/Affection_Status empty in current RunInfo	Illumina NovaSeq 6000	SINGLE	50	24218761	1210938050	969	552733314	https://ftp.sra.ebi.ac.uk/vol1/fastq/SRR247/003/SRR24784803/SRR24784803.fastq.gz	be26a105d7cd62823083e751f27985b0	UNRESOLVED_AT_FILE_LEVEL	NCBI RunInfo and ENA read_run filereport retrieved 2026-08-24
SRR24784804	SRX20557701	SAMN35536669	SRS17863746	N100018589_L01_29.fq.gz	N100018589_L01_29.fq.gz	L419	NONE; Subject_ID/Disease/Affection_Status empty in current RunInfo	Illumina NovaSeq 6000	SINGLE	50	34713196	1735659800	1401	793004704	https://ftp.sra.ebi.ac.uk/vol1/fastq/SRR247/004/SRR24784804/SRR24784804.fastq.gz	4c797888bc5f548b8702420e40c8b826	UNRESOLVED_AT_FILE_LEVEL	NCBI RunInfo and ENA read_run filereport retrieved 2026-08-24
SRR24784805	SRX20557700	SAMN35536668	SRS17863744	N100018589_L01_25.fq.gz	N100018589_L01_25.fq.gz	L418	NONE; Subject_ID/Disease/Affection_Status empty in current RunInfo	Illumina NovaSeq 6000	SINGLE	50	47859149	2392957450	1880	1087367819	https://ftp.sra.ebi.ac.uk/vol1/fastq/SRR247/005/SRR24784805/SRR24784805.fastq.gz	b735f4c62057650aeaf60499bf542a41	UNRESOLVED_AT_FILE_LEVEL	NCBI RunInfo and ENA read_run filereport retrieved 2026-08-24
SRR24784806	SRX20557699	SAMN35536667	SRS17863745	N100018578_L01_28.fq.gz	N100018578_L01_28.fq.gz	L417	NONE; Subject_ID/Disease/Affection_Status empty in current RunInfo	Illumina NovaSeq 6000	SINGLE	50	52451906	2622595300	2147	1177915409	https://ftp.sra.ebi.ac.uk/vol1/fastq/SRR247/006/SRR24784806/SRR24784806.fastq.gz	054535ccd887051237f5ae0f5d50e951	UNRESOLVED_AT_FILE_LEVEL	NCBI RunInfo and ENA read_run filereport retrieved 2026-08-24
SRR24784807	SRX20557698	SAMN35536666	SRS17863743	N100018578_L01_26.fq.gz	N100018578_L01_26.fq.gz	L416	NONE; Subject_ID/Disease/Affection_Status empty in current RunInfo	Illumina NovaSeq 6000	SINGLE	50	28111330	1405566500	1175	642088781	https://ftp.sra.ebi.ac.uk/vol1/fastq/SRR247/007/SRR24784807/SRR24784807.fastq.gz	38e88630fddeb805d5770b97099c25e8	UNRESOLVED_AT_FILE_LEVEL	NCBI RunInfo and ENA read_run filereport retrieved 2026-08-24
SRR24784808	SRX20557697	SAMN35536665	SRS17863740	N100018510_L01_5.fq.gz	N100018510_L01_5.fq.gz	L415	NONE; Subject_ID/Disease/Affection_Status empty in current RunInfo	Illumina NovaSeq 6000	SINGLE	50	29045223	1452261150	1247	663048560	https://ftp.sra.ebi.ac.uk/vol1/fastq/SRR247/008/SRR24784808/SRR24784808.fastq.gz	2a0b27d51341ddf90a5671b45f180d9b	UNRESOLVED_AT_FILE_LEVEL	NCBI RunInfo and ENA read_run filereport retrieved 2026-08-24
SRR24784809	SRX20557696	SAMN35536664	SRS17863738	N100018510_L01_6.fq.gz	N100018510_L01_6.fq.gz	L414	NONE; Subject_ID/Disease/Affection_Status empty in current RunInfo	Illumina NovaSeq 6000	SINGLE	50	37325711	1866285550	1607	848341045	https://ftp.sra.ebi.ac.uk/vol1/fastq/SRR247/009/SRR24784809/SRR24784809.fastq.gz	f9fb52297d880fae34c8e8a7a01be83e	UNRESOLVED_AT_FILE_LEVEL	NCBI RunInfo and ENA read_run filereport retrieved 2026-08-24
SRR24784810	SRX20557695	SAMN35536663	SRS17863739	N100018418_L01_8.fq.gz	N100018418_L01_8.fq.gz	L413	NONE; Subject_ID/Disease/Affection_Status empty in current RunInfo	Illumina NovaSeq 6000	SINGLE	50	26964030	1348201500	1179	615497009	https://ftp.sra.ebi.ac.uk/vol1/fastq/SRR247/010/SRR24784810/SRR24784810.fastq.gz	afe4a3c19e838c24fa7d998504e66dc6	UNRESOLVED_AT_FILE_LEVEL	NCBI RunInfo and ENA read_run filereport retrieved 2026-08-24
SRR24784811	SRX20557694	SAMN35536662	SRS17863742	N100018418_L01_6.fq.gz	N100018418_L01_6.fq.gz	L412	NONE; Subject_ID/Disease/Affection_Status empty in current RunInfo	Illumina NovaSeq 6000	SINGLE	50	34015621	1700781050	1508	774506738	https://ftp.sra.ebi.ac.uk/vol1/fastq/SRR247/011/SRR24784811/SRR24784811.fastq.gz	f21847b623802df3408c75f63a1fe346	UNRESOLVED_AT_FILE_LEVEL	NCBI RunInfo and ENA read_run filereport retrieved 2026-08-24
SRR24784812	SRX20557693	SAMN35536661	SRS17863737	N100018418_L01_5.fq.gz	N100018418_L01_5.fq.gz	L411	NONE; Subject_ID/Disease/Affection_Status empty in current RunInfo	Illumina NovaSeq 6000	SINGLE	50	24906541	1245327050	1097	570200555	https://ftp.sra.ebi.ac.uk/vol1/fastq/SRR247/012/SRR24784812/SRR24784812.fastq.gz	d3ca0170cc4e68e3dde43f10753dbd65	UNRESOLVED_AT_FILE_LEVEL	NCBI RunInfo and ENA read_run filereport retrieved 2026-08-24
SRR24784813	SRX20557692	SAMN35536292	SRS17863741	V300097362_L03_22.fq.gz	V300097362_L03_22.fq.gz	L42	NONE; Subject_ID/Disease/Affection_Status empty in current RunInfo	Illumina NovaSeq 6000	SINGLE	50	35425003	1771250150	1587	797529167	https://ftp.sra.ebi.ac.uk/vol1/fastq/SRR247/013/SRR24784813/SRR24784813.fastq.gz	840e02832a526923cea1b8b662d19d24	UNRESOLVED_AT_FILE_LEVEL	NCBI RunInfo and ENA read_run filereport retrieved 2026-08-24
SRR24784814	SRX20557691	SAMN35536660	SRS17863735	N100018417_L01_6.fq.gz	N100018417_L01_6.fq.gz	L410	NONE; Subject_ID/Disease/Affection_Status empty in current RunInfo	Illumina NovaSeq 6000	SINGLE	50	36592395	1829619750	1592	832053021	https://ftp.sra.ebi.ac.uk/vol1/fastq/SRR247/014/SRR24784814/SRR24784814.fastq.gz	d5291f9dcd7dd1d44510d18d67955127	UNRESOLVED_AT_FILE_LEVEL	NCBI RunInfo and ENA read_run filereport retrieved 2026-08-24
SRR24784815	SRX20557690	SAMN35536659	SRS17863734	N100018417_L01_5.fq.gz	N100018417_L01_5.fq.gz	L409	NONE; Subject_ID/Disease/Affection_Status empty in current RunInfo	Illumina NovaSeq 6000	SINGLE	50	33380212	1669010600	1429	760270730	https://ftp.sra.ebi.ac.uk/vol1/fastq/SRR247/015/SRR24784815/SRR24784815.fastq.gz	a6b1e6ed5b404a898bf12ac4c836a68c	UNRESOLVED_AT_FILE_LEVEL	NCBI RunInfo and ENA read_run filereport retrieved 2026-08-24
SRR24784816	SRX20557689	SAMN35536658	SRS17863733	N100018417_L01_4.fq.gz	N100018417_L01_4.fq.gz	L408	NONE; Subject_ID/Disease/Affection_Status empty in current RunInfo	Illumina NovaSeq 6000	SINGLE	50	27669761	1383488050	1203	631352049	https://ftp.sra.ebi.ac.uk/vol1/fastq/SRR247/016/SRR24784816/SRR24784816.fastq.gz	f879db358a38cdab50a0d2151c2c852a	UNRESOLVED_AT_FILE_LEVEL	NCBI RunInfo and ENA read_run filereport retrieved 2026-08-24
SRR24784817	SRX20557688	SAMN35536657	SRS17863736	N100018416_L01_7.fq.gz	N100018416_L01_7.fq.gz	L407	NONE; Subject_ID/Disease/Affection_Status empty in current RunInfo	Illumina NovaSeq 6000	SINGLE	50	35866742	1793337100	1493	814253549	https://ftp.sra.ebi.ac.uk/vol1/fastq/SRR247/017/SRR24784817/SRR24784817.fastq.gz	44365c1c6e5f95408ad447b87e1ca3e7	UNRESOLVED_AT_FILE_LEVEL	NCBI RunInfo and ENA read_run filereport retrieved 2026-08-24
SRR24784818	SRX20557687	SAMN35536656	SRS17863729	N100018416_L01_32.fq.gz	N100018416_L01_32.fq.gz	L406	NONE; Subject_ID/Disease/Affection_Status empty in current RunInfo	Illumina NovaSeq 6000	SINGLE	50	12904487	645224350	554	298731055	https://ftp.sra.ebi.ac.uk/vol1/fastq/SRR247/018/SRR24784818/SRR24784818.fastq.gz	0a3d4da0cfb1efc1c84a5f0bbf1882a7	UNRESOLVED_AT_FILE_LEVEL	NCBI RunInfo and ENA read_run filereport retrieved 2026-08-24
SRR24784819	SRX20557686	SAMN35536655	SRS17863730	N100018416_L01_30.fq.gz	N100018416_L01_30.fq.gz	L405	NONE; Subject_ID/Disease/Affection_Status empty in current RunInfo	Illumina NovaSeq 6000	SINGLE	50	24240454	1212022700	1052	556815807	https://ftp.sra.ebi.ac.uk/vol1/fastq/SRR247/019/SRR24784819/SRR24784819.fastq.gz	9812a9e78241932332e44b90055a61cb	UNRESOLVED_AT_FILE_LEVEL	NCBI RunInfo and ENA read_run filereport retrieved 2026-08-24
SRR24784820	SRX20557685	SAMN35536654	SRS17863732	N100018402_L01_28.fq.gz	N100018402_L01_28.fq.gz	L404	NONE; Subject_ID/Disease/Affection_Status empty in current RunInfo	Illumina NovaSeq 6000	SINGLE	50	54840174	2742008700	2201	1236054993	https://ftp.sra.ebi.ac.uk/vol1/fastq/SRR247/020/SRR24784820/SRR24784820.fastq.gz	493f1c5f59a84c032fffce69fbe4be50	UNRESOLVED_AT_FILE_LEVEL	NCBI RunInfo and ENA read_run filereport retrieved 2026-08-24
SRR24784821	SRX20557684	SAMN35536653	SRS17863731	N100018402_L01_26.fq.gz	N100018402_L01_26.fq.gz	L403	NONE; Subject_ID/Disease/Affection_Status empty in current RunInfo	Illumina NovaSeq 6000	SINGLE	50	31895615	1594780750	1318	727581076	https://ftp.sra.ebi.ac.uk/vol1/fastq/SRR247/021/SRR24784821/SRR24784821.fastq.gz	664f817c2ed493ef4930b6348079b7bc	UNRESOLVED_AT_FILE_LEVEL	NCBI RunInfo and ENA read_run filereport retrieved 2026-08-24
SRR24784822	SRX20557683	SAMN35536652	SRS17863728	N100018384_L01_25.fq.gz	N100018384_L01_25.fq.gz	L402	NONE; Subject_ID/Disease/Affection_Status empty in current RunInfo	Illumina NovaSeq 6000	SINGLE	50	49582662	2479133100	2068	1126597105	https://ftp.sra.ebi.ac.uk/vol1/fastq/SRR247/022/SRR24784822/SRR24784822.fastq.gz	9cd93da4488ca660653bd1858c91e68d	UNRESOLVED_AT_FILE_LEVEL	NCBI RunInfo and ENA read_run filereport retrieved 2026-08-24
SRR24784823	SRX20557682	SAMN35536651	SRS17863727	N100018355_L01_7.fq.gz	N100018355_L01_7.fq.gz	L401	NONE; Subject_ID/Disease/Affection_Status empty in current RunInfo	Illumina NovaSeq 6000	SINGLE	50	22422085	1121104250	905	513207189	https://ftp.sra.ebi.ac.uk/vol1/fastq/SRR247/023/SRR24784823/SRR24784823.fastq.gz	f9aac64f96881bc76878e01b782ee532	UNRESOLVED_AT_FILE_LEVEL	NCBI RunInfo and ENA read_run filereport retrieved 2026-08-24
SRR24784824	SRX20557681	SAMN35536291	SRS17863726	V300097362_L01_22.fq.gz	V300097362_L01_22.fq.gz	L41	NONE; Subject_ID/Disease/Affection_Status empty in current RunInfo	Illumina NovaSeq 6000	SINGLE	50	40505216	2025260800	1794	910659295	https://ftp.sra.ebi.ac.uk/vol1/fastq/SRR247/024/SRR24784824/SRR24784824.fastq.gz	6affdb23341bb6a0d49d9880c7efbf6d	UNRESOLVED_AT_FILE_LEVEL	NCBI RunInfo and ENA read_run filereport retrieved 2026-08-24
SRR24784825	SRX20557680	SAMN35536255	SRS17863725	V300070071_L03_1.fq.gz	V300070071_L03_1.fq.gz	L5	NONE; Subject_ID/Disease/Affection_Status empty in current RunInfo	Illumina NovaSeq 6000	SINGLE	50	58454420	2922721000	2489	1261972653	https://ftp.sra.ebi.ac.uk/vol1/fastq/SRR247/025/SRR24784825/SRR24784825.fastq.gz	9dedacab3fd8a5e9dff546404f18f517	UNRESOLVED_AT_FILE_LEVEL	NCBI RunInfo and ENA read_run filereport retrieved 2026-08-24
SRR24784826	SRX20557679	SAMN35536650	SRS17863724	N100018355_L01_32.fq.gz	N100018355_L01_32.fq.gz	L400	NONE; Subject_ID/Disease/Affection_Status empty in current RunInfo	Illumina NovaSeq 6000	SINGLE	50	31017985	1550899250	1267	704721741	https://ftp.sra.ebi.ac.uk/vol1/fastq/SRR247/026/SRR24784826/SRR24784826.fastq.gz	26470eb6bd034a2d8cb8c86dfdbfeedd	UNRESOLVED_AT_FILE_LEVEL	NCBI RunInfo and ENA read_run filereport retrieved 2026-08-24
SRR24784827	SRX20557678	SAMN35536649	SRS17863722	N100018355_L01_30.fq.gz	N100018355_L01_30.fq.gz	L399	NONE; Subject_ID/Disease/Affection_Status empty in current RunInfo	Illumina NovaSeq 6000	SINGLE	50	32805838	1640291900	1345	747702456	https://ftp.sra.ebi.ac.uk/vol1/fastq/SRR247/027/SRR24784827/SRR24784827.fastq.gz	57b10b575aed67d7d7fd5a866772dc4e	UNRESOLVED_AT_FILE_LEVEL	NCBI RunInfo and ENA read_run filereport retrieved 2026-08-24
SRR24784828	SRX20557677	SAMN35536648	SRS17863723	N100018355_L01_28.fq.gz	N100018355_L01_28.fq.gz	L398	NONE; Subject_ID/Disease/Affection_Status empty in current RunInfo	Illumina NovaSeq 6000	SINGLE	50	26933171	1346658550	1101	614361553	https://ftp.sra.ebi.ac.uk/vol1/fastq/SRR247/028/SRR24784828/SRR24784828.fastq.gz	d371daadc4867f53c5c07385a180bd18	UNRESOLVED_AT_FILE_LEVEL	NCBI RunInfo and ENA read_run filereport retrieved 2026-08-24
SRR24784829	SRX20557676	SAMN35536647	SRS17863721	N100018355_L01_26.fq.gz	N100018355_L01_26.fq.gz	L397	NONE; Subject_ID/Disease/Affection_Status empty in current RunInfo	Illumina NovaSeq 6000	SINGLE	50	14960082	748004100	605	343435336	https://ftp.sra.ebi.ac.uk/vol1/fastq/SRR247/029/SRR24784829/SRR24784829.fastq.gz	0499519987aa95887e40e8d93cc6820f	UNRESOLVED_AT_FILE_LEVEL	NCBI RunInfo and ENA read_run filereport retrieved 2026-08-24
SRR24784830	SRX20557675	SAMN35536646	SRS17863720	N100018342_L01_32.fq.gz	N100018342_L01_32.fq.gz	L396	NONE; Subject_ID/Disease/Affection_Status empty in current RunInfo	Illumina NovaSeq 6000	SINGLE	50	38055146	1902757300	1658	867233338	https://ftp.sra.ebi.ac.uk/vol1/fastq/SRR247/030/SRR24784830/SRR24784830.fastq.gz	b48c61ff108f1ef2f20f2103394e76cf	UNRESOLVED_AT_FILE_LEVEL	NCBI RunInfo and ENA read_run filereport retrieved 2026-08-24
SRR24784831	SRX20557602	SAMN35536645	SRS17863645	N100018342_L01_30.fq.gz	N100018342_L01_30.fq.gz	L395	NONE; Subject_ID/Disease/Affection_Status empty in current RunInfo	Illumina NovaSeq 6000	SINGLE	50	45448066	2272403300	1966	1032770442	https://ftp.sra.ebi.ac.uk/vol1/fastq/SRR247/031/SRR24784831/SRR24784831.fastq.gz	5dbed3aaa319d86216c88fb3c7c0ea16	UNRESOLVED_AT_FILE_LEVEL	NCBI RunInfo and ENA read_run filereport retrieved 2026-08-24
SRR24784832	SRX20557673	SAMN35536514	SRS17863719	N100016752_L01_6.fq.gz	N100016752_L01_6.fq.gz	L264	NONE; Subject_ID/Disease/Affection_Status empty in current RunInfo	Illumina NovaSeq 6000	SINGLE	50	37210587	1860529350	1521	846056358	https://ftp.sra.ebi.ac.uk/vol1/fastq/SRR247/032/SRR24784832/SRR24784832.fastq.gz	588bb7aa04426765b1af68b01704c4a6	UNRESOLVED_AT_FILE_LEVEL	NCBI RunInfo and ENA read_run filereport retrieved 2026-08-24
SRR24784833	SRX20557672	SAMN35536513	SRS17863715	N100016752_L01_5.fq.gz	N100016752_L01_5.fq.gz	L263	NONE; Subject_ID/Disease/Affection_Status empty in current RunInfo	Illumina NovaSeq 6000	SINGLE	50	24951576	1247578800	1012	570640602	https://ftp.sra.ebi.ac.uk/vol1/fastq/SRR247/033/SRR24784833/SRR24784833.fastq.gz	df4ec42fb7c502b9e7f305254aa4e8d2	UNRESOLVED_AT_FILE_LEVEL	NCBI RunInfo and ENA read_run filereport retrieved 2026-08-24
SRR24784834	SRX20557671	SAMN35536512	SRS17863713	N100016752_L01_4.fq.gz	N100016752_L01_4.fq.gz	L262	NONE; Subject_ID/Disease/Affection_Status empty in current RunInfo	Illumina NovaSeq 6000	SINGLE	50	28209998	1410499900	1172	645737620	https://ftp.sra.ebi.ac.uk/vol1/fastq/SRR247/034/SRR24784834/SRR24784834.fastq.gz	7a47f3d99bf629f9e81d16871d62e0aa	UNRESOLVED_AT_FILE_LEVEL	NCBI RunInfo and ENA read_run filereport retrieved 2026-08-24
SRR24784835	SRX20557670	SAMN35536511	SRS17863716	N100016748_L01_25.fq.gz	N100016748_L01_25.fq.gz	L261	NONE; Subject_ID/Disease/Affection_Status empty in current RunInfo	Illumina NovaSeq 6000	SINGLE	50	43930190	2196509500	1790	993576141	https://ftp.sra.ebi.ac.uk/vol1/fastq/SRR247/035/SRR24784835/SRR24784835.fastq.gz	3499665bf663e915e6ba22a770efc2f6	UNRESOLVED_AT_FILE_LEVEL	NCBI RunInfo and ENA read_run filereport retrieved 2026-08-24
SRR24784836	SRX20557669	SAMN35536277	SRS17863718	V350042572_L04_6.fq.gz	V350042572_L04_6.fq.gz	L27	NONE; Subject_ID/Disease/Affection_Status empty in current RunInfo	Illumina NovaSeq 6000	SINGLE	50	40802343	2040117150	1783	925812487	https://ftp.sra.ebi.ac.uk/vol1/fastq/SRR247/036/SRR24784836/SRR24784836.fastq.gz	ac5e4b7eefd9bc6803de14a85e6f69ce	UNRESOLVED_AT_FILE_LEVEL	NCBI RunInfo and ENA read_run filereport retrieved 2026-08-24
SRR24784837	SRX20557668	SAMN35536510	SRS17863714	N100016748_L01_20.fq.gz	N100016748_L01_20.fq.gz	L260	NONE; Subject_ID/Disease/Affection_Status empty in current RunInfo	Illumina NovaSeq 6000	SINGLE	50	18442475	922123750	784	425940846	https://ftp.sra.ebi.ac.uk/vol1/fastq/SRR247/037/SRR24784837/SRR24784837.fastq.gz	2178cafb263f363881a34f43aa59f92c	UNRESOLVED_AT_FILE_LEVEL	NCBI RunInfo and ENA read_run filereport retrieved 2026-08-24
SRR24784838	SRX20557667	SAMN35536509	SRS17863712	N100016748_L01_17.fq.gz	N100016748_L01_17.fq.gz	L259	NONE; Subject_ID/Disease/Affection_Status empty in current RunInfo	Illumina NovaSeq 6000	SINGLE	50	26555036	1327751800	1110	604739368	https://ftp.sra.ebi.ac.uk/vol1/fastq/SRR247/038/SRR24784838/SRR24784838.fastq.gz	fd2e494abe8ff389bd8c1352bb414d8c	UNRESOLVED_AT_FILE_LEVEL	NCBI RunInfo and ENA read_run filereport retrieved 2026-08-24
SRR24784839	SRX20557666	SAMN35536508	SRS17863711	N100016746_L01_28.fq.gz	N100016746_L01_28.fq.gz	L258	NONE; Subject_ID/Disease/Affection_Status empty in current RunInfo	Illumina NovaSeq 6000	SINGLE	50	56492795	2824639750	2238	1267873962	https://ftp.sra.ebi.ac.uk/vol1/fastq/SRR247/039/SRR24784839/SRR24784839.fastq.gz	c55f5c15e8af13a67c60f02179ec3ffd	UNRESOLVED_AT_FILE_LEVEL	NCBI RunInfo and ENA read_run filereport retrieved 2026-08-24
SRR24784840	SRX20557665	SAMN35536507	SRS17863708	N100016734_L01_11.fq.gz	N100016734_L01_11.fq.gz	L257	NONE; Subject_ID/Disease/Affection_Status empty in current RunInfo	Illumina NovaSeq 6000	SINGLE	50	27593523	1379676150	1120	632699059	https://ftp.sra.ebi.ac.uk/vol1/fastq/SRR247/040/SRR24784840/SRR24784840.fastq.gz	dd25ab9202f85734d40d0c02900159d5	UNRESOLVED_AT_FILE_LEVEL	NCBI RunInfo and ENA read_run filereport retrieved 2026-08-24
SRR24784841	SRX20557664	SAMN35536506	SRS17863707	N100016734_L01_10.fq.gz	N100016734_L01_10.fq.gz	L256	NONE; Subject_ID/Disease/Affection_Status empty in current RunInfo	Illumina NovaSeq 6000	SINGLE	50	34934803	1746740150	1374	795741958	https://ftp.sra.ebi.ac.uk/vol1/fastq/SRR247/041/SRR24784841/SRR24784841.fastq.gz	c90ddb0ddad517b2846af6c5d451b3df	UNRESOLVED_AT_FILE_LEVEL	NCBI RunInfo and ENA read_run filereport retrieved 2026-08-24
SRR24784842	SRX20557663	SAMN35536505	SRS17863710	N100016734_L01_8.fq.gz	N100016734_L01_8.fq.gz	L255	NONE; Subject_ID/Disease/Affection_Status empty in current RunInfo	Illumina NovaSeq 6000	SINGLE	50	36741939	1837096950	1462	837189699	https://ftp.sra.ebi.ac.uk/vol1/fastq/SRR247/042/SRR24784842/SRR24784842.fastq.gz	2cfb80f9e437b6dadbf59fb0d4521b26	UNRESOLVED_AT_FILE_LEVEL	NCBI RunInfo and ENA read_run filereport retrieved 2026-08-24
SRR24784843	SRX20557662	SAMN35536504	SRS17863704	N100016734_L01_6.fq.gz	N100016734_L01_6.fq.gz	L254	NONE; Subject_ID/Disease/Affection_Status empty in current RunInfo	Illumina NovaSeq 6000	SINGLE	50	33010676	1650533800	1322	753912934	https://ftp.sra.ebi.ac.uk/vol1/fastq/SRR247/043/SRR24784843/SRR24784843.fastq.gz	099aab2b6468b0d0fc43a95ff9581d31	UNRESOLVED_AT_FILE_LEVEL	NCBI RunInfo and ENA read_run filereport retrieved 2026-08-24
SRR24784844	SRX20557661	SAMN35536503	SRS17863706	N100016734_L01_5.fq.gz	N100016734_L01_5.fq.gz	L253	NONE; Subject_ID/Disease/Affection_Status empty in current RunInfo	Illumina NovaSeq 6000	SINGLE	50	13871376	693568800	554	319201873	https://ftp.sra.ebi.ac.uk/vol1/fastq/SRR247/044/SRR24784844/SRR24784844.fastq.gz	1d5a494fc2e6452bcc814062f1e835df	UNRESOLVED_AT_FILE_LEVEL	NCBI RunInfo and ENA read_run filereport retrieved 2026-08-24
SRR24784845	SRX20557660	SAMN35536502	SRS17863709	N100016734_L01_4.fq.gz	N100016734_L01_4.fq.gz	L252	NONE; Subject_ID/Disease/Affection_Status empty in current RunInfo	Illumina NovaSeq 6000	SINGLE	50	24736803	1236840150	1011	569502402	https://ftp.sra.ebi.ac.uk/vol1/fastq/SRR247/045/SRR24784845/SRR24784845.fastq.gz	29dc689711377d587323e9ec595c7b46	UNRESOLVED_AT_FILE_LEVEL	NCBI RunInfo and ENA read_run filereport retrieved 2026-08-24
SRR24784846	SRX20557659	SAMN35536501	SRS17863705	N100016734_L01_2.fq.gz	N100016734_L01_2.fq.gz	L251	NONE; Subject_ID/Disease/Affection_Status empty in current RunInfo	Illumina NovaSeq 6000	SINGLE	50	33143507	1657175350	1319	754342270	https://ftp.sra.ebi.ac.uk/vol1/fastq/SRR247/046/SRR24784846/SRR24784846.fastq.gz	110030373f8261f598b4c4295a592db1	UNRESOLVED_AT_FILE_LEVEL	NCBI RunInfo and ENA read_run filereport retrieved 2026-08-24
SRR24784847	SRX20557658	SAMN35536276	SRS17863703	V350042572_L01_6.fq.gz	V350042572_L01_6.fq.gz	L26	NONE; Subject_ID/Disease/Affection_Status empty in current RunInfo	Illumina NovaSeq 6000	SINGLE	50	47569659	2378482950	2019	1074388952	https://ftp.sra.ebi.ac.uk/vol1/fastq/SRR247/047/SRR24784847/SRR24784847.fastq.gz	030382b5c150fe1ebed81556cd27c64a	UNRESOLVED_AT_FILE_LEVEL	NCBI RunInfo and ENA read_run filereport retrieved 2026-08-24
SRR24784848	SRX20557657	SAMN35536500	SRS17863699	N100016734_L01_1.fq.gz	N100016734_L01_1.fq.gz	L250	NONE; Subject_ID/Disease/Affection_Status empty in current RunInfo	Illumina NovaSeq 6000	SINGLE	50	34304346	1715217300	1365	780799096	https://ftp.sra.ebi.ac.uk/vol1/fastq/SRR247/048/SRR24784848/SRR24784848.fastq.gz	9348c1d1908f956ea66fdaa052604be5	UNRESOLVED_AT_FILE_LEVEL	NCBI RunInfo and ENA read_run filereport retrieved 2026-08-24
SRR24784849	SRX20557656	SAMN35536499	SRS17863700	N100016720_L01_32.fq.gz	N100016720_L01_32.fq.gz	L249	NONE; Subject_ID/Disease/Affection_Status empty in current RunInfo	Illumina NovaSeq 6000	SINGLE	50	40617017	2030850850	1597	917700273	https://ftp.sra.ebi.ac.uk/vol1/fastq/SRR247/049/SRR24784849/SRR24784849.fastq.gz	9969a3af3068a223bbf5e707df54ba51	UNRESOLVED_AT_FILE_LEVEL	NCBI RunInfo and ENA read_run filereport retrieved 2026-08-24
SRR24784850	SRX20557655	SAMN35536498	SRS17863701	N100016720_L01_30.fq.gz	N100016720_L01_30.fq.gz	L248	NONE; Subject_ID/Disease/Affection_Status empty in current RunInfo	Illumina NovaSeq 6000	SINGLE	50	46871716	2343585800	1864	1058099640	https://ftp.sra.ebi.ac.uk/vol1/fastq/SRR247/050/SRR24784850/SRR24784850.fastq.gz	756e43b01f0bf3309502c112411742b1	UNRESOLVED_AT_FILE_LEVEL	NCBI RunInfo and ENA read_run filereport retrieved 2026-08-24
SRR24784851	SRX20557654	SAMN35536497	SRS17863702	N100016720_L01_28.fq.gz	N100016720_L01_28.fq.gz	L247	NONE; Subject_ID/Disease/Affection_Status empty in current RunInfo	Illumina NovaSeq 6000	SINGLE	50	44894492	2244724600	1729	1011662663	https://ftp.sra.ebi.ac.uk/vol1/fastq/SRR247/051/SRR24784851/SRR24784851.fastq.gz	9a831399270d9425ef1089ea523ef073	UNRESOLVED_AT_FILE_LEVEL	NCBI RunInfo and ENA read_run filereport retrieved 2026-08-24
SRR24784852	SRX20557653	SAMN35536496	SRS17863697	N100016686_L01_4.fq.gz	N100016686_L01_4.fq.gz	L246	NONE; Subject_ID/Disease/Affection_Status empty in current RunInfo	Illumina NovaSeq 6000	SINGLE	50	29676321	1483816050	1219	676059436	https://ftp.sra.ebi.ac.uk/vol1/fastq/SRR247/052/SRR24784852/SRR24784852.fastq.gz	ad049f316a3ba6f7a912e1b8965aeae6	UNRESOLVED_AT_FILE_LEVEL	NCBI RunInfo and ENA read_run filereport retrieved 2026-08-24
SRR24784853	SRX20557652	SAMN35536495	SRS17863698	N100016686_L01_11.fq.gz	N100016686_L01_11.fq.gz	L245	NONE; Subject_ID/Disease/Affection_Status empty in current RunInfo	Illumina NovaSeq 6000	SINGLE	50	34384951	1719247550	1427	784954973	https://ftp.sra.ebi.ac.uk/vol1/fastq/SRR247/053/SRR24784853/SRR24784853.fastq.gz	637b08fb40c946bcb766291e061feff9	UNRESOLVED_AT_FILE_LEVEL	NCBI RunInfo and ENA read_run filereport retrieved 2026-08-24
SRR24784854	SRX20557651	SAMN35536494	SRS17863696	N100016686_L01_10.fq.gz	N100016686_L01_10.fq.gz	L244	NONE; Subject_ID/Disease/Affection_Status empty in current RunInfo	Illumina NovaSeq 6000	SINGLE	50	22009467	1100473350	910	502131625	https://ftp.sra.ebi.ac.uk/vol1/fastq/SRR247/054/SRR24784854/SRR24784854.fastq.gz	1f60d12937f3838efcfab581f0157b3a	UNRESOLVED_AT_FILE_LEVEL	NCBI RunInfo and ENA read_run filereport retrieved 2026-08-24
SRR24784855	SRX20557650	SAMN35536493	SRS17863695	N100016686_L01_8.fq.gz	N100016686_L01_8.fq.gz	L243	NONE; Subject_ID/Disease/Affection_Status empty in current RunInfo	Illumina NovaSeq 6000	SINGLE	50	18349754	917487700	761	419342393	https://ftp.sra.ebi.ac.uk/vol1/fastq/SRR247/055/SRR24784855/SRR24784855.fastq.gz	69848883d24f3393843caeaba1b77f0d	UNRESOLVED_AT_FILE_LEVEL	NCBI RunInfo and ENA read_run filereport retrieved 2026-08-24
SRR24784856	SRX20557649	SAMN35536492	SRS17863693	N100016686_L01_6.fq.gz	N100016686_L01_6.fq.gz	L242	NONE; Subject_ID/Disease/Affection_Status empty in current RunInfo	Illumina NovaSeq 6000	SINGLE	50	40702039	2035101950	1678	924520034	https://ftp.sra.ebi.ac.uk/vol1/fastq/SRR247/056/SRR24784856/SRR24784856.fastq.gz	0caadfe278f2bb74de05abaf42d5dfe0	UNRESOLVED_AT_FILE_LEVEL	NCBI RunInfo and ENA read_run filereport retrieved 2026-08-24
SRR24784857	SRX20557648	SAMN35536491	SRS17863691	N100016686_L01_5.fq.gz	N100016686_L01_5.fq.gz	L241	NONE; Subject_ID/Disease/Affection_Status empty in current RunInfo	Illumina NovaSeq 6000	SINGLE	50	14220891	711044550	581	326872130	https://ftp.sra.ebi.ac.uk/vol1/fastq/SRR247/057/SRR24784857/SRR24784857.fastq.gz	76a5abd014147c2988280f38361a69a4	UNRESOLVED_AT_FILE_LEVEL	NCBI RunInfo and ENA read_run filereport retrieved 2026-08-24
SRR24784858	SRX20557647	SAMN35536275	SRS17863694	V350011282_L03_16.fq.gz	V350011282_L03_16.fq.gz	L25	NONE; Subject_ID/Disease/Affection_Status empty in current RunInfo	Illumina NovaSeq 6000	SINGLE	50	49116052	2455802600	2121	1103922952	https://ftp.sra.ebi.ac.uk/vol1/fastq/SRR247/058/SRR24784858/SRR24784858.fastq.gz	867ae4c1d5e1a210c1313b080eef4308	UNRESOLVED_AT_FILE_LEVEL	NCBI RunInfo and ENA read_run filereport retrieved 2026-08-24
SRR24784859	SRX20557646	SAMN35536490	SRS17863692	N100016686_L01_2.fq.gz	N100016686_L01_2.fq.gz	L240	NONE; Subject_ID/Disease/Affection_Status empty in current RunInfo	Illumina NovaSeq 6000	SINGLE	50	30927159	1546357950	1282	707169217	https://ftp.sra.ebi.ac.uk/vol1/fastq/SRR247/059/SRR24784859/SRR24784859.fastq.gz	346e9bc3d86d9744490821ffcd4c582e	UNRESOLVED_AT_FILE_LEVEL	NCBI RunInfo and ENA read_run filereport retrieved 2026-08-24
SRR24784860	SRX20557645	SAMN35536489	SRS17863690	N100016656_L01_6.fq.gz	N100016656_L01_6.fq.gz	L239	NONE; Subject_ID/Disease/Affection_Status empty in current RunInfo	Illumina NovaSeq 6000	SINGLE	50	28566017	1428300850	1205	653539986	https://ftp.sra.ebi.ac.uk/vol1/fastq/SRR247/060/SRR24784860/SRR24784860.fastq.gz	75e30d964e054bcce2957ec372e2a526	UNRESOLVED_AT_FILE_LEVEL	NCBI RunInfo and ENA read_run filereport retrieved 2026-08-24
SRR24784861	SRX20557644	SAMN35536488	SRS17863688	N100016656_L01_5.fq.gz	N100016656_L01_5.fq.gz	L238	NONE; Subject_ID/Disease/Affection_Status empty in current RunInfo	Illumina NovaSeq 6000	SINGLE	50	36878711	1843935550	1496	839611221	https://ftp.sra.ebi.ac.uk/vol1/fastq/SRR247/061/SRR24784861/SRR24784861.fastq.gz	888ed6404a074fb9693b43972d025842	UNRESOLVED_AT_FILE_LEVEL	NCBI RunInfo and ENA read_run filereport retrieved 2026-08-24
SRR24784862	SRX20557643	SAMN35536487	SRS17863687	N100016656_L01_4.fq.gz	N100016656_L01_4.fq.gz	L237	NONE; Subject_ID/Disease/Affection_Status empty in current RunInfo	Illumina NovaSeq 6000	SINGLE	50	36873305	1843665250	1524	836680332	https://ftp.sra.ebi.ac.uk/vol1/fastq/SRR247/062/SRR24784862/SRR24784862.fastq.gz	790333eaf23efc5ca82d191483db79d0	UNRESOLVED_AT_FILE_LEVEL	NCBI RunInfo and ENA read_run filereport retrieved 2026-08-24
SRR24784863	SRX20557642	SAMN35536486	SRS17863689	N100016656_L01_2.fq.gz	N100016656_L01_2.fq.gz	L236	NONE; Subject_ID/Disease/Affection_Status empty in current RunInfo	Illumina NovaSeq 6000	SINGLE	50	38523271	1926163550	1561	872554081	https://ftp.sra.ebi.ac.uk/vol1/fastq/SRR247/063/SRR24784863/SRR24784863.fastq.gz	717a31bd9d338f29a6fd386a2ba2b145	UNRESOLVED_AT_FILE_LEVEL	NCBI RunInfo and ENA read_run filereport retrieved 2026-08-24
SRR24784864	SRX20557641	SAMN35536485	SRS17863686	N100016656_L01_1.fq.gz	N100016656_L01_1.fq.gz	L235	NONE; Subject_ID/Disease/Affection_Status empty in current RunInfo	Illumina NovaSeq 6000	SINGLE	50	29422587	1471129350	1205	673486875	https://ftp.sra.ebi.ac.uk/vol1/fastq/SRR247/064/SRR24784864/SRR24784864.fastq.gz	d7c3405b9e61e1e6bd722e69f34b4ca7	UNRESOLVED_AT_FILE_LEVEL	NCBI RunInfo and ENA read_run filereport retrieved 2026-08-24
SRR24784865	SRX20557640	SAMN35536484	SRS17863683	N100016650_L01_28.fq.gz	N100016650_L01_28.fq.gz	L234	NONE; Subject_ID/Disease/Affection_Status empty in current RunInfo	Illumina NovaSeq 6000	SINGLE	50	33066223	1653311150	1317	751695444	https://ftp.sra.ebi.ac.uk/vol1/fastq/SRR247/065/SRR24784865/SRR24784865.fastq.gz	b14a2f85b23159cfc1d71ecf2c63bb4f	UNRESOLVED_AT_FILE_LEVEL	NCBI RunInfo and ENA read_run filereport retrieved 2026-08-24
SRR24784866	SRX20557639	SAMN35536483	SRS17863682	N100016650_L01_26.fq.gz	N100016650_L01_26.fq.gz	L233	NONE; Subject_ID/Disease/Affection_Status empty in current RunInfo	Illumina NovaSeq 6000	SINGLE	50	33299137	1664956850	1343	757985405	https://ftp.sra.ebi.ac.uk/vol1/fastq/SRR247/066/SRR24784866/SRR24784866.fastq.gz	2b182175916fdd126656ecb70db7e460	UNRESOLVED_AT_FILE_LEVEL	NCBI RunInfo and ENA read_run filereport retrieved 2026-08-24
SRR24784867	SRX20557638	SAMN35536482	SRS17863685	N100016636_L01_5.fq.gz	N100016636_L01_5.fq.gz	L232	NONE; Subject_ID/Disease/Affection_Status empty in current RunInfo	Illumina NovaSeq 6000	SINGLE	50	60058204	3002910200	2433	1349276280	https://ftp.sra.ebi.ac.uk/vol1/fastq/SRR247/067/SRR24784867/SRR24784867.fastq.gz	28bd97bbec19dbef113a7e26516615ac	UNRESOLVED_AT_FILE_LEVEL	NCBI RunInfo and ENA read_run filereport retrieved 2026-08-24
SRR24784868	SRX20557637	SAMN35536481	SRS17863684	N100016636_L01_4.fq.gz	N100016636_L01_4.fq.gz	L231	NONE; Subject_ID/Disease/Affection_Status empty in current RunInfo	Illumina NovaSeq 6000	SINGLE	50	34898503	1744925150	1474	793920880	https://ftp.sra.ebi.ac.uk/vol1/fastq/SRR247/068/SRR24784868/SRR24784868.fastq.gz	3b9b3dd32805735496b295fb22812e46	UNRESOLVED_AT_FILE_LEVEL	NCBI RunInfo and ENA read_run filereport retrieved 2026-08-24
SRR24784869	SRX20557636	SAMN35536274	SRS17863679	P100000165_L03_16.fq.gz	P100000165_L03_16.fq.gz	L24	NONE; Subject_ID/Disease/Affection_Status empty in current RunInfo	Illumina NovaSeq 6000	SINGLE	50	32056406	1602820300	1555	710679332	https://ftp.sra.ebi.ac.uk/vol1/fastq/SRR247/069/SRR24784869/SRR24784869.fastq.gz	75d071a924812780a77848a2eab02f88	UNRESOLVED_AT_FILE_LEVEL	NCBI RunInfo and ENA read_run filereport retrieved 2026-08-24
SRR24784870	SRX20557635	SAMN35536480	SRS17863680	N100016633_L01_25.fq.gz	N100016633_L01_25.fq.gz	L230	NONE; Subject_ID/Disease/Affection_Status empty in current RunInfo	Illumina NovaSeq 6000	SINGLE	50	46801662	2340083100	1836	1054784427	https://ftp.sra.ebi.ac.uk/vol1/fastq/SRR247/070/SRR24784870/SRR24784870.fastq.gz	957aac6e9b7d974d8b1b2de9de8a2df8	UNRESOLVED_AT_FILE_LEVEL	NCBI RunInfo and ENA read_run filereport retrieved 2026-08-24
SRR24784871	SRX20557634	SAMN35536479	SRS17863681	N100016633_L01_20.fq.gz	N100016633_L01_20.fq.gz	L229	NONE; Subject_ID/Disease/Affection_Status empty in current RunInfo	Illumina NovaSeq 6000	SINGLE	50	19842914	992145700	796	457921241	https://ftp.sra.ebi.ac.uk/vol1/fastq/SRR247/071/SRR24784871/SRR24784871.fastq.gz	95e3ab3b6d7d94ca9b6a0ea861dbec22	UNRESOLVED_AT_FILE_LEVEL	NCBI RunInfo and ENA read_run filereport retrieved 2026-08-24
SRR24784872	SRX20557633	SAMN35536478	SRS17863678	N100016633_L01_17.fq.gz	N100016633_L01_17.fq.gz	L228	NONE; Subject_ID/Disease/Affection_Status empty in current RunInfo	Illumina NovaSeq 6000	SINGLE	50	34859065	1742953250	1383	789936711	https://ftp.sra.ebi.ac.uk/vol1/fastq/SRR247/072/SRR24784872/SRR24784872.fastq.gz	04514f8fe7ec3cdcb8e46c854f4f1cc1	UNRESOLVED_AT_FILE_LEVEL	NCBI RunInfo and ENA read_run filereport retrieved 2026-08-24
SRR24784873	SRX20557632	SAMN35536477	SRS17863676	MDL001-05D2223049L-DNA-D19-20220601.nonhuman.nonspike.fq.gz	MDL001-05D2223049L-DNA-D19-20220601.nonhuman.nonspike.fq.gz	L227	NONE; Subject_ID/Disease/Affection_Status empty in current RunInfo	Illumina NovaSeq 6000	SINGLE	50	142078	7103900	3	4029128	https://ftp.sra.ebi.ac.uk/vol1/fastq/SRR247/073/SRR24784873/SRR24784873.fastq.gz	69beba7ecdd8fe244942d7d0f617906e	SUPPORTED_COMPUTATIONALLY_HOST_DEPLETED	NCBI RunInfo and ENA read_run filereport retrieved 2026-08-24
SRR24784874	SRX20557631	SAMN35536476	SRS17863677	MDL001-05D2222085L-DNA-D01-20220529.nonhuman.nonspike.fq.gz	MDL001-05D2222085L-DNA-D01-20220529.nonhuman.nonspike.fq.gz	L226	NONE; Subject_ID/Disease/Affection_Status empty in current RunInfo	Illumina NovaSeq 6000	SINGLE	50	185773	9288650	4	4681483	https://ftp.sra.ebi.ac.uk/vol1/fastq/SRR247/074/SRR24784874/SRR24784874.fastq.gz	15e9fc8516884947610b221e2795edae	SUPPORTED_COMPUTATIONALLY_HOST_DEPLETED	NCBI RunInfo and ENA read_run filereport retrieved 2026-08-24
SRR24784875	SRX20557630	SAMN35536475	SRS17863675	2234042381324_C1T.unhost.fq.gz	2234042381324_C1T.unhost.fq.gz	L225	NONE; Subject_ID/Disease/Affection_Status empty in current RunInfo	Illumina NovaSeq 6000	SINGLE	40	578131	23125240	11	14216869	https://ftp.sra.ebi.ac.uk/vol1/fastq/SRR247/075/SRR24784875/SRR24784875.fastq.gz	f89d3bc39346d94fb3e72b0c3032db3c	SUPPORTED_COMPUTATIONALLY_HOST_DEPLETED	NCBI RunInfo and ENA read_run filereport retrieved 2026-08-24
SRR24784876	SRX20557629	SAMN35536474	SRS17863674	2234042381300_C1T.unhost.fq.gz	2234042381300_C1T.unhost.fq.gz	L224	NONE; Subject_ID/Disease/Affection_Status empty in current RunInfo	Illumina NovaSeq 6000	SINGLE	40	1830667	73226680	33	44318961	https://ftp.sra.ebi.ac.uk/vol1/fastq/SRR247/076/SRR24784876/SRR24784876.fastq.gz	1cc424ec2946425961d9cf8d57702029	SUPPORTED_COMPUTATIONALLY_HOST_DEPLETED	NCBI RunInfo and ENA read_run filereport retrieved 2026-08-24
SRR24784877	SRX20557628	SAMN35536473	SRS17863673	2234042381294_C1T.unhost.fq.gz	2234042381294_C1T.unhost.fq.gz	L223	NONE; Subject_ID/Disease/Affection_Status empty in current RunInfo	Illumina NovaSeq 6000	SINGLE	40	2982355	119294200	53	71996748	https://ftp.sra.ebi.ac.uk/vol1/fastq/SRR247/077/SRR24784877/SRR24784877.fastq.gz	7a073e865afcc98b3fc99f303b82fc4f	SUPPORTED_COMPUTATIONALLY_HOST_DEPLETED	NCBI RunInfo and ENA read_run filereport retrieved 2026-08-24
SRR24784878	SRX20557627	SAMN35536472	SRS17863670	2234042381287_C1T.unhost.fq.gz	2234042381287_C1T.unhost.fq.gz	L222	NONE; Subject_ID/Disease/Affection_Status empty in current RunInfo	Illumina NovaSeq 6000	SINGLE	40	3335649	133425960	61	80908004	https://ftp.sra.ebi.ac.uk/vol1/fastq/SRR247/078/SRR24784878/SRR24784878.fastq.gz	bfe144944b48569f23890fd847557348	SUPPORTED_COMPUTATIONALLY_HOST_DEPLETED	NCBI RunInfo and ENA read_run filereport retrieved 2026-08-24
SRR24784879	SRX20557626	SAMN35536471	SRS17863671	2234042381270_C1T.unhost.fq.gz	2234042381270_C1T.unhost.fq.gz	L221	NONE; Subject_ID/Disease/Affection_Status empty in current RunInfo	Illumina NovaSeq 6000	SINGLE	40	233165	9326600	4	5810724	https://ftp.sra.ebi.ac.uk/vol1/fastq/SRR247/079/SRR24784879/SRR24784879.fastq.gz	8d7777517c7e033ecbe3a0411835d125	SUPPORTED_COMPUTATIONALLY_HOST_DEPLETED	NCBI RunInfo and ENA read_run filereport retrieved 2026-08-24
SRR24784880	SRX20557625	SAMN35536273	SRS17863672	V300104193_L03_14.fq.gz	V300104193_L03_14.fq.gz	L23	NONE; Subject_ID/Disease/Affection_Status empty in current RunInfo	Illumina NovaSeq 6000	SINGLE	50	76320940	3816047000	3339	1736612773	https://ftp.sra.ebi.ac.uk/vol1/fastq/SRR247/080/SRR24784880/SRR24784880.fastq.gz	b194483d194bcfbbbe3cab01ea55ee63	UNRESOLVED_AT_FILE_LEVEL	NCBI RunInfo and ENA read_run filereport retrieved 2026-08-24
SRR24784881	SRX20557624	SAMN35536470	SRS17863668	2234042381263_C1T.unhost.fq.gz	2234042381263_C1T.unhost.fq.gz	L220	NONE; Subject_ID/Disease/Affection_Status empty in current RunInfo	Illumina NovaSeq 6000	SINGLE	40	1074049	42961960	19	25235626	https://ftp.sra.ebi.ac.uk/vol1/fastq/SRR247/081/SRR24784881/SRR24784881.fastq.gz	b27e79422911f49ca03b9f4e8466f8eb	SUPPORTED_COMPUTATIONALLY_HOST_DEPLETED	NCBI RunInfo and ENA read_run filereport retrieved 2026-08-24
SRR24784882	SRX20557623	SAMN35536469	SRS17863669	2234042381256_C1T.unhost.fq.gz	2234042381256_C1T.unhost.fq.gz	L219	NONE; Subject_ID/Disease/Affection_Status empty in current RunInfo	Illumina NovaSeq 6000	SINGLE	40	1558074	62322960	30	32870017	https://ftp.sra.ebi.ac.uk/vol1/fastq/SRR247/082/SRR24784882/SRR24784882.fastq.gz	ea086548f78b803a13b6ec9d9c492eb7	SUPPORTED_COMPUTATIONALLY_HOST_DEPLETED	NCBI RunInfo and ENA read_run filereport retrieved 2026-08-24
SRR24784883	SRX20557622	SAMN35536468	SRS17863667	2234042381249_C1T.unhost.fq.gz	2234042381249_C1T.unhost.fq.gz	L218	NONE; Subject_ID/Disease/Affection_Status empty in current RunInfo	Illumina NovaSeq 6000	SINGLE	40	2750630	110025200	53	66814932	https://ftp.sra.ebi.ac.uk/vol1/fastq/SRR247/083/SRR24784883/SRR24784883.fastq.gz	b4aa43fdeb9243c8b79d5e5e08813675	SUPPORTED_COMPUTATIONALLY_HOST_DEPLETED	NCBI RunInfo and ENA read_run filereport retrieved 2026-08-24
SRR24784884	SRX20557621	SAMN35536467	SRS17863665	2234042381225_C1T.unhost.fq.gz	2234042381225_C1T.unhost.fq.gz	L217	NONE; Subject_ID/Disease/Affection_Status empty in current RunInfo	Illumina NovaSeq 6000	SINGLE	40	231043	9241720	4	5663822	https://ftp.sra.ebi.ac.uk/vol1/fastq/SRR247/084/SRR24784884/SRR24784884.fastq.gz	92a8921bbb9b1a9db0d4c662a4820998	SUPPORTED_COMPUTATIONALLY_HOST_DEPLETED	NCBI RunInfo and ENA read_run filereport retrieved 2026-08-24
SRR24784885	SRX20557620	SAMN35536466	SRS17863664	2234042381218_C1T.unhost.fq.gz	2234042381218_C1T.unhost.fq.gz	L216	NONE; Subject_ID/Disease/Affection_Status empty in current RunInfo	Illumina NovaSeq 6000	SINGLE	40	222086	8883440	3	5388486	https://ftp.sra.ebi.ac.uk/vol1/fastq/SRR247/085/SRR24784885/SRR24784885.fastq.gz	879388a73aecc81087fcddbb1fb65cbe	SUPPORTED_COMPUTATIONALLY_HOST_DEPLETED	NCBI RunInfo and ENA read_run filereport retrieved 2026-08-24
SRR24784886	SRX20557619	SAMN35536465	SRS17863663	2234042381195_C1T.unhost.fq.gz	2234042381195_C1T.unhost.fq.gz	L215	NONE; Subject_ID/Disease/Affection_Status empty in current RunInfo	Illumina NovaSeq 6000	SINGLE	40	573047	22921880	11	12839417	https://ftp.sra.ebi.ac.uk/vol1/fastq/SRR247/086/SRR24784886/SRR24784886.fastq.gz	13ffaf8bd7f69c00ff0f8345c4d63654	SUPPORTED_COMPUTATIONALLY_HOST_DEPLETED	NCBI RunInfo and ENA read_run filereport retrieved 2026-08-24
SRR24784887	SRX20557618	SAMN35536464	SRS17863662	2234042381188_C1T.unhost.fq.gz	2234042381188_C1T.unhost.fq.gz	L214	NONE; Subject_ID/Disease/Affection_Status empty in current RunInfo	Illumina NovaSeq 6000	SINGLE	40	963498	38539920	18	23405200	https://ftp.sra.ebi.ac.uk/vol1/fastq/SRR247/087/SRR24784887/SRR24784887.fastq.gz	ca99facc11de92bd78d0562436281bc8	SUPPORTED_COMPUTATIONALLY_HOST_DEPLETED	NCBI RunInfo and ENA read_run filereport retrieved 2026-08-24
SRR24784888	SRX20557617	SAMN35536463	SRS17863666	2234042381010_C1T.unhost.fq.gz	2234042381010_C1T.unhost.fq.gz	L213	NONE; Subject_ID/Disease/Affection_Status empty in current RunInfo	Illumina NovaSeq 6000	SINGLE	40	2552665	102106600	47	61711009	https://ftp.sra.ebi.ac.uk/vol1/fastq/SRR247/088/SRR24784888/SRR24784888.fastq.gz	ea175960f0b87e81eedb66906bbf1caa	SUPPORTED_COMPUTATIONALLY_HOST_DEPLETED	NCBI RunInfo and ENA read_run filereport retrieved 2026-08-24
SRR24784889	SRX20557616	SAMN35536462	SRS17863661	2234042380815_C1T.unhost.fq.gz	2234042380815_C1T.unhost.fq.gz	L212	NONE; Subject_ID/Disease/Affection_Status empty in current RunInfo	Illumina NovaSeq 6000	SINGLE	40	9923598	396943920	175	234901284	https://ftp.sra.ebi.ac.uk/vol1/fastq/SRR247/089/SRR24784889/SRR24784889.fastq.gz	f000262031a2ef036942ba93ac8f00e3	SUPPORTED_COMPUTATIONALLY_HOST_DEPLETED	NCBI RunInfo and ENA read_run filereport retrieved 2026-08-24
SRR24784890	SRX20557615	SAMN35536461	SRS17863659	2234042380730_C1T.unhost.fq.gz	2234042380730_C1T.unhost.fq.gz	L211	NONE; Subject_ID/Disease/Affection_Status empty in current RunInfo	Illumina NovaSeq 6000	SINGLE	40	2135288	85411520	39	51711796	https://ftp.sra.ebi.ac.uk/vol1/fastq/SRR247/090/SRR24784890/SRR24784890.fastq.gz	c76e9be7f165937289bcb2131f73f012	SUPPORTED_COMPUTATIONALLY_HOST_DEPLETED	NCBI RunInfo and ENA read_run filereport retrieved 2026-08-24
SRR24784891	SRX20557614	SAMN35536272	SRS17863660	N100012503_L01_5.fq.gz	N100012503_L01_5.fq.gz	L22	NONE; Subject_ID/Disease/Affection_Status empty in current RunInfo	Illumina NovaSeq 6000	SINGLE	50	14959223	747961150	624	344380308	https://ftp.sra.ebi.ac.uk/vol1/fastq/SRR247/091/SRR24784891/SRR24784891.fastq.gz	5918f865fb2fb515b9ecf3ac6ba0d2ca	UNRESOLVED_AT_FILE_LEVEL	NCBI RunInfo and ENA read_run filereport retrieved 2026-08-24
SRR24784892	SRX20557613	SAMN35536460	SRS17863656	2234042380723_C1T.unhost.fq.gz	2234042380723_C1T.unhost.fq.gz	L210	NONE; Subject_ID/Disease/Affection_Status empty in current RunInfo	Illumina NovaSeq 6000	SINGLE	40	697875	27915000	12	17293276	https://ftp.sra.ebi.ac.uk/vol1/fastq/SRR247/092/SRR24784892/SRR24784892.fastq.gz	191e21be755cf43a8ae32286d4455c55	SUPPORTED_COMPUTATIONALLY_HOST_DEPLETED	NCBI RunInfo and ENA read_run filereport retrieved 2026-08-24
SRR24784893	SRX20557612	SAMN35536459	SRS17863658	2234042380716_C1T.unhost.fq.gz	2234042380716_C1T.unhost.fq.gz	L209	NONE; Subject_ID/Disease/Affection_Status empty in current RunInfo	Illumina NovaSeq 6000	SINGLE	40	9634769	385390760	174	221990198	https://ftp.sra.ebi.ac.uk/vol1/fastq/SRR247/093/SRR24784893/SRR24784893.fastq.gz	0927c9200d84b26640a7acc5a1139976	SUPPORTED_COMPUTATIONALLY_HOST_DEPLETED	NCBI RunInfo and ENA read_run filereport retrieved 2026-08-24
SRR24784894	SRX20557611	SAMN35536458	SRS17863655	2234042380662_C1T.unhost.fq.gz	2234042380662_C1T.unhost.fq.gz	L208	NONE; Subject_ID/Disease/Affection_Status empty in current RunInfo	Illumina NovaSeq 6000	SINGLE	40	731296	29251840	13	17619819	https://ftp.sra.ebi.ac.uk/vol1/fastq/SRR247/094/SRR24784894/SRR24784894.fastq.gz	47ea2c4ce3486fe2d9c1659d35c1b638	SUPPORTED_COMPUTATIONALLY_HOST_DEPLETED	NCBI RunInfo and ENA read_run filereport retrieved 2026-08-24
SRR24784895	SRX20557610	SAMN35536457	SRS17863653	2234042380648_C1T.unhost.fq.gz	2234042380648_C1T.unhost.fq.gz	L207	NONE; Subject_ID/Disease/Affection_Status empty in current RunInfo	Illumina NovaSeq 6000	SINGLE	40	494426	19777040	9	12044914	https://ftp.sra.ebi.ac.uk/vol1/fastq/SRR247/095/SRR24784895/SRR24784895.fastq.gz	0dbd41e902e6e551e3ee914fd99f0a89	SUPPORTED_COMPUTATIONALLY_HOST_DEPLETED	NCBI RunInfo and ENA read_run filereport retrieved 2026-08-24
SRR24784896	SRX20557609	SAMN35536456	SRS17863654	2234042380631_C1T.unhost.fq.gz	2234042380631_C1T.unhost.fq.gz	L206	NONE; Subject_ID/Disease/Affection_Status empty in current RunInfo	Illumina NovaSeq 6000	SINGLE	40	12953295	518131800	236	305055604	https://ftp.sra.ebi.ac.uk/vol1/fastq/SRR247/096/SRR24784896/SRR24784896.fastq.gz	ad53b6b78dd0ddf03e40de2bd72cafbe	SUPPORTED_COMPUTATIONALLY_HOST_DEPLETED	NCBI RunInfo and ENA read_run filereport retrieved 2026-08-24
SRR24784897	SRX20557608	SAMN35536455	SRS17863657	2234042380570_C1T.unhost.fq.gz	2234042380570_C1T.unhost.fq.gz	L205	NONE; Subject_ID/Disease/Affection_Status empty in current RunInfo	Illumina NovaSeq 6000	SINGLE	40	395088	15803520	7	9778118	https://ftp.sra.ebi.ac.uk/vol1/fastq/SRR247/097/SRR24784897/SRR24784897.fastq.gz	3e31a5b9a2c8815b59b6502cc3e30bff	SUPPORTED_COMPUTATIONALLY_HOST_DEPLETED	NCBI RunInfo and ENA read_run filereport retrieved 2026-08-24
SRR24784898	SRX20557607	SAMN35536454	SRS17863651	2234042380563_C1T.unhost.fq.gz	2234042380563_C1T.unhost.fq.gz	L204	NONE; Subject_ID/Disease/Affection_Status empty in current RunInfo	Illumina NovaSeq 6000	SINGLE	40	2895054	115802160	50	70344531	https://ftp.sra.ebi.ac.uk/vol1/fastq/SRR247/098/SRR24784898/SRR24784898.fastq.gz	354c06f0078a424e7502ede550164fcd	SUPPORTED_COMPUTATIONALLY_HOST_DEPLETED	NCBI RunInfo and ENA read_run filereport retrieved 2026-08-24
SRR24784899	SRX20557606	SAMN35536453	SRS17863652	2234042380488_C1T.unhost.fq.gz	2234042380488_C1T.unhost.fq.gz	L203	NONE; Subject_ID/Disease/Affection_Status empty in current RunInfo	Illumina NovaSeq 6000	SINGLE	40	128269	5130760	2	3210816	https://ftp.sra.ebi.ac.uk/vol1/fastq/SRR247/099/SRR24784899/SRR24784899.fastq.gz	841674ef12b9bb376f6ce9de62eac21d	SUPPORTED_COMPUTATIONALLY_HOST_DEPLETED	NCBI RunInfo and ENA read_run filereport retrieved 2026-08-24
SRR24784900	SRX20557605	SAMN35536452	SRS17863650	2234042380457_C1T.unhost.fq.gz	2234042380457_C1T.unhost.fq.gz	L202	NONE; Subject_ID/Disease/Affection_Status empty in current RunInfo	Illumina NovaSeq 6000	SINGLE	40	1284255	51370200	24	31368484	https://ftp.sra.ebi.ac.uk/vol1/fastq/SRR247/000/SRR24784900/SRR24784900.fastq.gz	fa48039aa6dcde289a9fb335089f3262	SUPPORTED_COMPUTATIONALLY_HOST_DEPLETED	NCBI RunInfo and ENA read_run filereport retrieved 2026-08-24
SRR24784901	SRX20557604	SAMN35536451	SRS17863648	2234042380440_C1T.unhost.fq.gz	2234042380440_C1T.unhost.fq.gz	L201	NONE; Subject_ID/Disease/Affection_Status empty in current RunInfo	Illumina NovaSeq 6000	SINGLE	40	1997504	79900160	38	48008033	https://ftp.sra.ebi.ac.uk/vol1/fastq/SRR247/001/SRR24784901/SRR24784901.fastq.gz	5fa802174f2fb16b22e05da09e1c84bf	SUPPORTED_COMPUTATIONALLY_HOST_DEPLETED	NCBI RunInfo and ENA read_run filereport retrieved 2026-08-24
SRR24784902	SRX20557603	SAMN35536271	SRS17863649	V300048052_L01_4.fq.gz	V300048052_L01_4.fq.gz	L21	NONE; Subject_ID/Disease/Affection_Status empty in current RunInfo	Illumina NovaSeq 6000	SINGLE	50	23562930	1178146500	1059	484868062	https://ftp.sra.ebi.ac.uk/vol1/fastq/SRR247/002/SRR24784902/SRR24784902.fastq.gz	e024e0410c9a6d3d5e45e2ad241f74ed	UNRESOLVED_AT_FILE_LEVEL	NCBI RunInfo and ENA read_run filereport retrieved 2026-08-24
SRR24784903	SRX20557883	SAMN35536253	SRS17863932	V300037394_L03_27.fq.gz	V300037394_L03_27.fq.gz	L3	NONE; Subject_ID/Disease/Affection_Status empty in current RunInfo	Illumina NovaSeq 6000	SINGLE	50	20988897	1049444850	917	480847486	https://ftp.sra.ebi.ac.uk/vol1/fastq/SRR247/003/SRR24784903/SRR24784903.fastq.gz	af7e6680ab399b197ce826ba9f92b807	UNRESOLVED_AT_FILE_LEVEL	NCBI RunInfo and ENA read_run filereport retrieved 2026-08-24
SRR24784904	SRX20557601	SAMN35536644	SRS17863646	N100018342_L01_28.fq.gz	N100018342_L01_28.fq.gz	L394	NONE; Subject_ID/Disease/Affection_Status empty in current RunInfo	Illumina NovaSeq 6000	SINGLE	50	28336174	1416808700	1231	647072668	https://ftp.sra.ebi.ac.uk/vol1/fastq/SRR247/004/SRR24784904/SRR24784904.fastq.gz	43bf95a447ce8ae30da53dcbe1fe515c	UNRESOLVED_AT_FILE_LEVEL	NCBI RunInfo and ENA read_run filereport retrieved 2026-08-24
SRR24784905	SRX20557600	SAMN35536643	SRS17863647	N100018288_L01_29.fq.gz	N100018288_L01_29.fq.gz	L393	NONE; Subject_ID/Disease/Affection_Status empty in current RunInfo	Illumina NovaSeq 6000	SINGLE	50	41438330	2071916500	1755	943802328	https://ftp.sra.ebi.ac.uk/vol1/fastq/SRR247/005/SRR24784905/SRR24784905.fastq.gz	29e844d60242f75bd037f1d45b539e1e	UNRESOLVED_AT_FILE_LEVEL	NCBI RunInfo and ENA read_run filereport retrieved 2026-08-24
SRR24784906	SRX20557599	SAMN35536642	SRS17863644	N100018288_L01_25.fq.gz	N100018288_L01_25.fq.gz	L392	NONE; Subject_ID/Disease/Affection_Status empty in current RunInfo	Illumina NovaSeq 6000	SINGLE	50	18290480	914524000	792	420764999	https://ftp.sra.ebi.ac.uk/vol1/fastq/SRR247/006/SRR24784906/SRR24784906.fastq.gz	1e05a8ad841a0f67b16634ff7caefcb0	UNRESOLVED_AT_FILE_LEVEL	NCBI RunInfo and ENA read_run filereport retrieved 2026-08-24
SRR24784907	SRX20557598	SAMN35536641	SRS17863640	N100018082_L01_5.fq.gz	N100018082_L01_5.fq.gz	L391	NONE; Subject_ID/Disease/Affection_Status empty in current RunInfo	Illumina NovaSeq 6000	SINGLE	50	29642630	1482131500	1264	679774616	https://ftp.sra.ebi.ac.uk/vol1/fastq/SRR247/007/SRR24784907/SRR24784907.fastq.gz	592e6e52040512c8ec0113766c72577d	UNRESOLVED_AT_FILE_LEVEL	NCBI RunInfo and ENA read_run filereport retrieved 2026-08-24
SRR24784908	SRX20557597	SAMN35536290	SRS17863641	V300097362_L01_34.fq.gz	V300097362_L01_34.fq.gz	L40	NONE; Subject_ID/Disease/Affection_Status empty in current RunInfo	Illumina NovaSeq 6000	SINGLE	50	71596447	3579822350	3039	1077016763	https://ftp.sra.ebi.ac.uk/vol1/fastq/SRR247/008/SRR24784908/SRR24784908.fastq.gz	de7c7517a863d6d9ed6bcdeed24c0dd4	UNRESOLVED_AT_FILE_LEVEL	NCBI RunInfo and ENA read_run filereport retrieved 2026-08-24
SRR24784909	SRX20557596	SAMN35536640	SRS17863642	N100018082_L01_4.fq.gz	N100018082_L01_4.fq.gz	L390	NONE; Subject_ID/Disease/Affection_Status empty in current RunInfo	Illumina NovaSeq 6000	SINGLE	50	60366006	3018300300	2537	1360282167	https://ftp.sra.ebi.ac.uk/vol1/fastq/SRR247/009/SRR24784909/SRR24784909.fastq.gz	8c42c3455e5dc0f4d3121a246453275c	UNRESOLVED_AT_FILE_LEVEL	NCBI RunInfo and ENA read_run filereport retrieved 2026-08-24
SRR24784910	SRX20557595	SAMN35536639	SRS17863637	N100018082_L01_2.fq.gz	N100018082_L01_2.fq.gz	L389	NONE; Subject_ID/Disease/Affection_Status empty in current RunInfo	Illumina NovaSeq 6000	SINGLE	50	51628668	2581433400	2167	1166359234	https://ftp.sra.ebi.ac.uk/vol1/fastq/SRR247/010/SRR24784910/SRR24784910.fastq.gz	bbcfc28cac4d279e0200b37e6860789a	UNRESOLVED_AT_FILE_LEVEL	NCBI RunInfo and ENA read_run filereport retrieved 2026-08-24
SRR24784911	SRX20557594	SAMN35536638	SRS17863643	N100018046_L01_12.fq.gz	N100018046_L01_12.fq.gz	L388	NONE; Subject_ID/Disease/Affection_Status empty in current RunInfo	Illumina NovaSeq 6000	SINGLE	50	19109856	955492800	835	438838924	https://ftp.sra.ebi.ac.uk/vol1/fastq/SRR247/011/SRR24784911/SRR24784911.fastq.gz	1a1efb1fe581158e5498f10349f18675	UNRESOLVED_AT_FILE_LEVEL	NCBI RunInfo and ENA read_run filereport retrieved 2026-08-24
SRR24784912	SRX20557593	SAMN35536637	SRS17863636	N100018046_L01_7.fq.gz	N100018046_L01_7.fq.gz	L387	NONE; Subject_ID/Disease/Affection_Status empty in current RunInfo	Illumina NovaSeq 6000	SINGLE	50	14061310	703065500	593	323782082	https://ftp.sra.ebi.ac.uk/vol1/fastq/SRR247/012/SRR24784912/SRR24784912.fastq.gz	b54bea37f2a968a42c8de56bad109879	UNRESOLVED_AT_FILE_LEVEL	NCBI RunInfo and ENA read_run filereport retrieved 2026-08-24
SRR24784913	SRX20557592	SAMN35536636	SRS17863639	N100018046_L01_32.fq.gz	N100018046_L01_32.fq.gz	L386	NONE; Subject_ID/Disease/Affection_Status empty in current RunInfo	Illumina NovaSeq 6000	SINGLE	50	27681585	1384079250	1163	633458741	https://ftp.sra.ebi.ac.uk/vol1/fastq/SRR247/013/SRR24784913/SRR24784913.fastq.gz	34da4eb5345bb0d6c3ce2d782d731d27	UNRESOLVED_AT_FILE_LEVEL	NCBI RunInfo and ENA read_run filereport retrieved 2026-08-24
SRR24784914	SRX20557591	SAMN35536635	SRS17863635	N100018046_L01_30.fq.gz	N100018046_L01_30.fq.gz	L385	NONE; Subject_ID/Disease/Affection_Status empty in current RunInfo	Illumina NovaSeq 6000	SINGLE	50	43228055	2161402750	1786	980790598	https://ftp.sra.ebi.ac.uk/vol1/fastq/SRR247/014/SRR24784914/SRR24784914.fastq.gz	e949d241f57c9cff61a2d3864c484ee7	UNRESOLVED_AT_FILE_LEVEL	NCBI RunInfo and ENA read_run filereport retrieved 2026-08-24
SRR24784915	SRX20557590	SAMN35536634	SRS17863638	N100018046_L01_28.fq.gz	N100018046_L01_28.fq.gz	L384	NONE; Subject_ID/Disease/Affection_Status empty in current RunInfo	Illumina NovaSeq 6000	SINGLE	50	34247016	1712350800	1412	778537413	https://ftp.sra.ebi.ac.uk/vol1/fastq/SRR247/015/SRR24784915/SRR24784915.fastq.gz	ef66732a0a9e79a3ca8d03a2e5aef976	UNRESOLVED_AT_FILE_LEVEL	NCBI RunInfo and ENA read_run filereport retrieved 2026-08-24
SRR24784916	SRX20557589	SAMN35536633	SRS17863634	N100018045_L01_32.fq.gz	N100018045_L01_32.fq.gz	L383	NONE; Subject_ID/Disease/Affection_Status empty in current RunInfo	Illumina NovaSeq 6000	SINGLE	50	22043627	1102181350	974	505100284	https://ftp.sra.ebi.ac.uk/vol1/fastq/SRR247/016/SRR24784916/SRR24784916.fastq.gz	b833f016b3349e0d69b31cf65599f080	UNRESOLVED_AT_FILE_LEVEL	NCBI RunInfo and ENA read_run filereport retrieved 2026-08-24
SRR24784917	SRX20557588	SAMN35536632	SRS17863633	N100018045_L01_30.fq.gz	N100018045_L01_30.fq.gz	L382	NONE; Subject_ID/Disease/Affection_Status empty in current RunInfo	Illumina NovaSeq 6000	SINGLE	50	22945621	1147281050	1013	527075616	https://ftp.sra.ebi.ac.uk/vol1/fastq/SRR247/017/SRR24784917/SRR24784917.fastq.gz	6b34f144dcaa1a7981e0c9809ba800ec	UNRESOLVED_AT_FILE_LEVEL	NCBI RunInfo and ENA read_run filereport retrieved 2026-08-24
SRR24784918	SRX20557587	SAMN35536631	SRS17863630	N100018045_L01_26.fq.gz	N100018045_L01_26.fq.gz	L381	NONE; Subject_ID/Disease/Affection_Status empty in current RunInfo	Illumina NovaSeq 6000	SINGLE	50	19927692	996384600	874	458266790	https://ftp.sra.ebi.ac.uk/vol1/fastq/SRR247/018/SRR24784918/SRR24784918.fastq.gz	46437da5af00d1403ac2034233f21338	UNRESOLVED_AT_FILE_LEVEL	NCBI RunInfo and ENA read_run filereport retrieved 2026-08-24
SRR24784919	SRX20557586	SAMN35536289	SRS17863628	V300097362_L03_34.fq.gz	V300097362_L03_34.fq.gz	L39	NONE; Subject_ID/Disease/Affection_Status empty in current RunInfo	Illumina NovaSeq 6000	SINGLE	50	76224345	3811217250	3239	1130305474	https://ftp.sra.ebi.ac.uk/vol1/fastq/SRR247/019/SRR24784919/SRR24784919.fastq.gz	9561c8a8e1c4e31165c4dc9c188f4071	UNRESOLVED_AT_FILE_LEVEL	NCBI RunInfo and ENA read_run filereport retrieved 2026-08-24
SRR24784920	SRX20557585	SAMN35536630	SRS17863631	N100018045_L01_7.fq.gz	N100018045_L01_7.fq.gz	L380	NONE; Subject_ID/Disease/Affection_Status empty in current RunInfo	Illumina NovaSeq 6000	SINGLE	50	23019679	1150983950	1001	527942837	https://ftp.sra.ebi.ac.uk/vol1/fastq/SRR247/020/SRR24784920/SRR24784920.fastq.gz	7b5fea04da16ed1c1386d40aa14449f4	UNRESOLVED_AT_FILE_LEVEL	NCBI RunInfo and ENA read_run filereport retrieved 2026-08-24
SRR24784921	SRX20557584	SAMN35536629	SRS17863632	N100018043_L01_20.fq.gz	N100018043_L01_20.fq.gz	L379	NONE; Subject_ID/Disease/Affection_Status empty in current RunInfo	Illumina NovaSeq 6000	SINGLE	50	43381378	2169068900	1787	985667440	https://ftp.sra.ebi.ac.uk/vol1/fastq/SRR247/021/SRR24784921/SRR24784921.fastq.gz	c1dfc9a986ad7febf39230a2a6fcd8a2	UNRESOLVED_AT_FILE_LEVEL	NCBI RunInfo and ENA read_run filereport retrieved 2026-08-24
SRR24784922	SRX20557583	SAMN35536628	SRS17863629	N100018043_L01_16.fq.gz	N100018043_L01_16.fq.gz	L378	NONE; Subject_ID/Disease/Affection_Status empty in current RunInfo	Illumina NovaSeq 6000	SINGLE	50	40486277	2024313850	1636	924201571	https://ftp.sra.ebi.ac.uk/vol1/fastq/SRR247/022/SRR24784922/SRR24784922.fastq.gz	c52bb9646f6c3980beea02a56307d481	UNRESOLVED_AT_FILE_LEVEL	NCBI RunInfo and ENA read_run filereport retrieved 2026-08-24
SRR24784923	SRX20557582	SAMN35536627	SRS17863626	N100018040_L01_4.fq.gz	N100018040_L01_4.fq.gz	L377	NONE; Subject_ID/Disease/Affection_Status empty in current RunInfo	Illumina NovaSeq 6000	SINGLE	50	48018148	2400907400	1936	1082395547	https://ftp.sra.ebi.ac.uk/vol1/fastq/SRR247/023/SRR24784923/SRR24784923.fastq.gz	ec113c63d1c316575c88d44f0d1308a9	UNRESOLVED_AT_FILE_LEVEL	NCBI RunInfo and ENA read_run filereport retrieved 2026-08-24
SRR24784924	SRX20557581	SAMN35536626	SRS17863627	N100018040_L01_2.fq.gz	N100018040_L01_2.fq.gz	L376	NONE; Subject_ID/Disease/Affection_Status empty in current RunInfo	Illumina NovaSeq 6000	SINGLE	50	40019805	2000990250	1587	906563530	https://ftp.sra.ebi.ac.uk/vol1/fastq/SRR247/024/SRR24784924/SRR24784924.fastq.gz	8c3cd0748f80d5c8207f723ba7cc2e5f	UNRESOLVED_AT_FILE_LEVEL	NCBI RunInfo and ENA read_run filereport retrieved 2026-08-24
SRR24784925	SRX20557580	SAMN35536625	SRS17863623	N100018002_L01_5.fq.gz	N100018002_L01_5.fq.gz	L375	NONE; Subject_ID/Disease/Affection_Status empty in current RunInfo	Illumina NovaSeq 6000	SINGLE	50	22960518	1148025900	970	524815592	https://ftp.sra.ebi.ac.uk/vol1/fastq/SRR247/025/SRR24784925/SRR24784925.fastq.gz	3035f250ba11b9d11f28cf3efe929613	UNRESOLVED_AT_FILE_LEVEL	NCBI RunInfo and ENA read_run filereport retrieved 2026-08-24
SRR24784926	SRX20557579	SAMN35536624	SRS17863625	N100018002_L01_4.fq.gz	N100018002_L01_4.fq.gz	L374	NONE; Subject_ID/Disease/Affection_Status empty in current RunInfo	Illumina NovaSeq 6000	SINGLE	50	26383148	1319157400	1136	604728848	https://ftp.sra.ebi.ac.uk/vol1/fastq/SRR247/026/SRR24784926/SRR24784926.fastq.gz	0ff2f93aa65dfe92f3748a6fdacee340	UNRESOLVED_AT_FILE_LEVEL	NCBI RunInfo and ENA read_run filereport retrieved 2026-08-24
SRR24784927	SRX20557578	SAMN35536623	SRS17863624	N100018002_L01_2.fq.gz	N100018002_L01_2.fq.gz	L373	NONE; Subject_ID/Disease/Affection_Status empty in current RunInfo	Illumina NovaSeq 6000	SINGLE	50	36332056	1816602800	1529	827078308	https://ftp.sra.ebi.ac.uk/vol1/fastq/SRR247/027/SRR24784927/SRR24784927.fastq.gz	1d001b4989b26b2c504c19a56c4079ca	UNRESOLVED_AT_FILE_LEVEL	NCBI RunInfo and ENA read_run filereport retrieved 2026-08-24
SRR24784928	SRX20557577	SAMN35536622	SRS17863622	N100018002_L01_1.fq.gz	N100018002_L01_1.fq.gz	L372	NONE; Subject_ID/Disease/Affection_Status empty in current RunInfo	Illumina NovaSeq 6000	SINGLE	50	22924598	1146229900	976	527692613	https://ftp.sra.ebi.ac.uk/vol1/fastq/SRR247/028/SRR24784928/SRR24784928.fastq.gz	a64f38b31495f24fe6a1fe6f28c30c78	UNRESOLVED_AT_FILE_LEVEL	NCBI RunInfo and ENA read_run filereport retrieved 2026-08-24
SRR24784929	SRX20557576	SAMN35536621	SRS17863621	N100017996_L01_6.fq.gz	N100017996_L01_6.fq.gz	L371	NONE; Subject_ID/Disease/Affection_Status empty in current RunInfo	Illumina NovaSeq 6000	SINGLE	50	39783328	1989166400	1697	903699472	https://ftp.sra.ebi.ac.uk/vol1/fastq/SRR247/029/SRR24784929/SRR24784929.fastq.gz	2e8870ce70947bd35eda3c3cee9817f7	UNRESOLVED_AT_FILE_LEVEL	NCBI RunInfo and ENA read_run filereport retrieved 2026-08-24
SRR24784930	SRX20557575	SAMN35536288	SRS17863620	V300030852_L02_2.fq.gz	V300030852_L02_2.fq.gz	L38	NONE; Subject_ID/Disease/Affection_Status empty in current RunInfo	Illumina NovaSeq 6000	SINGLE	50	17445143	872257150	760	399405154	https://ftp.sra.ebi.ac.uk/vol1/fastq/SRR247/030/SRR24784930/SRR24784930.fastq.gz	b52d4486b707163f1e1d7e504b6283c0	UNRESOLVED_AT_FILE_LEVEL	NCBI RunInfo and ENA read_run filereport retrieved 2026-08-24
SRR24784931	SRX20557574	SAMN35536620	SRS17863619	N100017996_L01_5.fq.gz	N100017996_L01_5.fq.gz	L370	NONE; Subject_ID/Disease/Affection_Status empty in current RunInfo	Illumina NovaSeq 6000	SINGLE	50	43200740	2160037000	1794	978618743	https://ftp.sra.ebi.ac.uk/vol1/fastq/SRR247/031/SRR24784931/SRR24784931.fastq.gz	416d92612e0cbf58e8de14dbdac6110b	UNRESOLVED_AT_FILE_LEVEL	NCBI RunInfo and ENA read_run filereport retrieved 2026-08-24
SRR24784932	SRX20557573	SAMN35536619	SRS17863617	N100017965_L01_4.fq.gz	N100017965_L01_4.fq.gz	L369	NONE; Subject_ID/Disease/Affection_Status empty in current RunInfo	Illumina NovaSeq 6000	SINGLE	50	28410059	1420502950	1267	650616215	https://ftp.sra.ebi.ac.uk/vol1/fastq/SRR247/032/SRR24784932/SRR24784932.fastq.gz	1af84d9214735cb7c395a198d12ba8c3	UNRESOLVED_AT_FILE_LEVEL	NCBI RunInfo and ENA read_run filereport retrieved 2026-08-24
SRR24784933	SRX20557572	SAMN35536618	SRS17863615	N100017965_L01_11.fq.gz	N100017965_L01_11.fq.gz	L368	NONE; Subject_ID/Disease/Affection_Status empty in current RunInfo	Illumina NovaSeq 6000	SINGLE	50	21404768	1070238400	972	494054351	https://ftp.sra.ebi.ac.uk/vol1/fastq/SRR247/033/SRR24784933/SRR24784933.fastq.gz	fd0a690435702e57366960689712fccb	UNRESOLVED_AT_FILE_LEVEL	NCBI RunInfo and ENA read_run filereport retrieved 2026-08-24
SRR24784934	SRX20557571	SAMN35536617	SRS17863618	N100017965_L01_10.fq.gz	N100017965_L01_10.fq.gz	L367	NONE; Subject_ID/Disease/Affection_Status empty in current RunInfo	Illumina NovaSeq 6000	SINGLE	50	19364823	968241150	879	443780234	https://ftp.sra.ebi.ac.uk/vol1/fastq/SRR247/034/SRR24784934/SRR24784934.fastq.gz	5a8b9491ff1c694fe4a037c23fd9a9b9	UNRESOLVED_AT_FILE_LEVEL	NCBI RunInfo and ENA read_run filereport retrieved 2026-08-24
SRR24784935	SRX20557570	SAMN35536616	SRS17863614	N100017965_L01_8.fq.gz	N100017965_L01_8.fq.gz	L366	NONE; Subject_ID/Disease/Affection_Status empty in current RunInfo	Illumina NovaSeq 6000	SINGLE	50	15132015	756600750	681	348307779	https://ftp.sra.ebi.ac.uk/vol1/fastq/SRR247/035/SRR24784935/SRR24784935.fastq.gz	f63b424d746ecfc9461761cd36936d24	UNRESOLVED_AT_FILE_LEVEL	NCBI RunInfo and ENA read_run filereport retrieved 2026-08-24
SRR24784936	SRX20557569	SAMN35536615	SRS17863616	N100017942_L01_6.fq.gz	N100017942_L01_6.fq.gz	L365	NONE; Subject_ID/Disease/Affection_Status empty in current RunInfo	Illumina NovaSeq 6000	SINGLE	50	40962504	2048125200	1706	930021987	https://ftp.sra.ebi.ac.uk/vol1/fastq/SRR247/036/SRR24784936/SRR24784936.fastq.gz	4927d2879188c9f4e2069dfc2e2ade63	UNRESOLVED_AT_FILE_LEVEL	NCBI RunInfo and ENA read_run filereport retrieved 2026-08-24
SRR24784937	SRX20557568	SAMN35536614	SRS17863612	N100017942_L01_5.fq.gz	N100017942_L01_5.fq.gz	L364	NONE; Subject_ID/Disease/Affection_Status empty in current RunInfo	Illumina NovaSeq 6000	SINGLE	50	28348394	1417419700	1167	647975488	https://ftp.sra.ebi.ac.uk/vol1/fastq/SRR247/037/SRR24784937/SRR24784937.fastq.gz	ffe67ea07c6e528961990579c90209db	UNRESOLVED_AT_FILE_LEVEL	NCBI RunInfo and ENA read_run filereport retrieved 2026-08-24
SRR24784938	SRX20557567	SAMN35536613	SRS17863611	N100017863_L01_28.fq.gz	N100017863_L01_28.fq.gz	L363	NONE; Subject_ID/Disease/Affection_Status empty in current RunInfo	Illumina NovaSeq 6000	SINGLE	50	48632946	2431647300	1895	1095228647	https://ftp.sra.ebi.ac.uk/vol1/fastq/SRR247/038/SRR24784938/SRR24784938.fastq.gz	e61f6556a4881c2c6b0b5a49c0604223	UNRESOLVED_AT_FILE_LEVEL	NCBI RunInfo and ENA read_run filereport retrieved 2026-08-24
SRR24784939	SRX20558135	SAMN35536612	SRS17864182	N100017863_L01_22.fq.gz	N100017863_L01_22.fq.gz	L362	NONE; Subject_ID/Disease/Affection_Status empty in current RunInfo	Illumina NovaSeq 6000	SINGLE	50	45702026	2285101300	1859	1031747701	https://ftp.sra.ebi.ac.uk/vol1/fastq/SRR247/039/SRR24784939/SRR24784939.fastq.gz	1728fb698be0c3069a8228a30c9cbaef	UNRESOLVED_AT_FILE_LEVEL	NCBI RunInfo and ENA read_run filereport retrieved 2026-08-24
SRR24784940	SRX20557565	SAMN35536417	SRS17863613	2234042152504_C1D.unhost.fq.gz	2234042152504_C1D.unhost.fq.gz	L167	NONE; Subject_ID/Disease/Affection_Status empty in current RunInfo	Illumina NovaSeq 6000	SINGLE	40	425437	17017480	8	10558026	https://ftp.sra.ebi.ac.uk/vol1/fastq/SRR247/040/SRR24784940/SRR24784940.fastq.gz	682787ea957d593a7b88b25401097f41	SUPPORTED_COMPUTATIONALLY_HOST_DEPLETED	NCBI RunInfo and ENA read_run filereport retrieved 2026-08-24
SRR24784941	SRX20557564	SAMN35536416	SRS17863609	2234042152436_C1D.unhost.fq.gz	2234042152436_C1D.unhost.fq.gz	L166	NONE; Subject_ID/Disease/Affection_Status empty in current RunInfo	Illumina NovaSeq 6000	SINGLE	40	30853879	1234155160	546	706363702	https://ftp.sra.ebi.ac.uk/vol1/fastq/SRR247/041/SRR24784941/SRR24784941.fastq.gz	1a87de6fcffdaefb3de7cf5ca36a1f4d	SUPPORTED_COMPUTATIONALLY_HOST_DEPLETED	NCBI RunInfo and ENA read_run filereport retrieved 2026-08-24
SRR24784942	SRX20557563	SAMN35536415	SRS17863606	2234042151620_C1D.unhost.fq.gz	2234042151620_C1D.unhost.fq.gz	L165	NONE; Subject_ID/Disease/Affection_Status empty in current RunInfo	Illumina NovaSeq 6000	SINGLE	40	34052397	1362095880	595	771738973	https://ftp.sra.ebi.ac.uk/vol1/fastq/SRR247/042/SRR24784942/SRR24784942.fastq.gz	62f0393e1fc250862d80da5522ff7cfa	SUPPORTED_COMPUTATIONALLY_HOST_DEPLETED	NCBI RunInfo and ENA read_run filereport retrieved 2026-08-24
SRR24784943	SRX20557562	SAMN35536414	SRS17863608	2234042151613_C1D.unhost.fq.gz	2234042151613_C1D.unhost.fq.gz	L164	NONE; Subject_ID/Disease/Affection_Status empty in current RunInfo	Illumina NovaSeq 6000	SINGLE	40	421044	16841760	8	10364085	https://ftp.sra.ebi.ac.uk/vol1/fastq/SRR247/043/SRR24784943/SRR24784943.fastq.gz	938ba7e497be819695d0666f78824311	SUPPORTED_COMPUTATIONALLY_HOST_DEPLETED	NCBI RunInfo and ENA read_run filereport retrieved 2026-08-24
SRR24784944	SRX20557561	SAMN35536413	SRS17863605	2234042151606_C1D.unhost.fq.gz	2234042151606_C1D.unhost.fq.gz	L163	NONE; Subject_ID/Disease/Affection_Status empty in current RunInfo	Illumina NovaSeq 6000	SINGLE	40	2969465	118778600	47	69287892	https://ftp.sra.ebi.ac.uk/vol1/fastq/SRR247/044/SRR24784944/SRR24784944.fastq.gz	39be5c7fe97e5ed6d25ef152ff2a89da	SUPPORTED_COMPUTATIONALLY_HOST_DEPLETED	NCBI RunInfo and ENA read_run filereport retrieved 2026-08-24
SRR24784945	SRX20557560	SAMN35536412	SRS17863607	2234042151590_C1D.unhost.fq.gz	2234042151590_C1D.unhost.fq.gz	L162	NONE; Subject_ID/Disease/Affection_Status empty in current RunInfo	Illumina NovaSeq 6000	SINGLE	40	1739914	69596560	31	42691467	https://ftp.sra.ebi.ac.uk/vol1/fastq/SRR247/045/SRR24784945/SRR24784945.fastq.gz	5099bb51fbfb8bbff70e2acfbd251043	SUPPORTED_COMPUTATIONALLY_HOST_DEPLETED	NCBI RunInfo and ENA read_run filereport retrieved 2026-08-24
SRR24784946	SRX20557559	SAMN35536411	SRS17863603	2234042151583_C1D.unhost.fq.gz	2234042151583_C1D.unhost.fq.gz	L161	NONE; Subject_ID/Disease/Affection_Status empty in current RunInfo	Illumina NovaSeq 6000	SINGLE	40	739100	29564000	13	18193157	https://ftp.sra.ebi.ac.uk/vol1/fastq/SRR247/046/SRR24784946/SRR24784946.fastq.gz	42b2b430594bec2ea2f8967432f38719	SUPPORTED_COMPUTATIONALLY_HOST_DEPLETED	NCBI RunInfo and ENA read_run filereport retrieved 2026-08-24
SRR24784947	SRX20557558	SAMN35536267	SRS17863602	P100003162_L02_13.fq.gz	P100003162_L02_13.fq.gz	L17	NONE; Subject_ID/Disease/Affection_Status empty in current RunInfo	Illumina NovaSeq 6000	SINGLE	50	41867434	2093371700	1875	937008023	https://ftp.sra.ebi.ac.uk/vol1/fastq/SRR247/047/SRR24784947/SRR24784947.fastq.gz	666d53d650c60cd3dea68b93d508facf	UNRESOLVED_AT_FILE_LEVEL	NCBI RunInfo and ENA read_run filereport retrieved 2026-08-24
SRR24784948	SRX20557557	SAMN35536410	SRS17863604	2234042150296_C1D.unhost.fq.gz	2234042150296_C1D.unhost.fq.gz	L160	NONE; Subject_ID/Disease/Affection_Status empty in current RunInfo	Illumina NovaSeq 6000	SINGLE	40	2205971	88238840	37	51933382	https://ftp.sra.ebi.ac.uk/vol1/fastq/SRR247/048/SRR24784948/SRR24784948.fastq.gz	b3adb01785a36fb13353dc78580bbd44	SUPPORTED_COMPUTATIONALLY_HOST_DEPLETED	NCBI RunInfo and ENA read_run filereport retrieved 2026-08-24
SRR24784949	SRX20557556	SAMN35536409	SRS17863601	2234042150142_C1D.unhost.fq.gz	2234042150142_C1D.unhost.fq.gz	L159	NONE; Subject_ID/Disease/Affection_Status empty in current RunInfo	Illumina NovaSeq 6000	SINGLE	40	53402628	2136105120	918	1237489990	https://ftp.sra.ebi.ac.uk/vol1/fastq/SRR247/049/SRR24784949/SRR24784949.fastq.gz	848f80498b25be033c77202a7e42f223	SUPPORTED_COMPUTATIONALLY_HOST_DEPLETED	NCBI RunInfo and ENA read_run filereport retrieved 2026-08-24
SRR24784950	SRX20557555	SAMN35536408	SRS17863599	2234042071775_C1D.unhost.fq.gz	2234042071775_C1D.unhost.fq.gz	L158	NONE; Subject_ID/Disease/Affection_Status empty in current RunInfo	Illumina NovaSeq 6000	SINGLE	40	344823	13792920	6	8513805	https://ftp.sra.ebi.ac.uk/vol1/fastq/SRR247/050/SRR24784950/SRR24784950.fastq.gz	262b4aa284df1cddb41e590ea3b6452e	SUPPORTED_COMPUTATIONALLY_HOST_DEPLETED	NCBI RunInfo and ENA read_run filereport retrieved 2026-08-24
SRR24784951	SRX20557554	SAMN35536407	SRS17863598	2234042071768_C1D.unhost.fq.gz	2234042071768_C1D.unhost.fq.gz	L157	NONE; Subject_ID/Disease/Affection_Status empty in current RunInfo	Illumina NovaSeq 6000	SINGLE	40	679767	27190680	13	16788037	https://ftp.sra.ebi.ac.uk/vol1/fastq/SRR247/051/SRR24784951/SRR24784951.fastq.gz	2d104ff8b0f201ff4e23f95672a97dc3	SUPPORTED_COMPUTATIONALLY_HOST_DEPLETED	NCBI RunInfo and ENA read_run filereport retrieved 2026-08-24
SRR24784952	SRX20557553	SAMN35536406	SRS17863600	2234042054488_C1D.unhost.fq.gz	2234042054488_C1D.unhost.fq.gz	L156	NONE; Subject_ID/Disease/Affection_Status empty in current RunInfo	Illumina NovaSeq 6000	SINGLE	40	28795538	1151821520	495	669734081	https://ftp.sra.ebi.ac.uk/vol1/fastq/SRR247/052/SRR24784952/SRR24784952.fastq.gz	84b848de526f7ac2f1e5abd4535c8807	SUPPORTED_COMPUTATIONALLY_HOST_DEPLETED	NCBI RunInfo and ENA read_run filereport retrieved 2026-08-24
SRR24784953	SRX20557552	SAMN35536405	SRS17863597	V300020347_L03_33.fq.gz	V300020347_L03_33.fq.gz	L155	NONE; Subject_ID/Disease/Affection_Status empty in current RunInfo	Illumina NovaSeq 6000	SINGLE	50	39166358	1958317900	1683	951298571	https://ftp.sra.ebi.ac.uk/vol1/fastq/SRR247/053/SRR24784953/SRR24784953.fastq.gz	80d332f823b677218370139979b82523	UNRESOLVED_AT_FILE_LEVEL	NCBI RunInfo and ENA read_run filereport retrieved 2026-08-24
SRR24784954	SRX20557551	SAMN35536404	SRS17863596	V350025932_L02_13.fq.gz	V350025932_L02_13.fq.gz	L154	NONE; Subject_ID/Disease/Affection_Status empty in current RunInfo	Illumina NovaSeq 6000	SINGLE	50	58933132	2946656600	2551	1330796846	https://ftp.sra.ebi.ac.uk/vol1/fastq/SRR247/054/SRR24784954/SRR24784954.fastq.gz	7315208b976233a1ff5ef46da1cad160	UNRESOLVED_AT_FILE_LEVEL	NCBI RunInfo and ENA read_run filereport retrieved 2026-08-24
SRR24784955	SRX20557550	SAMN35536403	SRS17863595	V350056408_L02_20.fq.gz	V350056408_L02_20.fq.gz	L153	NONE; Subject_ID/Disease/Affection_Status empty in current RunInfo	Illumina NovaSeq 6000	SINGLE	50	57491333	2874566650	2431	1175870304	https://ftp.sra.ebi.ac.uk/vol1/fastq/SRR247/055/SRR24784955/SRR24784955.fastq.gz	e6a634654728f8219e2f3a5bbd7b86cd	UNRESOLVED_AT_FILE_LEVEL	NCBI RunInfo and ENA read_run filereport retrieved 2026-08-24
SRR24784956	SRX20557549	SAMN35536402	SRS17863593	V350051580_L02_12.fq.gz	V350051580_L02_12.fq.gz	L152	NONE; Subject_ID/Disease/Affection_Status empty in current RunInfo	Illumina NovaSeq 6000	SINGLE	50	66785762	3339288100	2848	1506136036	https://ftp.sra.ebi.ac.uk/vol1/fastq/SRR247/056/SRR24784956/SRR24784956.fastq.gz	a8a9a860a19a90b01a00c700469d26eb	UNRESOLVED_AT_FILE_LEVEL	NCBI RunInfo and ENA read_run filereport retrieved 2026-08-24
SRR24784957	SRX20557548	SAMN35536401	SRS17863594	V300104193_L02_10.fq.gz	V300104193_L02_10.fq.gz	L151	NONE; Subject_ID/Disease/Affection_Status empty in current RunInfo	Illumina NovaSeq 6000	SINGLE	50	35090297	1754514850	1521	811912846	https://ftp.sra.ebi.ac.uk/vol1/fastq/SRR247/057/SRR24784957/SRR24784957.fastq.gz	1acf3371069084baf594bad146e5c82e	UNRESOLVED_AT_FILE_LEVEL	NCBI RunInfo and ENA read_run filereport retrieved 2026-08-24
SRR24784958	SRX20557547	SAMN35536266	SRS17863592	P100002635_L03_31.fq.gz	P100002635_L03_31.fq.gz	L16	NONE; Subject_ID/Disease/Affection_Status empty in current RunInfo	Illumina NovaSeq 6000	SINGLE	50	8375320	418766000	390	163962895	https://ftp.sra.ebi.ac.uk/vol1/fastq/SRR247/058/SRR24784958/SRR24784958.fastq.gz	3f965916b32b95b4e45c642b5c5736f0	UNRESOLVED_AT_FILE_LEVEL	NCBI RunInfo and ENA read_run filereport retrieved 2026-08-24
SRR24784959	SRX20557546	SAMN35536400	SRS17863589	V300081029_L01_2.fq.gz	V300081029_L01_2.fq.gz	L150	NONE; Subject_ID/Disease/Affection_Status empty in current RunInfo	Illumina NovaSeq 6000	SINGLE	50	26323948	1316197400	1162	617472538	https://ftp.sra.ebi.ac.uk/vol1/fastq/SRR247/059/SRR24784959/SRR24784959.fastq.gz	8c063b1fde4936c13a97498ef2ddf7e2	UNRESOLVED_AT_FILE_LEVEL	NCBI RunInfo and ENA read_run filereport retrieved 2026-08-24
SRR24784960	SRX20557545	SAMN35536399	SRS17863588	V300081029_L03_2.fq.gz	V300081029_L03_2.fq.gz	L149	NONE; Subject_ID/Disease/Affection_Status empty in current RunInfo	Illumina NovaSeq 6000	SINGLE	50	26526014	1326300700	1169	621826979	https://ftp.sra.ebi.ac.uk/vol1/fastq/SRR247/060/SRR24784960/SRR24784960.fastq.gz	e9e7401c7fe85c0c68a740fd64d7cce5	UNRESOLVED_AT_FILE_LEVEL	NCBI RunInfo and ENA read_run filereport retrieved 2026-08-24
SRR24784961	SRX20557544	SAMN35536398	SRS17863586	V300048044_L02_6.fq.gz	V300048044_L02_6.fq.gz	L148	NONE; Subject_ID/Disease/Affection_Status empty in current RunInfo	Illumina NovaSeq 6000	SINGLE	50	69393359	3469667950	2934	1590608345	https://ftp.sra.ebi.ac.uk/vol1/fastq/SRR247/061/SRR24784961/SRR24784961.fastq.gz	e36d4b4031ce8c47c956642fe87c4fd2	UNRESOLVED_AT_FILE_LEVEL	NCBI RunInfo and ENA read_run filereport retrieved 2026-08-24
SRR24784962	SRX20557543	SAMN35536397	SRS17863585	V350042680_L02_12.fq.gz	V350042680_L02_12.fq.gz	L147	NONE; Subject_ID/Disease/Affection_Status empty in current RunInfo	Illumina NovaSeq 6000	SINGLE	50	40641403	2032070150	1691	919183577	https://ftp.sra.ebi.ac.uk/vol1/fastq/SRR247/062/SRR24784962/SRR24784962.fastq.gz	6ac463d168f2926c56e49c93ed727d21	UNRESOLVED_AT_FILE_LEVEL	NCBI RunInfo and ENA read_run filereport retrieved 2026-08-24
SRR24784963	SRX20557542	SAMN35536396	SRS17863591	P100002109_L01_20.fq.gz	P100002109_L01_20.fq.gz	L146	NONE; Subject_ID/Disease/Affection_Status empty in current RunInfo	Illumina NovaSeq 6000	SINGLE	50	40718073	2035903650	1869	868008275	https://ftp.sra.ebi.ac.uk/vol1/fastq/SRR247/063/SRR24784963/SRR24784963.fastq.gz	4bbf75c9e10fbd6ae506ca8f1b661f67	UNRESOLVED_AT_FILE_LEVEL	NCBI RunInfo and ENA read_run filereport retrieved 2026-08-24
SRR24784964	SRX20557541	SAMN35536395	SRS17863590	P100002109_L04_20.fq.gz	P100002109_L04_20.fq.gz	L145	NONE; Subject_ID/Disease/Affection_Status empty in current RunInfo	Illumina NovaSeq 6000	SINGLE	50	40948728	2047436400	1869	875612165	https://ftp.sra.ebi.ac.uk/vol1/fastq/SRR247/064/SRR24784964/SRR24784964.fastq.gz	c88f26ca206eb6bda8309694fedaa808	UNRESOLVED_AT_FILE_LEVEL	NCBI RunInfo and ENA read_run filereport retrieved 2026-08-24
SRR24784965	SRX20557540	SAMN35536394	SRS17863584	P100002109_L03_20.fq.gz	P100002109_L03_20.fq.gz	L144	NONE; Subject_ID/Disease/Affection_Status empty in current RunInfo	Illumina NovaSeq 6000	SINGLE	50	41818542	2090927100	1903	891888289	https://ftp.sra.ebi.ac.uk/vol1/fastq/SRR247/065/SRR24784965/SRR24784965.fastq.gz	8a4d074dfbe53904d65b7f2852f061a0	UNRESOLVED_AT_FILE_LEVEL	NCBI RunInfo and ENA read_run filereport retrieved 2026-08-24
SRR24784966	SRX20557539	SAMN35536393	SRS17863587	P100002109_L02_20.fq.gz	P100002109_L02_20.fq.gz	L143	NONE; Subject_ID/Disease/Affection_Status empty in current RunInfo	Illumina NovaSeq 6000	SINGLE	50	39372875	1968643750	1814	828521365	https://ftp.sra.ebi.ac.uk/vol1/fastq/SRR247/066/SRR24784966/SRR24784966.fastq.gz	31c41a325b35eee0feb6075ad9dd3ce3	UNRESOLVED_AT_FILE_LEVEL	NCBI RunInfo and ENA read_run filereport retrieved 2026-08-24
SRR24784967	SRX20557538	SAMN35536392	SRS17863583	V350034877_L02_20.fq.gz	V350034877_L02_20.fq.gz	L142	NONE; Subject_ID/Disease/Affection_Status empty in current RunInfo	Illumina NovaSeq 6000	SINGLE	50	35984110	1799205500	1564	789066127	https://ftp.sra.ebi.ac.uk/vol1/fastq/SRR247/067/SRR24784967/SRR24784967.fastq.gz	79ee2e07bdc605b6b33db118d77321b8	UNRESOLVED_AT_FILE_LEVEL	NCBI RunInfo and ENA read_run filereport retrieved 2026-08-24
SRR24784968	SRX20557537	SAMN35536391	SRS17863581	V350034877_L01_20.fq.gz	V350034877_L01_20.fq.gz	L141	NONE; Subject_ID/Disease/Affection_Status empty in current RunInfo	Illumina NovaSeq 6000	SINGLE	50	36241182	1812059100	1574	795384539	https://ftp.sra.ebi.ac.uk/vol1/fastq/SRR247/068/SRR24784968/SRR24784968.fastq.gz	a6eb03ca398b559f990ce4f74f407c85	UNRESOLVED_AT_FILE_LEVEL	NCBI RunInfo and ENA read_run filereport retrieved 2026-08-24
SRR24784969	SRX20557536	SAMN35536265	SRS17863582	P100002635_L02_22.fq.gz	P100002635_L02_22.fq.gz	L15	NONE; Subject_ID/Disease/Affection_Status empty in current RunInfo	Illumina NovaSeq 6000	SINGLE	50	32431686	1621584300	1530	713486120	https://ftp.sra.ebi.ac.uk/vol1/fastq/SRR247/069/SRR24784969/SRR24784969.fastq.gz	c66f5c8d9747817bf98a72f8e1d21f64	UNRESOLVED_AT_FILE_LEVEL	NCBI RunInfo and ENA read_run filereport retrieved 2026-08-24
SRR24784970	SRX20557535	SAMN35536390	SRS17863580	V350034669_L02_8.fq.gz	V350034669_L02_8.fq.gz	L140	NONE; Subject_ID/Disease/Affection_Status empty in current RunInfo	Illumina NovaSeq 6000	SINGLE	50	31729484	1586474200	1350	699105301	https://ftp.sra.ebi.ac.uk/vol1/fastq/SRR247/070/SRR24784970/SRR24784970.fastq.gz	f0af7d503673b2c0f3c89e583ec02d66	UNRESOLVED_AT_FILE_LEVEL	NCBI RunInfo and ENA read_run filereport retrieved 2026-08-24
SRR24784971	SRX20557534	SAMN35536389	SRS17863576	V300081016_L01_7.fq.gz	V300081016_L01_7.fq.gz	L139	NONE; Subject_ID/Disease/Affection_Status empty in current RunInfo	Illumina NovaSeq 6000	SINGLE	50	23159822	1157991100	1070	527777291	https://ftp.sra.ebi.ac.uk/vol1/fastq/SRR247/071/SRR24784971/SRR24784971.fastq.gz	3995f6cb2a831cba45b6949ba618c702	UNRESOLVED_AT_FILE_LEVEL	NCBI RunInfo and ENA read_run filereport retrieved 2026-08-24
SRR24784972	SRX20557533	SAMN35536388	SRS17863575	V300081129_L01_7.fq.gz	V300081129_L01_7.fq.gz	L138	NONE; Subject_ID/Disease/Affection_Status empty in current RunInfo	Illumina NovaSeq 6000	SINGLE	50	23825886	1191294300	1110	543057459	https://ftp.sra.ebi.ac.uk/vol1/fastq/SRR247/072/SRR24784972/SRR24784972.fastq.gz	c275cef92064768f75510d0fae87523d	UNRESOLVED_AT_FILE_LEVEL	NCBI RunInfo and ENA read_run filereport retrieved 2026-08-24
SRR24784973	SRX20557532	SAMN35536387	SRS17863578	V300044706_L03_10.fq.gz	V300044706_L03_10.fq.gz	L137	NONE; Subject_ID/Disease/Affection_Status empty in current RunInfo	Illumina NovaSeq 6000	SINGLE	50	17726018	886300900	768	396608167	https://ftp.sra.ebi.ac.uk/vol1/fastq/SRR247/073/SRR24784973/SRR24784973.fastq.gz	5dddc6731f2082d80f95396264ce5614	UNRESOLVED_AT_FILE_LEVEL	NCBI RunInfo and ENA read_run filereport retrieved 2026-08-24
SRR24784974	SRX20557531	SAMN35536386	SRS17863574	V300021199_L01_3.fq.gz	V300021199_L01_3.fq.gz	L136	NONE; Subject_ID/Disease/Affection_Status empty in current RunInfo	Illumina NovaSeq 6000	SINGLE	50	17219949	860997450	760	420056757	https://ftp.sra.ebi.ac.uk/vol1/fastq/SRR247/074/SRR24784974/SRR24784974.fastq.gz	d71780ed61ec6d1136584fcfa67437bf	UNRESOLVED_AT_FILE_LEVEL	NCBI RunInfo and ENA read_run filereport retrieved 2026-08-24
SRR24784975	SRX20557530	SAMN35536385	SRS17863577	V350042572_L01_7.fq.gz	V350042572_L01_7.fq.gz	L135	NONE; Subject_ID/Disease/Affection_Status empty in current RunInfo	Illumina NovaSeq 6000	SINGLE	50	50487068	2524353400	2135	1108411944	https://ftp.sra.ebi.ac.uk/vol1/fastq/SRR247/075/SRR24784975/SRR24784975.fastq.gz	d2a573893775d5325a77232dc062ee54	UNRESOLVED_AT_FILE_LEVEL	NCBI RunInfo and ENA read_run filereport retrieved 2026-08-24
SRR24784976	SRX20557529	SAMN35536384	SRS17863579	V350042572_L04_7.fq.gz	V350042572_L04_7.fq.gz	L134	NONE; Subject_ID/Disease/Affection_Status empty in current RunInfo	Illumina NovaSeq 6000	SINGLE	50	42822084	2141104200	1879	944321069	https://ftp.sra.ebi.ac.uk/vol1/fastq/SRR247/076/SRR24784976/SRR24784976.fastq.gz	dc12973ceba5baea7c80d2a11141d3fb	UNRESOLVED_AT_FILE_LEVEL	NCBI RunInfo and ENA read_run filereport retrieved 2026-08-24
SRR24784977	SRX20557528	SAMN35536383	SRS17863573	V350056408_L02_47.fq.gz	V350056408_L02_47.fq.gz	L133	NONE; Subject_ID/Disease/Affection_Status empty in current RunInfo	Illumina NovaSeq 6000	SINGLE	50	40921709	2046085450	1714	909211840	https://ftp.sra.ebi.ac.uk/vol1/fastq/SRR247/077/SRR24784977/SRR24784977.fastq.gz	6777ab31e1f117a0a82751261e5f7848	UNRESOLVED_AT_FILE_LEVEL	NCBI RunInfo and ENA read_run filereport retrieved 2026-08-24
SRR24784978	SRX20557527	SAMN35536382	SRS17863572	N100010946_L01_10.fq.gz	N100010946_L01_10.fq.gz	L132	NONE; Subject_ID/Disease/Affection_Status empty in current RunInfo	Illumina NovaSeq 6000	SINGLE	50	28264449	1413222450	1160	644393343	https://ftp.sra.ebi.ac.uk/vol1/fastq/SRR247/078/SRR24784978/SRR24784978.fastq.gz	3606148da56651d609df8c73b23f375a	UNRESOLVED_AT_FILE_LEVEL	NCBI RunInfo and ENA read_run filereport retrieved 2026-08-24
SRR24784979	SRX20557526	SAMN35536381	SRS17863569	V350017669_L03_6.fq.gz	V350017669_L03_6.fq.gz	L131	NONE; Subject_ID/Disease/Affection_Status empty in current RunInfo	Illumina NovaSeq 6000	SINGLE	50	35205018	1760250900	1537	797018946	https://ftp.sra.ebi.ac.uk/vol1/fastq/SRR247/079/SRR24784979/SRR24784979.fastq.gz	279c2d27df60721bad6ecbe50dbee929	UNRESOLVED_AT_FILE_LEVEL	NCBI RunInfo and ENA read_run filereport retrieved 2026-08-24
SRR24784980	SRX20557525	SAMN35536264	SRS17863570	P100002635_L04_22.fq.gz	P100002635_L04_22.fq.gz	L14	NONE; Subject_ID/Disease/Affection_Status empty in current RunInfo	Illumina NovaSeq 6000	SINGLE	50	31316181	1565809050	1481	689503609	https://ftp.sra.ebi.ac.uk/vol1/fastq/SRR247/080/SRR24784980/SRR24784980.fastq.gz	d90b52c3b5528ea97036705a518a8b1a	UNRESOLVED_AT_FILE_LEVEL	NCBI RunInfo and ENA read_run filereport retrieved 2026-08-24
SRR24784981	SRX20557524	SAMN35536380	SRS17863568	V300021199_L02_18.fq.gz	V300021199_L02_18.fq.gz	L130	NONE; Subject_ID/Disease/Affection_Status empty in current RunInfo	Illumina NovaSeq 6000	SINGLE	50	35883816	1794190800	1522	863856758	https://ftp.sra.ebi.ac.uk/vol1/fastq/SRR247/081/SRR24784981/SRR24784981.fastq.gz	c80e8bb5ce296e1b478ba402a5a6897b	UNRESOLVED_AT_FILE_LEVEL	NCBI RunInfo and ENA read_run filereport retrieved 2026-08-24
SRR24784982	SRX20557523	SAMN35536379	SRS17863566	V300097384_L04_20.fq.gz	V300097384_L04_20.fq.gz	L129	NONE; Subject_ID/Disease/Affection_Status empty in current RunInfo	Illumina NovaSeq 6000	SINGLE	50	34309568	1715478400	1551	759952166	https://ftp.sra.ebi.ac.uk/vol1/fastq/SRR247/082/SRR24784982/SRR24784982.fastq.gz	b3509dadf2a2022128a9a6580d4e08cd	UNRESOLVED_AT_FILE_LEVEL	NCBI RunInfo and ENA read_run filereport retrieved 2026-08-24
SRR24784983	SRX20557522	SAMN35536378	SRS17863571	V300097383_L04_39.fq.gz	V300097383_L04_39.fq.gz	L128	NONE; Subject_ID/Disease/Affection_Status empty in current RunInfo	Illumina NovaSeq 6000	SINGLE	50	26952670	1347633500	1156	280624808	https://ftp.sra.ebi.ac.uk/vol1/fastq/SRR247/083/SRR24784983/SRR24784983.fastq.gz	0065f98ad30c339d4bcf58b180ab614e	UNRESOLVED_AT_FILE_LEVEL	NCBI RunInfo and ENA read_run filereport retrieved 2026-08-24
SRR24784984	SRX20557521	SAMN35536377	SRS17863567	V300097383_L04_20.fq.gz	V300097383_L04_20.fq.gz	L127	NONE; Subject_ID/Disease/Affection_Status empty in current RunInfo	Illumina NovaSeq 6000	SINGLE	50	15299176	764958800	693	348486434	https://ftp.sra.ebi.ac.uk/vol1/fastq/SRR247/084/SRR24784984/SRR24784984.fastq.gz	f72eb5bb627c5c03a476b423089fe26a	UNRESOLVED_AT_FILE_LEVEL	NCBI RunInfo and ENA read_run filereport retrieved 2026-08-24
SRR24784985	SRX20557520	SAMN35536376	SRS17863562	V300026383_L01_30.fq.gz	V300026383_L01_30.fq.gz	L126	NONE; Subject_ID/Disease/Affection_Status empty in current RunInfo	Illumina NovaSeq 6000	SINGLE	50	53584191	2679209550	2273	1224453122	https://ftp.sra.ebi.ac.uk/vol1/fastq/SRR247/085/SRR24784985/SRR24784985.fastq.gz	32e403c8cd8349b1887fd920343c287c	UNRESOLVED_AT_FILE_LEVEL	NCBI RunInfo and ENA read_run filereport retrieved 2026-08-24
SRR24784986	SRX20557519	SAMN35536375	SRS17863565	V300090019_L01_1.fq.gz	V300090019_L01_1.fq.gz	L125	NONE; Subject_ID/Disease/Affection_Status empty in current RunInfo	Illumina NovaSeq 6000	SINGLE	50	38104273	1905213650	1656	876276292	https://ftp.sra.ebi.ac.uk/vol1/fastq/SRR247/086/SRR24784986/SRR24784986.fastq.gz	a03d7bffef4a6b8ebe49aa17744da49c	UNRESOLVED_AT_FILE_LEVEL	NCBI RunInfo and ENA read_run filereport retrieved 2026-08-24
SRR24784987	SRX20557518	SAMN35536374	SRS17863563	P100003460_L02_12.fq.gz	P100003460_L02_12.fq.gz	L124	NONE; Subject_ID/Disease/Affection_Status empty in current RunInfo	Illumina NovaSeq 6000	SINGLE	50	38186617	1909330850	1775	811845477	https://ftp.sra.ebi.ac.uk/vol1/fastq/SRR247/087/SRR24784987/SRR24784987.fastq.gz	a5790ced2d8e52d9e0a6349035a84c33	UNRESOLVED_AT_FILE_LEVEL	NCBI RunInfo and ENA read_run filereport retrieved 2026-08-24
SRR24784988	SRX20557517	SAMN35536373	SRS17863564	V350051444_L03_4.fq.gz	V350051444_L03_4.fq.gz	L123	NONE; Subject_ID/Disease/Affection_Status empty in current RunInfo	Illumina NovaSeq 6000	SINGLE	50	64153529	3207676450	2695	1430912633	https://ftp.sra.ebi.ac.uk/vol1/fastq/SRR247/088/SRR24784988/SRR24784988.fastq.gz	5a7c803bfcecaa3d3aeb581696b10b4e	UNRESOLVED_AT_FILE_LEVEL	NCBI RunInfo and ENA read_run filereport retrieved 2026-08-24
SRR24784989	SRX20557516	SAMN35536372	SRS17863561	V350051444_L01_4.fq.gz	V350051444_L01_4.fq.gz	L122	NONE; Subject_ID/Disease/Affection_Status empty in current RunInfo	Illumina NovaSeq 6000	SINGLE	50	63373457	3168672850	2674	1413110418	https://ftp.sra.ebi.ac.uk/vol1/fastq/SRR247/089/SRR24784989/SRR24784989.fastq.gz	74428b88430b8062be039dc0372a7b58	UNRESOLVED_AT_FILE_LEVEL	NCBI RunInfo and ENA read_run filereport retrieved 2026-08-24
SRR24784990	SRX20557515	SAMN35536371	SRS17863558	V300037508_L04_18.fq.gz	V300037508_L04_18.fq.gz	L121	NONE; Subject_ID/Disease/Affection_Status empty in current RunInfo	Illumina NovaSeq 6000	SINGLE	50	32217923	1610896150	1382	727958808	https://ftp.sra.ebi.ac.uk/vol1/fastq/SRR247/090/SRR24784990/SRR24784990.fastq.gz	deb6ed8de2a4e9aa695337ccb146ac3d	UNRESOLVED_AT_FILE_LEVEL	NCBI RunInfo and ENA read_run filereport retrieved 2026-08-24
SRR24784991	SRX20557514	SAMN35536263	SRS17863560	P100002635_L02_31.fq.gz	P100002635_L02_31.fq.gz	L13	NONE; Subject_ID/Disease/Affection_Status empty in current RunInfo	Illumina NovaSeq 6000	SINGLE	50	8286236	414311800	385	161892908	https://ftp.sra.ebi.ac.uk/vol1/fastq/SRR247/091/SRR24784991/SRR24784991.fastq.gz	b32c34e7d6fd69c276c0627c70a5f39e	UNRESOLVED_AT_FILE_LEVEL	NCBI RunInfo and ENA read_run filereport retrieved 2026-08-24
SRR24784992	SRX20557513	SAMN35536370	SRS17863559	V300104193_L03_18.fq.gz	V300104193_L03_18.fq.gz	L120	NONE; Subject_ID/Disease/Affection_Status empty in current RunInfo	Illumina NovaSeq 6000	SINGLE	50	86837981	4341899050	3736	1985280828	https://ftp.sra.ebi.ac.uk/vol1/fastq/SRR247/092/SRR24784992/SRR24784992.fastq.gz	2c7819aa890e9ba78e367b71054a8bca	UNRESOLVED_AT_FILE_LEVEL	NCBI RunInfo and ENA read_run filereport retrieved 2026-08-24
SRR24784993	SRX20557512	SAMN35536369	SRS17863557	V300097384_L03_16.fq.gz	V300097384_L03_16.fq.gz	L119	NONE; Subject_ID/Disease/Affection_Status empty in current RunInfo	Illumina NovaSeq 6000	SINGLE	50	18880116	944005800	845	411753421	https://ftp.sra.ebi.ac.uk/vol1/fastq/SRR247/093/SRR24784993/SRR24784993.fastq.gz	65ca49fa41f56003ffb7188eba75d5c8	UNRESOLVED_AT_FILE_LEVEL	NCBI RunInfo and ENA read_run filereport retrieved 2026-08-24
SRR24784994	SRX20557511	SAMN35536368	SRS17863555	P100003225_L03_23.fq.gz	P100003225_L03_23.fq.gz	L118	NONE; Subject_ID/Disease/Affection_Status empty in current RunInfo	Illumina NovaSeq 6000	SINGLE	50	57510975	2875548750	2779	1266690864	https://ftp.sra.ebi.ac.uk/vol1/fastq/SRR247/094/SRR24784994/SRR24784994.fastq.gz	3de110d1ff3d96668418ed0aa25e216a	UNRESOLVED_AT_FILE_LEVEL	NCBI RunInfo and ENA read_run filereport retrieved 2026-08-24
SRR24784995	SRX20557510	SAMN35536367	SRS17863556	P100003330_L01_35.fq.gz	P100003330_L01_35.fq.gz	L117	NONE; Subject_ID/Disease/Affection_Status empty in current RunInfo	Illumina NovaSeq 6000	SINGLE	50	9596273	479813650	427	126095077	https://ftp.sra.ebi.ac.uk/vol1/fastq/SRR247/095/SRR24784995/SRR24784995.fastq.gz	eef61a21238c82525bbbb038610fee46	UNRESOLVED_AT_FILE_LEVEL	NCBI RunInfo and ENA read_run filereport retrieved 2026-08-24
SRR24784996	SRX20557509	SAMN35536366	SRS17863552	V350011298_L03_6.fq.gz	V350011298_L03_6.fq.gz	L116	NONE; Subject_ID/Disease/Affection_Status empty in current RunInfo	Illumina NovaSeq 6000	SINGLE	50	33244682	1662234100	1450	760656222	https://ftp.sra.ebi.ac.uk/vol1/fastq/SRR247/096/SRR24784996/SRR24784996.fastq.gz	411226a7a64084a473c61be5b545bf3c	UNRESOLVED_AT_FILE_LEVEL	NCBI RunInfo and ENA read_run filereport retrieved 2026-08-24
SRR24784997	SRX20557508	SAMN35536365	SRS17863554	V350011298_L01_6.fq.gz	V350011298_L01_6.fq.gz	L115	NONE; Subject_ID/Disease/Affection_Status empty in current RunInfo	Illumina NovaSeq 6000	SINGLE	50	27654683	1382734150	1213	632129012	https://ftp.sra.ebi.ac.uk/vol1/fastq/SRR247/097/SRR24784997/SRR24784997.fastq.gz	3a6b1de4013ae30edf4b1b867b43dda4	UNRESOLVED_AT_FILE_LEVEL	NCBI RunInfo and ENA read_run filereport retrieved 2026-08-24
SRR24784998	SRX20557507	SAMN35536364	SRS17863553	V350014993_L01_6.fq.gz	V350014993_L01_6.fq.gz	L114	NONE; Subject_ID/Disease/Affection_Status empty in current RunInfo	Illumina NovaSeq 6000	SINGLE	50	34113774	1705688700	1476	775535351	https://ftp.sra.ebi.ac.uk/vol1/fastq/SRR247/098/SRR24784998/SRR24784998.fastq.gz	661407dca15b98c513e75eac9f05982e	UNRESOLVED_AT_FILE_LEVEL	NCBI RunInfo and ENA read_run filereport retrieved 2026-08-24
SRR24784999	SRX20557506	SAMN35536363	SRS17863548	V350014993_L04_6.fq.gz	V350014993_L04_6.fq.gz	L113	NONE; Subject_ID/Disease/Affection_Status empty in current RunInfo	Illumina NovaSeq 6000	SINGLE	50	33338268	1666913400	1447	758371488	https://ftp.sra.ebi.ac.uk/vol1/fastq/SRR247/099/SRR24784999/SRR24784999.fastq.gz	4cc95ff78cd4ec0e43f8f14616b34433	UNRESOLVED_AT_FILE_LEVEL	NCBI RunInfo and ENA read_run filereport retrieved 2026-08-24
SRR24785000	SRX20557505	SAMN35536362	SRS17863550	P100004367_L03_2.fq.gz	P100004367_L03_2.fq.gz	L112	NONE; Subject_ID/Disease/Affection_Status empty in current RunInfo	Illumina NovaSeq 6000	SINGLE	50	35190785	1759539250	1691	793907136	https://ftp.sra.ebi.ac.uk/vol1/fastq/SRR247/000/SRR24785000/SRR24785000.fastq.gz	9a52b84d19eb15fbf07139587f5a395e	UNRESOLVED_AT_FILE_LEVEL	NCBI RunInfo and ENA read_run filereport retrieved 2026-08-24
SRR24785001	SRX20557504	SAMN35536361	SRS17863547	V300015269_L03_39.fq.gz	V300015269_L03_39.fq.gz	L111	NONE; Subject_ID/Disease/Affection_Status empty in current RunInfo	Illumina NovaSeq 6000	SINGLE	50	31770555	1588527750	1336	772025239	https://ftp.sra.ebi.ac.uk/vol1/fastq/SRR247/001/SRR24785001/SRR24785001.fastq.gz	621233240b03edc841ae45b5e04092d8	UNRESOLVED_AT_FILE_LEVEL	NCBI RunInfo and ENA read_run filereport retrieved 2026-08-24
SRR24785002	SRX20557503	SAMN35536262	SRS17863549	P100002635_L01_31.fq.gz	P100002635_L01_31.fq.gz	L12	NONE; Subject_ID/Disease/Affection_Status empty in current RunInfo	Illumina NovaSeq 6000	SINGLE	50	7829573	391478650	365	153238333	https://ftp.sra.ebi.ac.uk/vol1/fastq/SRR247/002/SRR24785002/SRR24785002.fastq.gz	7e5463ba07475aeee45f0b29e7904092	UNRESOLVED_AT_FILE_LEVEL	NCBI RunInfo and ENA read_run filereport retrieved 2026-08-24
SRR24785003	SRX20557502	SAMN35536360	SRS17863546	V300080924_L01_11.fq.gz	V300080924_L01_11.fq.gz	L110	NONE; Subject_ID/Disease/Affection_Status empty in current RunInfo	Illumina NovaSeq 6000	SINGLE	50	36958025	1847901250	1598	841836224	https://ftp.sra.ebi.ac.uk/vol1/fastq/SRR247/003/SRR24785003/SRR24785003.fastq.gz	838db8aedd9ad7bd5de885dde1ccf04d	UNRESOLVED_AT_FILE_LEVEL	NCBI RunInfo and ENA read_run filereport retrieved 2026-08-24
SRR24785004	SRX20557501	SAMN35536359	SRS17863551	V350025932_L02_8.fq.gz	V350025932_L02_8.fq.gz	L109	NONE; Subject_ID/Disease/Affection_Status empty in current RunInfo	Illumina NovaSeq 6000	SINGLE	50	45687583	2284379150	2004	1013152796	https://ftp.sra.ebi.ac.uk/vol1/fastq/SRR247/004/SRR24785004/SRR24785004.fastq.gz	e340cff60d0aaddf8c59bc868d031bc3	UNRESOLVED_AT_FILE_LEVEL	NCBI RunInfo and ENA read_run filereport retrieved 2026-08-24
SRR24785005	SRX20557500	SAMN35536358	SRS17863545	V350025932_L02_14.fq.gz	V350025932_L02_14.fq.gz	L108	NONE; Subject_ID/Disease/Affection_Status empty in current RunInfo	Illumina NovaSeq 6000	SINGLE	50	53519707	2675985350	2373	1203755042	https://ftp.sra.ebi.ac.uk/vol1/fastq/SRR247/005/SRR24785005/SRR24785005.fastq.gz	5618c3927f4cb2367c2d3d2d127eaecb	UNRESOLVED_AT_FILE_LEVEL	NCBI RunInfo and ENA read_run filereport retrieved 2026-08-24
SRR24785006	SRX20557499	SAMN35536357	SRS17863541	V300081016_L01_6.fq.gz	V300081016_L01_6.fq.gz	L107	NONE; Subject_ID/Disease/Affection_Status empty in current RunInfo	Illumina NovaSeq 6000	SINGLE	50	63444617	3172230850	2766	1463936035	https://ftp.sra.ebi.ac.uk/vol1/fastq/SRR247/006/SRR24785006/SRR24785006.fastq.gz	16b6f5ec17c6406bd2ba505ad76e88a5	UNRESOLVED_AT_FILE_LEVEL	NCBI RunInfo and ENA read_run filereport retrieved 2026-08-24
SRR24785007	SRX20557498	SAMN35536356	SRS17863544	V300081129_L01_6.fq.gz	V300081129_L01_6.fq.gz	L106	NONE; Subject_ID/Disease/Affection_Status empty in current RunInfo	Illumina NovaSeq 6000	SINGLE	50	50021207	2501060350	2224	1155091514	https://ftp.sra.ebi.ac.uk/vol1/fastq/SRR247/007/SRR24785007/SRR24785007.fastq.gz	acd7ae1f091387652ef44533933c94b1	UNRESOLVED_AT_FILE_LEVEL	NCBI RunInfo and ENA read_run filereport retrieved 2026-08-24
SRR24785008	SRX20557497	SAMN35536355	SRS17863542	V300030802_L02_6.fq.gz	V300030802_L02_6.fq.gz	L105	NONE; Subject_ID/Disease/Affection_Status empty in current RunInfo	Illumina NovaSeq 6000	SINGLE	50	22234256	1111712800	984	505024052	https://ftp.sra.ebi.ac.uk/vol1/fastq/SRR247/008/SRR24785008/SRR24785008.fastq.gz	06bcddfb339abc68e51624aab654ce63	UNRESOLVED_AT_FILE_LEVEL	NCBI RunInfo and ENA read_run filereport retrieved 2026-08-24
SRR24785009	SRX20557496	SAMN35536354	SRS17863539	V350017700_L02_15.fq.gz	V350017700_L02_15.fq.gz	L104	NONE; Subject_ID/Disease/Affection_Status empty in current RunInfo	Illumina NovaSeq 6000	SINGLE	50	74732936	3736646800	3138	1654424245	https://ftp.sra.ebi.ac.uk/vol1/fastq/SRR247/009/SRR24785009/SRR24785009.fastq.gz	88cf7824689409f993c866163f56fe60	UNRESOLVED_AT_FILE_LEVEL	NCBI RunInfo and ENA read_run filereport retrieved 2026-08-24
SRR24785010	SRX20557495	SAMN35536353	SRS17863543	V350014997_L02_15.fq.gz	V350014997_L02_15.fq.gz	L103	NONE; Subject_ID/Disease/Affection_Status empty in current RunInfo	Illumina NovaSeq 6000	SINGLE	50	68446977	3422348850	2937	1527022667	https://ftp.sra.ebi.ac.uk/vol1/fastq/SRR247/010/SRR24785010/SRR24785010.fastq.gz	d51972155a194493ad77bf61284764ec	UNRESOLVED_AT_FILE_LEVEL	NCBI RunInfo and ENA read_run filereport retrieved 2026-08-24
SRR24785011	SRX20557494	SAMN35536352	SRS17863540	V350017700_L01_15.fq.gz	V350017700_L01_15.fq.gz	L102	NONE; Subject_ID/Disease/Affection_Status empty in current RunInfo	Illumina NovaSeq 6000	SINGLE	50	75573078	3778653900	3176	1673457265	https://ftp.sra.ebi.ac.uk/vol1/fastq/SRR247/011/SRR24785011/SRR24785011.fastq.gz	bb07c0955c1cac7b968fb6d8ab1e61c4	UNRESOLVED_AT_FILE_LEVEL	NCBI RunInfo and ENA read_run filereport retrieved 2026-08-24
SRR24785012	SRX20557493	SAMN35536351	SRS17863538	P100000321_L02_15.fq.gz	P100000321_L02_15.fq.gz	L101	NONE; Subject_ID/Disease/Affection_Status empty in current RunInfo	Illumina NovaSeq 6000	SINGLE	50	66269354	3313467700	2978	1483719648	https://ftp.sra.ebi.ac.uk/vol1/fastq/SRR247/012/SRR24785012/SRR24785012.fastq.gz	16e7156873f2fd2cd791dd3c000fc02a	UNRESOLVED_AT_FILE_LEVEL	NCBI RunInfo and ENA read_run filereport retrieved 2026-08-24
SRR24785013	SRX20557492	SAMN35536261	SRS17863536	P100002635_L01_22.fq.gz	P100002635_L01_22.fq.gz	L11	NONE; Subject_ID/Disease/Affection_Status empty in current RunInfo	Illumina NovaSeq 6000	SINGLE	50	29965140	1498257000	1424	658195894	https://ftp.sra.ebi.ac.uk/vol1/fastq/SRR247/013/SRR24785013/SRR24785013.fastq.gz	b314d525696031c1a492a9a9ae6e9e75	UNRESOLVED_AT_FILE_LEVEL	NCBI RunInfo and ENA read_run filereport retrieved 2026-08-24
SRR24785014	SRX20557491	SAMN35536252	SRS17863537	N100011228_L01_5.fq.gz	N100011228_L01_5.fq.gz	L2	NONE; Subject_ID/Disease/Affection_Status empty in current RunInfo	Illumina NovaSeq 6000	SINGLE	50	13179065	658953250	544	303921925	https://ftp.sra.ebi.ac.uk/vol1/fastq/SRR247/014/SRR24785014/SRR24785014.fastq.gz	a445e50e123345e59eb928628481edf0	UNRESOLVED_AT_FILE_LEVEL	NCBI RunInfo and ENA read_run filereport retrieved 2026-08-24
SRR24785015	SRX20557490	SAMN35536251	SRS17863534	V300094681_L01_9.fq.gz	V300094681_L01_9.fq.gz	L1	NONE; Subject_ID/Disease/Affection_Status empty in current RunInfo	Illumina NovaSeq 6000	SINGLE	50	48450117	2422505850	2094	1089969899	https://ftp.sra.ebi.ac.uk/vol1/fastq/SRR247/015/SRR24785015/SRR24785015.fastq.gz	cbadb3c4605f1f27306fafe4f93c6907	UNRESOLVED_AT_FILE_LEVEL	NCBI RunInfo and ENA read_run filereport retrieved 2026-08-24
SRR24785016	SRX20558206	SAMN35536773	SRS17864250	N100019015_L01_32.fq.gz	N100019015_L01_32.fq.gz	L523	NONE; Subject_ID/Disease/Affection_Status empty in current RunInfo	Illumina NovaSeq 6000	SINGLE	50	17359024	867951200	809	401253261	https://ftp.sra.ebi.ac.uk/vol1/fastq/SRR247/016/SRR24785016/SRR24785016.fastq.gz	4d912af728b6d015baa4013bce56acbe	UNRESOLVED_AT_FILE_LEVEL	NCBI RunInfo and ENA read_run filereport retrieved 2026-08-24
SRR24785017	SRX20558205	SAMN35536772	SRS17864248	N100019015_L01_28.fq.gz	N100019015_L01_28.fq.gz	L522	NONE; Subject_ID/Disease/Affection_Status empty in current RunInfo	Illumina NovaSeq 6000	SINGLE	50	16567496	828374800	740	380447555	https://ftp.sra.ebi.ac.uk/vol1/fastq/SRR247/017/SRR24785017/SRR24785017.fastq.gz	6801e1e2300c8d7b2a68b9062ce96a11	UNRESOLVED_AT_FILE_LEVEL	NCBI RunInfo and ENA read_run filereport retrieved 2026-08-24
SRR24785018	SRX20558204	SAMN35536771	SRS17864249	N100019015_L01_26.fq.gz	N100019015_L01_26.fq.gz	L521	NONE; Subject_ID/Disease/Affection_Status empty in current RunInfo	Illumina NovaSeq 6000	SINGLE	50	12919654	645982700	584	299977779	https://ftp.sra.ebi.ac.uk/vol1/fastq/SRR247/018/SRR24785018/SRR24785018.fastq.gz	9c54a5ff090e58b2560297b6e543552d	UNRESOLVED_AT_FILE_LEVEL	NCBI RunInfo and ENA read_run filereport retrieved 2026-08-24
SRR24785019	SRX20558203	SAMN35536303	SRS17864251	P100003225_L04_21.fq.gz	P100003225_L04_21.fq.gz	L53	NONE; Subject_ID/Disease/Affection_Status empty in current RunInfo	Illumina NovaSeq 6000	SINGLE	50	24060095	1203004750	1150	393422328	https://ftp.sra.ebi.ac.uk/vol1/fastq/SRR247/019/SRR24785019/SRR24785019.fastq.gz	b719ceaced78eb8f62ea93f930194c00	UNRESOLVED_AT_FILE_LEVEL	NCBI RunInfo and ENA read_run filereport retrieved 2026-08-24
SRR24785020	SRX20558202	SAMN35536770	SRS17864245	N100018937_L01_32.fq.gz	N100018937_L01_32.fq.gz	L520	NONE; Subject_ID/Disease/Affection_Status empty in current RunInfo	Illumina NovaSeq 6000	SINGLE	50	41822900	2091145000	1611	950424037	https://ftp.sra.ebi.ac.uk/vol1/fastq/SRR247/020/SRR24785020/SRR24785020.fastq.gz	bab078222a94fb562b2da93e6d82c199	UNRESOLVED_AT_FILE_LEVEL	NCBI RunInfo and ENA read_run filereport retrieved 2026-08-24
SRR24785021	SRX20558201	SAMN35536769	SRS17864247	N100018937_L01_30.fq.gz	N100018937_L01_30.fq.gz	L519	NONE; Subject_ID/Disease/Affection_Status empty in current RunInfo	Illumina NovaSeq 6000	SINGLE	50	33146953	1657347650	1318	758394820	https://ftp.sra.ebi.ac.uk/vol1/fastq/SRR247/021/SRR24785021/SRR24785021.fastq.gz	f3e40897d6988a5efe6ac6ae4b2e0d86	UNRESOLVED_AT_FILE_LEVEL	NCBI RunInfo and ENA read_run filereport retrieved 2026-08-24
SRR24785022	SRX20558200	SAMN35536768	SRS17864246	N100018937_L01_28.fq.gz	N100018937_L01_28.fq.gz	L518	NONE; Subject_ID/Disease/Affection_Status empty in current RunInfo	Illumina NovaSeq 6000	SINGLE	50	25179061	1258953050	984	576280215	https://ftp.sra.ebi.ac.uk/vol1/fastq/SRR247/022/SRR24785022/SRR24785022.fastq.gz	1f1a019e966d0ed574708367bc7602f1	UNRESOLVED_AT_FILE_LEVEL	NCBI RunInfo and ENA read_run filereport retrieved 2026-08-24
SRR24785023	SRX20558199	SAMN35536767	SRS17864241	N100018936_L01_11.fq.gz	N100018936_L01_11.fq.gz	L517	NONE; Subject_ID/Disease/Affection_Status empty in current RunInfo	Illumina NovaSeq 6000	SINGLE	50	57360919	2868045950	2343	1307763379	https://ftp.sra.ebi.ac.uk/vol1/fastq/SRR247/023/SRR24785023/SRR24785023.fastq.gz	8ef29882058dd1d0016abeff2c035b8a	UNRESOLVED_AT_FILE_LEVEL	NCBI RunInfo and ENA read_run filereport retrieved 2026-08-24
SRR24785024	SRX20558198	SAMN35536766	SRS17864240	N100018936_L01_10.fq.gz	N100018936_L01_10.fq.gz	L516	NONE; Subject_ID/Disease/Affection_Status empty in current RunInfo	Illumina NovaSeq 6000	SINGLE	50	30741951	1537097550	1282	707484668	https://ftp.sra.ebi.ac.uk/vol1/fastq/SRR247/024/SRR24785024/SRR24785024.fastq.gz	fdbfbfdfac77e68953b990feadae24a5	UNRESOLVED_AT_FILE_LEVEL	NCBI RunInfo and ENA read_run filereport retrieved 2026-08-24
SRR24785025	SRX20558197	SAMN35536765	SRS17864243	N100018933_L01_29.fq.gz	N100018933_L01_29.fq.gz	L515	NONE; Subject_ID/Disease/Affection_Status empty in current RunInfo	Illumina NovaSeq 6000	SINGLE	50	45564123	2278206150	1805	1037450557	https://ftp.sra.ebi.ac.uk/vol1/fastq/SRR247/025/SRR24785025/SRR24785025.fastq.gz	a7e2160dd5334c511ba864cfca0ee75b	UNRESOLVED_AT_FILE_LEVEL	NCBI RunInfo and ENA read_run filereport retrieved 2026-08-24
SRR24785026	SRX20558196	SAMN35536764	SRS17864242	N100018933_L01_25.fq.gz	N100018933_L01_25.fq.gz	L514	NONE; Subject_ID/Disease/Affection_Status empty in current RunInfo	Illumina NovaSeq 6000	SINGLE	50	52549614	2627480700	2081	1193922273	https://ftp.sra.ebi.ac.uk/vol1/fastq/SRR247/026/SRR24785026/SRR24785026.fastq.gz	53aefa1be8c0a23e3cd7d5e8a765310c	UNRESOLVED_AT_FILE_LEVEL	NCBI RunInfo and ENA read_run filereport retrieved 2026-08-24
SRR24785027	SRX20558195	SAMN35536763	SRS17864244	N100018929_L01_20.fq.gz	N100018929_L01_20.fq.gz	L513	NONE; Subject_ID/Disease/Affection_Status empty in current RunInfo	Illumina NovaSeq 6000	SINGLE	50	24045948	1202297400	1002	555640907	https://ftp.sra.ebi.ac.uk/vol1/fastq/SRR247/027/SRR24785027/SRR24785027.fastq.gz	7aad82013a2ce74fa5fc1d2dbf121d51	UNRESOLVED_AT_FILE_LEVEL	NCBI RunInfo and ENA read_run filereport retrieved 2026-08-24
SRR24785028	SRX20558194	SAMN35536762	SRS17864238	N100018928_L01_29.fq.gz	N100018928_L01_29.fq.gz	L512	NONE; Subject_ID/Disease/Affection_Status empty in current RunInfo	Illumina NovaSeq 6000	SINGLE	50	32290711	1614535550	1375	740721860	https://ftp.sra.ebi.ac.uk/vol1/fastq/SRR247/028/SRR24785028/SRR24785028.fastq.gz	8c739b14e2d7726a3b0de563db256b69	UNRESOLVED_AT_FILE_LEVEL	NCBI RunInfo and ENA read_run filereport retrieved 2026-08-24
SRR24785029	SRX20558193	SAMN35536761	SRS17864239	N100018928_L01_25.fq.gz	N100018928_L01_25.fq.gz	L511	NONE; Subject_ID/Disease/Affection_Status empty in current RunInfo	Illumina NovaSeq 6000	SINGLE	50	29245382	1462269100	1251	672077297	https://ftp.sra.ebi.ac.uk/vol1/fastq/SRR247/029/SRR24785029/SRR24785029.fastq.gz	a4f09d717d3c2c1bbcf92ef1a23a57bf	UNRESOLVED_AT_FILE_LEVEL	NCBI RunInfo and ENA read_run filereport retrieved 2026-08-24
SRR24785030	SRX20558192	SAMN35536302	SRS17864237	P100003149_L01_31.fq.gz	P100003149_L01_31.fq.gz	L52	NONE; Subject_ID/Disease/Affection_Status empty in current RunInfo	Illumina NovaSeq 6000	SINGLE	50	8327340	416367000	391	137214028	https://ftp.sra.ebi.ac.uk/vol1/fastq/SRR247/030/SRR24785030/SRR24785030.fastq.gz	746e64f160ed028c85923305cfc32ae7	UNRESOLVED_AT_FILE_LEVEL	NCBI RunInfo and ENA read_run filereport retrieved 2026-08-24
SRR24785031	SRX20558191	SAMN35536760	SRS17864236	N100018928_L01_20.fq.gz	N100018928_L01_20.fq.gz	L510	NONE; Subject_ID/Disease/Affection_Status empty in current RunInfo	Illumina NovaSeq 6000	SINGLE	50	31685706	1584285300	1378	730774152	https://ftp.sra.ebi.ac.uk/vol1/fastq/SRR247/031/SRR24785031/SRR24785031.fastq.gz	b4a7503156e6c94b4e8a1328437e52b4	UNRESOLVED_AT_FILE_LEVEL	NCBI RunInfo and ENA read_run filereport retrieved 2026-08-24
SRR24785032	SRX20558190	SAMN35536759	SRS17864235	N100018928_L01_17.fq.gz	N100018928_L01_17.fq.gz	L509	NONE; Subject_ID/Disease/Affection_Status empty in current RunInfo	Illumina NovaSeq 6000	SINGLE	50	24670551	1233527550	1069	566080394	https://ftp.sra.ebi.ac.uk/vol1/fastq/SRR247/032/SRR24785032/SRR24785032.fastq.gz	54618b2cdedb03fd35f5fb20d9130d53	UNRESOLVED_AT_FILE_LEVEL	NCBI RunInfo and ENA read_run filereport retrieved 2026-08-24
SRR24785033	SRX20558189	SAMN35536758	SRS17864234	N100018925_L01_30.fq.gz	N100018925_L01_30.fq.gz	L508	NONE; Subject_ID/Disease/Affection_Status empty in current RunInfo	Illumina NovaSeq 6000	SINGLE	50	28400875	1420043750	1245	650521065	https://ftp.sra.ebi.ac.uk/vol1/fastq/SRR247/033/SRR24785033/SRR24785033.fastq.gz	208c885e6a1dea2daea6a75bfe3a013d	UNRESOLVED_AT_FILE_LEVEL	NCBI RunInfo and ENA read_run filereport retrieved 2026-08-24
SRR24785034	SRX20558188	SAMN35536757	SRS17864233	N100018925_L01_28.fq.gz	N100018925_L01_28.fq.gz	L507	NONE; Subject_ID/Disease/Affection_Status empty in current RunInfo	Illumina NovaSeq 6000	SINGLE	50	14703132	735156600	636	338106588	https://ftp.sra.ebi.ac.uk/vol1/fastq/SRR247/034/SRR24785034/SRR24785034.fastq.gz	344ed5446d5c23b535d235eab47258ae	UNRESOLVED_AT_FILE_LEVEL	NCBI RunInfo and ENA read_run filereport retrieved 2026-08-24
SRR24785035	SRX20558187	SAMN35536756	SRS17864230	N100018925_L01_26.fq.gz	N100018925_L01_26.fq.gz	L506	NONE; Subject_ID/Disease/Affection_Status empty in current RunInfo	Illumina NovaSeq 6000	SINGLE	50	20757102	1037855100	908	477037815	https://ftp.sra.ebi.ac.uk/vol1/fastq/SRR247/035/SRR24785035/SRR24785035.fastq.gz	e0efd9370ec3beb3956ec2e8b7717ccb	UNRESOLVED_AT_FILE_LEVEL	NCBI RunInfo and ENA read_run filereport retrieved 2026-08-24
SRR24785036	SRX20558186	SAMN35536755	SRS17864232	N100018925_L01_22.fq.gz	N100018925_L01_22.fq.gz	L505	NONE; Subject_ID/Disease/Affection_Status empty in current RunInfo	Illumina NovaSeq 6000	SINGLE	50	27205568	1360278400	1201	622969609	https://ftp.sra.ebi.ac.uk/vol1/fastq/SRR247/036/SRR24785036/SRR24785036.fastq.gz	848d79d8d05d7e9b72383a56d80d5847	UNRESOLVED_AT_FILE_LEVEL	NCBI RunInfo and ENA read_run filereport retrieved 2026-08-24
SRR24785037	SRX20558185	SAMN35536754	SRS17864226	N100018869_L01_29.fq.gz	N100018869_L01_29.fq.gz	L504	NONE; Subject_ID/Disease/Affection_Status empty in current RunInfo	Illumina NovaSeq 6000	SINGLE	50	41962305	2098115250	1762	960300191	https://ftp.sra.ebi.ac.uk/vol1/fastq/SRR247/037/SRR24785037/SRR24785037.fastq.gz	a8493a622cc797b044c16198011bdad9	UNRESOLVED_AT_FILE_LEVEL	NCBI RunInfo and ENA read_run filereport retrieved 2026-08-24
SRR24785038	SRX20558184	SAMN35536753	SRS17864229	N100018869_L01_25.fq.gz	N100018869_L01_25.fq.gz	L503	NONE; Subject_ID/Disease/Affection_Status empty in current RunInfo	Illumina NovaSeq 6000	SINGLE	50	50762847	2538142350	2108	1149949970	https://ftp.sra.ebi.ac.uk/vol1/fastq/SRR247/038/SRR24785038/SRR24785038.fastq.gz	5b1c0849c191586a5047615a5a59e431	UNRESOLVED_AT_FILE_LEVEL	NCBI RunInfo and ENA read_run filereport retrieved 2026-08-24
SRR24785039	SRX20558183	SAMN35536752	SRS17864231	N100018869_L01_20.fq.gz	N100018869_L01_20.fq.gz	L502	NONE; Subject_ID/Disease/Affection_Status empty in current RunInfo	Illumina NovaSeq 6000	SINGLE	50	40725513	2036275650	1718	930499628	https://ftp.sra.ebi.ac.uk/vol1/fastq/SRR247/039/SRR24785039/SRR24785039.fastq.gz	33a69d81469110cebc0fdf06e737e9ed	UNRESOLVED_AT_FILE_LEVEL	NCBI RunInfo and ENA read_run filereport retrieved 2026-08-24
SRR24785040	SRX20558182	SAMN35536751	SRS17864228	N100018869_L01_17.fq.gz	N100018869_L01_17.fq.gz	L501	NONE; Subject_ID/Disease/Affection_Status empty in current RunInfo	Illumina NovaSeq 6000	SINGLE	50	47992634	2399631700	1993	1092576154	https://ftp.sra.ebi.ac.uk/vol1/fastq/SRR247/040/SRR24785040/SRR24785040.fastq.gz	d7efb5d24bc8097fd8afa67a10aefdd3	UNRESOLVED_AT_FILE_LEVEL	NCBI RunInfo and ENA read_run filereport retrieved 2026-08-24
SRR24785041	SRX20558181	SAMN35536301	SRS17864227	V300081016_L03_20.fq.gz	V300081016_L03_20.fq.gz	L51	NONE; Subject_ID/Disease/Affection_Status empty in current RunInfo	Illumina NovaSeq 6000	SINGLE	50	43044102	2152205100	1891	958275293	https://ftp.sra.ebi.ac.uk/vol1/fastq/SRR247/041/SRR24785041/SRR24785041.fastq.gz	157fc57770464b1cf93587e62fa6f2df	UNRESOLVED_AT_FILE_LEVEL	NCBI RunInfo and ENA read_run filereport retrieved 2026-08-24
SRR24785042	SRX20558180	SAMN35536256	SRS17864225	V350011298_L03_7.fq.gz	V350011298_L03_7.fq.gz	L6	NONE; Subject_ID/Disease/Affection_Status empty in current RunInfo	Illumina NovaSeq 6000	SINGLE	50	41131642	2056582100	1784	912283663	https://ftp.sra.ebi.ac.uk/vol1/fastq/SRR247/042/SRR24785042/SRR24785042.fastq.gz	aa363e3752280dd177a026de475605cd	UNRESOLVED_AT_FILE_LEVEL	NCBI RunInfo and ENA read_run filereport retrieved 2026-08-24
SRR24785043	SRX20558179	SAMN35536750	SRS17864223	N100018867_L01_1.fq.gz	N100018867_L01_1.fq.gz	L500	NONE; Subject_ID/Disease/Affection_Status empty in current RunInfo	Illumina NovaSeq 6000	SINGLE	50	64643664	3232183200	2570	1468138690	https://ftp.sra.ebi.ac.uk/vol1/fastq/SRR247/043/SRR24785043/SRR24785043.fastq.gz	2fa853f4dd4806949f816600c6b56aef	UNRESOLVED_AT_FILE_LEVEL	NCBI RunInfo and ENA read_run filereport retrieved 2026-08-24
SRR24785044	SRX20558178	SAMN35536749	SRS17864222	N100018865_L01_30.fq.gz	N100018865_L01_30.fq.gz	L499	NONE; Subject_ID/Disease/Affection_Status empty in current RunInfo	Illumina NovaSeq 6000	SINGLE	50	41095690	2054784500	1693	936211860	https://ftp.sra.ebi.ac.uk/vol1/fastq/SRR247/044/SRR24785044/SRR24785044.fastq.gz	1e928e737f94cb5db964df59b21db241	UNRESOLVED_AT_FILE_LEVEL	NCBI RunInfo and ENA read_run filereport retrieved 2026-08-24
SRR24785045	SRX20558177	SAMN35536748	SRS17864224	N100018844_L01_2.fq.gz	N100018844_L01_2.fq.gz	L498	NONE; Subject_ID/Disease/Affection_Status empty in current RunInfo	Illumina NovaSeq 6000	SINGLE	50	73601034	3680051700	3064	1657984447	https://ftp.sra.ebi.ac.uk/vol1/fastq/SRR247/045/SRR24785045/SRR24785045.fastq.gz	a0bc7133377a1472f51e0415b4d9a690	UNRESOLVED_AT_FILE_LEVEL	NCBI RunInfo and ENA read_run filereport retrieved 2026-08-24
SRR24785046	SRX20558176	SAMN35536747	SRS17864219	N100018844_L01_4.fq.gz	N100018844_L01_4.fq.gz	L497	NONE; Subject_ID/Disease/Affection_Status empty in current RunInfo	Illumina NovaSeq 6000	SINGLE	50	40887850	2044392500	1775	928203062	https://ftp.sra.ebi.ac.uk/vol1/fastq/SRR247/046/SRR24785046/SRR24785046.fastq.gz	8a057cc11e57c61e9ecf8ca23281c814	UNRESOLVED_AT_FILE_LEVEL	NCBI RunInfo and ENA read_run filereport retrieved 2026-08-24
SRR24785047	SRX20558175	SAMN35536746	SRS17864218	N100018844_L01_1.fq.gz	N100018844_L01_1.fq.gz	L496	NONE; Subject_ID/Disease/Affection_Status empty in current RunInfo	Illumina NovaSeq 6000	SINGLE	50	58566507	2928325350	2426	1326448138	https://ftp.sra.ebi.ac.uk/vol1/fastq/SRR247/047/SRR24785047/SRR24785047.fastq.gz	30a064fa3ac56761e13f2f30ca7c2635	UNRESOLVED_AT_FILE_LEVEL	NCBI RunInfo and ENA read_run filereport retrieved 2026-08-24
SRR24785048	SRX20558174	SAMN35536745	SRS17864217	N100018832_L01_28.fq.gz	N100018832_L01_28.fq.gz	L495	NONE; Subject_ID/Disease/Affection_Status empty in current RunInfo	Illumina NovaSeq 6000	SINGLE	50	20132559	1006627950	881	460653366	https://ftp.sra.ebi.ac.uk/vol1/fastq/SRR247/048/SRR24785048/SRR24785048.fastq.gz	e651ac392552e73444ba046ae4f06e35	UNRESOLVED_AT_FILE_LEVEL	NCBI RunInfo and ENA read_run filereport retrieved 2026-08-24
SRR24785049	SRX20558173	SAMN35536744	SRS17864220	N100018832_L01_30.fq.gz	N100018832_L01_30.fq.gz	L494	NONE; Subject_ID/Disease/Affection_Status empty in current RunInfo	Illumina NovaSeq 6000	SINGLE	50	36445482	1822274100	1588	830954498	https://ftp.sra.ebi.ac.uk/vol1/fastq/SRR247/049/SRR24785049/SRR24785049.fastq.gz	f0e40cdcfeec8ba20a921c065fc54f5c	UNRESOLVED_AT_FILE_LEVEL	NCBI RunInfo and ENA read_run filereport retrieved 2026-08-24
SRR24785050	SRX20558172	SAMN35536743	SRS17864221	N100018832_L01_26.fq.gz	N100018832_L01_26.fq.gz	L493	NONE; Subject_ID/Disease/Affection_Status empty in current RunInfo	Illumina NovaSeq 6000	SINGLE	50	19601116	980055800	853	450079947	https://ftp.sra.ebi.ac.uk/vol1/fastq/SRR247/050/SRR24785050/SRR24785050.fastq.gz	1607ec99fab21427bd2eeceecfb3753c	UNRESOLVED_AT_FILE_LEVEL	NCBI RunInfo and ENA read_run filereport retrieved 2026-08-24
SRR24785051	SRX20558027	SAMN35536742	SRS17864073	N100018832_L01_22.fq.gz	N100018832_L01_22.fq.gz	L492	NONE; Subject_ID/Disease/Affection_Status empty in current RunInfo	Illumina NovaSeq 6000	SINGLE	50	73149051	3657452550	3166	1642833714	https://ftp.sra.ebi.ac.uk/vol1/fastq/SRR247/051/SRR24785051/SRR24785051.fastq.gz	2dfe45e14b66b7448b098e4e727ca559	UNRESOLVED_AT_FILE_LEVEL	NCBI RunInfo and ENA read_run filereport retrieved 2026-08-24
SRR24785052	SRX20558170	SAMN35536903	SRS17864216	N100019451_L01_32.fq.gz	N100019451_L01_32.fq.gz	L653	NONE; Subject_ID/Disease/Affection_Status empty in current RunInfo	Illumina NovaSeq 6000	SINGLE	50	16924266	846213300	729	386295059	https://ftp.sra.ebi.ac.uk/vol1/fastq/SRR247/052/SRR24785052/SRR24785052.fastq.gz	4fa038dbd83d75082724f6425eb9a669	UNRESOLVED_AT_FILE_LEVEL	NCBI RunInfo and ENA read_run filereport retrieved 2026-08-24
SRR24785053	SRX20558169	SAMN35536902	SRS17864213	N100019451_L01_30.fq.gz	N100019451_L01_30.fq.gz	L652	NONE; Subject_ID/Disease/Affection_Status empty in current RunInfo	Illumina NovaSeq 6000	SINGLE	50	36964959	1848247950	1569	841956139	https://ftp.sra.ebi.ac.uk/vol1/fastq/SRR247/053/SRR24785053/SRR24785053.fastq.gz	880ddf1e948b5d1ae931e1742f616c02	UNRESOLVED_AT_FILE_LEVEL	NCBI RunInfo and ENA read_run filereport retrieved 2026-08-24
SRR24785054	SRX20558168	SAMN35536901	SRS17864214	N100019450_L01_17.fq.gz	N100019450_L01_17.fq.gz	L651	NONE; Subject_ID/Disease/Affection_Status empty in current RunInfo	Illumina NovaSeq 6000	SINGLE	50	42177961	2108898050	1850	949659143	https://ftp.sra.ebi.ac.uk/vol1/fastq/SRR247/054/SRR24785054/SRR24785054.fastq.gz	5c6a1efe046eb654b4836f9b9e0c82c8	UNRESOLVED_AT_FILE_LEVEL	NCBI RunInfo and ENA read_run filereport retrieved 2026-08-24
SRR24785055	SRX20558167	SAMN35536316	SRS17864212	P100002561_L02_7.fq.gz	P100002561_L02_7.fq.gz	L66	NONE; Subject_ID/Disease/Affection_Status empty in current RunInfo	Illumina NovaSeq 6000	SINGLE	50	26347123	1317356150	1231	577674603	https://ftp.sra.ebi.ac.uk/vol1/fastq/SRR247/055/SRR24785055/SRR24785055.fastq.gz	7ff0c6328614ee7570b887f118ead7ad	UNRESOLVED_AT_FILE_LEVEL	NCBI RunInfo and ENA read_run filereport retrieved 2026-08-24
SRR24785056	SRX20558166	SAMN35536900	SRS17864211	N100019450_L01_20.fq.gz	N100019450_L01_20.fq.gz	L650	NONE; Subject_ID/Disease/Affection_Status empty in current RunInfo	Illumina NovaSeq 6000	SINGLE	50	35422757	1771137850	1562	807615578	https://ftp.sra.ebi.ac.uk/vol1/fastq/SRR247/056/SRR24785056/SRR24785056.fastq.gz	57b6237d03ad98a68e756b5239bd537a	UNRESOLVED_AT_FILE_LEVEL	NCBI RunInfo and ENA read_run filereport retrieved 2026-08-24
SRR24785057	SRX20558165	SAMN35536899	SRS17864209	N100019444_L01_31.fq.gz	N100019444_L01_31.fq.gz	L649	NONE; Subject_ID/Disease/Affection_Status empty in current RunInfo	Illumina NovaSeq 6000	SINGLE	50	18740733	937036650	810	421314697	https://ftp.sra.ebi.ac.uk/vol1/fastq/SRR247/057/SRR24785057/SRR24785057.fastq.gz	94db7b2df58f89d16bbe31606362ac70	UNRESOLVED_AT_FILE_LEVEL	NCBI RunInfo and ENA read_run filereport retrieved 2026-08-24
SRR24785058	SRX20558164	SAMN35536898	SRS17864210	N100019444_L01_29.fq.gz	N100019444_L01_29.fq.gz	L648	NONE; Subject_ID/Disease/Affection_Status empty in current RunInfo	Illumina NovaSeq 6000	SINGLE	50	25768044	1288402200	1100	586600954	https://ftp.sra.ebi.ac.uk/vol1/fastq/SRR247/058/SRR24785058/SRR24785058.fastq.gz	446f03630206213958dfbd3774cab66b	UNRESOLVED_AT_FILE_LEVEL	NCBI RunInfo and ENA read_run filereport retrieved 2026-08-24
SRR24785059	SRX20558163	SAMN35536897	SRS17864207	N100019444_L01_25.fq.gz	N100019444_L01_25.fq.gz	L647	NONE; Subject_ID/Disease/Affection_Status empty in current RunInfo	Illumina NovaSeq 6000	SINGLE	50	27063069	1353153450	1183	619356010	https://ftp.sra.ebi.ac.uk/vol1/fastq/SRR247/059/SRR24785059/SRR24785059.fastq.gz	1935fb05ea9c457f0e2472661fec5979	UNRESOLVED_AT_FILE_LEVEL	NCBI RunInfo and ENA read_run filereport retrieved 2026-08-24
SRR24785060	SRX20558162	SAMN35536896	SRS17864206	N100019444_L01_20.fq.gz	N100019444_L01_20.fq.gz	L646	NONE; Subject_ID/Disease/Affection_Status empty in current RunInfo	Illumina NovaSeq 6000	SINGLE	50	28947943	1447397150	1261	664941994	https://ftp.sra.ebi.ac.uk/vol1/fastq/SRR247/060/SRR24785060/SRR24785060.fastq.gz	1b274372604683945842418e0daf114f	UNRESOLVED_AT_FILE_LEVEL	NCBI RunInfo and ENA read_run filereport retrieved 2026-08-24
SRR24785061	SRX20558161	SAMN35536895	SRS17864208	N100019444_L01_17.fq.gz	N100019444_L01_17.fq.gz	L645	NONE; Subject_ID/Disease/Affection_Status empty in current RunInfo	Illumina NovaSeq 6000	SINGLE	50	28680042	1434002100	1238	653059214	https://ftp.sra.ebi.ac.uk/vol1/fastq/SRR247/061/SRR24785061/SRR24785061.fastq.gz	70e41b9bb213ac34f830f7213bcddbdf	UNRESOLVED_AT_FILE_LEVEL	NCBI RunInfo and ENA read_run filereport retrieved 2026-08-24
SRR24785062	SRX20558160	SAMN35536894	SRS17864205	N100019444_L01_16.fq.gz	N100019444_L01_16.fq.gz	L644	NONE; Subject_ID/Disease/Affection_Status empty in current RunInfo	Illumina NovaSeq 6000	SINGLE	50	29839810	1491990500	1264	681832978	https://ftp.sra.ebi.ac.uk/vol1/fastq/SRR247/062/SRR24785062/SRR24785062.fastq.gz	f7794559fff79f5ab1799fd4aa0256b5	UNRESOLVED_AT_FILE_LEVEL	NCBI RunInfo and ENA read_run filereport retrieved 2026-08-24
SRR24785063	SRX20558159	SAMN35536893	SRS17864204	N100019444_L01_15.fq.gz	N100019444_L01_15.fq.gz	L643	NONE; Subject_ID/Disease/Affection_Status empty in current RunInfo	Illumina NovaSeq 6000	SINGLE	50	16757819	837890950	720	385573469	https://ftp.sra.ebi.ac.uk/vol1/fastq/SRR247/063/SRR24785063/SRR24785063.fastq.gz	60a81ec50ff088edcd4aadc7197bd878	UNRESOLVED_AT_FILE_LEVEL	NCBI RunInfo and ENA read_run filereport retrieved 2026-08-24
SRR24785064	SRX20558158	SAMN35536892	SRS17864198	N100019413_L01_7.fq.gz	N100019413_L01_7.fq.gz	L642	NONE; Subject_ID/Disease/Affection_Status empty in current RunInfo	Illumina NovaSeq 6000	SINGLE	50	28217030	1410851500	1172	642992684	https://ftp.sra.ebi.ac.uk/vol1/fastq/SRR247/064/SRR24785064/SRR24785064.fastq.gz	328195ef7297bb582e7087d3d284d0c6	UNRESOLVED_AT_FILE_LEVEL	NCBI RunInfo and ENA read_run filereport retrieved 2026-08-24
SRR24785065	SRX20558157	SAMN35536891	SRS17864197	N100019413_L01_32.fq.gz	N100019413_L01_32.fq.gz	L641	NONE; Subject_ID/Disease/Affection_Status empty in current RunInfo	Illumina NovaSeq 6000	SINGLE	50	22558035	1127901750	955	515311643	https://ftp.sra.ebi.ac.uk/vol1/fastq/SRR247/065/SRR24785065/SRR24785065.fastq.gz	90681de4408b5b4b139c6889d30ae821	UNRESOLVED_AT_FILE_LEVEL	NCBI RunInfo and ENA read_run filereport retrieved 2026-08-24
SRR24785066	SRX20558156	SAMN35536315	SRS17864203	P100000232_L02_5.fq.gz	P100000232_L02_5.fq.gz	L65	NONE; Subject_ID/Disease/Affection_Status empty in current RunInfo	Illumina NovaSeq 6000	SINGLE	50	33204915	1660245750	1553	742380943	https://ftp.sra.ebi.ac.uk/vol1/fastq/SRR247/066/SRR24785066/SRR24785066.fastq.gz	4d7cd3c981308dae05b5acba3df34242	UNRESOLVED_AT_FILE_LEVEL	NCBI RunInfo and ENA read_run filereport retrieved 2026-08-24
SRR24785067	SRX20558155	SAMN35536890	SRS17864199	N100019413_L01_30.fq.gz	N100019413_L01_30.fq.gz	L640	NONE; Subject_ID/Disease/Affection_Status empty in current RunInfo	Illumina NovaSeq 6000	SINGLE	50	26587031	1329351550	1129	608620421	https://ftp.sra.ebi.ac.uk/vol1/fastq/SRR247/067/SRR24785067/SRR24785067.fastq.gz	c85cbdd03a9ad4609645c85f9cde0dd5	UNRESOLVED_AT_FILE_LEVEL	NCBI RunInfo and ENA read_run filereport retrieved 2026-08-24
SRR24785068	SRX20558154	SAMN35536889	SRS17864196	N100019413_L01_28.fq.gz	N100019413_L01_28.fq.gz	L639	NONE; Subject_ID/Disease/Affection_Status empty in current RunInfo	Illumina NovaSeq 6000	SINGLE	50	28538119	1426905950	1182	649040078	https://ftp.sra.ebi.ac.uk/vol1/fastq/SRR247/068/SRR24785068/SRR24785068.fastq.gz	0487891543484e52748944e1ba31d276	UNRESOLVED_AT_FILE_LEVEL	NCBI RunInfo and ENA read_run filereport retrieved 2026-08-24
SRR24785069	SRX20558153	SAMN35536888	SRS17864202	N100019413_L01_26.fq.gz	N100019413_L01_26.fq.gz	L638	NONE; Subject_ID/Disease/Affection_Status empty in current RunInfo	Illumina NovaSeq 6000	SINGLE	50	21780476	1089023800	922	497624701	https://ftp.sra.ebi.ac.uk/vol1/fastq/SRR247/069/SRR24785069/SRR24785069.fastq.gz	2f5e1d0f69aa7761c218537fda75774d	UNRESOLVED_AT_FILE_LEVEL	NCBI RunInfo and ENA read_run filereport retrieved 2026-08-24
SRR24785070	SRX20558152	SAMN35536887	SRS17864201	N100019412_L01_2.fq.gz	N100019412_L01_2.fq.gz	L637	NONE; Subject_ID/Disease/Affection_Status empty in current RunInfo	Illumina NovaSeq 6000	SINGLE	50	230	11500	0	12024	https://ftp.sra.ebi.ac.uk/vol1/fastq/SRR247/070/SRR24785070/SRR24785070.fastq.gz	07caf39bef5f8da292911937fddbbc3c	UNRESOLVED_AT_FILE_LEVEL	NCBI RunInfo and ENA read_run filereport retrieved 2026-08-24
SRR24785071	SRX20558151	SAMN35536886	SRS17864200	N100019406_L01_7.fq.gz	N100019406_L01_7.fq.gz	L636	NONE; Subject_ID/Disease/Affection_Status empty in current RunInfo	Illumina NovaSeq 6000	SINGLE	50	22403871	1120193550	952	513425397	https://ftp.sra.ebi.ac.uk/vol1/fastq/SRR247/071/SRR24785071/SRR24785071.fastq.gz	01b762750d111a0cd3ccd10268e60ab5	UNRESOLVED_AT_FILE_LEVEL	NCBI RunInfo and ENA read_run filereport retrieved 2026-08-24
SRR24785072	SRX20558150	SAMN35536885	SRS17864195	N100019406_L01_32.fq.gz	N100019406_L01_32.fq.gz	L635	NONE; Subject_ID/Disease/Affection_Status empty in current RunInfo	Illumina NovaSeq 6000	SINGLE	50	44401360	2220068000	1914	1001690389	https://ftp.sra.ebi.ac.uk/vol1/fastq/SRR247/072/SRR24785072/SRR24785072.fastq.gz	fe197e9194816b7c514f7a4d131b711c	UNRESOLVED_AT_FILE_LEVEL	NCBI RunInfo and ENA read_run filereport retrieved 2026-08-24
SRR24785073	SRX20558149	SAMN35536884	SRS17864192	N100019406_L01_30.fq.gz	N100019406_L01_30.fq.gz	L634	NONE; Subject_ID/Disease/Affection_Status empty in current RunInfo	Illumina NovaSeq 6000	SINGLE	50	41555930	2077796500	1784	944058882	https://ftp.sra.ebi.ac.uk/vol1/fastq/SRR247/073/SRR24785073/SRR24785073.fastq.gz	46945bbe50b51fab4dc72188ef8df7ed	UNRESOLVED_AT_FILE_LEVEL	NCBI RunInfo and ENA read_run filereport retrieved 2026-08-24
SRR24785074	SRX20558148	SAMN35536883	SRS17864187	N100019406_L01_28.fq.gz	N100019406_L01_28.fq.gz	L633	NONE; Subject_ID/Disease/Affection_Status empty in current RunInfo	Illumina NovaSeq 6000	SINGLE	50	17437303	871865150	748	399766737	https://ftp.sra.ebi.ac.uk/vol1/fastq/SRR247/074/SRR24785074/SRR24785074.fastq.gz	75d2efe46ec0f0689eeb1b83d633b0c7	UNRESOLVED_AT_FILE_LEVEL	NCBI RunInfo and ENA read_run filereport retrieved 2026-08-24
SRR24785075	SRX20558147	SAMN35536882	SRS17864190	N100019406_L01_26.fq.gz	N100019406_L01_26.fq.gz	L632	NONE; Subject_ID/Disease/Affection_Status empty in current RunInfo	Illumina NovaSeq 6000	SINGLE	50	16194034	809701700	694	372105805	https://ftp.sra.ebi.ac.uk/vol1/fastq/SRR247/075/SRR24785075/SRR24785075.fastq.gz	088766f94b1ba27ba3347da753298f27	UNRESOLVED_AT_FILE_LEVEL	NCBI RunInfo and ENA read_run filereport retrieved 2026-08-24
SRR24785076	SRX20558146	SAMN35536881	SRS17864193	N100019406_L01_22.fq.gz	N100019406_L01_22.fq.gz	L631	NONE; Subject_ID/Disease/Affection_Status empty in current RunInfo	Illumina NovaSeq 6000	SINGLE	50	36126837	1806341850	1562	820235481	https://ftp.sra.ebi.ac.uk/vol1/fastq/SRR247/076/SRR24785076/SRR24785076.fastq.gz	58abf11fbf3a2a359780b4e25d54a62d	UNRESOLVED_AT_FILE_LEVEL	NCBI RunInfo and ENA read_run filereport retrieved 2026-08-24
SRR24785077	SRX20558145	SAMN35536314	SRS17864194	V350056408_L03_25.fq.gz	V350056408_L03_25.fq.gz	L64	NONE; Subject_ID/Disease/Affection_Status empty in current RunInfo	Illumina NovaSeq 6000	SINGLE	50	27978785	1398939250	1191	634307406	https://ftp.sra.ebi.ac.uk/vol1/fastq/SRR247/077/SRR24785077/SRR24785077.fastq.gz	4a35f6855d6cdea08519ed1f10e1927f	UNRESOLVED_AT_FILE_LEVEL	NCBI RunInfo and ENA read_run filereport retrieved 2026-08-24
SRR24785078	SRX20558144	SAMN35536880	SRS17864186	N100019392_L01_32.fq.gz	N100019392_L01_32.fq.gz	L630	NONE; Subject_ID/Disease/Affection_Status empty in current RunInfo	Illumina NovaSeq 6000	SINGLE	50	25327835	1266391750	1052	578531899	https://ftp.sra.ebi.ac.uk/vol1/fastq/SRR247/078/SRR24785078/SRR24785078.fastq.gz	aea9416814928a8df2617eabb1fabce2	UNRESOLVED_AT_FILE_LEVEL	NCBI RunInfo and ENA read_run filereport retrieved 2026-08-24
SRR24785079	SRX20558143	SAMN35536879	SRS17864184	N100019392_L01_30.fq.gz	N100019392_L01_30.fq.gz	L629	NONE; Subject_ID/Disease/Affection_Status empty in current RunInfo	Illumina NovaSeq 6000	SINGLE	50	27715004	1385750200	1158	633320747	https://ftp.sra.ebi.ac.uk/vol1/fastq/SRR247/079/SRR24785079/SRR24785079.fastq.gz	5181145733c2530e386089698a3a217d	UNRESOLVED_AT_FILE_LEVEL	NCBI RunInfo and ENA read_run filereport retrieved 2026-08-24
SRR24785080	SRX20558142	SAMN35536878	SRS17864185	N100019392_L01_28.fq.gz	N100019392_L01_28.fq.gz	L628	NONE; Subject_ID/Disease/Affection_Status empty in current RunInfo	Illumina NovaSeq 6000	SINGLE	50	33954318	1697715900	1394	770114079	https://ftp.sra.ebi.ac.uk/vol1/fastq/SRR247/080/SRR24785080/SRR24785080.fastq.gz	b81be716cdb00527a5c392531a4f6d86	UNRESOLVED_AT_FILE_LEVEL	NCBI RunInfo and ENA read_run filereport retrieved 2026-08-24
SRR24785081	SRX20558141	SAMN35536877	SRS17864189	N100019392_L01_22.fq.gz	N100019392_L01_22.fq.gz	L627	NONE; Subject_ID/Disease/Affection_Status empty in current RunInfo	Illumina NovaSeq 6000	SINGLE	50	35212222	1760611100	1473	798811817	https://ftp.sra.ebi.ac.uk/vol1/fastq/SRR247/081/SRR24785081/SRR24785081.fastq.gz	e2a2b1e1f104dc480b465f68bfeb74d3	UNRESOLVED_AT_FILE_LEVEL	NCBI RunInfo and ENA read_run filereport retrieved 2026-08-24
SRR24785082	SRX20558140	SAMN35536876	SRS17864191	N100019385_L01_32.fq.gz	N100019385_L01_32.fq.gz	L626	NONE; Subject_ID/Disease/Affection_Status empty in current RunInfo	Illumina NovaSeq 6000	SINGLE	50	15419711	770985550	655	356115483	https://ftp.sra.ebi.ac.uk/vol1/fastq/SRR247/082/SRR24785082/SRR24785082.fastq.gz	1f01bbec4b49fedcdc764a5a09804324	UNRESOLVED_AT_FILE_LEVEL	NCBI RunInfo and ENA read_run filereport retrieved 2026-08-24
SRR24785083	SRX20558139	SAMN35536875	SRS17864188	N100019385_L01_30.fq.gz	N100019385_L01_30.fq.gz	L625	NONE; Subject_ID/Disease/Affection_Status empty in current RunInfo	Illumina NovaSeq 6000	SINGLE	50	27841149	1392057450	1198	639830970	https://ftp.sra.ebi.ac.uk/vol1/fastq/SRR247/083/SRR24785083/SRR24785083.fastq.gz	8bb0dbff785d42b9806fb1fbd4e59c43	UNRESOLVED_AT_FILE_LEVEL	NCBI RunInfo and ENA read_run filereport retrieved 2026-08-24
SRR24785084	SRX20558138	SAMN35536874	SRS17864183	N100019304_L01_32.fq.gz	N100019304_L01_32.fq.gz	L624	NONE; Subject_ID/Disease/Affection_Status empty in current RunInfo	Illumina NovaSeq 6000	SINGLE	50	39693273	1984663650	1650	901156062	https://ftp.sra.ebi.ac.uk/vol1/fastq/SRR247/084/SRR24785084/SRR24785084.fastq.gz	8d36842441ba332be9b206fce2b50576	UNRESOLVED_AT_FILE_LEVEL	NCBI RunInfo and ENA read_run filereport retrieved 2026-08-24
SRR24785085	SRX20558137	SAMN35536873	SRS17864180	N100019304_L01_30.fq.gz	N100019304_L01_30.fq.gz	L623	NONE; Subject_ID/Disease/Affection_Status empty in current RunInfo	Illumina NovaSeq 6000	SINGLE	50	43599839	2179991950	1841	988307276	https://ftp.sra.ebi.ac.uk/vol1/fastq/SRR247/085/SRR24785085/SRR24785085.fastq.gz	267301efba564c3094c5472198161141	UNRESOLVED_AT_FILE_LEVEL	NCBI RunInfo and ENA read_run filereport retrieved 2026-08-24
SRR24785086	SRX20558136	SAMN35536872	SRS17864181	N100019304_L01_28.fq.gz	N100019304_L01_28.fq.gz	L622	NONE; Subject_ID/Disease/Affection_Status empty in current RunInfo	Illumina NovaSeq 6000	SINGLE	50	33382764	1669138200	1374	758325793	https://ftp.sra.ebi.ac.uk/vol1/fastq/SRR247/086/SRR24785086/SRR24785086.fastq.gz	e817f87707ddf13f9fb5400cf2369c5f	UNRESOLVED_AT_FILE_LEVEL	NCBI RunInfo and ENA read_run filereport retrieved 2026-08-24
SRR24785087	SRX20557991	SAMN35536871	SRS17864038	N100019304_L01_26.fq.gz	N100019304_L01_26.fq.gz	L621	NONE; Subject_ID/Disease/Affection_Status empty in current RunInfo	Illumina NovaSeq 6000	SINGLE	50	28373567	1418678350	1193	649203069	https://ftp.sra.ebi.ac.uk/vol1/fastq/SRR247/087/SRR24785087/SRR24785087.fastq.gz	58e060009218a6796b1cec526e991f5c	UNRESOLVED_AT_FILE_LEVEL	NCBI RunInfo and ENA read_run filereport retrieved 2026-08-24
SRR24785088	SRX20558134	SAMN35536611	SRS17864177	N100017814_L01_31.fq.gz	N100017814_L01_31.fq.gz	L361	NONE; Subject_ID/Disease/Affection_Status empty in current RunInfo	Illumina NovaSeq 6000	SINGLE	50	25141779	1257088950	1061	575248155	https://ftp.sra.ebi.ac.uk/vol1/fastq/SRR247/088/SRR24785088/SRR24785088.fastq.gz	03493736bdf1c9a38ab79b85e2cd26b7	UNRESOLVED_AT_FILE_LEVEL	NCBI RunInfo and ENA read_run filereport retrieved 2026-08-24
SRR24785089	SRX20558133	SAMN35536287	SRS17864176	N100008760_L01_6.fq.gz	N100008760_L01_6.fq.gz	L37	NONE; Subject_ID/Disease/Affection_Status empty in current RunInfo	Illumina NovaSeq 6000	SINGLE	50	18531875	926593750	764	452521599	https://ftp.sra.ebi.ac.uk/vol1/fastq/SRR247/089/SRR24785089/SRR24785089.fastq.gz	8b061c537beb9e743cc38fa42d9eb3f0	UNRESOLVED_AT_FILE_LEVEL	NCBI RunInfo and ENA read_run filereport retrieved 2026-08-24
SRR24785090	SRX20558132	SAMN35536610	SRS17864173	N100017814_L01_29.fq.gz	N100017814_L01_29.fq.gz	L360	NONE; Subject_ID/Disease/Affection_Status empty in current RunInfo	Illumina NovaSeq 6000	SINGLE	50	43770609	2188530450	1841	997729265	https://ftp.sra.ebi.ac.uk/vol1/fastq/SRR247/090/SRR24785090/SRR24785090.fastq.gz	16eecf2fabcce2a5fedfa64916fffd2f	UNRESOLVED_AT_FILE_LEVEL	NCBI RunInfo and ENA read_run filereport retrieved 2026-08-24
SRR24785091	SRX20558131	SAMN35536609	SRS17864172	N100017814_L01_25.fq.gz	N100017814_L01_25.fq.gz	L359	NONE; Subject_ID/Disease/Affection_Status empty in current RunInfo	Illumina NovaSeq 6000	SINGLE	50	36135654	1806782700	1522	825893497	https://ftp.sra.ebi.ac.uk/vol1/fastq/SRR247/091/SRR24785091/SRR24785091.fastq.gz	6f5f183df2ea387855ece70e3853e03e	UNRESOLVED_AT_FILE_LEVEL	NCBI RunInfo and ENA read_run filereport retrieved 2026-08-24
SRR24785092	SRX20558130	SAMN35536608	SRS17864175	N100017753_L01_29.fq.gz	N100017753_L01_29.fq.gz	L358	NONE; Subject_ID/Disease/Affection_Status empty in current RunInfo	Illumina NovaSeq 6000	SINGLE	50	44369733	2218486650	1871	1009896054	https://ftp.sra.ebi.ac.uk/vol1/fastq/SRR247/092/SRR24785092/SRR24785092.fastq.gz	ccd02f8bbb996f52411e8a15552115ea	UNRESOLVED_AT_FILE_LEVEL	NCBI RunInfo and ENA read_run filereport retrieved 2026-08-24
SRR24785093	SRX20558129	SAMN35536607	SRS17864171	N100017753_L01_25.fq.gz	N100017753_L01_25.fq.gz	L357	NONE; Subject_ID/Disease/Affection_Status empty in current RunInfo	Illumina NovaSeq 6000	SINGLE	50	37470555	1873527750	1577	855291607	https://ftp.sra.ebi.ac.uk/vol1/fastq/SRR247/093/SRR24785093/SRR24785093.fastq.gz	20cdbb7dad1f2ceff20f96a712ab65c8	UNRESOLVED_AT_FILE_LEVEL	NCBI RunInfo and ENA read_run filereport retrieved 2026-08-24
SRR24785094	SRX20558128	SAMN35536606	SRS17864174	N100017722_L01_10.fq.gz	N100017722_L01_10.fq.gz	L356	NONE; Subject_ID/Disease/Affection_Status empty in current RunInfo	Illumina NovaSeq 6000	SINGLE	50	24733824	1236691200	1112	568486990	https://ftp.sra.ebi.ac.uk/vol1/fastq/SRR247/094/SRR24785094/SRR24785094.fastq.gz	74872b0bd04482c0627b69ccd5c15de9	UNRESOLVED_AT_FILE_LEVEL	NCBI RunInfo and ENA read_run filereport retrieved 2026-08-24
SRR24785095	SRX20558127	SAMN35536605	SRS17864178	N100017722_L01_8.fq.gz	N100017722_L01_8.fq.gz	L355	NONE; Subject_ID/Disease/Affection_Status empty in current RunInfo	Illumina NovaSeq 6000	SINGLE	50	18564485	928224250	831	425554074	https://ftp.sra.ebi.ac.uk/vol1/fastq/SRR247/095/SRR24785095/SRR24785095.fastq.gz	cb76cb95cb15300de5021153f2a527cb	UNRESOLVED_AT_FILE_LEVEL	NCBI RunInfo and ENA read_run filereport retrieved 2026-08-24
SRR24785096	SRX20558126	SAMN35536604	SRS17864179	N100017722_L01_6.fq.gz	N100017722_L01_6.fq.gz	L354	NONE; Subject_ID/Disease/Affection_Status empty in current RunInfo	Illumina NovaSeq 6000	SINGLE	50	13163391	658169550	589	303025269	https://ftp.sra.ebi.ac.uk/vol1/fastq/SRR247/096/SRR24785096/SRR24785096.fastq.gz	996732dd914866fc96457c9c511124bd	UNRESOLVED_AT_FILE_LEVEL	NCBI RunInfo and ENA read_run filereport retrieved 2026-08-24
SRR24785097	SRX20558125	SAMN35536603	SRS17864170	N100017718_L01_30.fq.gz	N100017718_L01_30.fq.gz	L353	NONE; Subject_ID/Disease/Affection_Status empty in current RunInfo	Illumina NovaSeq 6000	SINGLE	50	39381840	1969092000	1671	897334562	https://ftp.sra.ebi.ac.uk/vol1/fastq/SRR247/097/SRR24785097/SRR24785097.fastq.gz	a26d04c8c3e6ecfb570b651dd42fd5db	UNRESOLVED_AT_FILE_LEVEL	NCBI RunInfo and ENA read_run filereport retrieved 2026-08-24
SRR24785098	SRX20558124	SAMN35536602	SRS17864169	N100017718_L01_28.fq.gz	N100017718_L01_28.fq.gz	L352	NONE; Subject_ID/Disease/Affection_Status empty in current RunInfo	Illumina NovaSeq 6000	SINGLE	50	37207054	1860352700	1565	845957521	https://ftp.sra.ebi.ac.uk/vol1/fastq/SRR247/098/SRR24785098/SRR24785098.fastq.gz	5034678ae90ec20811def7117653e93d	UNRESOLVED_AT_FILE_LEVEL	NCBI RunInfo and ENA read_run filereport retrieved 2026-08-24
SRR24785099	SRX20558123	SAMN35536601	SRS17864168	N100017572_L01_20.fq.gz	N100017572_L01_20.fq.gz	L351	NONE; Subject_ID/Disease/Affection_Status empty in current RunInfo	Illumina NovaSeq 6000	SINGLE	50	31934983	1596749150	1361	734088596	https://ftp.sra.ebi.ac.uk/vol1/fastq/SRR247/099/SRR24785099/SRR24785099.fastq.gz	4e48bb8fd10ae4076be22cd36e7028b6	UNRESOLVED_AT_FILE_LEVEL	NCBI RunInfo and ENA read_run filereport retrieved 2026-08-24
SRR24785100	SRX20558122	SAMN35536286	SRS17864167	V350025932_L02_11.fq.gz	V350025932_L02_11.fq.gz	L36	NONE; Subject_ID/Disease/Affection_Status empty in current RunInfo	Illumina NovaSeq 6000	SINGLE	50	57435037	2871751850	2490	1305400213	https://ftp.sra.ebi.ac.uk/vol1/fastq/SRR247/000/SRR24785100/SRR24785100.fastq.gz	97e0cbc59cbdc9f46361042199397131	UNRESOLVED_AT_FILE_LEVEL	NCBI RunInfo and ENA read_run filereport retrieved 2026-08-24
SRR24785101	SRX20558121	SAMN35536600	SRS17864166	N100017495_L01_10.fq.gz	N100017495_L01_10.fq.gz	L350	NONE; Subject_ID/Disease/Affection_Status empty in current RunInfo	Illumina NovaSeq 6000	SINGLE	50	20918180	1045909000	918	479512053	https://ftp.sra.ebi.ac.uk/vol1/fastq/SRR247/001/SRR24785101/SRR24785101.fastq.gz	46b925fdd99b10c0b4a25ae0ac4ffe43	UNRESOLVED_AT_FILE_LEVEL	NCBI RunInfo and ENA read_run filereport retrieved 2026-08-24
SRR24785102	SRX20558120	SAMN35536599	SRS17864165	N100017465_L01_4.fq.gz	N100017465_L01_4.fq.gz	L349	NONE; Subject_ID/Disease/Affection_Status empty in current RunInfo	Illumina NovaSeq 6000	SINGLE	50	35219889	1760994450	1510	803024264	https://ftp.sra.ebi.ac.uk/vol1/fastq/SRR247/002/SRR24785102/SRR24785102.fastq.gz	5d2333e5760dc874a3a021e51eb04f9b	UNRESOLVED_AT_FILE_LEVEL	NCBI RunInfo and ENA read_run filereport retrieved 2026-08-24
SRR24785103	SRX20558119	SAMN35536598	SRS17864164	N100017435_L01_26.fq.gz	N100017435_L01_26.fq.gz	L348	NONE; Subject_ID/Disease/Affection_Status empty in current RunInfo	Illumina NovaSeq 6000	SINGLE	50	22913683	1145684150	987	528389451	https://ftp.sra.ebi.ac.uk/vol1/fastq/SRR247/003/SRR24785103/SRR24785103.fastq.gz	34d700ef3ef6d993930b65aac4ae109d	UNRESOLVED_AT_FILE_LEVEL	NCBI RunInfo and ENA read_run filereport retrieved 2026-08-24
SRR24785104	SRX20558118	SAMN35536597	SRS17864160	N100017435_L01_22.fq.gz	N100017435_L01_22.fq.gz	L347	NONE; Subject_ID/Disease/Affection_Status empty in current RunInfo	Illumina NovaSeq 6000	SINGLE	50	43273726	2163686300	1856	983885667	https://ftp.sra.ebi.ac.uk/vol1/fastq/SRR247/004/SRR24785104/SRR24785104.fastq.gz	9ef81b5c3a78248ffe0e86f61e12fed3	UNRESOLVED_AT_FILE_LEVEL	NCBI RunInfo and ENA read_run filereport retrieved 2026-08-24
SRR24785105	SRX20558117	SAMN35536596	SRS17864158	N100017435_L01_18.fq.gz	N100017435_L01_18.fq.gz	L346	NONE; Subject_ID/Disease/Affection_Status empty in current RunInfo	Illumina NovaSeq 6000	SINGLE	50	29011369	1450568450	1245	662262857	https://ftp.sra.ebi.ac.uk/vol1/fastq/SRR247/005/SRR24785105/SRR24785105.fastq.gz	e824df6b293ce11fea7b619c556365fa	UNRESOLVED_AT_FILE_LEVEL	NCBI RunInfo and ENA read_run filereport retrieved 2026-08-24
SRR24785106	SRX20558116	SAMN35536595	SRS17864162	N100017386_L01_25.fq.gz	N100017386_L01_25.fq.gz	L345	NONE; Subject_ID/Disease/Affection_Status empty in current RunInfo	Illumina NovaSeq 6000	SINGLE	50	16741666	837083300	697	386979621	https://ftp.sra.ebi.ac.uk/vol1/fastq/SRR247/006/SRR24785106/SRR24785106.fastq.gz	68f661dcd39627ff0c9fee01e77f4448	UNRESOLVED_AT_FILE_LEVEL	NCBI RunInfo and ENA read_run filereport retrieved 2026-08-24
SRR24785107	SRX20558115	SAMN35536594	SRS17864157	N100017386_L01_20.fq.gz	N100017386_L01_20.fq.gz	L344	NONE; Subject_ID/Disease/Affection_Status empty in current RunInfo	Illumina NovaSeq 6000	SINGLE	50	17335254	866762700	753	402910551	https://ftp.sra.ebi.ac.uk/vol1/fastq/SRR247/007/SRR24785107/SRR24785107.fastq.gz	6d5247dd04562a9dc160ac647f00eff7	UNRESOLVED_AT_FILE_LEVEL	NCBI RunInfo and ENA read_run filereport retrieved 2026-08-24
SRR24785108	SRX20558114	SAMN35536593	SRS17864163	N100017386_L01_17.fq.gz	N100017386_L01_17.fq.gz	L343	NONE; Subject_ID/Disease/Affection_Status empty in current RunInfo	Illumina NovaSeq 6000	SINGLE	50	20412449	1020622450	872	468439755	https://ftp.sra.ebi.ac.uk/vol1/fastq/SRR247/008/SRR24785108/SRR24785108.fastq.gz	cd3fdecaf7929463c1c94529b8c577fd	UNRESOLVED_AT_FILE_LEVEL	NCBI RunInfo and ENA read_run filereport retrieved 2026-08-24
SRR24785109	SRX20558113	SAMN35536592	SRS17864156	N100017386_L01_16.fq.gz	N100017386_L01_16.fq.gz	L342	NONE; Subject_ID/Disease/Affection_Status empty in current RunInfo	Illumina NovaSeq 6000	SINGLE	50	16559501	827975050	684	378465454	https://ftp.sra.ebi.ac.uk/vol1/fastq/SRR247/009/SRR24785109/SRR24785109.fastq.gz	056478672c0e42559e287e9e12c05b54	UNRESOLVED_AT_FILE_LEVEL	NCBI RunInfo and ENA read_run filereport retrieved 2026-08-24
SRR24785110	SRX20558112	SAMN35536591	SRS17864161	N100017380_L01_4.fq.gz	N100017380_L01_4.fq.gz	L341	NONE; Subject_ID/Disease/Affection_Status empty in current RunInfo	Illumina NovaSeq 6000	SINGLE	50	36852526	1842626300	1570	838576642	https://ftp.sra.ebi.ac.uk/vol1/fastq/SRR247/010/SRR24785110/SRR24785110.fastq.gz	49c08c9c0010e99d1308e3d78a91dddd	UNRESOLVED_AT_FILE_LEVEL	NCBI RunInfo and ENA read_run filereport retrieved 2026-08-24
SRR24785111	SRX20558111	SAMN35536285	SRS17864159	V350034648_L01_6.fq.gz	V350034648_L01_6.fq.gz	L35	NONE; Subject_ID/Disease/Affection_Status empty in current RunInfo	Illumina NovaSeq 6000	SINGLE	50	55615827	2780791350	2374	1246306826	https://ftp.sra.ebi.ac.uk/vol1/fastq/SRR247/011/SRR24785111/SRR24785111.fastq.gz	48383df8b7d251f3acc48c88bc786229	UNRESOLVED_AT_FILE_LEVEL	NCBI RunInfo and ENA read_run filereport retrieved 2026-08-24
SRR24785112	SRX20558110	SAMN35536590	SRS17864154	N100017302_L01_32.fq.gz	N100017302_L01_32.fq.gz	L340	NONE; Subject_ID/Disease/Affection_Status empty in current RunInfo	Illumina NovaSeq 6000	SINGLE	50	38211975	1910598750	1481	868759919	https://ftp.sra.ebi.ac.uk/vol1/fastq/SRR247/012/SRR24785112/SRR24785112.fastq.gz	2a967a1f583f82494a3ce558e5a13ecc	UNRESOLVED_AT_FILE_LEVEL	NCBI RunInfo and ENA read_run filereport retrieved 2026-08-24
SRR24785113	SRX20558109	SAMN35536589	SRS17864153	N100017302_L01_30.fq.gz	N100017302_L01_30.fq.gz	L339	NONE; Subject_ID/Disease/Affection_Status empty in current RunInfo	Illumina NovaSeq 6000	SINGLE	50	39133910	1956695500	1539	891479340	https://ftp.sra.ebi.ac.uk/vol1/fastq/SRR247/013/SRR24785113/SRR24785113.fastq.gz	7a4bd3191bf58eb1af03ea012b42a33a	UNRESOLVED_AT_FILE_LEVEL	NCBI RunInfo and ENA read_run filereport retrieved 2026-08-24
SRR24785114	SRX20558108	SAMN35536588	SRS17864149	N100017302_L01_28.fq.gz	N100017302_L01_28.fq.gz	L338	NONE; Subject_ID/Disease/Affection_Status empty in current RunInfo	Illumina NovaSeq 6000	SINGLE	50	45101982	2255099100	1708	1019103993	https://ftp.sra.ebi.ac.uk/vol1/fastq/SRR247/014/SRR24785114/SRR24785114.fastq.gz	ee90c7e55442299c056d51bf96206e12	UNRESOLVED_AT_FILE_LEVEL	NCBI RunInfo and ENA read_run filereport retrieved 2026-08-24
SRR24785115	SRX20558107	SAMN35536587	SRS17864155	N100017302_L01_26.fq.gz	N100017302_L01_26.fq.gz	L337	NONE; Subject_ID/Disease/Affection_Status empty in current RunInfo	Illumina NovaSeq 6000	SINGLE	50	24256086	1212804300	958	556178286	https://ftp.sra.ebi.ac.uk/vol1/fastq/SRR247/015/SRR24785115/SRR24785115.fastq.gz	78e6170114b34dcd3312b808b4d7b782	UNRESOLVED_AT_FILE_LEVEL	NCBI RunInfo and ENA read_run filereport retrieved 2026-08-24
SRR24785116	SRX20558106	SAMN35536586	SRS17864147	N100017296_L01_6.fq.gz	N100017296_L01_6.fq.gz	L336	NONE; Subject_ID/Disease/Affection_Status empty in current RunInfo	Illumina NovaSeq 6000	SINGLE	50	60161297	3008064850	2392	1354467664	https://ftp.sra.ebi.ac.uk/vol1/fastq/SRR247/016/SRR24785116/SRR24785116.fastq.gz	61fb61d9ed1c795750b7eea754ebd9b8	UNRESOLVED_AT_FILE_LEVEL	NCBI RunInfo and ENA read_run filereport retrieved 2026-08-24
SRR24785117	SRX20558105	SAMN35536585	SRS17864152	N100017296_L01_4.fq.gz	N100017296_L01_4.fq.gz	L335	NONE; Subject_ID/Disease/Affection_Status empty in current RunInfo	Illumina NovaSeq 6000	SINGLE	50	50862969	2543148450	2051	1147627968	https://ftp.sra.ebi.ac.uk/vol1/fastq/SRR247/017/SRR24785117/SRR24785117.fastq.gz	711a87959e96b91d68a4591bd7247701	UNRESOLVED_AT_FILE_LEVEL	NCBI RunInfo and ENA read_run filereport retrieved 2026-08-24
SRR24785118	SRX20558104	SAMN35536584	SRS17864150	N100017296_L01_2.fq.gz	N100017296_L01_2.fq.gz	L334	NONE; Subject_ID/Disease/Affection_Status empty in current RunInfo	Illumina NovaSeq 6000	SINGLE	50	57405769	2870288450	2274	1291212541	https://ftp.sra.ebi.ac.uk/vol1/fastq/SRR247/018/SRR24785118/SRR24785118.fastq.gz	727e724949d9decb26d5d6501bfd9b76	UNRESOLVED_AT_FILE_LEVEL	NCBI RunInfo and ENA read_run filereport retrieved 2026-08-24
SRR24785119	SRX20558103	SAMN35536583	SRS17864151	N100017220_L01_6.fq.gz	N100017220_L01_6.fq.gz	L333	NONE; Subject_ID/Disease/Affection_Status empty in current RunInfo	Illumina NovaSeq 6000	SINGLE	50	33352854	1667642700	1428	760895591	https://ftp.sra.ebi.ac.uk/vol1/fastq/SRR247/019/SRR24785119/SRR24785119.fastq.gz	ce85ade0660d8e1741ca415d4e418813	UNRESOLVED_AT_FILE_LEVEL	NCBI RunInfo and ENA read_run filereport retrieved 2026-08-24
SRR24785120	SRX20558102	SAMN35536582	SRS17864145	N100017220_L01_5.fq.gz	N100017220_L01_5.fq.gz	L332	NONE; Subject_ID/Disease/Affection_Status empty in current RunInfo	Illumina NovaSeq 6000	SINGLE	50	25176197	1258809850	1045	574916306	https://ftp.sra.ebi.ac.uk/vol1/fastq/SRR247/020/SRR24785120/SRR24785120.fastq.gz	2ef7d3bdb9ea4bc3f237eb6208e2b6bc	UNRESOLVED_AT_FILE_LEVEL	NCBI RunInfo and ENA read_run filereport retrieved 2026-08-24
SRR24785121	SRX20558101	SAMN35536581	SRS17864148	N100017202_L01_30.fq.gz	N100017202_L01_30.fq.gz	L331	NONE; Subject_ID/Disease/Affection_Status empty in current RunInfo	Illumina NovaSeq 6000	SINGLE	50	31170432	1558521600	1376	712981435	https://ftp.sra.ebi.ac.uk/vol1/fastq/SRR247/021/SRR24785121/SRR24785121.fastq.gz	0c9130f468c1e094bb865fc90aecacef	UNRESOLVED_AT_FILE_LEVEL	NCBI RunInfo and ENA read_run filereport retrieved 2026-08-24
SRR24785122	SRX20558100	SAMN35536284	SRS17864146	V300074685_L02_27.fq.gz	V300074685_L02_27.fq.gz	L34	NONE; Subject_ID/Disease/Affection_Status empty in current RunInfo	Illumina NovaSeq 6000	SINGLE	50	37525598	1876279900	1611	857404545	https://ftp.sra.ebi.ac.uk/vol1/fastq/SRR247/022/SRR24785122/SRR24785122.fastq.gz	af9eef1e1312bceffa9d3a55d150d847	UNRESOLVED_AT_FILE_LEVEL	NCBI RunInfo and ENA read_run filereport retrieved 2026-08-24
SRR24785123	SRX20558099	SAMN35536580	SRS17864144	N100017202_L01_28.fq.gz	N100017202_L01_28.fq.gz	L330	NONE; Subject_ID/Disease/Affection_Status empty in current RunInfo	Illumina NovaSeq 6000	SINGLE	50	33868404	1693420200	1478	773300888	https://ftp.sra.ebi.ac.uk/vol1/fastq/SRR247/023/SRR24785123/SRR24785123.fastq.gz	a108904a9e8c10e0fa2aa1c83d1c2237	UNRESOLVED_AT_FILE_LEVEL	NCBI RunInfo and ENA read_run filereport retrieved 2026-08-24
SRR24785124	SRX20558098	SAMN35536579	SRS17864143	N100017202_L01_26.fq.gz	N100017202_L01_26.fq.gz	L329	NONE; Subject_ID/Disease/Affection_Status empty in current RunInfo	Illumina NovaSeq 6000	SINGLE	50	18542246	927112300	828	426837651	https://ftp.sra.ebi.ac.uk/vol1/fastq/SRR247/024/SRR24785124/SRR24785124.fastq.gz	f1a5d387fbd17fa908cfd32e2e3524b7	UNRESOLVED_AT_FILE_LEVEL	NCBI RunInfo and ENA read_run filereport retrieved 2026-08-24
SRR24785125	SRX20558097	SAMN35536578	SRS17864141	N100017202_L01_22.fq.gz	N100017202_L01_22.fq.gz	L328	NONE; Subject_ID/Disease/Affection_Status empty in current RunInfo	Illumina NovaSeq 6000	SINGLE	50	32557746	1627887300	1413	737871054	https://ftp.sra.ebi.ac.uk/vol1/fastq/SRR247/025/SRR24785125/SRR24785125.fastq.gz	af1718e00faa9d38ad378d0bb6ae2082	UNRESOLVED_AT_FILE_LEVEL	NCBI RunInfo and ENA read_run filereport retrieved 2026-08-24
SRR24785126	SRX20558096	SAMN35536577	SRS17864140	N100017189_L01_1.fq.gz	N100017189_L01_1.fq.gz	L327	NONE; Subject_ID/Disease/Affection_Status empty in current RunInfo	Illumina NovaSeq 6000	SINGLE	50	20263089	1013154450	865	465792781	https://ftp.sra.ebi.ac.uk/vol1/fastq/SRR247/026/SRR24785126/SRR24785126.fastq.gz	f95f7b0f927a4ddebc8ef17c07991199	UNRESOLVED_AT_FILE_LEVEL	NCBI RunInfo and ENA read_run filereport retrieved 2026-08-24
SRR24785127	SRX20558095	SAMN35536576	SRS17864142	N100017189_L01_5.fq.gz	N100017189_L01_5.fq.gz	L326	NONE; Subject_ID/Disease/Affection_Status empty in current RunInfo	Illumina NovaSeq 6000	SINGLE	50	16188687	809434350	685	371114486	https://ftp.sra.ebi.ac.uk/vol1/fastq/SRR247/027/SRR24785127/SRR24785127.fastq.gz	c9dd80816d9b556b81dffc700a61d9b3	UNRESOLVED_AT_FILE_LEVEL	NCBI RunInfo and ENA read_run filereport retrieved 2026-08-24
SRR24785128	SRX20558094	SAMN35536575	SRS17864135	N100017189_L01_4.fq.gz	N100017189_L01_4.fq.gz	L325	NONE; Subject_ID/Disease/Affection_Status empty in current RunInfo	Illumina NovaSeq 6000	SINGLE	50	18202133	910106650	798	417007110	https://ftp.sra.ebi.ac.uk/vol1/fastq/SRR247/028/SRR24785128/SRR24785128.fastq.gz	63098051ba388287fc10a54416168e6e	UNRESOLVED_AT_FILE_LEVEL	NCBI RunInfo and ENA read_run filereport retrieved 2026-08-24
SRR24785129	SRX20558093	SAMN35536574	SRS17864138	N100017189_L01_2.fq.gz	N100017189_L01_2.fq.gz	L324	NONE; Subject_ID/Disease/Affection_Status empty in current RunInfo	Illumina NovaSeq 6000	SINGLE	50	21398747	1069937350	925	487159502	https://ftp.sra.ebi.ac.uk/vol1/fastq/SRR247/029/SRR24785129/SRR24785129.fastq.gz	b72d32f5d906418bbd6b48ce61807048	UNRESOLVED_AT_FILE_LEVEL	NCBI RunInfo and ENA read_run filereport retrieved 2026-08-24
SRR24785130	SRX20558092	SAMN35536573	SRS17864137	N100017187_L01_8.fq.gz	N100017187_L01_8.fq.gz	L323	NONE; Subject_ID/Disease/Affection_Status empty in current RunInfo	Illumina NovaSeq 6000	SINGLE	50	6490760	324538000	305	150473236	https://ftp.sra.ebi.ac.uk/vol1/fastq/SRR247/030/SRR24785130/SRR24785130.fastq.gz	07d0ed9ff89165f27030c75fe8fb2e7a	UNRESOLVED_AT_FILE_LEVEL	NCBI RunInfo and ENA read_run filereport retrieved 2026-08-24
SRR24785131	SRX20558091	SAMN35536572	SRS17864139	N100017025_L01_18.fq.gz	N100017025_L01_18.fq.gz	L322	NONE; Subject_ID/Disease/Affection_Status empty in current RunInfo	Illumina NovaSeq 6000	SINGLE	50	30084306	1504215300	1187	684306279	https://ftp.sra.ebi.ac.uk/vol1/fastq/SRR247/031/SRR24785131/SRR24785131.fastq.gz	b4b500f4bda5828278317eb298e8a630	UNRESOLVED_AT_FILE_LEVEL	NCBI RunInfo and ENA read_run filereport retrieved 2026-08-24
SRR24785132	SRX20558090	SAMN35536571	SRS17864136	N100017025_L01_32.fq.gz	N100017025_L01_32.fq.gz	L321	NONE; Subject_ID/Disease/Affection_Status empty in current RunInfo	Illumina NovaSeq 6000	SINGLE	50	35051374	1752568700	1353	798836701	https://ftp.sra.ebi.ac.uk/vol1/fastq/SRR247/032/SRR24785132/SRR24785132.fastq.gz	bebe98ba37fef01e5a1515e09790bde6	UNRESOLVED_AT_FILE_LEVEL	NCBI RunInfo and ENA read_run filereport retrieved 2026-08-24
SRR24785133	SRX20558089	SAMN35536283	SRS17864134	P100002292_L01_9.fq.gz	P100002292_L01_9.fq.gz	L33	NONE; Subject_ID/Disease/Affection_Status empty in current RunInfo	Illumina NovaSeq 6000	SINGLE	50	20647065	1032353250	1014	442247789	https://ftp.sra.ebi.ac.uk/vol1/fastq/SRR247/033/SRR24785133/SRR24785133.fastq.gz	0cae4dc8df03e0d2f80f73e3ae8fa0df	UNRESOLVED_AT_FILE_LEVEL	NCBI RunInfo and ENA read_run filereport retrieved 2026-08-24
SRR24785134	SRX20558088	SAMN35536570	SRS17864130	N100017025_L01_30.fq.gz	N100017025_L01_30.fq.gz	L320	NONE; Subject_ID/Disease/Affection_Status empty in current RunInfo	Illumina NovaSeq 6000	SINGLE	50	37590599	1879529950	1479	857510355	https://ftp.sra.ebi.ac.uk/vol1/fastq/SRR247/034/SRR24785134/SRR24785134.fastq.gz	c8b62c68a4ca1921ad66f5a9ff7682c6	UNRESOLVED_AT_FILE_LEVEL	NCBI RunInfo and ENA read_run filereport retrieved 2026-08-24
SRR24785135	SRX20558087	SAMN35536569	SRS17864131	N100017025_L01_28.fq.gz	N100017025_L01_28.fq.gz	L319	NONE; Subject_ID/Disease/Affection_Status empty in current RunInfo	Illumina NovaSeq 6000	SINGLE	50	35462370	1773118500	1349	807576652	https://ftp.sra.ebi.ac.uk/vol1/fastq/SRR247/035/SRR24785135/SRR24785135.fastq.gz	6de7a1695edf89031c39327099bc4420	UNRESOLVED_AT_FILE_LEVEL	NCBI RunInfo and ENA read_run filereport retrieved 2026-08-24
SRR24785136	SRX20558086	SAMN35536568	SRS17864132	N100017025_L01_26.fq.gz	N100017025_L01_26.fq.gz	L318	NONE; Subject_ID/Disease/Affection_Status empty in current RunInfo	Illumina NovaSeq 6000	SINGLE	50	30463352	1523167600	1168	696706491	https://ftp.sra.ebi.ac.uk/vol1/fastq/SRR247/036/SRR24785136/SRR24785136.fastq.gz	42f810a413d51ad7db490dfe7b272c20	UNRESOLVED_AT_FILE_LEVEL	NCBI RunInfo and ENA read_run filereport retrieved 2026-08-24
SRR24785137	SRX20558085	SAMN35536567	SRS17864133	N100017025_L01_22.fq.gz	N100017025_L01_22.fq.gz	L317	NONE; Subject_ID/Disease/Affection_Status empty in current RunInfo	Illumina NovaSeq 6000	SINGLE	50	37289141	1864457050	1476	848127901	https://ftp.sra.ebi.ac.uk/vol1/fastq/SRR247/037/SRR24785137/SRR24785137.fastq.gz	4e37ef5e440ef944b4b5797d20aacea5	UNRESOLVED_AT_FILE_LEVEL	NCBI RunInfo and ENA read_run filereport retrieved 2026-08-24
SRR24785138	SRX20558084	SAMN35536566	SRS17864129	N100017006_L01_30.fq.gz	N100017006_L01_30.fq.gz	L316	NONE; Subject_ID/Disease/Affection_Status empty in current RunInfo	Illumina NovaSeq 6000	SINGLE	50	25511588	1275579400	1098	585422614	https://ftp.sra.ebi.ac.uk/vol1/fastq/SRR247/038/SRR24785138/SRR24785138.fastq.gz	8f11c72f74a37f8bb8915ad4ea02971b	UNRESOLVED_AT_FILE_LEVEL	NCBI RunInfo and ENA read_run filereport retrieved 2026-08-24
SRR24785139	SRX20558083	SAMN35536565	SRS17864127	N100017006_L01_28.fq.gz	N100017006_L01_28.fq.gz	L315	NONE; Subject_ID/Disease/Affection_Status empty in current RunInfo	Illumina NovaSeq 6000	SINGLE	50	22401463	1120073150	951	507743352	https://ftp.sra.ebi.ac.uk/vol1/fastq/SRR247/039/SRR24785139/SRR24785139.fastq.gz	9bb1dadb7ab6ec02d5dc00b3c7f810e0	UNRESOLVED_AT_FILE_LEVEL	NCBI RunInfo and ENA read_run filereport retrieved 2026-08-24
SRR24785140	SRX20558082	SAMN35536564	SRS17864128	N100017006_L01_26.fq.gz	N100017006_L01_26.fq.gz	L314	NONE; Subject_ID/Disease/Affection_Status empty in current RunInfo	Illumina NovaSeq 6000	SINGLE	50	40889230	2044461500	1697	902757240	https://ftp.sra.ebi.ac.uk/vol1/fastq/SRR247/040/SRR24785140/SRR24785140.fastq.gz	d45909cd6b047ef6808403518df17dcd	UNRESOLVED_AT_FILE_LEVEL	NCBI RunInfo and ENA read_run filereport retrieved 2026-08-24
SRR24785141	SRX20558081	SAMN35536563	SRS17864126	N100016992_L01_7.fq.gz	N100016992_L01_7.fq.gz	L313	NONE; Subject_ID/Disease/Affection_Status empty in current RunInfo	Illumina NovaSeq 6000	SINGLE	50	26043334	1302166700	1055	593613459	https://ftp.sra.ebi.ac.uk/vol1/fastq/SRR247/041/SRR24785141/SRR24785141.fastq.gz	a0242f912d26a380ae01d52b042abe09	UNRESOLVED_AT_FILE_LEVEL	NCBI RunInfo and ENA read_run filereport retrieved 2026-08-24
SRR24785142	SRX20558080	SAMN35536562	SRS17864125	N100016992_L01_30.fq.gz	N100016992_L01_30.fq.gz	L312	NONE; Subject_ID/Disease/Affection_Status empty in current RunInfo	Illumina NovaSeq 6000	SINGLE	50	41405698	2070284900	1704	939543763	https://ftp.sra.ebi.ac.uk/vol1/fastq/SRR247/042/SRR24785142/SRR24785142.fastq.gz	81208fdb35856329eb1d7ff44d4ae8fd	UNRESOLVED_AT_FILE_LEVEL	NCBI RunInfo and ENA read_run filereport retrieved 2026-08-24
SRR24785143	SRX20558079	SAMN35536561	SRS17864124	N100016992_L01_28.fq.gz	N100016992_L01_28.fq.gz	L311	NONE; Subject_ID/Disease/Affection_Status empty in current RunInfo	Illumina NovaSeq 6000	SINGLE	50	28310165	1415508250	1151	644661045	https://ftp.sra.ebi.ac.uk/vol1/fastq/SRR247/043/SRR24785143/SRR24785143.fastq.gz	9b193d0c56e0c5cd520615b478acd411	UNRESOLVED_AT_FILE_LEVEL	NCBI RunInfo and ENA read_run filereport retrieved 2026-08-24
SRR24785144	SRX20558078	SAMN35536282	SRS17864121	P100002292_L03_9.fq.gz	P100002292_L03_9.fq.gz	L32	NONE; Subject_ID/Disease/Affection_Status empty in current RunInfo	Illumina NovaSeq 6000	SINGLE	50	21489837	1074491850	1042	456214261	https://ftp.sra.ebi.ac.uk/vol1/fastq/SRR247/044/SRR24785144/SRR24785144.fastq.gz	96347fe57cdface5968c8f57d1841307	UNRESOLVED_AT_FILE_LEVEL	NCBI RunInfo and ENA read_run filereport retrieved 2026-08-24
SRR24785145	SRX20558077	SAMN35536560	SRS17864123	N100016986_L01_30.fq.gz	N100016986_L01_30.fq.gz	L310	NONE; Subject_ID/Disease/Affection_Status empty in current RunInfo	Illumina NovaSeq 6000	SINGLE	50	40828484	2041424200	1703	927922731	https://ftp.sra.ebi.ac.uk/vol1/fastq/SRR247/045/SRR24785145/SRR24785145.fastq.gz	369607c06f637cebf69148b4dd4455d9	UNRESOLVED_AT_FILE_LEVEL	NCBI RunInfo and ENA read_run filereport retrieved 2026-08-24
SRR24785146	SRX20558076	SAMN35536559	SRS17864120	N100016986_L01_28.fq.gz	N100016986_L01_28.fq.gz	L309	NONE; Subject_ID/Disease/Affection_Status empty in current RunInfo	Illumina NovaSeq 6000	SINGLE	50	50476955	2523847750	2032	1136685242	https://ftp.sra.ebi.ac.uk/vol1/fastq/SRR247/046/SRR24785146/SRR24785146.fastq.gz	07def1959ea4a7bba0bad80833c29e80	UNRESOLVED_AT_FILE_LEVEL	NCBI RunInfo and ENA read_run filereport retrieved 2026-08-24
SRR24785147	SRX20558075	SAMN35536558	SRS17864118	N100016986_L01_26.fq.gz	N100016986_L01_26.fq.gz	L308	NONE; Subject_ID/Disease/Affection_Status empty in current RunInfo	Illumina NovaSeq 6000	SINGLE	50	26979489	1348974450	1127	616697506	https://ftp.sra.ebi.ac.uk/vol1/fastq/SRR247/047/SRR24785147/SRR24785147.fastq.gz	df6ae362b15d31bba10a366a1d08caad	UNRESOLVED_AT_FILE_LEVEL	NCBI RunInfo and ENA read_run filereport retrieved 2026-08-24
SRR24785148	SRX20558074	SAMN35536557	SRS17864116	N100016986_L01_22.fq.gz	N100016986_L01_22.fq.gz	L307	NONE; Subject_ID/Disease/Affection_Status empty in current RunInfo	Illumina NovaSeq 6000	SINGLE	50	46449705	2322485250	1916	1041509659	https://ftp.sra.ebi.ac.uk/vol1/fastq/SRR247/048/SRR24785148/SRR24785148.fastq.gz	e27ea291983e81ee927a4c0e67acd67b	UNRESOLVED_AT_FILE_LEVEL	NCBI RunInfo and ENA read_run filereport retrieved 2026-08-24
SRR24785149	SRX20558073	SAMN35536556	SRS17864122	N100016940_L01_6.fq.gz	N100016940_L01_6.fq.gz	L306	NONE; Subject_ID/Disease/Affection_Status empty in current RunInfo	Illumina NovaSeq 6000	SINGLE	50	47522674	2376133700	1962	1074177496	https://ftp.sra.ebi.ac.uk/vol1/fastq/SRR247/049/SRR24785149/SRR24785149.fastq.gz	1e2d055050e90c60866da7a3be3dada9	UNRESOLVED_AT_FILE_LEVEL	NCBI RunInfo and ENA read_run filereport retrieved 2026-08-24
SRR24785150	SRX20558072	SAMN35536555	SRS17864115	N100016940_L01_5.fq.gz	N100016940_L01_5.fq.gz	L305	NONE; Subject_ID/Disease/Affection_Status empty in current RunInfo	Illumina NovaSeq 6000	SINGLE	50	29951676	1497583800	1234	680351453	https://ftp.sra.ebi.ac.uk/vol1/fastq/SRR247/050/SRR24785150/SRR24785150.fastq.gz	53ba9145cc40bd84106ef4cbb461ca22	UNRESOLVED_AT_FILE_LEVEL	NCBI RunInfo and ENA read_run filereport retrieved 2026-08-24
SRR24785151	SRX20558071	SAMN35536554	SRS17864119	N100016940_L01_4.fq.gz	N100016940_L01_4.fq.gz	L304	NONE; Subject_ID/Disease/Affection_Status empty in current RunInfo	Illumina NovaSeq 6000	SINGLE	50	40758632	2037931600	1705	922845918	https://ftp.sra.ebi.ac.uk/vol1/fastq/SRR247/051/SRR24785151/SRR24785151.fastq.gz	fda031e1d8074176e86ad9c56c52cf1e	UNRESOLVED_AT_FILE_LEVEL	NCBI RunInfo and ENA read_run filereport retrieved 2026-08-24
SRR24785152	SRX20558070	SAMN35536553	SRS17864117	N100016940_L01_2.fq.gz	N100016940_L01_2.fq.gz	L303	NONE; Subject_ID/Disease/Affection_Status empty in current RunInfo	Illumina NovaSeq 6000	SINGLE	50	47570914	2378545700	1954	1069095831	https://ftp.sra.ebi.ac.uk/vol1/fastq/SRR247/052/SRR24785152/SRR24785152.fastq.gz	66492f0cac58c9bc3e0d5ef2c9d0c880	UNRESOLVED_AT_FILE_LEVEL	NCBI RunInfo and ENA read_run filereport retrieved 2026-08-24
SRR24785153	SRX20558069	SAMN35536552	SRS17864113	N100016931_L01_5.fq.gz	N100016931_L01_5.fq.gz	L302	NONE; Subject_ID/Disease/Affection_Status empty in current RunInfo	Illumina NovaSeq 6000	SINGLE	50	35003434	1750171700	1441	797818650	https://ftp.sra.ebi.ac.uk/vol1/fastq/SRR247/053/SRR24785153/SRR24785153.fastq.gz	8ef2ea913c52875cd70bb6393aef469f	UNRESOLVED_AT_FILE_LEVEL	NCBI RunInfo and ENA read_run filereport retrieved 2026-08-24
SRR24785154	SRX20558068	SAMN35536551	SRS17864114	N100016931_L01_4.fq.gz	N100016931_L01_4.fq.gz	L301	NONE; Subject_ID/Disease/Affection_Status empty in current RunInfo	Illumina NovaSeq 6000	SINGLE	50	61836811	3091840550	2574	1386475591	https://ftp.sra.ebi.ac.uk/vol1/fastq/SRR247/054/SRR24785154/SRR24785154.fastq.gz	067bb90417734bd37ea8f3e0ec3e2cc9	UNRESOLVED_AT_FILE_LEVEL	NCBI RunInfo and ENA read_run filereport retrieved 2026-08-24
SRR24785155	SRX20558067	SAMN35536281	SRS17864111	P100000321_L02_16.fq.gz	P100000321_L02_16.fq.gz	L31	NONE; Subject_ID/Disease/Affection_Status empty in current RunInfo	Illumina NovaSeq 6000	SINGLE	50	21966928	1098346400	998	494076831	https://ftp.sra.ebi.ac.uk/vol1/fastq/SRR247/055/SRR24785155/SRR24785155.fastq.gz	4c23527d170fb6e856eb6b61fed5e893	UNRESOLVED_AT_FILE_LEVEL	NCBI RunInfo and ENA read_run filereport retrieved 2026-08-24
SRR24785156	SRX20558066	SAMN35536254	SRS17864108	V300090019_L02_8.fq.gz	V300090019_L02_8.fq.gz	L4	NONE; Subject_ID/Disease/Affection_Status empty in current RunInfo	Illumina NovaSeq 6000	SINGLE	50	46401262	2320063100	2013	1036310125	https://ftp.sra.ebi.ac.uk/vol1/fastq/SRR247/056/SRR24785156/SRR24785156.fastq.gz	a4d55d42e1dff8af869a4d53901fa5d8	UNRESOLVED_AT_FILE_LEVEL	NCBI RunInfo and ENA read_run filereport retrieved 2026-08-24
SRR24785157	SRX20558065	SAMN35536550	SRS17864112	N100016925_L01_20.fq.gz	N100016925_L01_20.fq.gz	L300	NONE; Subject_ID/Disease/Affection_Status empty in current RunInfo	Illumina NovaSeq 6000	SINGLE	50	34658185	1732909250	1425	795225045	https://ftp.sra.ebi.ac.uk/vol1/fastq/SRR247/057/SRR24785157/SRR24785157.fastq.gz	bec86bcac3484f2b040ee9b5d1aef13c	UNRESOLVED_AT_FILE_LEVEL	NCBI RunInfo and ENA read_run filereport retrieved 2026-08-24
SRR24785158	SRX20558064	SAMN35536549	SRS17864106	N100016925_L01_31.fq.gz	N100016925_L01_31.fq.gz	L299	NONE; Subject_ID/Disease/Affection_Status empty in current RunInfo	Illumina NovaSeq 6000	SINGLE	50	24253373	1212668650	993	553740746	https://ftp.sra.ebi.ac.uk/vol1/fastq/SRR247/058/SRR24785158/SRR24785158.fastq.gz	52dd64dd314c0473524c6067c9db76f9	UNRESOLVED_AT_FILE_LEVEL	NCBI RunInfo and ENA read_run filereport retrieved 2026-08-24
SRR24785159	SRX20558063	SAMN35536548	SRS17864109	N100016925_L01_29.fq.gz	N100016925_L01_29.fq.gz	L298	NONE; Subject_ID/Disease/Affection_Status empty in current RunInfo	Illumina NovaSeq 6000	SINGLE	50	37421910	1871095500	1517	851620050	https://ftp.sra.ebi.ac.uk/vol1/fastq/SRR247/059/SRR24785159/SRR24785159.fastq.gz	ec749d94d052e29f5a6bd6e075f1da1f	UNRESOLVED_AT_FILE_LEVEL	NCBI RunInfo and ENA read_run filereport retrieved 2026-08-24
SRR24785160	SRX20558062	SAMN35536547	SRS17864110	N100016925_L01_25.fq.gz	N100016925_L01_25.fq.gz	L297	NONE; Subject_ID/Disease/Affection_Status empty in current RunInfo	Illumina NovaSeq 6000	SINGLE	50	29971151	1498557550	1223	685392465	https://ftp.sra.ebi.ac.uk/vol1/fastq/SRR247/060/SRR24785160/SRR24785160.fastq.gz	d9656af074a77721a8d11917fb4bbf13	UNRESOLVED_AT_FILE_LEVEL	NCBI RunInfo and ENA read_run filereport retrieved 2026-08-24
SRR24785161	SRX20558061	SAMN35536546	SRS17864107	N100016916_L01_4.fq.gz	N100016916_L01_4.fq.gz	L296	NONE; Subject_ID/Disease/Affection_Status empty in current RunInfo	Illumina NovaSeq 6000	SINGLE	50	36802743	1840137150	1490	832132084	https://ftp.sra.ebi.ac.uk/vol1/fastq/SRR247/061/SRR24785161/SRR24785161.fastq.gz	c1988a0d228d0bd4a8a2e586d42b06f1	UNRESOLVED_AT_FILE_LEVEL	NCBI RunInfo and ENA read_run filereport retrieved 2026-08-24
SRR24785162	SRX20558060	SAMN35536545	SRS17864105	N100016916_L01_2.fq.gz	N100016916_L01_2.fq.gz	L295	NONE; Subject_ID/Disease/Affection_Status empty in current RunInfo	Illumina NovaSeq 6000	SINGLE	50	73965851	3698292550	2805	1656058198	https://ftp.sra.ebi.ac.uk/vol1/fastq/SRR247/062/SRR24785162/SRR24785162.fastq.gz	8616cd529b26ddbb195d4487617c1fe6	UNRESOLVED_AT_FILE_LEVEL	NCBI RunInfo and ENA read_run filereport retrieved 2026-08-24
SRR24785163	SRX20558059	SAMN35536544	SRS17864103	N100016916_L01_1.fq.gz	N100016916_L01_1.fq.gz	L294	NONE; Subject_ID/Disease/Affection_Status empty in current RunInfo	Illumina NovaSeq 6000	SINGLE	50	49300572	2465028600	1875	1111095599	https://ftp.sra.ebi.ac.uk/vol1/fastq/SRR247/063/SRR24785163/SRR24785163.fastq.gz	2940c8259648591d338b38e1401cb457	UNRESOLVED_AT_FILE_LEVEL	NCBI RunInfo and ENA read_run filereport retrieved 2026-08-24
SRR24785164	SRX20558058	SAMN35536543	SRS17864104	N100016916_L01_5.fq.gz	N100016916_L01_5.fq.gz	L293	NONE; Subject_ID/Disease/Affection_Status empty in current RunInfo	Illumina NovaSeq 6000	SINGLE	50	29365777	1468288850	1142	670277146	https://ftp.sra.ebi.ac.uk/vol1/fastq/SRR247/064/SRR24785164/SRR24785164.fastq.gz	4d1761b6d23aa3ec7b8e2d27b27f125a	UNRESOLVED_AT_FILE_LEVEL	NCBI RunInfo and ENA read_run filereport retrieved 2026-08-24
SRR24785165	SRX20558057	SAMN35536542	SRS17864101	N100016903_L01_29.fq.gz	N100016903_L01_29.fq.gz	L292	NONE; Subject_ID/Disease/Affection_Status empty in current RunInfo	Illumina NovaSeq 6000	SINGLE	50	39939665	1996983250	1589	909509152	https://ftp.sra.ebi.ac.uk/vol1/fastq/SRR247/065/SRR24785165/SRR24785165.fastq.gz	dc784dd195f153f1f710ace872690401	UNRESOLVED_AT_FILE_LEVEL	NCBI RunInfo and ENA read_run filereport retrieved 2026-08-24
SRR24785166	SRX20558056	SAMN35536541	SRS17864100	N100016900_L01_25.fq.gz	N100016900_L01_25.fq.gz	L291	NONE; Subject_ID/Disease/Affection_Status empty in current RunInfo	Illumina NovaSeq 6000	SINGLE	50	52575167	2628758350	2035	1184122968	https://ftp.sra.ebi.ac.uk/vol1/fastq/SRR247/066/SRR24785166/SRR24785166.fastq.gz	6c8dfed6be1c467b53db7c27a47cd88f	UNRESOLVED_AT_FILE_LEVEL	NCBI RunInfo and ENA read_run filereport retrieved 2026-08-24
SRR24785167	SRX20558055	SAMN35536280	SRS17864102	V350017700_L01_16.fq.gz	V350017700_L01_16.fq.gz	L30	NONE; Subject_ID/Disease/Affection_Status empty in current RunInfo	Illumina NovaSeq 6000	SINGLE	50	28327963	1416398150	1228	627452379	https://ftp.sra.ebi.ac.uk/vol1/fastq/SRR247/067/SRR24785167/SRR24785167.fastq.gz	2496a2c6d422f9d473e76118b7fa3031	UNRESOLVED_AT_FILE_LEVEL	NCBI RunInfo and ENA read_run filereport retrieved 2026-08-24
SRR24785168	SRX20558054	SAMN35536540	SRS17864098	N100016900_L01_20.fq.gz	N100016900_L01_20.fq.gz	L290	NONE; Subject_ID/Disease/Affection_Status empty in current RunInfo	Illumina NovaSeq 6000	SINGLE	50	36968629	1848431450	1480	844339721	https://ftp.sra.ebi.ac.uk/vol1/fastq/SRR247/068/SRR24785168/SRR24785168.fastq.gz	9970eefb6f095b57feeb93d60d73b6b7	UNRESOLVED_AT_FILE_LEVEL	NCBI RunInfo and ENA read_run filereport retrieved 2026-08-24
SRR24785169	SRX20558053	SAMN35536539	SRS17864099	N100016900_L01_17.fq.gz	N100016900_L01_17.fq.gz	L289	NONE; Subject_ID/Disease/Affection_Status empty in current RunInfo	Illumina NovaSeq 6000	SINGLE	50	35775765	1788788250	1406	811327664	https://ftp.sra.ebi.ac.uk/vol1/fastq/SRR247/069/SRR24785169/SRR24785169.fastq.gz	d4b225f99b9e2effba83218990380f8b	UNRESOLVED_AT_FILE_LEVEL	NCBI RunInfo and ENA read_run filereport retrieved 2026-08-24
SRR24785170	SRX20558052	SAMN35536538	SRS17864097	N100016900_L01_16.fq.gz	N100016900_L01_16.fq.gz	L288	NONE; Subject_ID/Disease/Affection_Status empty in current RunInfo	Illumina NovaSeq 6000	SINGLE	50	44840352	2242017600	1717	1012155380	https://ftp.sra.ebi.ac.uk/vol1/fastq/SRR247/070/SRR24785170/SRR24785170.fastq.gz	0baece3e7ae6b4ebeb29d4c55aab6227	UNRESOLVED_AT_FILE_LEVEL	NCBI RunInfo and ENA read_run filereport retrieved 2026-08-24
SRR24785171	SRX20558051	SAMN35536537	SRS17864094	N100016900_L01_15.fq.gz	N100016900_L01_15.fq.gz	L287	NONE; Subject_ID/Disease/Affection_Status empty in current RunInfo	Illumina NovaSeq 6000	SINGLE	50	30798843	1539942150	1221	699689571	https://ftp.sra.ebi.ac.uk/vol1/fastq/SRR247/071/SRR24785171/SRR24785171.fastq.gz	1b9c656db1d8a0a2ebade3a25f2102b7	UNRESOLVED_AT_FILE_LEVEL	NCBI RunInfo and ENA read_run filereport retrieved 2026-08-24
SRR24785172	SRX20558050	SAMN35536536	SRS17864091	N100016893_L01_26.fq.gz	N100016893_L01_26.fq.gz	L286	NONE; Subject_ID/Disease/Affection_Status empty in current RunInfo	Illumina NovaSeq 6000	SINGLE	50	34305014	1715250700	1408	780083715	https://ftp.sra.ebi.ac.uk/vol1/fastq/SRR247/072/SRR24785172/SRR24785172.fastq.gz	d82f74c33026af8ab7e11b75936bf63b	UNRESOLVED_AT_FILE_LEVEL	NCBI RunInfo and ENA read_run filereport retrieved 2026-08-24
SRR24785173	SRX20558049	SAMN35536535	SRS17864092	N100016893_L01_22.fq.gz	N100016893_L01_22.fq.gz	L285	NONE; Subject_ID/Disease/Affection_Status empty in current RunInfo	Illumina NovaSeq 6000	SINGLE	50	42293664	2114683200	1737	900446212	https://ftp.sra.ebi.ac.uk/vol1/fastq/SRR247/073/SRR24785173/SRR24785173.fastq.gz	ab0150cb5c411926917bd758dea62cb0	UNRESOLVED_AT_FILE_LEVEL	NCBI RunInfo and ENA read_run filereport retrieved 2026-08-24
SRR24785174	SRX20558048	SAMN35536534	SRS17864096	N100016892_L01_10.fq.gz	N100016892_L01_10.fq.gz	L284	NONE; Subject_ID/Disease/Affection_Status empty in current RunInfo	Illumina NovaSeq 6000	SINGLE	50	30214189	1510709450	1199	687794243	https://ftp.sra.ebi.ac.uk/vol1/fastq/SRR247/074/SRR24785174/SRR24785174.fastq.gz	e07879d45d9dc233837e6636927fd809	UNRESOLVED_AT_FILE_LEVEL	NCBI RunInfo and ENA read_run filereport retrieved 2026-08-24
SRR24785175	SRX20558047	SAMN35536533	SRS17864093	N100016892_L01_8.fq.gz	N100016892_L01_8.fq.gz	L283	NONE; Subject_ID/Disease/Affection_Status empty in current RunInfo	Illumina NovaSeq 6000	SINGLE	50	24623416	1231170800	1002	563175792	https://ftp.sra.ebi.ac.uk/vol1/fastq/SRR247/075/SRR24785175/SRR24785175.fastq.gz	4104f35cb5f72d362e6d71ac659ad706	UNRESOLVED_AT_FILE_LEVEL	NCBI RunInfo and ENA read_run filereport retrieved 2026-08-24
SRR24785176	SRX20558046	SAMN35536532	SRS17864090	N100016892_L01_6.fq.gz	N100016892_L01_6.fq.gz	L282	NONE; Subject_ID/Disease/Affection_Status empty in current RunInfo	Illumina NovaSeq 6000	SINGLE	50	32736947	1636847350	1344	746892696	https://ftp.sra.ebi.ac.uk/vol1/fastq/SRR247/076/SRR24785176/SRR24785176.fastq.gz	64c7473e4da2382f8ae00509ca4a705b	UNRESOLVED_AT_FILE_LEVEL	NCBI RunInfo and ENA read_run filereport retrieved 2026-08-24
SRR24785177	SRX20558045	SAMN35536531	SRS17864095	N100016892_L01_5.fq.gz	N100016892_L01_5.fq.gz	L281	NONE; Subject_ID/Disease/Affection_Status empty in current RunInfo	Illumina NovaSeq 6000	SINGLE	50	23984406	1199220300	966	549169647	https://ftp.sra.ebi.ac.uk/vol1/fastq/SRR247/077/SRR24785177/SRR24785177.fastq.gz	7e8f130445ab831d15c69bd3b2fab799	UNRESOLVED_AT_FILE_LEVEL	NCBI RunInfo and ENA read_run filereport retrieved 2026-08-24
SRR24785178	SRX20558044	SAMN35536279	SRS17864088	V350017700_L02_16.fq.gz	V350017700_L02_16.fq.gz	L29	NONE; Subject_ID/Disease/Affection_Status empty in current RunInfo	Illumina NovaSeq 6000	SINGLE	50	27752390	1387619500	1203	615010569	https://ftp.sra.ebi.ac.uk/vol1/fastq/SRR247/078/SRR24785178/SRR24785178.fastq.gz	b45f75ce670a03d66bf46bf115a48305	UNRESOLVED_AT_FILE_LEVEL	NCBI RunInfo and ENA read_run filereport retrieved 2026-08-24
SRR24785179	SRX20558043	SAMN35536530	SRS17864089	N100016892_L01_4.fq.gz	N100016892_L01_4.fq.gz	L280	NONE; Subject_ID/Disease/Affection_Status empty in current RunInfo	Illumina NovaSeq 6000	SINGLE	50	31450155	1572507750	1289	718245938	https://ftp.sra.ebi.ac.uk/vol1/fastq/SRR247/079/SRR24785179/SRR24785179.fastq.gz	17b426c4fee48c49cf61f1ab8b61aa58	UNRESOLVED_AT_FILE_LEVEL	NCBI RunInfo and ENA read_run filereport retrieved 2026-08-24
SRR24785180	SRX20558042	SAMN35536529	SRS17864086	N100016892_L01_2.fq.gz	N100016892_L01_2.fq.gz	L279	NONE; Subject_ID/Disease/Affection_Status empty in current RunInfo	Illumina NovaSeq 6000	SINGLE	50	35472632	1773631600	1434	806398273	https://ftp.sra.ebi.ac.uk/vol1/fastq/SRR247/080/SRR24785180/SRR24785180.fastq.gz	e2d66a868cfb543243f7f44ecfe82dc3	UNRESOLVED_AT_FILE_LEVEL	NCBI RunInfo and ENA read_run filereport retrieved 2026-08-24
SRR24785181	SRX20558041	SAMN35536528	SRS17864087	N100016852_L01_2.fq.gz	N100016852_L01_2.fq.gz	L278	NONE; Subject_ID/Disease/Affection_Status empty in current RunInfo	Illumina NovaSeq 6000	SINGLE	50	31375061	1568753050	1299	714643084	https://ftp.sra.ebi.ac.uk/vol1/fastq/SRR247/081/SRR24785181/SRR24785181.fastq.gz	bb301610ff0ecfaa94fe624d5971c480	UNRESOLVED_AT_FILE_LEVEL	NCBI RunInfo and ENA read_run filereport retrieved 2026-08-24
SRR24785182	SRX20558040	SAMN35536527	SRS17864084	N100016839_L01_32.fq.gz	N100016839_L01_32.fq.gz	L277	NONE; Subject_ID/Disease/Affection_Status empty in current RunInfo	Illumina NovaSeq 6000	SINGLE	50	36354759	1817737950	1475	830863131	https://ftp.sra.ebi.ac.uk/vol1/fastq/SRR247/082/SRR24785182/SRR24785182.fastq.gz	c4139c7f0f45ebe3c77bb81ede3e88c7	UNRESOLVED_AT_FILE_LEVEL	NCBI RunInfo and ENA read_run filereport retrieved 2026-08-24
SRR24785183	SRX20558039	SAMN35536526	SRS17864083	N100016839_L01_30.fq.gz	N100016839_L01_30.fq.gz	L276	NONE; Subject_ID/Disease/Affection_Status empty in current RunInfo	Illumina NovaSeq 6000	SINGLE	50	35352777	1767638850	1460	806045044	https://ftp.sra.ebi.ac.uk/vol1/fastq/SRR247/083/SRR24785183/SRR24785183.fastq.gz	29f9b391e1fe3d088df3198fd24d6179	UNRESOLVED_AT_FILE_LEVEL	NCBI RunInfo and ENA read_run filereport retrieved 2026-08-24
SRR24785184	SRX20558038	SAMN35536525	SRS17864085	N100016816_L01_29.fq.gz	N100016816_L01_29.fq.gz	L275	NONE; Subject_ID/Disease/Affection_Status empty in current RunInfo	Illumina NovaSeq 6000	SINGLE	50	144176050	7208802500	5399	3211689837	https://ftp.sra.ebi.ac.uk/vol1/fastq/SRR247/084/SRR24785184/SRR24785184.fastq.gz	d60928ca6536378bd53e3c3bab1349b5	UNRESOLVED_AT_FILE_LEVEL	NCBI RunInfo and ENA read_run filereport retrieved 2026-08-24
SRR24785185	SRX20558037	SAMN35536524	SRS17864081	N100016816_L01_17.fq.gz	N100016816_L01_17.fq.gz	L274	NONE; Subject_ID/Disease/Affection_Status empty in current RunInfo	Illumina NovaSeq 6000	SINGLE	50	17347394	867369700	719	396756634	https://ftp.sra.ebi.ac.uk/vol1/fastq/SRR247/085/SRR24785185/SRR24785185.fastq.gz	c68c11e3316bc4e486ad26b80eaae5d0	UNRESOLVED_AT_FILE_LEVEL	NCBI RunInfo and ENA read_run filereport retrieved 2026-08-24
SRR24785186	SRX20558036	SAMN35536523	SRS17864080	N100016816_L01_16.fq.gz	N100016816_L01_16.fq.gz	L273	NONE; Subject_ID/Disease/Affection_Status empty in current RunInfo	Illumina NovaSeq 6000	SINGLE	50	18829630	941481500	775	431808867	https://ftp.sra.ebi.ac.uk/vol1/fastq/SRR247/086/SRR24785186/SRR24785186.fastq.gz	22c1d282aa530b1b9496d46468bdc695	UNRESOLVED_AT_FILE_LEVEL	NCBI RunInfo and ENA read_run filereport retrieved 2026-08-24
SRR24785187	SRX20558035	SAMN35536522	SRS17864078	N100016816_L01_15.fq.gz	N100016816_L01_15.fq.gz	L272	NONE; Subject_ID/Disease/Affection_Status empty in current RunInfo	Illumina NovaSeq 6000	SINGLE	50	10133072	506653600	416	233751880	https://ftp.sra.ebi.ac.uk/vol1/fastq/SRR247/087/SRR24785187/SRR24785187.fastq.gz	68386f3521acbfdf305d83c7a701c454	UNRESOLVED_AT_FILE_LEVEL	NCBI RunInfo and ENA read_run filereport retrieved 2026-08-24
SRR24785188	SRX20558034	SAMN35536521	SRS17864082	N100016807_L01_6.fq.gz	N100016807_L01_6.fq.gz	L271	NONE; Subject_ID/Disease/Affection_Status empty in current RunInfo	Illumina NovaSeq 6000	SINGLE	50	41062259	2053112950	1747	930235349	https://ftp.sra.ebi.ac.uk/vol1/fastq/SRR247/088/SRR24785188/SRR24785188.fastq.gz	cb8bf54ca6a406de8ada31c7893546f5	UNRESOLVED_AT_FILE_LEVEL	NCBI RunInfo and ENA read_run filereport retrieved 2026-08-24
SRR24785189	SRX20558033	SAMN35536278	SRS17864079	V350014997_L02_16.fq.gz	V350014997_L02_16.fq.gz	L28	NONE; Subject_ID/Disease/Affection_Status empty in current RunInfo	Illumina NovaSeq 6000	SINGLE	50	23279558	1163977900	1024	518378666	https://ftp.sra.ebi.ac.uk/vol1/fastq/SRR247/089/SRR24785189/SRR24785189.fastq.gz	d577d9280fda456aa4f239dc9f59db08	UNRESOLVED_AT_FILE_LEVEL	NCBI RunInfo and ENA read_run filereport retrieved 2026-08-24
SRR24785190	SRX20558032	SAMN35536520	SRS17864076	N100016807_L01_5.fq.gz	N100016807_L01_5.fq.gz	L270	NONE; Subject_ID/Disease/Affection_Status empty in current RunInfo	Illumina NovaSeq 6000	SINGLE	50	32742361	1637118050	1382	745959506	https://ftp.sra.ebi.ac.uk/vol1/fastq/SRR247/090/SRR24785190/SRR24785190.fastq.gz	f8588b00c4ecd244657f75ff8d680e38	UNRESOLVED_AT_FILE_LEVEL	NCBI RunInfo and ENA read_run filereport retrieved 2026-08-24
SRR24785191	SRX20558031	SAMN35536519	SRS17864075	N100016807_L01_4.fq.gz	N100016807_L01_4.fq.gz	L269	NONE; Subject_ID/Disease/Affection_Status empty in current RunInfo	Illumina NovaSeq 6000	SINGLE	50	25047928	1252396400	1096	570869092	https://ftp.sra.ebi.ac.uk/vol1/fastq/SRR247/091/SRR24785191/SRR24785191.fastq.gz	631c0b947f980db542caf0fddeee07ba	UNRESOLVED_AT_FILE_LEVEL	NCBI RunInfo and ENA read_run filereport retrieved 2026-08-24
SRR24785192	SRX20558030	SAMN35536518	SRS17864077	N100016807_L01_2.fq.gz	N100016807_L01_2.fq.gz	L268	NONE; Subject_ID/Disease/Affection_Status empty in current RunInfo	Illumina NovaSeq 6000	SINGLE	50	40653277	2032663850	1718	919116983	https://ftp.sra.ebi.ac.uk/vol1/fastq/SRR247/092/SRR24785192/SRR24785192.fastq.gz	d07216058117e34e78ee95cc0c68ef73	UNRESOLVED_AT_FILE_LEVEL	NCBI RunInfo and ENA read_run filereport retrieved 2026-08-24
SRR24785193	SRX20558029	SAMN35536517	SRS17864074	N100016752_L01_11.fq.gz	N100016752_L01_11.fq.gz	L267	NONE; Subject_ID/Disease/Affection_Status empty in current RunInfo	Illumina NovaSeq 6000	SINGLE	50	36239622	1811981100	1490	826311512	https://ftp.sra.ebi.ac.uk/vol1/fastq/SRR247/093/SRR24785193/SRR24785193.fastq.gz	03b618de536033a16a415dd04c459a32	UNRESOLVED_AT_FILE_LEVEL	NCBI RunInfo and ENA read_run filereport retrieved 2026-08-24
SRR24785194	SRX20558028	SAMN35536516	SRS17864071	N100016752_L01_10.fq.gz	N100016752_L01_10.fq.gz	L266	NONE; Subject_ID/Disease/Affection_Status empty in current RunInfo	Illumina NovaSeq 6000	SINGLE	50	27259824	1362991200	1117	624400337	https://ftp.sra.ebi.ac.uk/vol1/fastq/SRR247/094/SRR24785194/SRR24785194.fastq.gz	085e391aa6d06bfc8797ed36e9179da8	UNRESOLVED_AT_FILE_LEVEL	NCBI RunInfo and ENA read_run filereport retrieved 2026-08-24
SRR24785195	SRX20557674	SAMN35536515	SRS17863717	N100016752_L01_8.fq.gz	N100016752_L01_8.fq.gz	L265	NONE; Subject_ID/Disease/Affection_Status empty in current RunInfo	Illumina NovaSeq 6000	SINGLE	50	26804182	1340209100	1105	612964822	https://ftp.sra.ebi.ac.uk/vol1/fastq/SRR247/095/SRR24785195/SRR24785195.fastq.gz	11a7c5e46e5450d30f27772131e784f9	UNRESOLVED_AT_FILE_LEVEL	NCBI RunInfo and ENA read_run filereport retrieved 2026-08-24
SRR24785196	SRX20558026	SAMN35536741	SRS17864072	N100018830_L01_5.fq.gz	N100018830_L01_5.fq.gz	L491	NONE; Subject_ID/Disease/Affection_Status empty in current RunInfo	Illumina NovaSeq 6000	SINGLE	50	36760822	1838041100	1525	837183783	https://ftp.sra.ebi.ac.uk/vol1/fastq/SRR247/096/SRR24785196/SRR24785196.fastq.gz	56f40787dee15cd0510a7fd5cafaf93b	UNRESOLVED_AT_FILE_LEVEL	NCBI RunInfo and ENA read_run filereport retrieved 2026-08-24
SRR24785197	SRX20558025	SAMN35536300	SRS17864070	V300081044_L04_24.fq.gz	V300081044_L04_24.fq.gz	L50	NONE; Subject_ID/Disease/Affection_Status empty in current RunInfo	Illumina NovaSeq 6000	SINGLE	50	90215734	4510786700	3928	2059433118	https://ftp.sra.ebi.ac.uk/vol1/fastq/SRR247/097/SRR24785197/SRR24785197.fastq.gz	5ee9ec339b5a4b7b9714621e730e769e	UNRESOLVED_AT_FILE_LEVEL	NCBI RunInfo and ENA read_run filereport retrieved 2026-08-24
SRR24785198	SRX20558024	SAMN35536740	SRS17864069	N100018830_L01_2.fq.gz	N100018830_L01_2.fq.gz	L490	NONE; Subject_ID/Disease/Affection_Status empty in current RunInfo	Illumina NovaSeq 6000	SINGLE	50	51770133	2588506650	2125	1167751838	https://ftp.sra.ebi.ac.uk/vol1/fastq/SRR247/098/SRR24785198/SRR24785198.fastq.gz	035aef156a2d9f891e18563da3d1e644	UNRESOLVED_AT_FILE_LEVEL	NCBI RunInfo and ENA read_run filereport retrieved 2026-08-24
SRR24785199	SRX20558023	SAMN35536739	SRS17864068	N100018826_L01_25.fq.gz	N100018826_L01_25.fq.gz	L489	NONE; Subject_ID/Disease/Affection_Status empty in current RunInfo	Illumina NovaSeq 6000	SINGLE	50	30894324	1544716200	1294	704829075	https://ftp.sra.ebi.ac.uk/vol1/fastq/SRR247/099/SRR24785199/SRR24785199.fastq.gz	aeb44681d2e4b5691b1574b99e0fdb90	UNRESOLVED_AT_FILE_LEVEL	NCBI RunInfo and ENA read_run filereport retrieved 2026-08-24
SRR24785200	SRX20558022	SAMN35536738	SRS17864065	N100018826_L01_20.fq.gz	N100018826_L01_20.fq.gz	L488	NONE; Subject_ID/Disease/Affection_Status empty in current RunInfo	Illumina NovaSeq 6000	SINGLE	50	16778832	838941600	727	387102090	https://ftp.sra.ebi.ac.uk/vol1/fastq/SRR247/000/SRR24785200/SRR24785200.fastq.gz	77ac9fd90929abd3901bfd1e53233b1f	UNRESOLVED_AT_FILE_LEVEL	NCBI RunInfo and ENA read_run filereport retrieved 2026-08-24
SRR24785201	SRX20558021	SAMN35536737	SRS17864066	N100018826_L01_17.fq.gz	N100018826_L01_17.fq.gz	L487	NONE; Subject_ID/Disease/Affection_Status empty in current RunInfo	Illumina NovaSeq 6000	SINGLE	50	37706978	1885348900	1582	854320057	https://ftp.sra.ebi.ac.uk/vol1/fastq/SRR247/001/SRR24785201/SRR24785201.fastq.gz	4033d6238b77f59fe579c40d9904a8aa	UNRESOLVED_AT_FILE_LEVEL	NCBI RunInfo and ENA read_run filereport retrieved 2026-08-24
SRR24785202	SRX20558020	SAMN35536736	SRS17864063	N100018821_L01_32.fq.gz	N100018821_L01_32.fq.gz	L486	NONE; Subject_ID/Disease/Affection_Status empty in current RunInfo	Illumina NovaSeq 6000	SINGLE	50	42570619	2128530950	1697	965386663	https://ftp.sra.ebi.ac.uk/vol1/fastq/SRR247/002/SRR24785202/SRR24785202.fastq.gz	480c35d770a97c4762252913548298af	UNRESOLVED_AT_FILE_LEVEL	NCBI RunInfo and ENA read_run filereport retrieved 2026-08-24
SRR24785203	SRX20558019	SAMN35536735	SRS17864067	N100018821_L01_30.fq.gz	N100018821_L01_30.fq.gz	L485	NONE; Subject_ID/Disease/Affection_Status empty in current RunInfo	Illumina NovaSeq 6000	SINGLE	50	38301482	1915074100	1560	872528492	https://ftp.sra.ebi.ac.uk/vol1/fastq/SRR247/003/SRR24785203/SRR24785203.fastq.gz	19a4b51cf74e13fcd1856babb6386f3b	UNRESOLVED_AT_FILE_LEVEL	NCBI RunInfo and ENA read_run filereport retrieved 2026-08-24
SRR24785204	SRX20558018	SAMN35536734	SRS17864062	N100018821_L01_28.fq.gz	N100018821_L01_28.fq.gz	L484	NONE; Subject_ID/Disease/Affection_Status empty in current RunInfo	Illumina NovaSeq 6000	SINGLE	50	30131955	1506597750	1220	687554332	https://ftp.sra.ebi.ac.uk/vol1/fastq/SRR247/004/SRR24785204/SRR24785204.fastq.gz	f3f46683e7ab895e903d73a95350ad26	UNRESOLVED_AT_FILE_LEVEL	NCBI RunInfo and ENA read_run filereport retrieved 2026-08-24
SRR24785205	SRX20558017	SAMN35536733	SRS17864064	N100018821_L01_26.fq.gz	N100018821_L01_26.fq.gz	L483	NONE; Subject_ID/Disease/Affection_Status empty in current RunInfo	Illumina NovaSeq 6000	SINGLE	50	30103831	1505191550	1209	688418641	https://ftp.sra.ebi.ac.uk/vol1/fastq/SRR247/005/SRR24785205/SRR24785205.fastq.gz	788fb7ab2afa2dce382b1950be2edcc7	UNRESOLVED_AT_FILE_LEVEL	NCBI RunInfo and ENA read_run filereport retrieved 2026-08-24
SRR24785206	SRX20558016	SAMN35536732	SRS17864061	N100018821_L01_22.fq.gz	N100018821_L01_22.fq.gz	L482	NONE; Subject_ID/Disease/Affection_Status empty in current RunInfo	Illumina NovaSeq 6000	SINGLE	50	50413682	2520684100	2023	1127707686	https://ftp.sra.ebi.ac.uk/vol1/fastq/SRR247/006/SRR24785206/SRR24785206.fastq.gz	7352b18d5ed81c1726080b6761650acc	UNRESOLVED_AT_FILE_LEVEL	NCBI RunInfo and ENA read_run filereport retrieved 2026-08-24
SRR24785207	SRX20558015	SAMN35536731	SRS17864058	N100018817_L01_29.fq.gz	N100018817_L01_29.fq.gz	L481	NONE; Subject_ID/Disease/Affection_Status empty in current RunInfo	Illumina NovaSeq 6000	SINGLE	50	39042414	1952120700	1610	890117984	https://ftp.sra.ebi.ac.uk/vol1/fastq/SRR247/007/SRR24785207/SRR24785207.fastq.gz	5c066995292f68c93c14adc6d733cc28	UNRESOLVED_AT_FILE_LEVEL	NCBI RunInfo and ENA read_run filereport retrieved 2026-08-24
SRR24785208	SRX20558014	SAMN35536299	SRS17864060	V300081129_L03_20.fq.gz	V300081129_L03_20.fq.gz	L49	NONE; Subject_ID/Disease/Affection_Status empty in current RunInfo	Illumina NovaSeq 6000	SINGLE	50	37487681	1874384050	1684	834895899	https://ftp.sra.ebi.ac.uk/vol1/fastq/SRR247/008/SRR24785208/SRR24785208.fastq.gz	7afb93bf7a980088b4f960e8039bdcef	UNRESOLVED_AT_FILE_LEVEL	NCBI RunInfo and ENA read_run filereport retrieved 2026-08-24
SRR24785209	SRX20558013	SAMN35536730	SRS17864059	N100018817_L01_25.fq.gz	N100018817_L01_25.fq.gz	L480	NONE; Subject_ID/Disease/Affection_Status empty in current RunInfo	Illumina NovaSeq 6000	SINGLE	50	35407617	1770380850	1479	808819701	https://ftp.sra.ebi.ac.uk/vol1/fastq/SRR247/009/SRR24785209/SRR24785209.fastq.gz	c8308de78082ff2d80127aacd25978b5	UNRESOLVED_AT_FILE_LEVEL	NCBI RunInfo and ENA read_run filereport retrieved 2026-08-24
SRR24785210	SRX20558012	SAMN35536729	SRS17864054	N100018817_L01_17.fq.gz	N100018817_L01_17.fq.gz	L479	NONE; Subject_ID/Disease/Affection_Status empty in current RunInfo	Illumina NovaSeq 6000	SINGLE	50	35779898	1788994900	1469	813984832	https://ftp.sra.ebi.ac.uk/vol1/fastq/SRR247/010/SRR24785210/SRR24785210.fastq.gz	ccbbaf32a97847ceb56f532f2df3a454	UNRESOLVED_AT_FILE_LEVEL	NCBI RunInfo and ENA read_run filereport retrieved 2026-08-24
SRR24785211	SRX20558011	SAMN35536728	SRS17864056	N100018812_L01_5.fq.gz	N100018812_L01_5.fq.gz	L478	NONE; Subject_ID/Disease/Affection_Status empty in current RunInfo	Illumina NovaSeq 6000	SINGLE	50	46169081	2308454050	1777	1041433110	https://ftp.sra.ebi.ac.uk/vol1/fastq/SRR247/011/SRR24785211/SRR24785211.fastq.gz	6dbedfcb3c5debcb8caeb6900371656f	UNRESOLVED_AT_FILE_LEVEL	NCBI RunInfo and ENA read_run filereport retrieved 2026-08-24
SRR24785212	SRX20558010	SAMN35536727	SRS17864055	N100018780_L01_5.fq.gz	N100018780_L01_5.fq.gz	L477	NONE; Subject_ID/Disease/Affection_Status empty in current RunInfo	Illumina NovaSeq 6000	SINGLE	50	28137732	1406886600	1062	643369375	https://ftp.sra.ebi.ac.uk/vol1/fastq/SRR247/012/SRR24785212/SRR24785212.fastq.gz	b20badca41e4eabab1fce188f78b7811	UNRESOLVED_AT_FILE_LEVEL	NCBI RunInfo and ENA read_run filereport retrieved 2026-08-24
SRR24785213	SRX20558009	SAMN35536726	SRS17864057	N100018769_L01_7.fq.gz	N100018769_L01_7.fq.gz	L476	NONE; Subject_ID/Disease/Affection_Status empty in current RunInfo	Illumina NovaSeq 6000	SINGLE	50	21270420	1063521000	866	487923848	https://ftp.sra.ebi.ac.uk/vol1/fastq/SRR247/013/SRR24785213/SRR24785213.fastq.gz	c157347e766783803f0adb6cbd4b740d	UNRESOLVED_AT_FILE_LEVEL	NCBI RunInfo and ENA read_run filereport retrieved 2026-08-24
SRR24785214	SRX20558008	SAMN35536725	SRS17864052	N100018769_L01_32.fq.gz	N100018769_L01_32.fq.gz	L475	NONE; Subject_ID/Disease/Affection_Status empty in current RunInfo	Illumina NovaSeq 6000	SINGLE	50	26371196	1318559800	1092	604681267	https://ftp.sra.ebi.ac.uk/vol1/fastq/SRR247/014/SRR24785214/SRR24785214.fastq.gz	9832c83e683b4674691f4bbc91e63afe	UNRESOLVED_AT_FILE_LEVEL	NCBI RunInfo and ENA read_run filereport retrieved 2026-08-24
SRR24785215	SRX20558007	SAMN35536724	SRS17864049	N100018769_L01_30.fq.gz	N100018769_L01_30.fq.gz	L474	NONE; Subject_ID/Disease/Affection_Status empty in current RunInfo	Illumina NovaSeq 6000	SINGLE	50	29348316	1467415800	1217	673287913	https://ftp.sra.ebi.ac.uk/vol1/fastq/SRR247/015/SRR24785215/SRR24785215.fastq.gz	6c984c1d3c156586e7e89018924f4428	UNRESOLVED_AT_FILE_LEVEL	NCBI RunInfo and ENA read_run filereport retrieved 2026-08-24
SRR24785216	SRX20558006	SAMN35536723	SRS17864053	N100018768_L01_2.fq.gz	N100018768_L01_2.fq.gz	L473	NONE; Subject_ID/Disease/Affection_Status empty in current RunInfo	Illumina NovaSeq 6000	SINGLE	50	89924044	4496202200	3548	2014177396	https://ftp.sra.ebi.ac.uk/vol1/fastq/SRR247/016/SRR24785216/SRR24785216.fastq.gz	d68fe5d8c8cb2f9b72799a294adc7841	UNRESOLVED_AT_FILE_LEVEL	NCBI RunInfo and ENA read_run filereport retrieved 2026-08-24
SRR24785217	SRX20558005	SAMN35536722	SRS17864050	N100018759_L01_2.fq.gz	N100018759_L01_2.fq.gz	L472	NONE; Subject_ID/Disease/Affection_Status empty in current RunInfo	Illumina NovaSeq 6000	SINGLE	50	48254293	2412714650	2043	1093553751	https://ftp.sra.ebi.ac.uk/vol1/fastq/SRR247/017/SRR24785217/SRR24785217.fastq.gz	515231bbcd76c30a03bd70e3796b35f8	UNRESOLVED_AT_FILE_LEVEL	NCBI RunInfo and ENA read_run filereport retrieved 2026-08-24
SRR24785218	SRX20558004	SAMN35536721	SRS17864051	N100018747_L01_8.fq.gz	N100018747_L01_8.fq.gz	L471	NONE; Subject_ID/Disease/Affection_Status empty in current RunInfo	Illumina NovaSeq 6000	SINGLE	50	17869031	893451550	796	409380806	https://ftp.sra.ebi.ac.uk/vol1/fastq/SRR247/018/SRR24785218/SRR24785218.fastq.gz	afd7e47ffc1665911f1311872cca2a24	UNRESOLVED_AT_FILE_LEVEL	NCBI RunInfo and ENA read_run filereport retrieved 2026-08-24
SRR24785219	SRX20558003	SAMN35536298	SRS17864048	V300081044_L02_24.fq.gz	V300081044_L02_24.fq.gz	L48	NONE; Subject_ID/Disease/Affection_Status empty in current RunInfo	Illumina NovaSeq 6000	SINGLE	50	89974286	4498714300	3936	2054518378	https://ftp.sra.ebi.ac.uk/vol1/fastq/SRR247/019/SRR24785219/SRR24785219.fastq.gz	a1aed729be74cbf3722c330961cae3f2	UNRESOLVED_AT_FILE_LEVEL	NCBI RunInfo and ENA read_run filereport retrieved 2026-08-24
SRR24785220	SRX20558002	SAMN35536720	SRS17864047	N100018747_L01_6.fq.gz	N100018747_L01_6.fq.gz	L470	NONE; Subject_ID/Disease/Affection_Status empty in current RunInfo	Illumina NovaSeq 6000	SINGLE	50	52831023	2641551150	2277	1194978364	https://ftp.sra.ebi.ac.uk/vol1/fastq/SRR247/020/SRR24785220/SRR24785220.fastq.gz	a80542739aa9b820652a8f3ef2429f96	UNRESOLVED_AT_FILE_LEVEL	NCBI RunInfo and ENA read_run filereport retrieved 2026-08-24
SRR24785221	SRX20558001	SAMN35536719	SRS17864044	N100018747_L01_5.fq.gz	N100018747_L01_5.fq.gz	L469	NONE; Subject_ID/Disease/Affection_Status empty in current RunInfo	Illumina NovaSeq 6000	SINGLE	50	19799132	989956600	862	454788509	https://ftp.sra.ebi.ac.uk/vol1/fastq/SRR247/021/SRR24785221/SRR24785221.fastq.gz	d2afa323acba025fdfc547bd52419f65	UNRESOLVED_AT_FILE_LEVEL	NCBI RunInfo and ENA read_run filereport retrieved 2026-08-24
SRR24785222	SRX20558000	SAMN35536718	SRS17864046	N100018747_L01_4.fq.gz	N100018747_L01_4.fq.gz	L468	NONE; Subject_ID/Disease/Affection_Status empty in current RunInfo	Illumina NovaSeq 6000	SINGLE	50	21561017	1078050850	953	494341219	https://ftp.sra.ebi.ac.uk/vol1/fastq/SRR247/022/SRR24785222/SRR24785222.fastq.gz	884fbd5108ff05e12360b7b66b4b3b7e	UNRESOLVED_AT_FILE_LEVEL	NCBI RunInfo and ENA read_run filereport retrieved 2026-08-24
SRR24785223	SRX20557999	SAMN35536717	SRS17864045	N100018734_L01_30.fq.gz	N100018734_L01_30.fq.gz	L467	NONE; Subject_ID/Disease/Affection_Status empty in current RunInfo	Illumina NovaSeq 6000	SINGLE	50	30961620	1548081000	1276	708627145	https://ftp.sra.ebi.ac.uk/vol1/fastq/SRR247/023/SRR24785223/SRR24785223.fastq.gz	e3b60975ac87bbad9de22b8f9cae2e2f	UNRESOLVED_AT_FILE_LEVEL	NCBI RunInfo and ENA read_run filereport retrieved 2026-08-24
SRR24785224	SRX20557998	SAMN35536716	SRS17864042	N100018733_L01_22.fq.gz	N100018733_L01_22.fq.gz	L466	NONE; Subject_ID/Disease/Affection_Status empty in current RunInfo	Illumina NovaSeq 6000	SINGLE	50	69147831	3457391550	2779	1556119411	https://ftp.sra.ebi.ac.uk/vol1/fastq/SRR247/024/SRR24785224/SRR24785224.fastq.gz	5ba2ccbbd74b15838f140d3be4634824	UNRESOLVED_AT_FILE_LEVEL	NCBI RunInfo and ENA read_run filereport retrieved 2026-08-24
SRR24785225	SRX20557997	SAMN35536715	SRS17864041	N100018732_L01_32.fq.gz	N100018732_L01_32.fq.gz	L465	NONE; Subject_ID/Disease/Affection_Status empty in current RunInfo	Illumina NovaSeq 6000	SINGLE	50	53290239	2664511950	2172	1206270852	https://ftp.sra.ebi.ac.uk/vol1/fastq/SRR247/025/SRR24785225/SRR24785225.fastq.gz	32d8de866494aa99804dbeb95c8a5ce3	UNRESOLVED_AT_FILE_LEVEL	NCBI RunInfo and ENA read_run filereport retrieved 2026-08-24
SRR24785226	SRX20557996	SAMN35536714	SRS17864043	N100018732_L01_7.fq.gz	N100018732_L01_7.fq.gz	L464	NONE; Subject_ID/Disease/Affection_Status empty in current RunInfo	Illumina NovaSeq 6000	SINGLE	50	31630703	1581535150	1273	721726753	https://ftp.sra.ebi.ac.uk/vol1/fastq/SRR247/026/SRR24785226/SRR24785226.fastq.gz	ad10a050270948e88036453036e47102	UNRESOLVED_AT_FILE_LEVEL	NCBI RunInfo and ENA read_run filereport retrieved 2026-08-24
SRR24785227	SRX20557995	SAMN35536713	SRS17864039	N100018732_L01_30.fq.gz	N100018732_L01_30.fq.gz	L463	NONE; Subject_ID/Disease/Affection_Status empty in current RunInfo	Illumina NovaSeq 6000	SINGLE	50	66515429	3325771450	2711	1508236050	https://ftp.sra.ebi.ac.uk/vol1/fastq/SRR247/027/SRR24785227/SRR24785227.fastq.gz	4bc4960029b4ab3fecb11ccd56bd7a3f	UNRESOLVED_AT_FILE_LEVEL	NCBI RunInfo and ENA read_run filereport retrieved 2026-08-24
SRR24785228	SRX20557994	SAMN35536712	SRS17864040	N100018732_L01_28.fq.gz	N100018732_L01_28.fq.gz	L462	NONE; Subject_ID/Disease/Affection_Status empty in current RunInfo	Illumina NovaSeq 6000	SINGLE	50	42163379	2108168950	1705	957439561	https://ftp.sra.ebi.ac.uk/vol1/fastq/SRR247/028/SRR24785228/SRR24785228.fastq.gz	2eba79654511d157a0c11cd7753f0e86	UNRESOLVED_AT_FILE_LEVEL	NCBI RunInfo and ENA read_run filereport retrieved 2026-08-24
SRR24785229	SRX20557993	SAMN35536711	SRS17864037	N100018727_L01_8.fq.gz	N100018727_L01_8.fq.gz	L461	NONE; Subject_ID/Disease/Affection_Status empty in current RunInfo	Illumina NovaSeq 6000	SINGLE	50	21451588	1072579400	894	490473912	https://ftp.sra.ebi.ac.uk/vol1/fastq/SRR247/029/SRR24785229/SRR24785229.fastq.gz	b121d6e9cef88187f63bd46cec72dd4f	UNRESOLVED_AT_FILE_LEVEL	NCBI RunInfo and ENA read_run filereport retrieved 2026-08-24
SRR24785230	SRX20557992	SAMN35536297	SRS17864035	V300094681_L01_10.fq.gz	V300094681_L01_10.fq.gz	L47	NONE; Subject_ID/Disease/Affection_Status empty in current RunInfo	Illumina NovaSeq 6000	SINGLE	50	44468431	2223421550	1896	1012297415	https://ftp.sra.ebi.ac.uk/vol1/fastq/SRR247/030/SRR24785230/SRR24785230.fastq.gz	f090685eeae20681699ed3cf3aa18834	UNRESOLVED_AT_FILE_LEVEL	NCBI RunInfo and ENA read_run filereport retrieved 2026-08-24
SRR24785231	SRX20557847	SAMN35536710	SRS17863891	N100018727_L01_6.fq.gz	N100018727_L01_6.fq.gz	L460	NONE; Subject_ID/Disease/Affection_Status empty in current RunInfo	Illumina NovaSeq 6000	SINGLE	50	38111107	1905555350	1614	867180083	https://ftp.sra.ebi.ac.uk/vol1/fastq/SRR247/031/SRR24785231/SRR24785231.fastq.gz	9e31beb63dcf0009b425f0e947642251	UNRESOLVED_AT_FILE_LEVEL	NCBI RunInfo and ENA read_run filereport retrieved 2026-08-24
SRR24785232	SRX20557990	SAMN35536313	SRS17864036	V300021251_L01_18.fq.gz	V300021251_L01_18.fq.gz	L63	NONE; Subject_ID/Disease/Affection_Status empty in current RunInfo	Illumina NovaSeq 6000	SINGLE	50	35599359	1779967950	1509	862164531	https://ftp.sra.ebi.ac.uk/vol1/fastq/SRR247/032/SRR24785232/SRR24785232.fastq.gz	14b8563c929fe2ec8964685ab26a92af	UNRESOLVED_AT_FILE_LEVEL	NCBI RunInfo and ENA read_run filereport retrieved 2026-08-24
SRR24785233	SRX20557989	SAMN35536870	SRS17864034	N100019304_L01_22.fq.gz	N100019304_L01_22.fq.gz	L620	NONE; Subject_ID/Disease/Affection_Status empty in current RunInfo	Illumina NovaSeq 6000	SINGLE	50	42878160	2143908000	1795	970945140	https://ftp.sra.ebi.ac.uk/vol1/fastq/SRR247/033/SRR24785233/SRR24785233.fastq.gz	2a1c1af7dd585b032c8ab2a465f15e06	UNRESOLVED_AT_FILE_LEVEL	NCBI RunInfo and ENA read_run filereport retrieved 2026-08-24
SRR24785234	SRX20557988	SAMN35536869	SRS17864032	N100019293_L01_8.fq.gz	N100019293_L01_8.fq.gz	L619	NONE; Subject_ID/Disease/Affection_Status empty in current RunInfo	Illumina NovaSeq 6000	SINGLE	50	27942317	1397115850	1196	624390819	https://ftp.sra.ebi.ac.uk/vol1/fastq/SRR247/034/SRR24785234/SRR24785234.fastq.gz	f62f548d6e03105d96f2d7d14e311b09	UNRESOLVED_AT_FILE_LEVEL	NCBI RunInfo and ENA read_run filereport retrieved 2026-08-24
SRR24785235	SRX20557987	SAMN35536868	SRS17864033	N100019272_L01_8.fq.gz	N100019272_L01_8.fq.gz	L618	NONE; Subject_ID/Disease/Affection_Status empty in current RunInfo	Illumina NovaSeq 6000	SINGLE	50	23746804	1187340200	997	542751494	https://ftp.sra.ebi.ac.uk/vol1/fastq/SRR247/035/SRR24785235/SRR24785235.fastq.gz	69ab8448b38d666ce8aa232af6199bb5	UNRESOLVED_AT_FILE_LEVEL	NCBI RunInfo and ENA read_run filereport retrieved 2026-08-24
SRR24785236	SRX20557986	SAMN35536867	SRS17864031	N100019272_L01_6.fq.gz	N100019272_L01_6.fq.gz	L617	NONE; Subject_ID/Disease/Affection_Status empty in current RunInfo	Illumina NovaSeq 6000	SINGLE	50	31498758	1574937900	1331	719160095	https://ftp.sra.ebi.ac.uk/vol1/fastq/SRR247/036/SRR24785236/SRR24785236.fastq.gz	1bf0b1181043abe86e45267df5b035f6	UNRESOLVED_AT_FILE_LEVEL	NCBI RunInfo and ENA read_run filereport retrieved 2026-08-24
SRR24785237	SRX20557985	SAMN35536866	SRS17864029	N100019272_L01_5.fq.gz	N100019272_L01_5.fq.gz	L616	NONE; Subject_ID/Disease/Affection_Status empty in current RunInfo	Illumina NovaSeq 6000	SINGLE	50	20525623	1026281150	854	470829238	https://ftp.sra.ebi.ac.uk/vol1/fastq/SRR247/037/SRR24785237/SRR24785237.fastq.gz	5f923b87add07a1f0ff17646785cd30b	UNRESOLVED_AT_FILE_LEVEL	NCBI RunInfo and ENA read_run filereport retrieved 2026-08-24
SRR24785238	SRX20557984	SAMN35536865	SRS17864030	N100019272_L01_4.fq.gz	N100019272_L01_4.fq.gz	L615	NONE; Subject_ID/Disease/Affection_Status empty in current RunInfo	Illumina NovaSeq 6000	SINGLE	50	33813182	1690659100	1427	768606571	https://ftp.sra.ebi.ac.uk/vol1/fastq/SRR247/038/SRR24785238/SRR24785238.fastq.gz	61103d1f5e1bba78819e7343245bf87f	UNRESOLVED_AT_FILE_LEVEL	NCBI RunInfo and ENA read_run filereport retrieved 2026-08-24
SRR24785239	SRX20557983	SAMN35536864	SRS17864027	N100019272_L01_2.fq.gz	N100019272_L01_2.fq.gz	L614	NONE; Subject_ID/Disease/Affection_Status empty in current RunInfo	Illumina NovaSeq 6000	SINGLE	50	28868464	1443423200	1214	659314545	https://ftp.sra.ebi.ac.uk/vol1/fastq/SRR247/039/SRR24785239/SRR24785239.fastq.gz	ffb5a1d1a26afff11de847bc7806988d	UNRESOLVED_AT_FILE_LEVEL	NCBI RunInfo and ENA read_run filereport retrieved 2026-08-24
SRR24785240	SRX20557982	SAMN35536863	SRS17864028	N100019272_L01_1.fq.gz	N100019272_L01_1.fq.gz	L613	NONE; Subject_ID/Disease/Affection_Status empty in current RunInfo	Illumina NovaSeq 6000	SINGLE	50	23975763	1198788150	1001	551126344	https://ftp.sra.ebi.ac.uk/vol1/fastq/SRR247/040/SRR24785240/SRR24785240.fastq.gz	b610496c09dbb4b6f743171d8003d3c7	UNRESOLVED_AT_FILE_LEVEL	NCBI RunInfo and ENA read_run filereport retrieved 2026-08-24
SRR24785241	SRX20557981	SAMN35536862	SRS17864022	N100019260_L01_8.fq.gz	N100019260_L01_8.fq.gz	L612	NONE; Subject_ID/Disease/Affection_Status empty in current RunInfo	Illumina NovaSeq 6000	SINGLE	50	20615838	1030791900	868	469926026	https://ftp.sra.ebi.ac.uk/vol1/fastq/SRR247/041/SRR24785241/SRR24785241.fastq.gz	fa14e8168e09a48b2ea155fc1018b6f2	UNRESOLVED_AT_FILE_LEVEL	NCBI RunInfo and ENA read_run filereport retrieved 2026-08-24
SRR24785242	SRX20557980	SAMN35536861	SRS17864026	N100019260_L01_10.fq.gz	N100019260_L01_10.fq.gz	L611	NONE; Subject_ID/Disease/Affection_Status empty in current RunInfo	Illumina NovaSeq 6000	SINGLE	50	22292729	1114636450	940	508500939	https://ftp.sra.ebi.ac.uk/vol1/fastq/SRR247/042/SRR24785242/SRR24785242.fastq.gz	c90dc8fe31f7e7443b0ab3f305fb0ffb	UNRESOLVED_AT_FILE_LEVEL	NCBI RunInfo and ENA read_run filereport retrieved 2026-08-24
SRR24785243	SRX20557979	SAMN35536312	SRS17864024	V300020377_L02_22.fq.gz	V300020377_L02_22.fq.gz	L62	NONE; Subject_ID/Disease/Affection_Status empty in current RunInfo	Illumina NovaSeq 6000	SINGLE	50	42297963	2114898150	1755	1013051892	https://ftp.sra.ebi.ac.uk/vol1/fastq/SRR247/043/SRR24785243/SRR24785243.fastq.gz	91100294d9b031db4f5772fce2a5a1f2	UNRESOLVED_AT_FILE_LEVEL	NCBI RunInfo and ENA read_run filereport retrieved 2026-08-24
SRR24785244	SRX20557978	SAMN35536860	SRS17864021	N100019260_L01_6.fq.gz	N100019260_L01_6.fq.gz	L610	NONE; Subject_ID/Disease/Affection_Status empty in current RunInfo	Illumina NovaSeq 6000	SINGLE	50	25180701	1259035050	1070	575414525	https://ftp.sra.ebi.ac.uk/vol1/fastq/SRR247/044/SRR24785244/SRR24785244.fastq.gz	d925f97564765585fa2d4e364f6c4f7f	UNRESOLVED_AT_FILE_LEVEL	NCBI RunInfo and ENA read_run filereport retrieved 2026-08-24
SRR24785245	SRX20557977	SAMN35536859	SRS17864020	N100019260_L01_5.fq.gz	N100019260_L01_5.fq.gz	L609	NONE; Subject_ID/Disease/Affection_Status empty in current RunInfo	Illumina NovaSeq 6000	SINGLE	50	25247100	1262355000	1050	571724532	https://ftp.sra.ebi.ac.uk/vol1/fastq/SRR247/045/SRR24785245/SRR24785245.fastq.gz	f4f7f545a8c973bb32a7eb8964f35a4d	UNRESOLVED_AT_FILE_LEVEL	NCBI RunInfo and ENA read_run filereport retrieved 2026-08-24
SRR24785246	SRX20557976	SAMN35536858	SRS17864025	N100019258_L01_32.fq.gz	N100019258_L01_32.fq.gz	L608	NONE; Subject_ID/Disease/Affection_Status empty in current RunInfo	Illumina NovaSeq 6000	SINGLE	50	17638681	881934050	752	399675323	https://ftp.sra.ebi.ac.uk/vol1/fastq/SRR247/046/SRR24785246/SRR24785246.fastq.gz	99b045bc18290d2ed3ca9521c1767034	UNRESOLVED_AT_FILE_LEVEL	NCBI RunInfo and ENA read_run filereport retrieved 2026-08-24
SRR24785247	SRX20557975	SAMN35536857	SRS17864023	N100019258_L01_30.fq.gz	N100019258_L01_30.fq.gz	L607	NONE; Subject_ID/Disease/Affection_Status empty in current RunInfo	Illumina NovaSeq 6000	SINGLE	50	40075279	2003763950	1709	911683967	https://ftp.sra.ebi.ac.uk/vol1/fastq/SRR247/047/SRR24785247/SRR24785247.fastq.gz	0aeabd5a0fe738e850161ae09aeabdcd	UNRESOLVED_AT_FILE_LEVEL	NCBI RunInfo and ENA read_run filereport retrieved 2026-08-24
SRR24785248	SRX20557974	SAMN35536856	SRS17864019	N100019251_L01_25.fq.gz	N100019251_L01_25.fq.gz	L606	NONE; Subject_ID/Disease/Affection_Status empty in current RunInfo	Illumina NovaSeq 6000	SINGLE	50	23992768	1199638400	1016	546609740	https://ftp.sra.ebi.ac.uk/vol1/fastq/SRR247/048/SRR24785248/SRR24785248.fastq.gz	5d02be4260170c9d17d2e9e3d7772436	UNRESOLVED_AT_FILE_LEVEL	NCBI RunInfo and ENA read_run filereport retrieved 2026-08-24
SRR24785249	SRX20557973	SAMN35536855	SRS17864017	N100019251_L01_11.fq.gz	N100019251_L01_11.fq.gz	L605	NONE; Subject_ID/Disease/Affection_Status empty in current RunInfo	Illumina NovaSeq 6000	SINGLE	50	39490534	1974526700	1646	900698500	https://ftp.sra.ebi.ac.uk/vol1/fastq/SRR247/049/SRR24785249/SRR24785249.fastq.gz	1c64fcc7440450329e3a31c7290ee89f	UNRESOLVED_AT_FILE_LEVEL	NCBI RunInfo and ENA read_run filereport retrieved 2026-08-24
SRR24785250	SRX20557972	SAMN35536854	SRS17864015	N100019246_L01_25.fq.gz	N100019246_L01_25.fq.gz	L604	NONE; Subject_ID/Disease/Affection_Status empty in current RunInfo	Illumina NovaSeq 6000	SINGLE	50	32352421	1617621050	1380	735582018	https://ftp.sra.ebi.ac.uk/vol1/fastq/SRR247/050/SRR24785250/SRR24785250.fastq.gz	0ad71dd4e002750b8da5651e6365edb5	UNRESOLVED_AT_FILE_LEVEL	NCBI RunInfo and ENA read_run filereport retrieved 2026-08-24
SRR24785251	SRX20557971	SAMN35536853	SRS17864016	N100019244_L01_29.fq.gz	N100019244_L01_29.fq.gz	L603	NONE; Subject_ID/Disease/Affection_Status empty in current RunInfo	Illumina NovaSeq 6000	SINGLE	50	46168384	2308419200	1990	1049054843	https://ftp.sra.ebi.ac.uk/vol1/fastq/SRR247/051/SRR24785251/SRR24785251.fastq.gz	4491cc7805f6d323d43589114ac40d21	UNRESOLVED_AT_FILE_LEVEL	NCBI RunInfo and ENA read_run filereport retrieved 2026-08-24
SRR24785252	SRX20557970	SAMN35536852	SRS17864018	N100019244_L01_25.fq.gz	N100019244_L01_25.fq.gz	L602	NONE; Subject_ID/Disease/Affection_Status empty in current RunInfo	Illumina NovaSeq 6000	SINGLE	50	28614642	1430732100	1233	659984860	https://ftp.sra.ebi.ac.uk/vol1/fastq/SRR247/052/SRR24785252/SRR24785252.fastq.gz	3a5984dff9170025cbfd9b42475cf123	UNRESOLVED_AT_FILE_LEVEL	NCBI RunInfo and ENA read_run filereport retrieved 2026-08-24
SRR24785253	SRX20557969	SAMN35536851	SRS17864013	N100019243_L01_11.fq.gz	N100019243_L01_11.fq.gz	L601	NONE; Subject_ID/Disease/Affection_Status empty in current RunInfo	Illumina NovaSeq 6000	SINGLE	50	28317742	1415887100	1205	648496103	https://ftp.sra.ebi.ac.uk/vol1/fastq/SRR247/053/SRR24785253/SRR24785253.fastq.gz	81fa7be352cedb4168e776e1908d2df6	UNRESOLVED_AT_FILE_LEVEL	NCBI RunInfo and ENA read_run filereport retrieved 2026-08-24
SRR24785254	SRX20557968	SAMN35536311	SRS17864011	N100009043_L01_11.fq.gz	N100009043_L01_11.fq.gz	L61	NONE; Subject_ID/Disease/Affection_Status empty in current RunInfo	Illumina NovaSeq 6000	SINGLE	50	9611852	480592600	450	219619362	https://ftp.sra.ebi.ac.uk/vol1/fastq/SRR247/054/SRR24785254/SRR24785254.fastq.gz	b97befad4a21770c08d054d9bc9865e5	UNRESOLVED_AT_FILE_LEVEL	NCBI RunInfo and ENA read_run filereport retrieved 2026-08-24
SRR24785255	SRX20557967	SAMN35536257	SRS17864012	V350011298_L01_7.fq.gz	V350011298_L01_7.fq.gz	L7	NONE; Subject_ID/Disease/Affection_Status empty in current RunInfo	Illumina NovaSeq 6000	SINGLE	50	42373826	2118691300	1841	940527949	https://ftp.sra.ebi.ac.uk/vol1/fastq/SRR247/055/SRR24785255/SRR24785255.fastq.gz	1385d740c2b5623c01d5d8dbcb913a76	UNRESOLVED_AT_FILE_LEVEL	NCBI RunInfo and ENA read_run filereport retrieved 2026-08-24
SRR24785256	SRX20557966	SAMN35536850	SRS17864014	N100019243_L01_10.fq.gz	N100019243_L01_10.fq.gz	L600	NONE; Subject_ID/Disease/Affection_Status empty in current RunInfo	Illumina NovaSeq 6000	SINGLE	50	23726893	1186344650	996	536911734	https://ftp.sra.ebi.ac.uk/vol1/fastq/SRR247/056/SRR24785256/SRR24785256.fastq.gz	ef6aef66418eafc03543af1cc1c450ea	UNRESOLVED_AT_FILE_LEVEL	NCBI RunInfo and ENA read_run filereport retrieved 2026-08-24
SRR24785257	SRX20557965	SAMN35536849	SRS17864010	N100019243_L01_8.fq.gz	N100019243_L01_8.fq.gz	L599	NONE; Subject_ID/Disease/Affection_Status empty in current RunInfo	Illumina NovaSeq 6000	SINGLE	50	19936035	996801750	850	447180925	https://ftp.sra.ebi.ac.uk/vol1/fastq/SRR247/057/SRR24785257/SRR24785257.fastq.gz	72f80b6f734e627eade3f0c887011d66	UNRESOLVED_AT_FILE_LEVEL	NCBI RunInfo and ENA read_run filereport retrieved 2026-08-24
SRR24785258	SRX20557964	SAMN35536848	SRS17864009	N100019243_L01_6.fq.gz	N100019243_L01_6.fq.gz	L598	NONE; Subject_ID/Disease/Affection_Status empty in current RunInfo	Illumina NovaSeq 6000	SINGLE	50	26518468	1325923400	1155	606604051	https://ftp.sra.ebi.ac.uk/vol1/fastq/SRR247/058/SRR24785258/SRR24785258.fastq.gz	171de18b973139e46cd6eb012cdcbb80	UNRESOLVED_AT_FILE_LEVEL	NCBI RunInfo and ENA read_run filereport retrieved 2026-08-24
SRR24785259	SRX20557963	SAMN35536847	SRS17864007	N100019243_L01_5.fq.gz	N100019243_L01_5.fq.gz	L597	NONE; Subject_ID/Disease/Affection_Status empty in current RunInfo	Illumina NovaSeq 6000	SINGLE	50	14786918	739345900	621	337492935	https://ftp.sra.ebi.ac.uk/vol1/fastq/SRR247/059/SRR24785259/SRR24785259.fastq.gz	34a8dd8cbfba2c2e2151aeae4aee24eb	UNRESOLVED_AT_FILE_LEVEL	NCBI RunInfo and ENA read_run filereport retrieved 2026-08-24
SRR24785260	SRX20557962	SAMN35536846	SRS17864008	N100019243_L01_4.fq.gz	N100019243_L01_4.fq.gz	L596	NONE; Subject_ID/Disease/Affection_Status empty in current RunInfo	Illumina NovaSeq 6000	SINGLE	50	35904645	1795232250	1514	816143509	https://ftp.sra.ebi.ac.uk/vol1/fastq/SRR247/060/SRR24785260/SRR24785260.fastq.gz	7fcaa17a55533a946f7a8c61be2221d5	UNRESOLVED_AT_FILE_LEVEL	NCBI RunInfo and ENA read_run filereport retrieved 2026-08-24
SRR24785261	SRX20557961	SAMN35536845	SRS17864006	N100019243_L01_2.fq.gz	N100019243_L01_2.fq.gz	L595	NONE; Subject_ID/Disease/Affection_Status empty in current RunInfo	Illumina NovaSeq 6000	SINGLE	50	39249091	1962454550	1671	890834952	https://ftp.sra.ebi.ac.uk/vol1/fastq/SRR247/061/SRR24785261/SRR24785261.fastq.gz	e4f6e7585071aaed43a28814065de03a	UNRESOLVED_AT_FILE_LEVEL	NCBI RunInfo and ENA read_run filereport retrieved 2026-08-24
SRR24785262	SRX20557960	SAMN35536844	SRS17864005	N100019232_L01_26.fq.gz	N100019232_L01_26.fq.gz	L594	NONE; Subject_ID/Disease/Affection_Status empty in current RunInfo	Illumina NovaSeq 6000	SINGLE	50	33888297	1694414850	1465	773076470	https://ftp.sra.ebi.ac.uk/vol1/fastq/SRR247/062/SRR24785262/SRR24785262.fastq.gz	f3be4a731358f3c981808071b38f1c1d	UNRESOLVED_AT_FILE_LEVEL	NCBI RunInfo and ENA read_run filereport retrieved 2026-08-24
SRR24785263	SRX20557959	SAMN35536843	SRS17864003	N100019232_L01_22.fq.gz	N100019232_L01_22.fq.gz	L593	NONE; Subject_ID/Disease/Affection_Status empty in current RunInfo	Illumina NovaSeq 6000	SINGLE	50	50937289	2546864450	2178	1149787673	https://ftp.sra.ebi.ac.uk/vol1/fastq/SRR247/063/SRR24785263/SRR24785263.fastq.gz	158cbf56d7f35344486334300d0e0af0	UNRESOLVED_AT_FILE_LEVEL	NCBI RunInfo and ENA read_run filereport retrieved 2026-08-24
SRR24785264	SRX20557958	SAMN35536842	SRS17864000	N100019228_L01_31.fq.gz	N100019228_L01_31.fq.gz	L592	NONE; Subject_ID/Disease/Affection_Status empty in current RunInfo	Illumina NovaSeq 6000	SINGLE	50	19790272	989513600	858	451546769	https://ftp.sra.ebi.ac.uk/vol1/fastq/SRR247/064/SRR24785264/SRR24785264.fastq.gz	8cce373fd49d4184621368b375565501	UNRESOLVED_AT_FILE_LEVEL	NCBI RunInfo and ENA read_run filereport retrieved 2026-08-24
SRR24785265	SRX20557957	SAMN35536841	SRS17864001	N100019228_L01_29.fq.gz	N100019228_L01_29.fq.gz	L591	NONE; Subject_ID/Disease/Affection_Status empty in current RunInfo	Illumina NovaSeq 6000	SINGLE	50	29157655	1457882750	1260	671005708	https://ftp.sra.ebi.ac.uk/vol1/fastq/SRR247/065/SRR24785265/SRR24785265.fastq.gz	ab5a30de38fe7e5161db03b8c4d4633b	UNRESOLVED_AT_FILE_LEVEL	NCBI RunInfo and ENA read_run filereport retrieved 2026-08-24
SRR24785266	SRX20557956	SAMN35536310	SRS17863997	N100008834_L01_11.fq.gz	N100008834_L01_11.fq.gz	L60	NONE; Subject_ID/Disease/Affection_Status empty in current RunInfo	Illumina NovaSeq 6000	SINGLE	50	30819361	1540968050	1240	692058310	https://ftp.sra.ebi.ac.uk/vol1/fastq/SRR247/066/SRR24785266/SRR24785266.fastq.gz	783d6ba7ac8595fb74a4dc107d01cc24	UNRESOLVED_AT_FILE_LEVEL	NCBI RunInfo and ENA read_run filereport retrieved 2026-08-24
SRR24785267	SRX20557955	SAMN35536840	SRS17863996	N100019228_L01_25.fq.gz	N100019228_L01_25.fq.gz	L590	NONE; Subject_ID/Disease/Affection_Status empty in current RunInfo	Illumina NovaSeq 6000	SINGLE	50	25257469	1262873450	1094	581180122	https://ftp.sra.ebi.ac.uk/vol1/fastq/SRR247/067/SRR24785267/SRR24785267.fastq.gz	11127a6ffe6347184288c5750f63a70b	UNRESOLVED_AT_FILE_LEVEL	NCBI RunInfo and ENA read_run filereport retrieved 2026-08-24
SRR24785268	SRX20557954	SAMN35536839	SRS17863998	N100019228_L01_20.fq.gz	N100019228_L01_20.fq.gz	L589	NONE; Subject_ID/Disease/Affection_Status empty in current RunInfo	Illumina NovaSeq 6000	SINGLE	50	28804830	1440241500	1260	665210986	https://ftp.sra.ebi.ac.uk/vol1/fastq/SRR247/068/SRR24785268/SRR24785268.fastq.gz	7e0ab33d2518c370308e396c233dde93	UNRESOLVED_AT_FILE_LEVEL	NCBI RunInfo and ENA read_run filereport retrieved 2026-08-24
SRR24785269	SRX20557953	SAMN35536838	SRS17863995	N100019226_L01_7.fq.gz	N100019226_L01_7.fq.gz	L588	NONE; Subject_ID/Disease/Affection_Status empty in current RunInfo	Illumina NovaSeq 6000	SINGLE	50	27803472	1390173600	1139	633981618	https://ftp.sra.ebi.ac.uk/vol1/fastq/SRR247/069/SRR24785269/SRR24785269.fastq.gz	d9f5ef13de043b2e4a2a0f1ed316d92f	UNRESOLVED_AT_FILE_LEVEL	NCBI RunInfo and ENA read_run filereport retrieved 2026-08-24
SRR24785270	SRX20557952	SAMN35536837	SRS17863999	N100019226_L01_32.fq.gz	N100019226_L01_32.fq.gz	L587	NONE; Subject_ID/Disease/Affection_Status empty in current RunInfo	Illumina NovaSeq 6000	SINGLE	50	31329205	1566460250	1309	714404329	https://ftp.sra.ebi.ac.uk/vol1/fastq/SRR247/070/SRR24785270/SRR24785270.fastq.gz	6f80045ed73f190da94c8b0e07c58ba4	UNRESOLVED_AT_FILE_LEVEL	NCBI RunInfo and ENA read_run filereport retrieved 2026-08-24
SRR24785271	SRX20557951	SAMN35536836	SRS17864004	N100019226_L01_30.fq.gz	N100019226_L01_30.fq.gz	L586	NONE; Subject_ID/Disease/Affection_Status empty in current RunInfo	Illumina NovaSeq 6000	SINGLE	50	34896585	1744829250	1481	794452572	https://ftp.sra.ebi.ac.uk/vol1/fastq/SRR247/071/SRR24785271/SRR24785271.fastq.gz	ec7874e6a1168f0ea3abbada936e759c	UNRESOLVED_AT_FILE_LEVEL	NCBI RunInfo and ENA read_run filereport retrieved 2026-08-24
SRR24785272	SRX20557950	SAMN35536835	SRS17863994	N100019226_L01_28.fq.gz	N100019226_L01_28.fq.gz	L585	NONE; Subject_ID/Disease/Affection_Status empty in current RunInfo	Illumina NovaSeq 6000	SINGLE	50	33240448	1662022400	1382	755220943	https://ftp.sra.ebi.ac.uk/vol1/fastq/SRR247/072/SRR24785272/SRR24785272.fastq.gz	26d5ab1fc49c10b86bccb76571704ea2	UNRESOLVED_AT_FILE_LEVEL	NCBI RunInfo and ENA read_run filereport retrieved 2026-08-24
SRR24785273	SRX20557949	SAMN35536834	SRS17863992	N100019218_L01_6.fq.gz	N100019218_L01_6.fq.gz	L584	NONE; Subject_ID/Disease/Affection_Status empty in current RunInfo	Illumina NovaSeq 6000	SINGLE	50	38409434	1920471700	1646	869318753	https://ftp.sra.ebi.ac.uk/vol1/fastq/SRR247/073/SRR24785273/SRR24785273.fastq.gz	f172da4991bbfeb324937402ae420b04	UNRESOLVED_AT_FILE_LEVEL	NCBI RunInfo and ENA read_run filereport retrieved 2026-08-24
SRR24785274	SRX20557948	SAMN35536833	SRS17863993	N100019218_L01_2.fq.gz	N100019218_L01_2.fq.gz	L583	NONE; Subject_ID/Disease/Affection_Status empty in current RunInfo	Illumina NovaSeq 6000	SINGLE	50	33395554	1669777700	1397	752489328	https://ftp.sra.ebi.ac.uk/vol1/fastq/SRR247/074/SRR24785274/SRR24785274.fastq.gz	bd484c7c34a01e7734d3a60c85fff174	UNRESOLVED_AT_FILE_LEVEL	NCBI RunInfo and ENA read_run filereport retrieved 2026-08-24
SRR24785275	SRX20557947	SAMN35536832	SRS17864002	N100019218_L01_8.fq.gz	N100019218_L01_8.fq.gz	L582	NONE; Subject_ID/Disease/Affection_Status empty in current RunInfo	Illumina NovaSeq 6000	SINGLE	50	31756556	1587827800	1343	718635306	https://ftp.sra.ebi.ac.uk/vol1/fastq/SRR247/075/SRR24785275/SRR24785275.fastq.gz	c4e5f80d605149e98f43e4bf9f7e3aa6	UNRESOLVED_AT_FILE_LEVEL	NCBI RunInfo and ENA read_run filereport retrieved 2026-08-24
SRR24785276	SRX20557946	SAMN35536831	SRS17863991	N100019218_L01_4.fq.gz	N100019218_L01_4.fq.gz	L581	NONE; Subject_ID/Disease/Affection_Status empty in current RunInfo	Illumina NovaSeq 6000	SINGLE	50	34329727	1716486350	1466	776134806	https://ftp.sra.ebi.ac.uk/vol1/fastq/SRR247/076/SRR24785276/SRR24785276.fastq.gz	6f37a6c94f0ab81c64c10bc7daeecc4e	UNRESOLVED_AT_FILE_LEVEL	NCBI RunInfo and ENA read_run filereport retrieved 2026-08-24
SRR24785277	SRX20557945	SAMN35536309	SRS17863986	V300021338_L02_21.fq.gz	V300021338_L02_21.fq.gz	L59	NONE; Subject_ID/Disease/Affection_Status empty in current RunInfo	Illumina NovaSeq 6000	SINGLE	50	28913896	1445694800	1232	702194996	https://ftp.sra.ebi.ac.uk/vol1/fastq/SRR247/077/SRR24785277/SRR24785277.fastq.gz	50a9f1151620dd73c562f1dcdc5c25be	UNRESOLVED_AT_FILE_LEVEL	NCBI RunInfo and ENA read_run filereport retrieved 2026-08-24
SRR24785278	SRX20557944	SAMN35536830	SRS17863985	N100019217_L01_1.fq.gz	N100019217_L01_1.fq.gz	L580	NONE; Subject_ID/Disease/Affection_Status empty in current RunInfo	Illumina NovaSeq 6000	SINGLE	50	37877316	1893865800	1629	862095956	https://ftp.sra.ebi.ac.uk/vol1/fastq/SRR247/078/SRR24785278/SRR24785278.fastq.gz	4d49ac6e982806f8c573ec1ad9a0b09f	UNRESOLVED_AT_FILE_LEVEL	NCBI RunInfo and ENA read_run filereport retrieved 2026-08-24
SRR24785279	SRX20557943	SAMN35536829	SRS17863988	N100019217_L01_4.fq.gz	N100019217_L01_4.fq.gz	L579	NONE; Subject_ID/Disease/Affection_Status empty in current RunInfo	Illumina NovaSeq 6000	SINGLE	50	47004776	2350238800	2052	1062412523	https://ftp.sra.ebi.ac.uk/vol1/fastq/SRR247/079/SRR24785279/SRR24785279.fastq.gz	280d4feaa53471e7917a21a8f6418847	UNRESOLVED_AT_FILE_LEVEL	NCBI RunInfo and ENA read_run filereport retrieved 2026-08-24
SRR24785280	SRX20557942	SAMN35536828	SRS17863990	N100019217_L01_2.fq.gz	N100019217_L01_2.fq.gz	L578	NONE; Subject_ID/Disease/Affection_Status empty in current RunInfo	Illumina NovaSeq 6000	SINGLE	50	42228430	2111421500	1835	944114492	https://ftp.sra.ebi.ac.uk/vol1/fastq/SRR247/080/SRR24785280/SRR24785280.fastq.gz	4981c958337597247016955b65d6d361	UNRESOLVED_AT_FILE_LEVEL	NCBI RunInfo and ENA read_run filereport retrieved 2026-08-24
SRR24785281	SRX20557941	SAMN35536827	SRS17863989	N100019212_L01_29.fq.gz	N100019212_L01_29.fq.gz	L577	NONE; Subject_ID/Disease/Affection_Status empty in current RunInfo	Illumina NovaSeq 6000	SINGLE	50	35092765	1754638250	1461	800433217	https://ftp.sra.ebi.ac.uk/vol1/fastq/SRR247/081/SRR24785281/SRR24785281.fastq.gz	595821e9f291d740c388420ba7618f04	UNRESOLVED_AT_FILE_LEVEL	NCBI RunInfo and ENA read_run filereport retrieved 2026-08-24
SRR24785282	SRX20557940	SAMN35536826	SRS17863984	N100019212_L01_25.fq.gz	N100019212_L01_25.fq.gz	L576	NONE; Subject_ID/Disease/Affection_Status empty in current RunInfo	Illumina NovaSeq 6000	SINGLE	50	36456187	1822809350	1526	823185902	https://ftp.sra.ebi.ac.uk/vol1/fastq/SRR247/082/SRR24785282/SRR24785282.fastq.gz	92db3fce2d97bd37acf31471c7767c62	UNRESOLVED_AT_FILE_LEVEL	NCBI RunInfo and ENA read_run filereport retrieved 2026-08-24
SRR24785283	SRX20557939	SAMN35536825	SRS17863987	N100019207_L01_32.fq.gz	N100019207_L01_32.fq.gz	L575	NONE; Subject_ID/Disease/Affection_Status empty in current RunInfo	Illumina NovaSeq 6000	SINGLE	50	33207635	1660381750	1332	756170950	https://ftp.sra.ebi.ac.uk/vol1/fastq/SRR247/083/SRR24785283/SRR24785283.fastq.gz	bd4a28baf8b04a00ab4380b64915fd4e	UNRESOLVED_AT_FILE_LEVEL	NCBI RunInfo and ENA read_run filereport retrieved 2026-08-24
SRR24785284	SRX20557938	SAMN35536824	SRS17863981	N100019207_L01_28.fq.gz	N100019207_L01_28.fq.gz	L574	NONE; Subject_ID/Disease/Affection_Status empty in current RunInfo	Illumina NovaSeq 6000	SINGLE	50	30747579	1537378950	1232	700702684	https://ftp.sra.ebi.ac.uk/vol1/fastq/SRR247/084/SRR24785284/SRR24785284.fastq.gz	dfb399085e105d3f0644a7311939ad80	UNRESOLVED_AT_FILE_LEVEL	NCBI RunInfo and ENA read_run filereport retrieved 2026-08-24
SRR24785285	SRX20557937	SAMN35536823	SRS17863983	N100019204_L01_31.fq.gz	N100019204_L01_31.fq.gz	L573	NONE; Subject_ID/Disease/Affection_Status empty in current RunInfo	Illumina NovaSeq 6000	SINGLE	50	24778579	1238928950	1040	565431296	https://ftp.sra.ebi.ac.uk/vol1/fastq/SRR247/085/SRR24785285/SRR24785285.fastq.gz	1fae0a659dab7dec92df7957c90e7e4f	UNRESOLVED_AT_FILE_LEVEL	NCBI RunInfo and ENA read_run filereport retrieved 2026-08-24
SRR24785286	SRX20557936	SAMN35536822	SRS17863982	N100019204_L01_29.fq.gz	N100019204_L01_29.fq.gz	L572	NONE; Subject_ID/Disease/Affection_Status empty in current RunInfo	Illumina NovaSeq 6000	SINGLE	50	39287296	1964364800	1642	893175071	https://ftp.sra.ebi.ac.uk/vol1/fastq/SRR247/086/SRR24785286/SRR24785286.fastq.gz	c1612b8a78eef7412f372edcd573b24e	UNRESOLVED_AT_FILE_LEVEL	NCBI RunInfo and ENA read_run filereport retrieved 2026-08-24
SRR24785287	SRX20557935	SAMN35536821	SRS17863980	N100019203_L01_25.fq.gz	N100019203_L01_25.fq.gz	L571	NONE; Subject_ID/Disease/Affection_Status empty in current RunInfo	Illumina NovaSeq 6000	SINGLE	50	39792414	1989620700	1660	901324924	https://ftp.sra.ebi.ac.uk/vol1/fastq/SRR247/087/SRR24785287/SRR24785287.fastq.gz	635bbb9b9e13805e51c135af39dd6df0	UNRESOLVED_AT_FILE_LEVEL	NCBI RunInfo and ENA read_run filereport retrieved 2026-08-24
SRR24785288	SRX20557934	SAMN35536308	SRS17863977	V300074709_L04_11.fq.gz	V300074709_L04_11.fq.gz	L58	NONE; Subject_ID/Disease/Affection_Status empty in current RunInfo	Illumina NovaSeq 6000	SINGLE	50	47254004	2362700200	1979	1078989626	https://ftp.sra.ebi.ac.uk/vol1/fastq/SRR247/088/SRR24785288/SRR24785288.fastq.gz	9b10cb1c45a8ecaac12c9d685581d93c	UNRESOLVED_AT_FILE_LEVEL	NCBI RunInfo and ENA read_run filereport retrieved 2026-08-24
SRR24785289	SRX20557933	SAMN35536820	SRS17863978	N100019203_L01_20.fq.gz	N100019203_L01_20.fq.gz	L570	NONE; Subject_ID/Disease/Affection_Status empty in current RunInfo	Illumina NovaSeq 6000	SINGLE	50	21908715	1095435750	939	505807972	https://ftp.sra.ebi.ac.uk/vol1/fastq/SRR247/089/SRR24785289/SRR24785289.fastq.gz	5f822e422882b9340a014421cb169f27	UNRESOLVED_AT_FILE_LEVEL	NCBI RunInfo and ENA read_run filereport retrieved 2026-08-24
SRR24785290	SRX20557932	SAMN35536819	SRS17863975	N100019194_L01_4.fq.gz	N100019194_L01_4.fq.gz	L569	NONE; Subject_ID/Disease/Affection_Status empty in current RunInfo	Illumina NovaSeq 6000	SINGLE	50	65615284	3280764200	2787	1471819265	https://ftp.sra.ebi.ac.uk/vol1/fastq/SRR247/090/SRR24785290/SRR24785290.fastq.gz	84cfb19180e045b5a8962849ae5858e6	UNRESOLVED_AT_FILE_LEVEL	NCBI RunInfo and ENA read_run filereport retrieved 2026-08-24
SRR24785291	SRX20557931	SAMN35536818	SRS17863979	N100019194_L01_2.fq.gz	N100019194_L01_2.fq.gz	L568	NONE; Subject_ID/Disease/Affection_Status empty in current RunInfo	Illumina NovaSeq 6000	SINGLE	50	59225047	2961252350	2463	1325569693	https://ftp.sra.ebi.ac.uk/vol1/fastq/SRR247/091/SRR24785291/SRR24785291.fastq.gz	815d56aded4a6afb67530c4422460a42	UNRESOLVED_AT_FILE_LEVEL	NCBI RunInfo and ENA read_run filereport retrieved 2026-08-24
SRR24785292	SRX20557930	SAMN35536817	SRS17863974	N100019194_L01_1.fq.gz	N100019194_L01_1.fq.gz	L567	NONE; Subject_ID/Disease/Affection_Status empty in current RunInfo	Illumina NovaSeq 6000	SINGLE	50	46221547	2311077350	1936	1041291799	https://ftp.sra.ebi.ac.uk/vol1/fastq/SRR247/092/SRR24785292/SRR24785292.fastq.gz	f25f3c77c533b762fc56a99f92f0938f	UNRESOLVED_AT_FILE_LEVEL	NCBI RunInfo and ENA read_run filereport retrieved 2026-08-24
SRR24785293	SRX20557929	SAMN35536816	SRS17863976	N100019141_L01_6.fq.gz	N100019141_L01_6.fq.gz	L566	NONE; Subject_ID/Disease/Affection_Status empty in current RunInfo	Illumina NovaSeq 6000	SINGLE	50	38971349	1948567450	1745	884292093	https://ftp.sra.ebi.ac.uk/vol1/fastq/SRR247/093/SRR24785293/SRR24785293.fastq.gz	c90a5594abc2a516db95fd5a0e14e4c9	UNRESOLVED_AT_FILE_LEVEL	NCBI RunInfo and ENA read_run filereport retrieved 2026-08-24
SRR24785294	SRX20557928	SAMN35536815	SRS17863972	N100019141_L01_5.fq.gz	N100019141_L01_5.fq.gz	L565	NONE; Subject_ID/Disease/Affection_Status empty in current RunInfo	Illumina NovaSeq 6000	SINGLE	50	25620006	1281000300	1140	586976797	https://ftp.sra.ebi.ac.uk/vol1/fastq/SRR247/094/SRR24785294/SRR24785294.fastq.gz	e087aae283f5002036fb8aa901ba1f66	UNRESOLVED_AT_FILE_LEVEL	NCBI RunInfo and ENA read_run filereport retrieved 2026-08-24
SRR24785295	SRX20557927	SAMN35536814	SRS17863971	N100019141_L01_4.fq.gz	N100019141_L01_4.fq.gz	L564	NONE; Subject_ID/Disease/Affection_Status empty in current RunInfo	Illumina NovaSeq 6000	SINGLE	50	21262078	1063103900	958	483729858	https://ftp.sra.ebi.ac.uk/vol1/fastq/SRR247/095/SRR24785295/SRR24785295.fastq.gz	9291990c5690333e1ca5acd0ddc4fd32	UNRESOLVED_AT_FILE_LEVEL	NCBI RunInfo and ENA read_run filereport retrieved 2026-08-24
SRR24785296	SRX20557926	SAMN35536813	SRS17863973	N100019141_L01_2.fq.gz	N100019141_L01_2.fq.gz	L563	NONE; Subject_ID/Disease/Affection_Status empty in current RunInfo	Illumina NovaSeq 6000	SINGLE	50	27564402	1378220100	1235	628694399	https://ftp.sra.ebi.ac.uk/vol1/fastq/SRR247/096/SRR24785296/SRR24785296.fastq.gz	822de58eeb52ae428e92a9fe2bc9adf5	UNRESOLVED_AT_FILE_LEVEL	NCBI RunInfo and ENA read_run filereport retrieved 2026-08-24
SRR24785297	SRX20557925	SAMN35536812	SRS17863970	N100019136_L01_30.fq.gz	N100019136_L01_30.fq.gz	L562	NONE; Subject_ID/Disease/Affection_Status empty in current RunInfo	Illumina NovaSeq 6000	SINGLE	50	50015174	2500758700	2086	1132953911	https://ftp.sra.ebi.ac.uk/vol1/fastq/SRR247/097/SRR24785297/SRR24785297.fastq.gz	fed0883786387867c0e95de8334f402b	UNRESOLVED_AT_FILE_LEVEL	NCBI RunInfo and ENA read_run filereport retrieved 2026-08-24
SRR24785298	SRX20557924	SAMN35536811	SRS17863968	N100019121_L01_31.fq.gz	N100019121_L01_31.fq.gz	L561	NONE; Subject_ID/Disease/Affection_Status empty in current RunInfo	Illumina NovaSeq 6000	SINGLE	50	15595414	779770700	665	350215786	https://ftp.sra.ebi.ac.uk/vol1/fastq/SRR247/098/SRR24785298/SRR24785298.fastq.gz	723ca00cadcb3ab2c5f601a7d7eede40	UNRESOLVED_AT_FILE_LEVEL	NCBI RunInfo and ENA read_run filereport retrieved 2026-08-24
SRR24785299	SRX20557923	SAMN35536307	SRS17863969	P100003464_L02_16.fq.gz	P100003464_L02_16.fq.gz	L57	NONE; Subject_ID/Disease/Affection_Status empty in current RunInfo	Illumina NovaSeq 6000	SINGLE	50	31913529	1595676450	1423	663109649	https://ftp.sra.ebi.ac.uk/vol1/fastq/SRR247/099/SRR24785299/SRR24785299.fastq.gz	7b6ac33d43dec3d64092d757f2ca3851	UNRESOLVED_AT_FILE_LEVEL	NCBI RunInfo and ENA read_run filereport retrieved 2026-08-24
SRR24785300	SRX20557922	SAMN35536810	SRS17863962	N100019121_L01_29.fq.gz	N100019121_L01_29.fq.gz	L560	NONE; Subject_ID/Disease/Affection_Status empty in current RunInfo	Illumina NovaSeq 6000	SINGLE	50	41957959	2097897950	1752	952811920	https://ftp.sra.ebi.ac.uk/vol1/fastq/SRR247/000/SRR24785300/SRR24785300.fastq.gz	2f0b1dc95a9b45fe1a91c78e225449af	UNRESOLVED_AT_FILE_LEVEL	NCBI RunInfo and ENA read_run filereport retrieved 2026-08-24
SRR24785301	SRX20557921	SAMN35536809	SRS17863964	N100019121_L01_25.fq.gz	N100019121_L01_25.fq.gz	L559	NONE; Subject_ID/Disease/Affection_Status empty in current RunInfo	Illumina NovaSeq 6000	SINGLE	50	30722934	1536146700	1288	702262928	https://ftp.sra.ebi.ac.uk/vol1/fastq/SRR247/001/SRR24785301/SRR24785301.fastq.gz	b445d6a720117a065f61076adfaf27b1	UNRESOLVED_AT_FILE_LEVEL	NCBI RunInfo and ENA read_run filereport retrieved 2026-08-24
SRR24785302	SRX20557920	SAMN35536808	SRS17863967	N100019121_L01_20.fq.gz	N100019121_L01_20.fq.gz	L558	NONE; Subject_ID/Disease/Affection_Status empty in current RunInfo	Illumina NovaSeq 6000	SINGLE	50	20841080	1042054000	902	481090505	https://ftp.sra.ebi.ac.uk/vol1/fastq/SRR247/002/SRR24785302/SRR24785302.fastq.gz	691f215c1fd15cca3b9603fd68cf56c2	UNRESOLVED_AT_FILE_LEVEL	NCBI RunInfo and ENA read_run filereport retrieved 2026-08-24
SRR24785303	SRX20557811	SAMN35536807	SRS17863856	N100019121_L01_16.fq.gz	N100019121_L01_16.fq.gz	L557	NONE; Subject_ID/Disease/Affection_Status empty in current RunInfo	Illumina NovaSeq 6000	SINGLE	50	21463328	1073166400	894	480925890	https://ftp.sra.ebi.ac.uk/vol1/fastq/SRR247/003/SRR24785303/SRR24785303.fastq.gz	2310df1aaac16b54827077489f039ef3	UNRESOLVED_AT_FILE_LEVEL	NCBI RunInfo and ENA read_run filereport retrieved 2026-08-24
SRR24785304	SRX20557918	SAMN35536936	SRS17863965	N100019786_L01_32.fq.gz	N100019786_L01_32.fq.gz	L686	NONE; Subject_ID/Disease/Affection_Status empty in current RunInfo	Illumina NovaSeq 6000	SINGLE	50	13010631	650531550	581	300502111	https://ftp.sra.ebi.ac.uk/vol1/fastq/SRR247/004/SRR24785304/SRR24785304.fastq.gz	8358db29dbe60aaca15dfbf745705b6d	UNRESOLVED_AT_FILE_LEVEL	NCBI RunInfo and ENA read_run filereport retrieved 2026-08-24
SRR24785305	SRX20557917	SAMN35536935	SRS17863966	N100019785_L01_6.fq.gz	N100019785_L01_6.fq.gz	L685	NONE; Subject_ID/Disease/Affection_Status empty in current RunInfo	Illumina NovaSeq 6000	SINGLE	50	36036954	1801847700	1624	821973006	https://ftp.sra.ebi.ac.uk/vol1/fastq/SRR247/005/SRR24785305/SRR24785305.fastq.gz	1a128a80d78f1affe51fabb0fb86c977	UNRESOLVED_AT_FILE_LEVEL	NCBI RunInfo and ENA read_run filereport retrieved 2026-08-24
SRR24785306	SRX20557916	SAMN35536934	SRS17863961	N100019785_L01_5.fq.gz	N100019785_L01_5.fq.gz	L684	NONE; Subject_ID/Disease/Affection_Status empty in current RunInfo	Illumina NovaSeq 6000	SINGLE	50	15536742	776837100	673	336291174	https://ftp.sra.ebi.ac.uk/vol1/fastq/SRR247/006/SRR24785306/SRR24785306.fastq.gz	f03de3182920397dcefb7943164bc4bf	UNRESOLVED_AT_FILE_LEVEL	NCBI RunInfo and ENA read_run filereport retrieved 2026-08-24
SRR24785307	SRX20557915	SAMN35536933	SRS17863958	N100019785_L01_4.fq.gz	N100019785_L01_4.fq.gz	L683	NONE; Subject_ID/Disease/Affection_Status empty in current RunInfo	Illumina NovaSeq 6000	SINGLE	50	32087193	1604359650	1430	732151916	https://ftp.sra.ebi.ac.uk/vol1/fastq/SRR247/007/SRR24785307/SRR24785307.fastq.gz	2ab0982d9eed38901b9eac096eccb1b4	UNRESOLVED_AT_FILE_LEVEL	NCBI RunInfo and ENA read_run filereport retrieved 2026-08-24
SRR24785308	SRX20557914	SAMN35536932	SRS17863959	N100019785_L01_2.fq.gz	N100019785_L01_2.fq.gz	L682	NONE; Subject_ID/Disease/Affection_Status empty in current RunInfo	Illumina NovaSeq 6000	SINGLE	50	42124640	2106232000	1825	954546032	https://ftp.sra.ebi.ac.uk/vol1/fastq/SRR247/008/SRR24785308/SRR24785308.fastq.gz	242db226022a702fdbf2fa0b829c6cab	UNRESOLVED_AT_FILE_LEVEL	NCBI RunInfo and ENA read_run filereport retrieved 2026-08-24
SRR24785309	SRX20557913	SAMN35536931	SRS17863960	N100019781_L01_8.fq.gz	N100019781_L01_8.fq.gz	L681	NONE; Subject_ID/Disease/Affection_Status empty in current RunInfo	Illumina NovaSeq 6000	SINGLE	50	29252139	1462606950	1267	665470984	https://ftp.sra.ebi.ac.uk/vol1/fastq/SRR247/009/SRR24785309/SRR24785309.fastq.gz	105a8923461a12da5fea070329c7400a	UNRESOLVED_AT_FILE_LEVEL	NCBI RunInfo and ENA read_run filereport retrieved 2026-08-24
SRR24785310	SRX20557912	SAMN35536319	SRS17863957	P100002561_L03_21.fq.gz	P100002561_L03_21.fq.gz	L69	NONE; Subject_ID/Disease/Affection_Status empty in current RunInfo	Illumina NovaSeq 6000	SINGLE	50	23628210	1181410500	1102	533659822	https://ftp.sra.ebi.ac.uk/vol1/fastq/SRR247/010/SRR24785310/SRR24785310.fastq.gz	13319b78a723855c2f577741878024a7	UNRESOLVED_AT_FILE_LEVEL	NCBI RunInfo and ENA read_run filereport retrieved 2026-08-24
SRR24785311	SRX20557911	SAMN35536930	SRS17863956	N100019781_L01_6.fq.gz	N100019781_L01_6.fq.gz	L680	NONE; Subject_ID/Disease/Affection_Status empty in current RunInfo	Illumina NovaSeq 6000	SINGLE	50	49064181	2453209050	2171	1109333393	https://ftp.sra.ebi.ac.uk/vol1/fastq/SRR247/011/SRR24785311/SRR24785311.fastq.gz	086bdc41db3fbf68d465a9eb5acfe855	UNRESOLVED_AT_FILE_LEVEL	NCBI RunInfo and ENA read_run filereport retrieved 2026-08-24
SRR24785312	SRX20557910	SAMN35536929	SRS17863955	N100019781_L01_5.fq.gz	N100019781_L01_5.fq.gz	L679	NONE; Subject_ID/Disease/Affection_Status empty in current RunInfo	Illumina NovaSeq 6000	SINGLE	50	19880572	994028600	866	454449274	https://ftp.sra.ebi.ac.uk/vol1/fastq/SRR247/012/SRR24785312/SRR24785312.fastq.gz	e91cf6b8298491a80df08ef4647ba4d7	UNRESOLVED_AT_FILE_LEVEL	NCBI RunInfo and ENA read_run filereport retrieved 2026-08-24
SRR24785313	SRX20557909	SAMN35536928	SRS17863954	N100019781_L01_4.fq.gz	N100019781_L01_4.fq.gz	L678	NONE; Subject_ID/Disease/Affection_Status empty in current RunInfo	Illumina NovaSeq 6000	SINGLE	50	25016883	1250844150	1103	572111699	https://ftp.sra.ebi.ac.uk/vol1/fastq/SRR247/013/SRR24785313/SRR24785313.fastq.gz	288c7e64aeda035d988fc443e2710897	UNRESOLVED_AT_FILE_LEVEL	NCBI RunInfo and ENA read_run filereport retrieved 2026-08-24
SRR24785314	SRX20557908	SAMN35536927	SRS17863952	N100019779_L01_7.fq.gz	N100019779_L01_7.fq.gz	L677	NONE; Subject_ID/Disease/Affection_Status empty in current RunInfo	Illumina NovaSeq 6000	SINGLE	50	11942841	597142050	529	272840325	https://ftp.sra.ebi.ac.uk/vol1/fastq/SRR247/014/SRR24785314/SRR24785314.fastq.gz	89fb17dce0cde21f56d3619cf92876f6	UNRESOLVED_AT_FILE_LEVEL	NCBI RunInfo and ENA read_run filereport retrieved 2026-08-24
SRR24785315	SRX20557907	SAMN35536926	SRS17863949	N100019779_L01_32.fq.gz	N100019779_L01_32.fq.gz	L676	NONE; Subject_ID/Disease/Affection_Status empty in current RunInfo	Illumina NovaSeq 6000	SINGLE	50	20488496	1024424800	938	470651821	https://ftp.sra.ebi.ac.uk/vol1/fastq/SRR247/015/SRR24785315/SRR24785315.fastq.gz	fb89e70d6e92f076b39421d70c3ffc8d	UNRESOLVED_AT_FILE_LEVEL	NCBI RunInfo and ENA read_run filereport retrieved 2026-08-24
SRR24785316	SRX20557906	SAMN35536925	SRS17863950	N100019779_L01_30.fq.gz	N100019779_L01_30.fq.gz	L675	NONE; Subject_ID/Disease/Affection_Status empty in current RunInfo	Illumina NovaSeq 6000	SINGLE	50	17900589	895029450	821	412494835	https://ftp.sra.ebi.ac.uk/vol1/fastq/SRR247/016/SRR24785316/SRR24785316.fastq.gz	e17acae862f866eae7c4d035b6043dfc	UNRESOLVED_AT_FILE_LEVEL	NCBI RunInfo and ENA read_run filereport retrieved 2026-08-24
SRR24785317	SRX20557905	SAMN35536924	SRS17863953	N100019779_L01_28.fq.gz	N100019779_L01_28.fq.gz	L674	NONE; Subject_ID/Disease/Affection_Status empty in current RunInfo	Illumina NovaSeq 6000	SINGLE	50	14083082	704154100	631	315160826	https://ftp.sra.ebi.ac.uk/vol1/fastq/SRR247/017/SRR24785317/SRR24785317.fastq.gz	3fa51b0e0dfcd968683cbd063b32a37d	UNRESOLVED_AT_FILE_LEVEL	NCBI RunInfo and ENA read_run filereport retrieved 2026-08-24
SRR24785318	SRX20557904	SAMN35536923	SRS17863951	N100019779_L01_26.fq.gz	N100019779_L01_26.fq.gz	L673	NONE; Subject_ID/Disease/Affection_Status empty in current RunInfo	Illumina NovaSeq 6000	SINGLE	50	20390983	1019549150	926	468611834	https://ftp.sra.ebi.ac.uk/vol1/fastq/SRR247/018/SRR24785318/SRR24785318.fastq.gz	e4af7eb752d8db362323aaed4cc1e6e4	UNRESOLVED_AT_FILE_LEVEL	NCBI RunInfo and ENA read_run filereport retrieved 2026-08-24
SRR24785319	SRX20557903	SAMN35536922	SRS17863948	N100019779_L01_22.fq.gz	N100019779_L01_22.fq.gz	L672	NONE; Subject_ID/Disease/Affection_Status empty in current RunInfo	Illumina NovaSeq 6000	SINGLE	50	16360576	818028800	709	321949200	https://ftp.sra.ebi.ac.uk/vol1/fastq/SRR247/019/SRR24785319/SRR24785319.fastq.gz	a541f900f608efc742e3a7263474820d	UNRESOLVED_AT_FILE_LEVEL	NCBI RunInfo and ENA read_run filereport retrieved 2026-08-24
SRR24785320	SRX20557902	SAMN35536921	SRS17863944	N100019779_L01_18.fq.gz	N100019779_L01_18.fq.gz	L671	NONE; Subject_ID/Disease/Affection_Status empty in current RunInfo	Illumina NovaSeq 6000	SINGLE	50	21806095	1090304750	1000	498772027	https://ftp.sra.ebi.ac.uk/vol1/fastq/SRR247/020/SRR24785320/SRR24785320.fastq.gz	d4f1cb53d34703322e64026ac5a0ffde	UNRESOLVED_AT_FILE_LEVEL	NCBI RunInfo and ENA read_run filereport retrieved 2026-08-24
SRR24785321	SRX20557901	SAMN35536318	SRS17863945	P100002561_L01_7.fq.gz	P100002561_L01_7.fq.gz	L68	NONE; Subject_ID/Disease/Affection_Status empty in current RunInfo	Illumina NovaSeq 6000	SINGLE	50	30998924	1549946200	1426	683514279	https://ftp.sra.ebi.ac.uk/vol1/fastq/SRR247/021/SRR24785321/SRR24785321.fastq.gz	865abf6fa466a7f8bdaa723292bbd6c2	UNRESOLVED_AT_FILE_LEVEL	NCBI RunInfo and ENA read_run filereport retrieved 2026-08-24
SRR24785322	SRX20557900	SAMN35536920	SRS17863946	N100019534_L01_26.fq.gz	N100019534_L01_26.fq.gz	L670	NONE; Subject_ID/Disease/Affection_Status empty in current RunInfo	Illumina NovaSeq 6000	SINGLE	50	31056135	1552806750	1296	709222654	https://ftp.sra.ebi.ac.uk/vol1/fastq/SRR247/022/SRR24785322/SRR24785322.fastq.gz	8eaed0c97478725e87624dd9ee2899a9	UNRESOLVED_AT_FILE_LEVEL	NCBI RunInfo and ENA read_run filereport retrieved 2026-08-24
SRR24785323	SRX20557899	SAMN35536919	SRS17863943	N100019477_L01_7.fq.gz	N100019477_L01_7.fq.gz	L669	NONE; Subject_ID/Disease/Affection_Status empty in current RunInfo	Illumina NovaSeq 6000	SINGLE	50	22237839	1111891950	952	510211070	https://ftp.sra.ebi.ac.uk/vol1/fastq/SRR247/023/SRR24785323/SRR24785323.fastq.gz	3b67bbf77f41ddae1f5457caa2ec8de1	UNRESOLVED_AT_FILE_LEVEL	NCBI RunInfo and ENA read_run filereport retrieved 2026-08-24
SRR24785324	SRX20557898	SAMN35536918	SRS17863947	N100019477_L01_32.fq.gz	N100019477_L01_32.fq.gz	L668	NONE; Subject_ID/Disease/Affection_Status empty in current RunInfo	Illumina NovaSeq 6000	SINGLE	50	21459656	1072982800	932	492237077	https://ftp.sra.ebi.ac.uk/vol1/fastq/SRR247/024/SRR24785324/SRR24785324.fastq.gz	217a82adb1dd418adedc4f61009d84a1	UNRESOLVED_AT_FILE_LEVEL	NCBI RunInfo and ENA read_run filereport retrieved 2026-08-24
SRR24785325	SRX20557897	SAMN35536917	SRS17863936	N100019477_L01_30.fq.gz	N100019477_L01_30.fq.gz	L667	NONE; Subject_ID/Disease/Affection_Status empty in current RunInfo	Illumina NovaSeq 6000	SINGLE	50	17082370	854118500	760	392678438	https://ftp.sra.ebi.ac.uk/vol1/fastq/SRR247/025/SRR24785325/SRR24785325.fastq.gz	15555f5ce0d7d5f891cc601b722caf17	UNRESOLVED_AT_FILE_LEVEL	NCBI RunInfo and ENA read_run filereport retrieved 2026-08-24
SRR24785326	SRX20557896	SAMN35536916	SRS17863942	N100019477_L01_28.fq.gz	N100019477_L01_28.fq.gz	L666	NONE; Subject_ID/Disease/Affection_Status empty in current RunInfo	Illumina NovaSeq 6000	SINGLE	50	21583165	1079158250	938	494223902	https://ftp.sra.ebi.ac.uk/vol1/fastq/SRR247/026/SRR24785326/SRR24785326.fastq.gz	f8d3d3b687550ff1b4f91eaf5626b380	UNRESOLVED_AT_FILE_LEVEL	NCBI RunInfo and ENA read_run filereport retrieved 2026-08-24
SRR24785327	SRX20557895	SAMN35536915	SRS17863941	N100019477_L01_26.fq.gz	N100019477_L01_26.fq.gz	L665	NONE; Subject_ID/Disease/Affection_Status empty in current RunInfo	Illumina NovaSeq 6000	SINGLE	50	24929991	1246499550	1083	569924805	https://ftp.sra.ebi.ac.uk/vol1/fastq/SRR247/027/SRR24785327/SRR24785327.fastq.gz	6e8b583b5113eda2b5a5a902ace91406	UNRESOLVED_AT_FILE_LEVEL	NCBI RunInfo and ENA read_run filereport retrieved 2026-08-24
SRR24785328	SRX20557894	SAMN35536914	SRS17863938	N100019477_L01_22.fq.gz	N100019477_L01_22.fq.gz	L664	NONE; Subject_ID/Disease/Affection_Status empty in current RunInfo	Illumina NovaSeq 6000	SINGLE	50	27346482	1367324100	1193	623966742	https://ftp.sra.ebi.ac.uk/vol1/fastq/SRR247/028/SRR24785328/SRR24785328.fastq.gz	feef1a07f76e32bd091eda15fee0e585	UNRESOLVED_AT_FILE_LEVEL	NCBI RunInfo and ENA read_run filereport retrieved 2026-08-24
SRR24785329	SRX20557893	SAMN35536913	SRS17863940	N100019477_L01_18.fq.gz	N100019477_L01_18.fq.gz	L663	NONE; Subject_ID/Disease/Affection_Status empty in current RunInfo	Illumina NovaSeq 6000	SINGLE	50	22206502	1110325100	979	506346587	https://ftp.sra.ebi.ac.uk/vol1/fastq/SRR247/029/SRR24785329/SRR24785329.fastq.gz	dcaff0c0c8c8332a16c53c079d41611f	UNRESOLVED_AT_FILE_LEVEL	NCBI RunInfo and ENA read_run filereport retrieved 2026-08-24
SRR24785330	SRX20557892	SAMN35536912	SRS17863935	N100019477_L01_11.fq.gz	N100019477_L01_11.fq.gz	L662	NONE; Subject_ID/Disease/Affection_Status empty in current RunInfo	Illumina NovaSeq 6000	SINGLE	50	33930094	1696504700	1489	771314491	https://ftp.sra.ebi.ac.uk/vol1/fastq/SRR247/030/SRR24785330/SRR24785330.fastq.gz	3154c5e3d3ddd0e00b0d728de13440fc	UNRESOLVED_AT_FILE_LEVEL	NCBI RunInfo and ENA read_run filereport retrieved 2026-08-24
SRR24785331	SRX20557891	SAMN35536911	SRS17863937	N100019463_L01_5.fq.gz	N100019463_L01_5.fq.gz	L661	NONE; Subject_ID/Disease/Affection_Status empty in current RunInfo	Illumina NovaSeq 6000	SINGLE	50	44973341	2248667050	1902	1016112259	https://ftp.sra.ebi.ac.uk/vol1/fastq/SRR247/031/SRR24785331/SRR24785331.fastq.gz	cf2320850bf5ddb6f9d7066a543fe70b	UNRESOLVED_AT_FILE_LEVEL	NCBI RunInfo and ENA read_run filereport retrieved 2026-08-24
SRR24785332	SRX20557890	SAMN35536317	SRS17863939	P100002561_L04_21.fq.gz	P100002561_L04_21.fq.gz	L67	NONE; Subject_ID/Disease/Affection_Status empty in current RunInfo	Illumina NovaSeq 6000	SINGLE	50	22995249	1149762450	1070	522014107	https://ftp.sra.ebi.ac.uk/vol1/fastq/SRR247/032/SRR24785332/SRR24785332.fastq.gz	56927f5b3df291eb0d57b677f6896322	UNRESOLVED_AT_FILE_LEVEL	NCBI RunInfo and ENA read_run filereport retrieved 2026-08-24
SRR24785333	SRX20557889	SAMN35536910	SRS17863933	N100019462_L01_6.fq.gz	N100019462_L01_6.fq.gz	L660	NONE; Subject_ID/Disease/Affection_Status empty in current RunInfo	Illumina NovaSeq 6000	SINGLE	50	32893354	1644667700	1447	749097829	https://ftp.sra.ebi.ac.uk/vol1/fastq/SRR247/033/SRR24785333/SRR24785333.fastq.gz	875dfce4ff5ee3357a8e8bf79b7b05c6	UNRESOLVED_AT_FILE_LEVEL	NCBI RunInfo and ENA read_run filereport retrieved 2026-08-24
SRR24785334	SRX20557888	SAMN35536909	SRS17863931	N100019462_L01_11.fq.gz	N100019462_L01_11.fq.gz	L659	NONE; Subject_ID/Disease/Affection_Status empty in current RunInfo	Illumina NovaSeq 6000	SINGLE	50	22397914	1119895700	985	513221422	https://ftp.sra.ebi.ac.uk/vol1/fastq/SRR247/034/SRR24785334/SRR24785334.fastq.gz	9c9417a06a45eee436d1172a44371052	UNRESOLVED_AT_FILE_LEVEL	NCBI RunInfo and ENA read_run filereport retrieved 2026-08-24
SRR24785335	SRX20557887	SAMN35536908	SRS17863934	N100019462_L01_10.fq.gz	N100019462_L01_10.fq.gz	L658	NONE; Subject_ID/Disease/Affection_Status empty in current RunInfo	Illumina NovaSeq 6000	SINGLE	50	25331800	1266590000	1099	576764850	https://ftp.sra.ebi.ac.uk/vol1/fastq/SRR247/035/SRR24785335/SRR24785335.fastq.gz	952e55cb2e208e9d23b400a49759c4f7	UNRESOLVED_AT_FILE_LEVEL	NCBI RunInfo and ENA read_run filereport retrieved 2026-08-24
SRR24785336	SRX20557886	SAMN35536907	SRS17863930	N100019462_L01_8.fq.gz	N100019462_L01_8.fq.gz	L657	NONE; Subject_ID/Disease/Affection_Status empty in current RunInfo	Illumina NovaSeq 6000	SINGLE	50	19885716	994285800	871	454583372	https://ftp.sra.ebi.ac.uk/vol1/fastq/SRR247/036/SRR24785336/SRR24785336.fastq.gz	739ab6fa1b2893285d19a0183c1b039c	UNRESOLVED_AT_FILE_LEVEL	NCBI RunInfo and ENA read_run filereport retrieved 2026-08-24
SRR24785337	SRX20557885	SAMN35536906	SRS17863926	N100019462_L01_5.fq.gz	N100019462_L01_5.fq.gz	L656	NONE; Subject_ID/Disease/Affection_Status empty in current RunInfo	Illumina NovaSeq 6000	SINGLE	50	22208073	1110403650	963	508819010	https://ftp.sra.ebi.ac.uk/vol1/fastq/SRR247/037/SRR24785337/SRR24785337.fastq.gz	3a6ae95a0c5769878ed735155f8e5d17	UNRESOLVED_AT_FILE_LEVEL	NCBI RunInfo and ENA read_run filereport retrieved 2026-08-24
SRR24785338	SRX20557884	SAMN35536905	SRS17863929	N100019451_L01_15.fq.gz	N100019451_L01_15.fq.gz	L655	NONE; Subject_ID/Disease/Affection_Status empty in current RunInfo	Illumina NovaSeq 6000	SINGLE	50	16307532	815376600	701	375241769	https://ftp.sra.ebi.ac.uk/vol1/fastq/SRR247/038/SRR24785338/SRR24785338.fastq.gz	d9ba921f54e19488ba3dafa53e7ba731	UNRESOLVED_AT_FILE_LEVEL	NCBI RunInfo and ENA read_run filereport retrieved 2026-08-24
SRR24785339	SRX20558171	SAMN35536904	SRS17864215	N100019451_L01_7.fq.gz	N100019451_L01_7.fq.gz	L654	NONE; Subject_ID/Disease/Affection_Status empty in current RunInfo	Illumina NovaSeq 6000	SINGLE	50	21770550	1088527500	931	496047652	https://ftp.sra.ebi.ac.uk/vol1/fastq/SRR247/039/SRR24785339/SRR24785339.fastq.gz	1f28d32c667c624713d56fa1e4994082	UNRESOLVED_AT_FILE_LEVEL	NCBI RunInfo and ENA read_run filereport retrieved 2026-08-24
SRR24785340	SRX20557882	SAMN35536450	SRS17863928	2234042380402_C1T.unhost.fq.gz	2234042380402_C1T.unhost.fq.gz	L200	NONE; Subject_ID/Disease/Affection_Status empty in current RunInfo	Illumina NovaSeq 6000	SINGLE	40	4534782	181391280	82	108773053	https://ftp.sra.ebi.ac.uk/vol1/fastq/SRR247/040/SRR24785340/SRR24785340.fastq.gz	6302397563603af62a9384fb491d1dd1	SUPPORTED_COMPUTATIONALLY_HOST_DEPLETED	NCBI RunInfo and ENA read_run filereport retrieved 2026-08-24
SRR24785341	SRX20557881	SAMN35536449	SRS17863927	2234042380396_C1T.unhost.fq.gz	2234042380396_C1T.unhost.fq.gz	L199	NONE; Subject_ID/Disease/Affection_Status empty in current RunInfo	Illumina NovaSeq 6000	SINGLE	40	19050192	762007680	340	442293332	https://ftp.sra.ebi.ac.uk/vol1/fastq/SRR247/041/SRR24785341/SRR24785341.fastq.gz	0c334100ef9a638b36e478cca241190f	SUPPORTED_COMPUTATIONALLY_HOST_DEPLETED	NCBI RunInfo and ENA read_run filereport retrieved 2026-08-24
SRR24785342	SRX20557880	SAMN35536448	SRS17863922	2234042380372_C1T.unhost.fq.gz	2234042380372_C1T.unhost.fq.gz	L198	NONE; Subject_ID/Disease/Affection_Status empty in current RunInfo	Illumina NovaSeq 6000	SINGLE	40	1321517	52860680	25	32206540	https://ftp.sra.ebi.ac.uk/vol1/fastq/SRR247/042/SRR24785342/SRR24785342.fastq.gz	575bb85a22b4292effdfb499a5bda3f9	SUPPORTED_COMPUTATIONALLY_HOST_DEPLETED	NCBI RunInfo and ENA read_run filereport retrieved 2026-08-24
SRR24785343	SRX20557879	SAMN35536447	SRS17863920	2234042380365_C1T.unhost.fq.gz	2234042380365_C1T.unhost.fq.gz	L197	NONE; Subject_ID/Disease/Affection_Status empty in current RunInfo	Illumina NovaSeq 6000	SINGLE	40	19626114	785044560	366	463795771	https://ftp.sra.ebi.ac.uk/vol1/fastq/SRR247/043/SRR24785343/SRR24785343.fastq.gz	3cbc84cc917983790430aef30ceb061b	SUPPORTED_COMPUTATIONALLY_HOST_DEPLETED	NCBI RunInfo and ENA read_run filereport retrieved 2026-08-24
SRR24785344	SRX20557878	SAMN35536446	SRS17863925	2234042380358_C1T.unhost.fq.gz	2234042380358_C1T.unhost.fq.gz	L196	NONE; Subject_ID/Disease/Affection_Status empty in current RunInfo	Illumina NovaSeq 6000	SINGLE	40	6145856	245834240	117	145659972	https://ftp.sra.ebi.ac.uk/vol1/fastq/SRR247/044/SRR24785344/SRR24785344.fastq.gz	b3420f21dffb0f23aef84f846998ed5b	SUPPORTED_COMPUTATIONALLY_HOST_DEPLETED	NCBI RunInfo and ENA read_run filereport retrieved 2026-08-24
SRR24785345	SRX20557877	SAMN35536445	SRS17863923	2234042380341_C1T.unhost.fq.gz	2234042380341_C1T.unhost.fq.gz	L195	NONE; Subject_ID/Disease/Affection_Status empty in current RunInfo	Illumina NovaSeq 6000	SINGLE	40	1605080	64203200	30	38991441	https://ftp.sra.ebi.ac.uk/vol1/fastq/SRR247/045/SRR24785345/SRR24785345.fastq.gz	106fe8b1e11620a32ec32c49729d5c72	SUPPORTED_COMPUTATIONALLY_HOST_DEPLETED	NCBI RunInfo and ENA read_run filereport retrieved 2026-08-24
SRR24785346	SRX20557876	SAMN35536444	SRS17863924	2234042380334_C1T.unhost.fq.gz	2234042380334_C1T.unhost.fq.gz	L194	NONE; Subject_ID/Disease/Affection_Status empty in current RunInfo	Illumina NovaSeq 6000	SINGLE	40	3650293	146011720	68	87630628	https://ftp.sra.ebi.ac.uk/vol1/fastq/SRR247/046/SRR24785346/SRR24785346.fastq.gz	1458dd27ba87418aace7934b25aebc8e	SUPPORTED_COMPUTATIONALLY_HOST_DEPLETED	NCBI RunInfo and ENA read_run filereport retrieved 2026-08-24
SRR24785347	SRX20557875	SAMN35536443	SRS17863921	2234042380297_C1T.unhost.fq.gz	2234042380297_C1T.unhost.fq.gz	L193	NONE; Subject_ID/Disease/Affection_Status empty in current RunInfo	Illumina NovaSeq 6000	SINGLE	40	4347395	173895800	82	103951717	https://ftp.sra.ebi.ac.uk/vol1/fastq/SRR247/047/SRR24785347/SRR24785347.fastq.gz	ca7edf5f40a7b1bc08de19cceb77ea80	SUPPORTED_COMPUTATIONALLY_HOST_DEPLETED	NCBI RunInfo and ENA read_run filereport retrieved 2026-08-24
SRR24785348	SRX20557874	SAMN35536442	SRS17863919	2234042380280_C1T.unhost.fq.gz	2234042380280_C1T.unhost.fq.gz	L192	NONE; Subject_ID/Disease/Affection_Status empty in current RunInfo	Illumina NovaSeq 6000	SINGLE	40	753619	30144760	13	18439407	https://ftp.sra.ebi.ac.uk/vol1/fastq/SRR247/048/SRR24785348/SRR24785348.fastq.gz	e437a032ad62bb3cc9bd7ad61a611483	SUPPORTED_COMPUTATIONALLY_HOST_DEPLETED	NCBI RunInfo and ENA read_run filereport retrieved 2026-08-24
SRR24785349	SRX20557873	SAMN35536441	SRS17863918	2234042380273_C1T.unhost.fq.gz	2234042380273_C1T.unhost.fq.gz	L191	NONE; Subject_ID/Disease/Affection_Status empty in current RunInfo	Illumina NovaSeq 6000	SINGLE	40	1484163	59366520	26	35925456	https://ftp.sra.ebi.ac.uk/vol1/fastq/SRR247/049/SRR24785349/SRR24785349.fastq.gz	44a413db0c67b7a6560f25f5bf1fe817	SUPPORTED_COMPUTATIONALLY_HOST_DEPLETED	NCBI RunInfo and ENA read_run filereport retrieved 2026-08-24
SRR24785350	SRX20557872	SAMN35536270	SRS17863917	V350014993_L01_10.fq.gz	V350014993_L01_10.fq.gz	L20	NONE; Subject_ID/Disease/Affection_Status empty in current RunInfo	Illumina NovaSeq 6000	SINGLE	50	7726568	386328400	329	179154629	https://ftp.sra.ebi.ac.uk/vol1/fastq/SRR247/050/SRR24785350/SRR24785350.fastq.gz	01143479531400ae0a90ddf88ee5e2c1	UNRESOLVED_AT_FILE_LEVEL	NCBI RunInfo and ENA read_run filereport retrieved 2026-08-24
SRR24785351	SRX20557871	SAMN35536440	SRS17863914	2234042380266_C1T.unhost.fq.gz	2234042380266_C1T.unhost.fq.gz	L190	NONE; Subject_ID/Disease/Affection_Status empty in current RunInfo	Illumina NovaSeq 6000	SINGLE	40	2788559	111542360	52	67436123	https://ftp.sra.ebi.ac.uk/vol1/fastq/SRR247/051/SRR24785351/SRR24785351.fastq.gz	41602dcc428516afcc7a9a85a45e4b17	SUPPORTED_COMPUTATIONALLY_HOST_DEPLETED	NCBI RunInfo and ENA read_run filereport retrieved 2026-08-24
SRR24785352	SRX20557870	SAMN35536439	SRS17863913	2234042380259_C1T.unhost.fq.gz	2234042380259_C1T.unhost.fq.gz	L189	NONE; Subject_ID/Disease/Affection_Status empty in current RunInfo	Illumina NovaSeq 6000	SINGLE	40	3868816	154752640	74	93080044	https://ftp.sra.ebi.ac.uk/vol1/fastq/SRR247/052/SRR24785352/SRR24785352.fastq.gz	9d91638023d61754d36a87282fda17bd	SUPPORTED_COMPUTATIONALLY_HOST_DEPLETED	NCBI RunInfo and ENA read_run filereport retrieved 2026-08-24
SRR24785353	SRX20557869	SAMN35536438	SRS17863915	2234042380235_C1T.unhost.fq.gz	2234042380235_C1T.unhost.fq.gz	L188	NONE; Subject_ID/Disease/Affection_Status empty in current RunInfo	Illumina NovaSeq 6000	SINGLE	40	730644	29225760	13	17728356	https://ftp.sra.ebi.ac.uk/vol1/fastq/SRR247/053/SRR24785353/SRR24785353.fastq.gz	c73f6f594cb66ed7389ba5cf9314de09	SUPPORTED_COMPUTATIONALLY_HOST_DEPLETED	NCBI RunInfo and ENA read_run filereport retrieved 2026-08-24
SRR24785354	SRX20557868	SAMN35536437	SRS17863916	2234042380228_C1T.unhost.fq.gz	2234042380228_C1T.unhost.fq.gz	L187	NONE; Subject_ID/Disease/Affection_Status empty in current RunInfo	Illumina NovaSeq 6000	SINGLE	40	2589608	103584320	44	62164807	https://ftp.sra.ebi.ac.uk/vol1/fastq/SRR247/054/SRR24785354/SRR24785354.fastq.gz	1907ca6bcb3e10a95dc8c0ef8cc5a97d	SUPPORTED_COMPUTATIONALLY_HOST_DEPLETED	NCBI RunInfo and ENA read_run filereport retrieved 2026-08-24
SRR24785355	SRX20557867	SAMN35536436	SRS17863912	2234042380211_C1T.unhost.fq.gz	2234042380211_C1T.unhost.fq.gz	L186	NONE; Subject_ID/Disease/Affection_Status empty in current RunInfo	Illumina NovaSeq 6000	SINGLE	40	1496696	59867840	26	36501029	https://ftp.sra.ebi.ac.uk/vol1/fastq/SRR247/055/SRR24785355/SRR24785355.fastq.gz	123db3fa5b2f1bf81680711a83da6ae8	SUPPORTED_COMPUTATIONALLY_HOST_DEPLETED	NCBI RunInfo and ENA read_run filereport retrieved 2026-08-24
SRR24785356	SRX20557866	SAMN35536435	SRS17863910	2234042380204_C1T.unhost.fq.gz	2234042380204_C1T.unhost.fq.gz	L185	NONE; Subject_ID/Disease/Affection_Status empty in current RunInfo	Illumina NovaSeq 6000	SINGLE	40	995465	39818600	18	23983253	https://ftp.sra.ebi.ac.uk/vol1/fastq/SRR247/056/SRR24785356/SRR24785356.fastq.gz	7e79cd5bfe26f5139b2c799c13f8a305	SUPPORTED_COMPUTATIONALLY_HOST_DEPLETED	NCBI RunInfo and ENA read_run filereport retrieved 2026-08-24
SRR24785357	SRX20557865	SAMN35536434	SRS17863908	2234042380198_C1T.unhost.fq.gz	2234042380198_C1T.unhost.fq.gz	L184	NONE; Subject_ID/Disease/Affection_Status empty in current RunInfo	Illumina NovaSeq 6000	SINGLE	40	1921590	76863600	34	46671878	https://ftp.sra.ebi.ac.uk/vol1/fastq/SRR247/057/SRR24785357/SRR24785357.fastq.gz	9a4be96d17cf5d1eaea7a384f36ae739	SUPPORTED_COMPUTATIONALLY_HOST_DEPLETED	NCBI RunInfo and ENA read_run filereport retrieved 2026-08-24
SRR24785358	SRX20557864	SAMN35536433	SRS17863911	2234042380181_C1T.unhost.fq.gz	2234042380181_C1T.unhost.fq.gz	L183	NONE; Subject_ID/Disease/Affection_Status empty in current RunInfo	Illumina NovaSeq 6000	SINGLE	40	2866581	114663240	50	68715131	https://ftp.sra.ebi.ac.uk/vol1/fastq/SRR247/058/SRR24785358/SRR24785358.fastq.gz	38db5f17c84962a6a6d50ade3c392c76	SUPPORTED_COMPUTATIONALLY_HOST_DEPLETED	NCBI RunInfo and ENA read_run filereport retrieved 2026-08-24
SRR24785359	SRX20557863	SAMN35536432	SRS17863909	2234042380150_C1T.unhost.fq.gz	2234042380150_C1T.unhost.fq.gz	L182	NONE; Subject_ID/Disease/Affection_Status empty in current RunInfo	Illumina NovaSeq 6000	SINGLE	40	1681104	67244160	28	34965682	https://ftp.sra.ebi.ac.uk/vol1/fastq/SRR247/059/SRR24785359/SRR24785359.fastq.gz	c2ef3afdcec864eded08657e50d4a478	SUPPORTED_COMPUTATIONALLY_HOST_DEPLETED	NCBI RunInfo and ENA read_run filereport retrieved 2026-08-24
SRR24785360	SRX20557862	SAMN35536431	SRS17863905	2234042380136_C1T.unhost.fq.gz	2234042380136_C1T.unhost.fq.gz	L181	NONE; Subject_ID/Disease/Affection_Status empty in current RunInfo	Illumina NovaSeq 6000	SINGLE	40	4780780	191231200	83	103339667	https://ftp.sra.ebi.ac.uk/vol1/fastq/SRR247/060/SRR24785360/SRR24785360.fastq.gz	95955b3588a20fb81a1d2e97d6f7721f	SUPPORTED_COMPUTATIONALLY_HOST_DEPLETED	NCBI RunInfo and ENA read_run filereport retrieved 2026-08-24
SRR24785361	SRX20557861	SAMN35536269	SRS17863904	V350014993_L04_10.fq.gz	V350014993_L04_10.fq.gz	L19	NONE; Subject_ID/Disease/Affection_Status empty in current RunInfo	Illumina NovaSeq 6000	SINGLE	50	7732086	386604300	330	179478555	https://ftp.sra.ebi.ac.uk/vol1/fastq/SRR247/061/SRR24785361/SRR24785361.fastq.gz	4b4d95227e307ba7a269ecf1b99143a1	UNRESOLVED_AT_FILE_LEVEL	NCBI RunInfo and ENA read_run filereport retrieved 2026-08-24
