run_accession	biosample	sample_alias	subject_id	hiv_group	mapping_evidence	repeat_sampling_status	technical_replicate_status	analysis_eligible
SRR24784644	SAMN35536430	2234042380112_C1T.unhost.fq.gz	UNRESOLVED	UNRESOLVED	No accession-linked HIV/phenotype field in SRA RunInfo or ENA current read_run report; paper supplement is aggregate ART table.	UNRESOLVED	UNRESOLVED	NO
SRR24784645	SAMN35536429	2234042380105_C1T.unhost.fq.gz	UNRESOLVED	UNRESOLVED	No accession-linked HIV/phenotype field in SRA RunInfo or ENA current read_run report; paper supplement is aggregate ART table.	UNRESOLVED	UNRESOLVED	NO
SRR24784646	SAMN35536428	2234042380099_C1T.unhost.fq.gz	UNRESOLVED	UNRESOLVED	No accession-linked HIV/phenotype field in SRA RunInfo or ENA current read_run report; paper supplement is aggregate ART table.	UNRESOLVED	UNRESOLVED	NO
SRR24784647	SAMN35536427	2234042380075_C1T.unhost.fq.gz	UNRESOLVED	UNRESOLVED	No accession-linked HIV/phenotype field in SRA RunInfo or ENA current read_run report; paper supplement is aggregate ART table.	UNRESOLVED	UNRESOLVED	NO
SRR24784648	SAMN35536426	2234042380068_C1T.unhost.fq.gz	UNRESOLVED	UNRESOLVED	No accession-linked HIV/phenotype field in SRA RunInfo or ENA current read_run report; paper supplement is aggregate ART table.	UNRESOLVED	UNRESOLVED	NO
SRR24784649	SAMN35536425	2234042380013_C1T.unhost.fq.gz	UNRESOLVED	UNRESOLVED	No accession-linked HIV/phenotype field in SRA RunInfo or ENA current read_run report; paper supplement is aggregate ART table.	UNRESOLVED	UNRESOLVED	NO
SRR24784650	SAMN35536424	2234042152870_C1D.unhost.fq.gz	UNRESOLVED	UNRESOLVED	No accession-linked HIV/phenotype field in SRA RunInfo or ENA current read_run report; paper supplement is aggregate ART table.	UNRESOLVED	UNRESOLVED	NO
SRR24784651	SAMN35536423	2234042152788_C1D.unhost.fq.gz	UNRESOLVED	UNRESOLVED	No accession-linked HIV/phenotype field in SRA RunInfo or ENA current read_run report; paper supplement is aggregate ART table.	UNRESOLVED	UNRESOLVED	NO
SRR24784652	SAMN35536422	2234042152771_C1D.unhost.fq.gz	UNRESOLVED	UNRESOLVED	No accession-linked HIV/phenotype field in SRA RunInfo or ENA current read_run report; paper supplement is aggregate ART table.	UNRESOLVED	UNRESOLVED	NO
SRR24784653	SAMN35536421	2234042152559_C1T.unhost.fq.gz	UNRESOLVED	UNRESOLVED	No accession-linked HIV/phenotype field in SRA RunInfo or ENA current read_run report; paper supplement is aggregate ART table.	UNRESOLVED	UNRESOLVED	NO
SRR24784654	SAMN35536268	V300094685_L01_27.fq.gz	UNRESOLVED	UNRESOLVED	No accession-linked HIV/phenotype field in SRA RunInfo or ENA current read_run report; paper supplement is aggregate ART table.	UNRESOLVED	UNRESOLVED	NO
SRR24784655	SAMN35536420	2234042152535_C1T.unhost.fq.gz	UNRESOLVED	UNRESOLVED	No accession-linked HIV/phenotype field in SRA RunInfo or ENA current read_run report; paper supplement is aggregate ART table.	UNRESOLVED	UNRESOLVED	NO
SRR24784656	SAMN35536419	2234042152528_C1T.unhost.fq.gz	UNRESOLVED	UNRESOLVED	No accession-linked HIV/phenotype field in SRA RunInfo or ENA current read_run report; paper supplement is aggregate ART table.	UNRESOLVED	UNRESOLVED	NO
SRR24784657	SAMN35536418	2234042152511_C1T.unhost.fq.gz	UNRESOLVED	UNRESOLVED	No accession-linked HIV/phenotype field in SRA RunInfo or ENA current read_run report; paper supplement is aggregate ART table.	UNRESOLVED	UNRESOLVED	NO
SRR24784658	SAMN35536709	N100018724_L01_29.fq.gz	UNRESOLVED	UNRESOLVED	No accession-linked HIV/phenotype field in SRA RunInfo or ENA current read_run report; paper supplement is aggregate ART table.	UNRESOLVED	UNRESOLVED	NO
SRR24784659	SAMN35536708	N100018696_L01_5.fq.gz	UNRESOLVED	UNRESOLVED	No accession-linked HIV/phenotype field in SRA RunInfo or ENA current read_run report; paper supplement is aggregate ART table.	UNRESOLVED	UNRESOLVED	NO
SRR24784660	SAMN35536707	N100018696_L01_4.fq.gz	UNRESOLVED	UNRESOLVED	No accession-linked HIV/phenotype field in SRA RunInfo or ENA current read_run report; paper supplement is aggregate ART table.	UNRESOLVED	UNRESOLVED	NO
SRR24784661	SAMN35536706	N100018663_L01_8.fq.gz	UNRESOLVED	UNRESOLVED	No accession-linked HIV/phenotype field in SRA RunInfo or ENA current read_run report; paper supplement is aggregate ART table.	UNRESOLVED	UNRESOLVED	NO
SRR24784662	SAMN35536705	N100018663_L01_6.fq.gz	UNRESOLVED	UNRESOLVED	No accession-linked HIV/phenotype field in SRA RunInfo or ENA current read_run report; paper supplement is aggregate ART table.	UNRESOLVED	UNRESOLVED	NO
SRR24784663	SAMN35536704	N100018663_L01_5.fq.gz	UNRESOLVED	UNRESOLVED	No accession-linked HIV/phenotype field in SRA RunInfo or ENA current read_run report; paper supplement is aggregate ART table.	UNRESOLVED	UNRESOLVED	NO
SRR24784664	SAMN35536703	N100018663_L01_4.fq.gz	UNRESOLVED	UNRESOLVED	No accession-linked HIV/phenotype field in SRA RunInfo or ENA current read_run report; paper supplement is aggregate ART table.	UNRESOLVED	UNRESOLVED	NO
SRR24784665	SAMN35536702	N100018637_L01_31.fq.gz	UNRESOLVED	UNRESOLVED	No accession-linked HIV/phenotype field in SRA RunInfo or ENA current read_run report; paper supplement is aggregate ART table.	UNRESOLVED	UNRESOLVED	NO
SRR24784666	SAMN35536701	N100018637_L01_29.fq.gz	UNRESOLVED	UNRESOLVED	No accession-linked HIV/phenotype field in SRA RunInfo or ENA current read_run report; paper supplement is aggregate ART table.	UNRESOLVED	UNRESOLVED	NO
SRR24784667	SAMN35536296	V300035271_L04_27.fq.gz	UNRESOLVED	UNRESOLVED	No accession-linked HIV/phenotype field in SRA RunInfo or ENA current read_run report; paper supplement is aggregate ART table.	UNRESOLVED	UNRESOLVED	NO
SRR24784668	SAMN35536700	N100018637_L01_25.fq.gz	UNRESOLVED	UNRESOLVED	No accession-linked HIV/phenotype field in SRA RunInfo or ENA current read_run report; paper supplement is aggregate ART table.	UNRESOLVED	UNRESOLVED	NO
SRR24784669	SAMN35536699	N100018637_L01_20.fq.gz	UNRESOLVED	UNRESOLVED	No accession-linked HIV/phenotype field in SRA RunInfo or ENA current read_run report; paper supplement is aggregate ART table.	UNRESOLVED	UNRESOLVED	NO
SRR24784670	SAMN35536698	N100018637_L01_17.fq.gz	UNRESOLVED	UNRESOLVED	No accession-linked HIV/phenotype field in SRA RunInfo or ENA current read_run report; paper supplement is aggregate ART table.	UNRESOLVED	UNRESOLVED	NO
SRR24784671	SAMN35536697	N100018637_L01_16.fq.gz	UNRESOLVED	UNRESOLVED	No accession-linked HIV/phenotype field in SRA RunInfo or ENA current read_run report; paper supplement is aggregate ART table.	UNRESOLVED	UNRESOLVED	NO
SRR24784672	SAMN35536696	N100018637_L01_15.fq.gz	UNRESOLVED	UNRESOLVED	No accession-linked HIV/phenotype field in SRA RunInfo or ENA current read_run report; paper supplement is aggregate ART table.	UNRESOLVED	UNRESOLVED	NO
SRR24784673	SAMN35536695	N100018633_L01_28.fq.gz	UNRESOLVED	UNRESOLVED	No accession-linked HIV/phenotype field in SRA RunInfo or ENA current read_run report; paper supplement is aggregate ART table.	UNRESOLVED	UNRESOLVED	NO
SRR24784674	SAMN35536694	N100018633_L01_26.fq.gz	UNRESOLVED	UNRESOLVED	No accession-linked HIV/phenotype field in SRA RunInfo or ENA current read_run report; paper supplement is aggregate ART table.	UNRESOLVED	UNRESOLVED	NO
SRR24784675	SAMN35536693	N100018633_L01_22.fq.gz	UNRESOLVED	UNRESOLVED	No accession-linked HIV/phenotype field in SRA RunInfo or ENA current read_run report; paper supplement is aggregate ART table.	UNRESOLVED	UNRESOLVED	NO
SRR24784676	SAMN35536692	N100018631_L01_20.fq.gz	UNRESOLVED	UNRESOLVED	No accession-linked HIV/phenotype field in SRA RunInfo or ENA current read_run report; paper supplement is aggregate ART table.	UNRESOLVED	UNRESOLVED	NO
SRR24784677	SAMN35536691	N100018631_L01_17.fq.gz	UNRESOLVED	UNRESOLVED	No accession-linked HIV/phenotype field in SRA RunInfo or ENA current read_run report; paper supplement is aggregate ART table.	UNRESOLVED	UNRESOLVED	NO
SRR24784678	SAMN35536295	P100003225_L02_15.fq.gz	UNRESOLVED	UNRESOLVED	No accession-linked HIV/phenotype field in SRA RunInfo or ENA current read_run report; paper supplement is aggregate ART table.	UNRESOLVED	UNRESOLVED	NO
SRR24784679	SAMN35536690	N100018631_L01_16.fq.gz	UNRESOLVED	UNRESOLVED	No accession-linked HIV/phenotype field in SRA RunInfo or ENA current read_run report; paper supplement is aggregate ART table.	UNRESOLVED	UNRESOLVED	NO
SRR24784680	SAMN35536689	N100018627_L01_28.fq.gz	UNRESOLVED	UNRESOLVED	No accession-linked HIV/phenotype field in SRA RunInfo or ENA current read_run report; paper supplement is aggregate ART table.	UNRESOLVED	UNRESOLVED	NO
SRR24784681	SAMN35536688	N100018627_L01_26.fq.gz	UNRESOLVED	UNRESOLVED	No accession-linked HIV/phenotype field in SRA RunInfo or ENA current read_run report; paper supplement is aggregate ART table.	UNRESOLVED	UNRESOLVED	NO
SRR24784682	SAMN35536687	N100018627_L01_22.fq.gz	UNRESOLVED	UNRESOLVED	No accession-linked HIV/phenotype field in SRA RunInfo or ENA current read_run report; paper supplement is aggregate ART table.	UNRESOLVED	UNRESOLVED	NO
SRR24784683	SAMN35536686	N100018612_L01_7.fq.gz	UNRESOLVED	UNRESOLVED	No accession-linked HIV/phenotype field in SRA RunInfo or ENA current read_run report; paper supplement is aggregate ART table.	UNRESOLVED	UNRESOLVED	NO
SRR24784684	SAMN35536685	N100018612_L01_32.fq.gz	UNRESOLVED	UNRESOLVED	No accession-linked HIV/phenotype field in SRA RunInfo or ENA current read_run report; paper supplement is aggregate ART table.	UNRESOLVED	UNRESOLVED	NO
SRR24784685	SAMN35536684	N100018612_L01_30.fq.gz	UNRESOLVED	UNRESOLVED	No accession-linked HIV/phenotype field in SRA RunInfo or ENA current read_run report; paper supplement is aggregate ART table.	UNRESOLVED	UNRESOLVED	NO
SRR24784686	SAMN35536683	N100018610_L01_11.fq.gz	UNRESOLVED	UNRESOLVED	No accession-linked HIV/phenotype field in SRA RunInfo or ENA current read_run report; paper supplement is aggregate ART table.	UNRESOLVED	UNRESOLVED	NO
SRR24784687	SAMN35536682	N100018610_L01_6.fq.gz	UNRESOLVED	UNRESOLVED	No accession-linked HIV/phenotype field in SRA RunInfo or ENA current read_run report; paper supplement is aggregate ART table.	UNRESOLVED	UNRESOLVED	NO
SRR24784688	SAMN35536681	N100018610_L01_5.fq.gz	UNRESOLVED	UNRESOLVED	No accession-linked HIV/phenotype field in SRA RunInfo or ENA current read_run report; paper supplement is aggregate ART table.	UNRESOLVED	UNRESOLVED	NO
SRR24784689	SAMN35536294	V300081129_L03_15.fq.gz	UNRESOLVED	UNRESOLVED	No accession-linked HIV/phenotype field in SRA RunInfo or ENA current read_run report; paper supplement is aggregate ART table.	UNRESOLVED	UNRESOLVED	NO
SRR24784690	SAMN35536680	N100018610_L01_4.fq.gz	UNRESOLVED	UNRESOLVED	No accession-linked HIV/phenotype field in SRA RunInfo or ENA current read_run report; paper supplement is aggregate ART table.	UNRESOLVED	UNRESOLVED	NO
SRR24784691	SAMN35536679	N100018606_L01_8.fq.gz	UNRESOLVED	UNRESOLVED	No accession-linked HIV/phenotype field in SRA RunInfo or ENA current read_run report; paper supplement is aggregate ART table.	UNRESOLVED	UNRESOLVED	NO
SRR24784692	SAMN35536678	N100018606_L01_6.fq.gz	UNRESOLVED	UNRESOLVED	No accession-linked HIV/phenotype field in SRA RunInfo or ENA current read_run report; paper supplement is aggregate ART table.	UNRESOLVED	UNRESOLVED	NO
SRR24784693	SAMN35536677	N100018606_L01_5.fq.gz	UNRESOLVED	UNRESOLVED	No accession-linked HIV/phenotype field in SRA RunInfo or ENA current read_run report; paper supplement is aggregate ART table.	UNRESOLVED	UNRESOLVED	NO
SRR24784694	SAMN35536806	N100019121_L01_15.fq.gz	UNRESOLVED	UNRESOLVED	No accession-linked HIV/phenotype field in SRA RunInfo or ENA current read_run report; paper supplement is aggregate ART table.	UNRESOLVED	UNRESOLVED	NO
SRR24784695	SAMN35536805	N100019116_L01_4.fq.gz	UNRESOLVED	UNRESOLVED	No accession-linked HIV/phenotype field in SRA RunInfo or ENA current read_run report; paper supplement is aggregate ART table.	UNRESOLVED	UNRESOLVED	NO
SRR24784696	SAMN35536804	N100019116_L01_5.fq.gz	UNRESOLVED	UNRESOLVED	No accession-linked HIV/phenotype field in SRA RunInfo or ENA current read_run report; paper supplement is aggregate ART table.	UNRESOLVED	UNRESOLVED	NO
SRR24784697	SAMN35536803	N100019116_L01_2.fq.gz	UNRESOLVED	UNRESOLVED	No accession-linked HIV/phenotype field in SRA RunInfo or ENA current read_run report; paper supplement is aggregate ART table.	UNRESOLVED	UNRESOLVED	NO
SRR24784698	SAMN35536802	N100019110_L01_10.fq.gz	UNRESOLVED	UNRESOLVED	No accession-linked HIV/phenotype field in SRA RunInfo or ENA current read_run report; paper supplement is aggregate ART table.	UNRESOLVED	UNRESOLVED	NO
SRR24784699	SAMN35536801	N100019110_L01_8.fq.gz	UNRESOLVED	UNRESOLVED	No accession-linked HIV/phenotype field in SRA RunInfo or ENA current read_run report; paper supplement is aggregate ART table.	UNRESOLVED	UNRESOLVED	NO
SRR24784700	SAMN35536306	P100003464_L02_17.fq.gz	UNRESOLVED	UNRESOLVED	No accession-linked HIV/phenotype field in SRA RunInfo or ENA current read_run report; paper supplement is aggregate ART table.	UNRESOLVED	UNRESOLVED	NO
SRR24784701	SAMN35536800	N100019110_L01_6.fq.gz	UNRESOLVED	UNRESOLVED	No accession-linked HIV/phenotype field in SRA RunInfo or ENA current read_run report; paper supplement is aggregate ART table.	UNRESOLVED	UNRESOLVED	NO
SRR24784702	SAMN35536799	N100019109_L01_30.fq.gz	UNRESOLVED	UNRESOLVED	No accession-linked HIV/phenotype field in SRA RunInfo or ENA current read_run report; paper supplement is aggregate ART table.	UNRESOLVED	UNRESOLVED	NO
SRR24784703	SAMN35536798	N100019109_L01_28.fq.gz	UNRESOLVED	UNRESOLVED	No accession-linked HIV/phenotype field in SRA RunInfo or ENA current read_run report; paper supplement is aggregate ART table.	UNRESOLVED	UNRESOLVED	NO
SRR24784704	SAMN35536797	N100019099_L01_32.fq.gz	UNRESOLVED	UNRESOLVED	No accession-linked HIV/phenotype field in SRA RunInfo or ENA current read_run report; paper supplement is aggregate ART table.	UNRESOLVED	UNRESOLVED	NO
SRR24784705	SAMN35536796	N100019099_L01_30.fq.gz	UNRESOLVED	UNRESOLVED	No accession-linked HIV/phenotype field in SRA RunInfo or ENA current read_run report; paper supplement is aggregate ART table.	UNRESOLVED	UNRESOLVED	NO
SRR24784706	SAMN35536795	N100019099_L01_28.fq.gz	UNRESOLVED	UNRESOLVED	No accession-linked HIV/phenotype field in SRA RunInfo or ENA current read_run report; paper supplement is aggregate ART table.	UNRESOLVED	UNRESOLVED	NO
SRR24784707	SAMN35536794	N100019099_L01_26.fq.gz	UNRESOLVED	UNRESOLVED	No accession-linked HIV/phenotype field in SRA RunInfo or ENA current read_run report; paper supplement is aggregate ART table.	UNRESOLVED	UNRESOLVED	NO
SRR24784708	SAMN35536793	N100019099_L01_22.fq.gz	UNRESOLVED	UNRESOLVED	No accession-linked HIV/phenotype field in SRA RunInfo or ENA current read_run report; paper supplement is aggregate ART table.	UNRESOLVED	UNRESOLVED	NO
SRR24784709	SAMN35536792	N100019099_L01_18.fq.gz	UNRESOLVED	UNRESOLVED	No accession-linked HIV/phenotype field in SRA RunInfo or ENA current read_run report; paper supplement is aggregate ART table.	UNRESOLVED	UNRESOLVED	NO
SRR24784710	SAMN35536791	N100019093_L01_2.fq.gz	UNRESOLVED	UNRESOLVED	No accession-linked HIV/phenotype field in SRA RunInfo or ENA current read_run report; paper supplement is aggregate ART table.	UNRESOLVED	UNRESOLVED	NO
SRR24784711	SAMN35536305	P100003482_L04_17.fq.gz	UNRESOLVED	UNRESOLVED	No accession-linked HIV/phenotype field in SRA RunInfo or ENA current read_run report; paper supplement is aggregate ART table.	UNRESOLVED	UNRESOLVED	NO
SRR24784712	SAMN35536790	N100019093_L01_10.fq.gz	UNRESOLVED	UNRESOLVED	No accession-linked HIV/phenotype field in SRA RunInfo or ENA current read_run report; paper supplement is aggregate ART table.	UNRESOLVED	UNRESOLVED	NO
SRR24784713	SAMN35536789	N100019093_L01_8.fq.gz	UNRESOLVED	UNRESOLVED	No accession-linked HIV/phenotype field in SRA RunInfo or ENA current read_run report; paper supplement is aggregate ART table.	UNRESOLVED	UNRESOLVED	NO
SRR24784714	SAMN35536788	N100019093_L01_6.fq.gz	UNRESOLVED	UNRESOLVED	No accession-linked HIV/phenotype field in SRA RunInfo or ENA current read_run report; paper supplement is aggregate ART table.	UNRESOLVED	UNRESOLVED	NO
SRR24784715	SAMN35536787	N100019093_L01_5.fq.gz	UNRESOLVED	UNRESOLVED	No accession-linked HIV/phenotype field in SRA RunInfo or ENA current read_run report; paper supplement is aggregate ART table.	UNRESOLVED	UNRESOLVED	NO
SRR24784716	SAMN35536786	N100019093_L01_4.fq.gz	UNRESOLVED	UNRESOLVED	No accession-linked HIV/phenotype field in SRA RunInfo or ENA current read_run report; paper supplement is aggregate ART table.	UNRESOLVED	UNRESOLVED	NO
SRR24784717	SAMN35536785	N100019045_L01_8.fq.gz	UNRESOLVED	UNRESOLVED	No accession-linked HIV/phenotype field in SRA RunInfo or ENA current read_run report; paper supplement is aggregate ART table.	UNRESOLVED	UNRESOLVED	NO
SRR24784718	SAMN35536784	N100019045_L01_6.fq.gz	UNRESOLVED	UNRESOLVED	No accession-linked HIV/phenotype field in SRA RunInfo or ENA current read_run report; paper supplement is aggregate ART table.	UNRESOLVED	UNRESOLVED	NO
SRR24784719	SAMN35536783	N100019045_L01_5.fq.gz	UNRESOLVED	UNRESOLVED	No accession-linked HIV/phenotype field in SRA RunInfo or ENA current read_run report; paper supplement is aggregate ART table.	UNRESOLVED	UNRESOLVED	NO
SRR24784720	SAMN35536782	N100019041_L01_10.fq.gz	UNRESOLVED	UNRESOLVED	No accession-linked HIV/phenotype field in SRA RunInfo or ENA current read_run report; paper supplement is aggregate ART table.	UNRESOLVED	UNRESOLVED	NO
SRR24784721	SAMN35536781	N100019035_L01_10.fq.gz	UNRESOLVED	UNRESOLVED	No accession-linked HIV/phenotype field in SRA RunInfo or ENA current read_run report; paper supplement is aggregate ART table.	UNRESOLVED	UNRESOLVED	NO
SRR24784722	SAMN35536304	P100003482_L04_16.fq.gz	UNRESOLVED	UNRESOLVED	No accession-linked HIV/phenotype field in SRA RunInfo or ENA current read_run report; paper supplement is aggregate ART table.	UNRESOLVED	UNRESOLVED	NO
SRR24784723	SAMN35536780	N100019035_L01_8.fq.gz	UNRESOLVED	UNRESOLVED	No accession-linked HIV/phenotype field in SRA RunInfo or ENA current read_run report; paper supplement is aggregate ART table.	UNRESOLVED	UNRESOLVED	NO
SRR24784724	SAMN35536779	N100019035_L01_6.fq.gz	UNRESOLVED	UNRESOLVED	No accession-linked HIV/phenotype field in SRA RunInfo or ENA current read_run report; paper supplement is aggregate ART table.	UNRESOLVED	UNRESOLVED	NO
SRR24784725	SAMN35536778	N100019035_L01_5.fq.gz	UNRESOLVED	UNRESOLVED	No accession-linked HIV/phenotype field in SRA RunInfo or ENA current read_run report; paper supplement is aggregate ART table.	UNRESOLVED	UNRESOLVED	NO
SRR24784726	SAMN35536777	N100019033_L01_6.fq.gz	UNRESOLVED	UNRESOLVED	No accession-linked HIV/phenotype field in SRA RunInfo or ENA current read_run report; paper supplement is aggregate ART table.	UNRESOLVED	UNRESOLVED	NO
SRR24784727	SAMN35536776	N100019033_L01_5.fq.gz	UNRESOLVED	UNRESOLVED	No accession-linked HIV/phenotype field in SRA RunInfo or ENA current read_run report; paper supplement is aggregate ART table.	UNRESOLVED	UNRESOLVED	NO
SRR24784728	SAMN35536775	N100019033_L01_4.fq.gz	UNRESOLVED	UNRESOLVED	No accession-linked HIV/phenotype field in SRA RunInfo or ENA current read_run report; paper supplement is aggregate ART table.	UNRESOLVED	UNRESOLVED	NO
SRR24784729	SAMN35536350	P100002295_L04_13.fq.gz	UNRESOLVED	UNRESOLVED	No accession-linked HIV/phenotype field in SRA RunInfo or ENA current read_run report; paper supplement is aggregate ART table.	UNRESOLVED	UNRESOLVED	NO
SRR24784730	SAMN35536774	N100019015_L01_7.fq.gz	UNRESOLVED	UNRESOLVED	No accession-linked HIV/phenotype field in SRA RunInfo or ENA current read_run report; paper supplement is aggregate ART table.	UNRESOLVED	UNRESOLVED	NO
SRR24784731	SAMN35536349	P100002295_L02_13.fq.gz	UNRESOLVED	UNRESOLVED	No accession-linked HIV/phenotype field in SRA RunInfo or ENA current read_run report; paper supplement is aggregate ART table.	UNRESOLVED	UNRESOLVED	NO
SRR24784732	SAMN35536348	V350011298_L03_8.fq.gz	UNRESOLVED	UNRESOLVED	No accession-linked HIV/phenotype field in SRA RunInfo or ENA current read_run report; paper supplement is aggregate ART table.	UNRESOLVED	UNRESOLVED	NO
SRR24784733	SAMN35536347	V350011298_L01_8.fq.gz	UNRESOLVED	UNRESOLVED	No accession-linked HIV/phenotype field in SRA RunInfo or ENA current read_run report; paper supplement is aggregate ART table.	UNRESOLVED	UNRESOLVED	NO
SRR24784734	SAMN35536346	V350042676_L01_4.fq.gz	UNRESOLVED	UNRESOLVED	No accession-linked HIV/phenotype field in SRA RunInfo or ENA current read_run report; paper supplement is aggregate ART table.	UNRESOLVED	UNRESOLVED	NO
SRR24784735	SAMN35536345	V300023794_L03_23.fq.gz	UNRESOLVED	UNRESOLVED	No accession-linked HIV/phenotype field in SRA RunInfo or ENA current read_run report; paper supplement is aggregate ART table.	UNRESOLVED	UNRESOLVED	NO
SRR24784736	SAMN35536344	V300094685_L01_25.fq.gz	UNRESOLVED	UNRESOLVED	No accession-linked HIV/phenotype field in SRA RunInfo or ENA current read_run report; paper supplement is aggregate ART table.	UNRESOLVED	UNRESOLVED	NO
SRR24784737	SAMN35536343	V350015024_L01_6.fq.gz	UNRESOLVED	UNRESOLVED	No accession-linked HIV/phenotype field in SRA RunInfo or ENA current read_run report; paper supplement is aggregate ART table.	UNRESOLVED	UNRESOLVED	NO
SRR24784738	SAMN35536342	V350015024_L03_6.fq.gz	UNRESOLVED	UNRESOLVED	No accession-linked HIV/phenotype field in SRA RunInfo or ENA current read_run report; paper supplement is aggregate ART table.	UNRESOLVED	UNRESOLVED	NO
SRR24784739	SAMN35536341	V300097376_L01_4.fq.gz	UNRESOLVED	UNRESOLVED	No accession-linked HIV/phenotype field in SRA RunInfo or ENA current read_run report; paper supplement is aggregate ART table.	UNRESOLVED	UNRESOLVED	NO
SRR24784740	SAMN35536260	P100002635_L03_22.fq.gz	UNRESOLVED	UNRESOLVED	No accession-linked HIV/phenotype field in SRA RunInfo or ENA current read_run report; paper supplement is aggregate ART table.	UNRESOLVED	UNRESOLVED	NO
SRR24784741	SAMN35536340	P100003149_L04_28.fq.gz	UNRESOLVED	UNRESOLVED	No accession-linked HIV/phenotype field in SRA RunInfo or ENA current read_run report; paper supplement is aggregate ART table.	UNRESOLVED	UNRESOLVED	NO
SRR24784742	SAMN35536339	P100003149_L01_32.fq.gz	UNRESOLVED	UNRESOLVED	No accession-linked HIV/phenotype field in SRA RunInfo or ENA current read_run report; paper supplement is aggregate ART table.	UNRESOLVED	UNRESOLVED	NO
SRR24784743	SAMN35536338	V300037508_L04_11.fq.gz	UNRESOLVED	UNRESOLVED	No accession-linked HIV/phenotype field in SRA RunInfo or ENA current read_run report; paper supplement is aggregate ART table.	UNRESOLVED	UNRESOLVED	NO
SRR24784744	SAMN35536337	P100004415_L02_11.fq.gz	UNRESOLVED	UNRESOLVED	No accession-linked HIV/phenotype field in SRA RunInfo or ENA current read_run report; paper supplement is aggregate ART table.	UNRESOLVED	UNRESOLVED	NO
SRR24784745	SAMN35536336	V300035308_L03_1.fq.gz	UNRESOLVED	UNRESOLVED	No accession-linked HIV/phenotype field in SRA RunInfo or ENA current read_run report; paper supplement is aggregate ART table.	UNRESOLVED	UNRESOLVED	NO
SRR24784746	SAMN35536335	P100004367_L02_12.fq.gz	UNRESOLVED	UNRESOLVED	No accession-linked HIV/phenotype field in SRA RunInfo or ENA current read_run report; paper supplement is aggregate ART table.	UNRESOLVED	UNRESOLVED	NO
SRR24784747	SAMN35536334	V300081016_L03_21.fq.gz	UNRESOLVED	UNRESOLVED	No accession-linked HIV/phenotype field in SRA RunInfo or ENA current read_run report; paper supplement is aggregate ART table.	UNRESOLVED	UNRESOLVED	NO
SRR24784748	SAMN35536333	V300081129_L03_21.fq.gz	UNRESOLVED	UNRESOLVED	No accession-linked HIV/phenotype field in SRA RunInfo or ENA current read_run report; paper supplement is aggregate ART table.	UNRESOLVED	UNRESOLVED	NO
SRR24784749	SAMN35536332	P100003162_L02_11.fq.gz	UNRESOLVED	UNRESOLVED	No accession-linked HIV/phenotype field in SRA RunInfo or ENA current read_run report; paper supplement is aggregate ART table.	UNRESOLVED	UNRESOLVED	NO
SRR24784750	SAMN35536331	V300024280_L02_23.fq.gz	UNRESOLVED	UNRESOLVED	No accession-linked HIV/phenotype field in SRA RunInfo or ENA current read_run report; paper supplement is aggregate ART table.	UNRESOLVED	UNRESOLVED	NO
SRR24784751	SAMN35536259	P100002635_L04_31.fq.gz	UNRESOLVED	UNRESOLVED	No accession-linked HIV/phenotype field in SRA RunInfo or ENA current read_run report; paper supplement is aggregate ART table.	UNRESOLVED	UNRESOLVED	NO
SRR24784752	SAMN35536330	V300037492_L04_6.fq.gz	UNRESOLVED	UNRESOLVED	No accession-linked HIV/phenotype field in SRA RunInfo or ENA current read_run report; paper supplement is aggregate ART table.	UNRESOLVED	UNRESOLVED	NO
SRR24784753	SAMN35536329	V300094685_L01_26.fq.gz	UNRESOLVED	UNRESOLVED	No accession-linked HIV/phenotype field in SRA RunInfo or ENA current read_run report; paper supplement is aggregate ART table.	UNRESOLVED	UNRESOLVED	NO
SRR24784754	SAMN35536328	V300030813_L03_4.fq.gz	UNRESOLVED	UNRESOLVED	No accession-linked HIV/phenotype field in SRA RunInfo or ENA current read_run report; paper supplement is aggregate ART table.	UNRESOLVED	UNRESOLVED	NO
SRR24784755	SAMN35536327	V300104379_L03_3.fq.gz	UNRESOLVED	UNRESOLVED	No accession-linked HIV/phenotype field in SRA RunInfo or ENA current read_run report; paper supplement is aggregate ART table.	UNRESOLVED	UNRESOLVED	NO
SRR24784756	SAMN35536326	V300104379_L01_3.fq.gz	UNRESOLVED	UNRESOLVED	No accession-linked HIV/phenotype field in SRA RunInfo or ENA current read_run report; paper supplement is aggregate ART table.	UNRESOLVED	UNRESOLVED	NO
SRR24784757	SAMN35536325	V300030811_L02_5.fq.gz	UNRESOLVED	UNRESOLVED	No accession-linked HIV/phenotype field in SRA RunInfo or ENA current read_run report; paper supplement is aggregate ART table.	UNRESOLVED	UNRESOLVED	NO
SRR24784758	SAMN35536324	V350025932_L02_17.fq.gz	UNRESOLVED	UNRESOLVED	No accession-linked HIV/phenotype field in SRA RunInfo or ENA current read_run report; paper supplement is aggregate ART table.	UNRESOLVED	UNRESOLVED	NO
SRR24784759	SAMN35536323	V300080924_L03_23.fq.gz	UNRESOLVED	UNRESOLVED	No accession-linked HIV/phenotype field in SRA RunInfo or ENA current read_run report; paper supplement is aggregate ART table.	UNRESOLVED	UNRESOLVED	NO
SRR24784760	SAMN35536968	W2201140307_L01_7.fq.gz	UNRESOLVED	UNRESOLVED	No accession-linked HIV/phenotype field in SRA RunInfo or ENA current read_run report; paper supplement is aggregate ART table.	UNRESOLVED	UNRESOLVED	NO
SRR24784761	SAMN35536967	W2201140307_L01_32.fq.gz	UNRESOLVED	UNRESOLVED	No accession-linked HIV/phenotype field in SRA RunInfo or ENA current read_run report; paper supplement is aggregate ART table.	UNRESOLVED	UNRESOLVED	NO
SRR24784762	SAMN35536966	W2201140307_L01_30.fq.gz	UNRESOLVED	UNRESOLVED	No accession-linked HIV/phenotype field in SRA RunInfo or ENA current read_run report; paper supplement is aggregate ART table.	UNRESOLVED	UNRESOLVED	NO
SRR24784763	SAMN35536965	W2201140307_L01_28.fq.gz	UNRESOLVED	UNRESOLVED	No accession-linked HIV/phenotype field in SRA RunInfo or ENA current read_run report; paper supplement is aggregate ART table.	UNRESOLVED	UNRESOLVED	NO
SRR24784764	SAMN35536964	W2201140307_L01_26.fq.gz	UNRESOLVED	UNRESOLVED	No accession-linked HIV/phenotype field in SRA RunInfo or ENA current read_run report; paper supplement is aggregate ART table.	UNRESOLVED	UNRESOLVED	NO
SRR24784765	SAMN35536963	W2201140307_L01_22.fq.gz	UNRESOLVED	UNRESOLVED	No accession-linked HIV/phenotype field in SRA RunInfo or ENA current read_run report; paper supplement is aggregate ART table.	UNRESOLVED	UNRESOLVED	NO
SRR24784766	SAMN35536962	W2201140307_L01_18.fq.gz	UNRESOLVED	UNRESOLVED	No accession-linked HIV/phenotype field in SRA RunInfo or ENA current read_run report; paper supplement is aggregate ART table.	UNRESOLVED	UNRESOLVED	NO
SRR24784767	SAMN35536961	N100019963_L01_25.fq.gz	UNRESOLVED	UNRESOLVED	No accession-linked HIV/phenotype field in SRA RunInfo or ENA current read_run report; paper supplement is aggregate ART table.	UNRESOLVED	UNRESOLVED	NO
SRR24784768	SAMN35536322	V300080924_L02_12.fq.gz	UNRESOLVED	UNRESOLVED	No accession-linked HIV/phenotype field in SRA RunInfo or ENA current read_run report; paper supplement is aggregate ART table.	UNRESOLVED	UNRESOLVED	NO
SRR24784769	SAMN35536960	N100019958_L01_25.fq.gz	UNRESOLVED	UNRESOLVED	No accession-linked HIV/phenotype field in SRA RunInfo or ENA current read_run report; paper supplement is aggregate ART table.	UNRESOLVED	UNRESOLVED	NO
SRR24784770	SAMN35536959	N100019958_L01_20.fq.gz	UNRESOLVED	UNRESOLVED	No accession-linked HIV/phenotype field in SRA RunInfo or ENA current read_run report; paper supplement is aggregate ART table.	UNRESOLVED	UNRESOLVED	NO
SRR24784771	SAMN35536958	N100019955_L01_10.fq.gz	UNRESOLVED	UNRESOLVED	No accession-linked HIV/phenotype field in SRA RunInfo or ENA current read_run report; paper supplement is aggregate ART table.	UNRESOLVED	UNRESOLVED	NO
SRR24784772	SAMN35536957	N100019955_L01_8.fq.gz	UNRESOLVED	UNRESOLVED	No accession-linked HIV/phenotype field in SRA RunInfo or ENA current read_run report; paper supplement is aggregate ART table.	UNRESOLVED	UNRESOLVED	NO
SRR24784773	SAMN35536956	N100019955_L01_6.fq.gz	UNRESOLVED	UNRESOLVED	No accession-linked HIV/phenotype field in SRA RunInfo or ENA current read_run report; paper supplement is aggregate ART table.	UNRESOLVED	UNRESOLVED	NO
SRR24784774	SAMN35536955	N100019955_L01_5.fq.gz	UNRESOLVED	UNRESOLVED	No accession-linked HIV/phenotype field in SRA RunInfo or ENA current read_run report; paper supplement is aggregate ART table.	UNRESOLVED	UNRESOLVED	NO
SRR24784775	SAMN35536954	N100019952_L01_16.fq.gz	UNRESOLVED	UNRESOLVED	No accession-linked HIV/phenotype field in SRA RunInfo or ENA current read_run report; paper supplement is aggregate ART table.	UNRESOLVED	UNRESOLVED	NO
SRR24784776	SAMN35536953	N100019952_L01_29.fq.gz	UNRESOLVED	UNRESOLVED	No accession-linked HIV/phenotype field in SRA RunInfo or ENA current read_run report; paper supplement is aggregate ART table.	UNRESOLVED	UNRESOLVED	NO
SRR24784777	SAMN35536952	N100019952_L01_25.fq.gz	UNRESOLVED	UNRESOLVED	No accession-linked HIV/phenotype field in SRA RunInfo or ENA current read_run report; paper supplement is aggregate ART table.	UNRESOLVED	UNRESOLVED	NO
SRR24784778	SAMN35536951	N100019952_L01_20.fq.gz	UNRESOLVED	UNRESOLVED	No accession-linked HIV/phenotype field in SRA RunInfo or ENA current read_run report; paper supplement is aggregate ART table.	UNRESOLVED	UNRESOLVED	NO
SRR24784779	SAMN35536321	V300048044_L03_4.fq.gz	UNRESOLVED	UNRESOLVED	No accession-linked HIV/phenotype field in SRA RunInfo or ENA current read_run report; paper supplement is aggregate ART table.	UNRESOLVED	UNRESOLVED	NO
SRR24784780	SAMN35536258	V300044706_L04_10.fq.gz	UNRESOLVED	UNRESOLVED	No accession-linked HIV/phenotype field in SRA RunInfo or ENA current read_run report; paper supplement is aggregate ART table.	UNRESOLVED	UNRESOLVED	NO
SRR24784781	SAMN35536950	N100019952_L01_17.fq.gz	UNRESOLVED	UNRESOLVED	No accession-linked HIV/phenotype field in SRA RunInfo or ENA current read_run report; paper supplement is aggregate ART table.	UNRESOLVED	UNRESOLVED	NO
SRR24784782	SAMN35536949	N100019938_L01_28.fq.gz	UNRESOLVED	UNRESOLVED	No accession-linked HIV/phenotype field in SRA RunInfo or ENA current read_run report; paper supplement is aggregate ART table.	UNRESOLVED	UNRESOLVED	NO
SRR24784783	SAMN35536948	N100019932_L01_10.fq.gz	UNRESOLVED	UNRESOLVED	No accession-linked HIV/phenotype field in SRA RunInfo or ENA current read_run report; paper supplement is aggregate ART table.	UNRESOLVED	UNRESOLVED	NO
SRR24784784	SAMN35536947	N100019932_L01_8.fq.gz	UNRESOLVED	UNRESOLVED	No accession-linked HIV/phenotype field in SRA RunInfo or ENA current read_run report; paper supplement is aggregate ART table.	UNRESOLVED	UNRESOLVED	NO
SRR24784785	SAMN35536946	N100019932_L01_6.fq.gz	UNRESOLVED	UNRESOLVED	No accession-linked HIV/phenotype field in SRA RunInfo or ENA current read_run report; paper supplement is aggregate ART table.	UNRESOLVED	UNRESOLVED	NO
SRR24784786	SAMN35536945	N100019932_L01_5.fq.gz	UNRESOLVED	UNRESOLVED	No accession-linked HIV/phenotype field in SRA RunInfo or ENA current read_run report; paper supplement is aggregate ART table.	UNRESOLVED	UNRESOLVED	NO
SRR24784787	SAMN35536944	N100019932_L01_4.fq.gz	UNRESOLVED	UNRESOLVED	No accession-linked HIV/phenotype field in SRA RunInfo or ENA current read_run report; paper supplement is aggregate ART table.	UNRESOLVED	UNRESOLVED	NO
SRR24784788	SAMN35536943	N100019932_L01_2.fq.gz	UNRESOLVED	UNRESOLVED	No accession-linked HIV/phenotype field in SRA RunInfo or ENA current read_run report; paper supplement is aggregate ART table.	UNRESOLVED	UNRESOLVED	NO
SRR24784789	SAMN35536942	N100019794_L01_11.fq.gz	UNRESOLVED	UNRESOLVED	No accession-linked HIV/phenotype field in SRA RunInfo or ENA current read_run report; paper supplement is aggregate ART table.	UNRESOLVED	UNRESOLVED	NO
SRR24784790	SAMN35536941	N100019794_L01_10.fq.gz	UNRESOLVED	UNRESOLVED	No accession-linked HIV/phenotype field in SRA RunInfo or ENA current read_run report; paper supplement is aggregate ART table.	UNRESOLVED	UNRESOLVED	NO
SRR24784791	SAMN35536320	V350042676_L03_20.fq.gz	UNRESOLVED	UNRESOLVED	No accession-linked HIV/phenotype field in SRA RunInfo or ENA current read_run report; paper supplement is aggregate ART table.	UNRESOLVED	UNRESOLVED	NO
SRR24784792	SAMN35536940	N100019794_L01_8.fq.gz	UNRESOLVED	UNRESOLVED	No accession-linked HIV/phenotype field in SRA RunInfo or ENA current read_run report; paper supplement is aggregate ART table.	UNRESOLVED	UNRESOLVED	NO
SRR24784793	SAMN35536939	N100019794_L01_6.fq.gz	UNRESOLVED	UNRESOLVED	No accession-linked HIV/phenotype field in SRA RunInfo or ENA current read_run report; paper supplement is aggregate ART table.	UNRESOLVED	UNRESOLVED	NO
SRR24784794	SAMN35536938	N100019786_L01_7.fq.gz	UNRESOLVED	UNRESOLVED	No accession-linked HIV/phenotype field in SRA RunInfo or ENA current read_run report; paper supplement is aggregate ART table.	UNRESOLVED	UNRESOLVED	NO
SRR24784795	SAMN35536937	N100019786_L01_12.fq.gz	UNRESOLVED	UNRESOLVED	No accession-linked HIV/phenotype field in SRA RunInfo or ENA current read_run report; paper supplement is aggregate ART table.	UNRESOLVED	UNRESOLVED	NO
SRR24784796	SAMN35536676	N100018592_L01_25.fq.gz	UNRESOLVED	UNRESOLVED	No accession-linked HIV/phenotype field in SRA RunInfo or ENA current read_run report; paper supplement is aggregate ART table.	UNRESOLVED	UNRESOLVED	NO
SRR24784797	SAMN35536675	N100018592_L01_20.fq.gz	UNRESOLVED	UNRESOLVED	No accession-linked HIV/phenotype field in SRA RunInfo or ENA current read_run report; paper supplement is aggregate ART table.	UNRESOLVED	UNRESOLVED	NO
SRR24784798	SAMN35536674	N100018590_L01_4.fq.gz	UNRESOLVED	UNRESOLVED	No accession-linked HIV/phenotype field in SRA RunInfo or ENA current read_run report; paper supplement is aggregate ART table.	UNRESOLVED	UNRESOLVED	NO
SRR24784799	SAMN35536673	N100018590_L01_8.fq.gz	UNRESOLVED	UNRESOLVED	No accession-linked HIV/phenotype field in SRA RunInfo or ENA current read_run report; paper supplement is aggregate ART table.	UNRESOLVED	UNRESOLVED	NO
SRR24784800	SAMN35536672	N100018590_L01_6.fq.gz	UNRESOLVED	UNRESOLVED	No accession-linked HIV/phenotype field in SRA RunInfo or ENA current read_run report; paper supplement is aggregate ART table.	UNRESOLVED	UNRESOLVED	NO
SRR24784801	SAMN35536671	N100018590_L01_5.fq.gz	UNRESOLVED	UNRESOLVED	No accession-linked HIV/phenotype field in SRA RunInfo or ENA current read_run report; paper supplement is aggregate ART table.	UNRESOLVED	UNRESOLVED	NO
SRR24784802	SAMN35536293	V300081016_L03_15.fq.gz	UNRESOLVED	UNRESOLVED	No accession-linked HIV/phenotype field in SRA RunInfo or ENA current read_run report; paper supplement is aggregate ART table.	UNRESOLVED	UNRESOLVED	NO
SRR24784803	SAMN35536670	N100018589_L01_31.fq.gz	UNRESOLVED	UNRESOLVED	No accession-linked HIV/phenotype field in SRA RunInfo or ENA current read_run report; paper supplement is aggregate ART table.	UNRESOLVED	UNRESOLVED	NO
SRR24784804	SAMN35536669	N100018589_L01_29.fq.gz	UNRESOLVED	UNRESOLVED	No accession-linked HIV/phenotype field in SRA RunInfo or ENA current read_run report; paper supplement is aggregate ART table.	UNRESOLVED	UNRESOLVED	NO
SRR24784805	SAMN35536668	N100018589_L01_25.fq.gz	UNRESOLVED	UNRESOLVED	No accession-linked HIV/phenotype field in SRA RunInfo or ENA current read_run report; paper supplement is aggregate ART table.	UNRESOLVED	UNRESOLVED	NO
SRR24784806	SAMN35536667	N100018578_L01_28.fq.gz	UNRESOLVED	UNRESOLVED	No accession-linked HIV/phenotype field in SRA RunInfo or ENA current read_run report; paper supplement is aggregate ART table.	UNRESOLVED	UNRESOLVED	NO
SRR24784807	SAMN35536666	N100018578_L01_26.fq.gz	UNRESOLVED	UNRESOLVED	No accession-linked HIV/phenotype field in SRA RunInfo or ENA current read_run report; paper supplement is aggregate ART table.	UNRESOLVED	UNRESOLVED	NO
SRR24784808	SAMN35536665	N100018510_L01_5.fq.gz	UNRESOLVED	UNRESOLVED	No accession-linked HIV/phenotype field in SRA RunInfo or ENA current read_run report; paper supplement is aggregate ART table.	UNRESOLVED	UNRESOLVED	NO
SRR24784809	SAMN35536664	N100018510_L01_6.fq.gz	UNRESOLVED	UNRESOLVED	No accession-linked HIV/phenotype field in SRA RunInfo or ENA current read_run report; paper supplement is aggregate ART table.	UNRESOLVED	UNRESOLVED	NO
SRR24784810	SAMN35536663	N100018418_L01_8.fq.gz	UNRESOLVED	UNRESOLVED	No accession-linked HIV/phenotype field in SRA RunInfo or ENA current read_run report; paper supplement is aggregate ART table.	UNRESOLVED	UNRESOLVED	NO
SRR24784811	SAMN35536662	N100018418_L01_6.fq.gz	UNRESOLVED	UNRESOLVED	No accession-linked HIV/phenotype field in SRA RunInfo or ENA current read_run report; paper supplement is aggregate ART table.	UNRESOLVED	UNRESOLVED	NO
SRR24784812	SAMN35536661	N100018418_L01_5.fq.gz	UNRESOLVED	UNRESOLVED	No accession-linked HIV/phenotype field in SRA RunInfo or ENA current read_run report; paper supplement is aggregate ART table.	UNRESOLVED	UNRESOLVED	NO
SRR24784813	SAMN35536292	V300097362_L03_22.fq.gz	UNRESOLVED	UNRESOLVED	No accession-linked HIV/phenotype field in SRA RunInfo or ENA current read_run report; paper supplement is aggregate ART table.	UNRESOLVED	UNRESOLVED	NO
SRR24784814	SAMN35536660	N100018417_L01_6.fq.gz	UNRESOLVED	UNRESOLVED	No accession-linked HIV/phenotype field in SRA RunInfo or ENA current read_run report; paper supplement is aggregate ART table.	UNRESOLVED	UNRESOLVED	NO
SRR24784815	SAMN35536659	N100018417_L01_5.fq.gz	UNRESOLVED	UNRESOLVED	No accession-linked HIV/phenotype field in SRA RunInfo or ENA current read_run report; paper supplement is aggregate ART table.	UNRESOLVED	UNRESOLVED	NO
SRR24784816	SAMN35536658	N100018417_L01_4.fq.gz	UNRESOLVED	UNRESOLVED	No accession-linked HIV/phenotype field in SRA RunInfo or ENA current read_run report; paper supplement is aggregate ART table.	UNRESOLVED	UNRESOLVED	NO
SRR24784817	SAMN35536657	N100018416_L01_7.fq.gz	UNRESOLVED	UNRESOLVED	No accession-linked HIV/phenotype field in SRA RunInfo or ENA current read_run report; paper supplement is aggregate ART table.	UNRESOLVED	UNRESOLVED	NO
SRR24784818	SAMN35536656	N100018416_L01_32.fq.gz	UNRESOLVED	UNRESOLVED	No accession-linked HIV/phenotype field in SRA RunInfo or ENA current read_run report; paper supplement is aggregate ART table.	UNRESOLVED	UNRESOLVED	NO
SRR24784819	SAMN35536655	N100018416_L01_30.fq.gz	UNRESOLVED	UNRESOLVED	No accession-linked HIV/phenotype field in SRA RunInfo or ENA current read_run report; paper supplement is aggregate ART table.	UNRESOLVED	UNRESOLVED	NO
SRR24784820	SAMN35536654	N100018402_L01_28.fq.gz	UNRESOLVED	UNRESOLVED	No accession-linked HIV/phenotype field in SRA RunInfo or ENA current read_run report; paper supplement is aggregate ART table.	UNRESOLVED	UNRESOLVED	NO
SRR24784821	SAMN35536653	N100018402_L01_26.fq.gz	UNRESOLVED	UNRESOLVED	No accession-linked HIV/phenotype field in SRA RunInfo or ENA current read_run report; paper supplement is aggregate ART table.	UNRESOLVED	UNRESOLVED	NO
SRR24784822	SAMN35536652	N100018384_L01_25.fq.gz	UNRESOLVED	UNRESOLVED	No accession-linked HIV/phenotype field in SRA RunInfo or ENA current read_run report; paper supplement is aggregate ART table.	UNRESOLVED	UNRESOLVED	NO
SRR24784823	SAMN35536651	N100018355_L01_7.fq.gz	UNRESOLVED	UNRESOLVED	No accession-linked HIV/phenotype field in SRA RunInfo or ENA current read_run report; paper supplement is aggregate ART table.	UNRESOLVED	UNRESOLVED	NO
SRR24784824	SAMN35536291	V300097362_L01_22.fq.gz	UNRESOLVED	UNRESOLVED	No accession-linked HIV/phenotype field in SRA RunInfo or ENA current read_run report; paper supplement is aggregate ART table.	UNRESOLVED	UNRESOLVED	NO
SRR24784825	SAMN35536255	V300070071_L03_1.fq.gz	UNRESOLVED	UNRESOLVED	No accession-linked HIV/phenotype field in SRA RunInfo or ENA current read_run report; paper supplement is aggregate ART table.	UNRESOLVED	UNRESOLVED	NO
SRR24784826	SAMN35536650	N100018355_L01_32.fq.gz	UNRESOLVED	UNRESOLVED	No accession-linked HIV/phenotype field in SRA RunInfo or ENA current read_run report; paper supplement is aggregate ART table.	UNRESOLVED	UNRESOLVED	NO
SRR24784827	SAMN35536649	N100018355_L01_30.fq.gz	UNRESOLVED	UNRESOLVED	No accession-linked HIV/phenotype field in SRA RunInfo or ENA current read_run report; paper supplement is aggregate ART table.	UNRESOLVED	UNRESOLVED	NO
SRR24784828	SAMN35536648	N100018355_L01_28.fq.gz	UNRESOLVED	UNRESOLVED	No accession-linked HIV/phenotype field in SRA RunInfo or ENA current read_run report; paper supplement is aggregate ART table.	UNRESOLVED	UNRESOLVED	NO
SRR24784829	SAMN35536647	N100018355_L01_26.fq.gz	UNRESOLVED	UNRESOLVED	No accession-linked HIV/phenotype field in SRA RunInfo or ENA current read_run report; paper supplement is aggregate ART table.	UNRESOLVED	UNRESOLVED	NO
SRR24784830	SAMN35536646	N100018342_L01_32.fq.gz	UNRESOLVED	UNRESOLVED	No accession-linked HIV/phenotype field in SRA RunInfo or ENA current read_run report; paper supplement is aggregate ART table.	UNRESOLVED	UNRESOLVED	NO
SRR24784831	SAMN35536645	N100018342_L01_30.fq.gz	UNRESOLVED	UNRESOLVED	No accession-linked HIV/phenotype field in SRA RunInfo or ENA current read_run report; paper supplement is aggregate ART table.	UNRESOLVED	UNRESOLVED	NO
SRR24784832	SAMN35536514	N100016752_L01_6.fq.gz	UNRESOLVED	UNRESOLVED	No accession-linked HIV/phenotype field in SRA RunInfo or ENA current read_run report; paper supplement is aggregate ART table.	UNRESOLVED	UNRESOLVED	NO
SRR24784833	SAMN35536513	N100016752_L01_5.fq.gz	UNRESOLVED	UNRESOLVED	No accession-linked HIV/phenotype field in SRA RunInfo or ENA current read_run report; paper supplement is aggregate ART table.	UNRESOLVED	UNRESOLVED	NO
SRR24784834	SAMN35536512	N100016752_L01_4.fq.gz	UNRESOLVED	UNRESOLVED	No accession-linked HIV/phenotype field in SRA RunInfo or ENA current read_run report; paper supplement is aggregate ART table.	UNRESOLVED	UNRESOLVED	NO
SRR24784835	SAMN35536511	N100016748_L01_25.fq.gz	UNRESOLVED	UNRESOLVED	No accession-linked HIV/phenotype field in SRA RunInfo or ENA current read_run report; paper supplement is aggregate ART table.	UNRESOLVED	UNRESOLVED	NO
SRR24784836	SAMN35536277	V350042572_L04_6.fq.gz	UNRESOLVED	UNRESOLVED	No accession-linked HIV/phenotype field in SRA RunInfo or ENA current read_run report; paper supplement is aggregate ART table.	UNRESOLVED	UNRESOLVED	NO
SRR24784837	SAMN35536510	N100016748_L01_20.fq.gz	UNRESOLVED	UNRESOLVED	No accession-linked HIV/phenotype field in SRA RunInfo or ENA current read_run report; paper supplement is aggregate ART table.	UNRESOLVED	UNRESOLVED	NO
SRR24784838	SAMN35536509	N100016748_L01_17.fq.gz	UNRESOLVED	UNRESOLVED	No accession-linked HIV/phenotype field in SRA RunInfo or ENA current read_run report; paper supplement is aggregate ART table.	UNRESOLVED	UNRESOLVED	NO
SRR24784839	SAMN35536508	N100016746_L01_28.fq.gz	UNRESOLVED	UNRESOLVED	No accession-linked HIV/phenotype field in SRA RunInfo or ENA current read_run report; paper supplement is aggregate ART table.	UNRESOLVED	UNRESOLVED	NO
SRR24784840	SAMN35536507	N100016734_L01_11.fq.gz	UNRESOLVED	UNRESOLVED	No accession-linked HIV/phenotype field in SRA RunInfo or ENA current read_run report; paper supplement is aggregate ART table.	UNRESOLVED	UNRESOLVED	NO
SRR24784841	SAMN35536506	N100016734_L01_10.fq.gz	UNRESOLVED	UNRESOLVED	No accession-linked HIV/phenotype field in SRA RunInfo or ENA current read_run report; paper supplement is aggregate ART table.	UNRESOLVED	UNRESOLVED	NO
SRR24784842	SAMN35536505	N100016734_L01_8.fq.gz	UNRESOLVED	UNRESOLVED	No accession-linked HIV/phenotype field in SRA RunInfo or ENA current read_run report; paper supplement is aggregate ART table.	UNRESOLVED	UNRESOLVED	NO
SRR24784843	SAMN35536504	N100016734_L01_6.fq.gz	UNRESOLVED	UNRESOLVED	No accession-linked HIV/phenotype field in SRA RunInfo or ENA current read_run report; paper supplement is aggregate ART table.	UNRESOLVED	UNRESOLVED	NO
SRR24784844	SAMN35536503	N100016734_L01_5.fq.gz	UNRESOLVED	UNRESOLVED	No accession-linked HIV/phenotype field in SRA RunInfo or ENA current read_run report; paper supplement is aggregate ART table.	UNRESOLVED	UNRESOLVED	NO
SRR24784845	SAMN35536502	N100016734_L01_4.fq.gz	UNRESOLVED	UNRESOLVED	No accession-linked HIV/phenotype field in SRA RunInfo or ENA current read_run report; paper supplement is aggregate ART table.	UNRESOLVED	UNRESOLVED	NO
SRR24784846	SAMN35536501	N100016734_L01_2.fq.gz	UNRESOLVED	UNRESOLVED	No accession-linked HIV/phenotype field in SRA RunInfo or ENA current read_run report; paper supplement is aggregate ART table.	UNRESOLVED	UNRESOLVED	NO
SRR24784847	SAMN35536276	V350042572_L01_6.fq.gz	UNRESOLVED	UNRESOLVED	No accession-linked HIV/phenotype field in SRA RunInfo or ENA current read_run report; paper supplement is aggregate ART table.	UNRESOLVED	UNRESOLVED	NO
SRR24784848	SAMN35536500	N100016734_L01_1.fq.gz	UNRESOLVED	UNRESOLVED	No accession-linked HIV/phenotype field in SRA RunInfo or ENA current read_run report; paper supplement is aggregate ART table.	UNRESOLVED	UNRESOLVED	NO
SRR24784849	SAMN35536499	N100016720_L01_32.fq.gz	UNRESOLVED	UNRESOLVED	No accession-linked HIV/phenotype field in SRA RunInfo or ENA current read_run report; paper supplement is aggregate ART table.	UNRESOLVED	UNRESOLVED	NO
SRR24784850	SAMN35536498	N100016720_L01_30.fq.gz	UNRESOLVED	UNRESOLVED	No accession-linked HIV/phenotype field in SRA RunInfo or ENA current read_run report; paper supplement is aggregate ART table.	UNRESOLVED	UNRESOLVED	NO
SRR24784851	SAMN35536497	N100016720_L01_28.fq.gz	UNRESOLVED	UNRESOLVED	No accession-linked HIV/phenotype field in SRA RunInfo or ENA current read_run report; paper supplement is aggregate ART table.	UNRESOLVED	UNRESOLVED	NO
SRR24784852	SAMN35536496	N100016686_L01_4.fq.gz	UNRESOLVED	UNRESOLVED	No accession-linked HIV/phenotype field in SRA RunInfo or ENA current read_run report; paper supplement is aggregate ART table.	UNRESOLVED	UNRESOLVED	NO
SRR24784853	SAMN35536495	N100016686_L01_11.fq.gz	UNRESOLVED	UNRESOLVED	No accession-linked HIV/phenotype field in SRA RunInfo or ENA current read_run report; paper supplement is aggregate ART table.	UNRESOLVED	UNRESOLVED	NO
SRR24784854	SAMN35536494	N100016686_L01_10.fq.gz	UNRESOLVED	UNRESOLVED	No accession-linked HIV/phenotype field in SRA RunInfo or ENA current read_run report; paper supplement is aggregate ART table.	UNRESOLVED	UNRESOLVED	NO
SRR24784855	SAMN35536493	N100016686_L01_8.fq.gz	UNRESOLVED	UNRESOLVED	No accession-linked HIV/phenotype field in SRA RunInfo or ENA current read_run report; paper supplement is aggregate ART table.	UNRESOLVED	UNRESOLVED	NO
SRR24784856	SAMN35536492	N100016686_L01_6.fq.gz	UNRESOLVED	UNRESOLVED	No accession-linked HIV/phenotype field in SRA RunInfo or ENA current read_run report; paper supplement is aggregate ART table.	UNRESOLVED	UNRESOLVED	NO
SRR24784857	SAMN35536491	N100016686_L01_5.fq.gz	UNRESOLVED	UNRESOLVED	No accession-linked HIV/phenotype field in SRA RunInfo or ENA current read_run report; paper supplement is aggregate ART table.	UNRESOLVED	UNRESOLVED	NO
SRR24784858	SAMN35536275	V350011282_L03_16.fq.gz	UNRESOLVED	UNRESOLVED	No accession-linked HIV/phenotype field in SRA RunInfo or ENA current read_run report; paper supplement is aggregate ART table.	UNRESOLVED	UNRESOLVED	NO
SRR24784859	SAMN35536490	N100016686_L01_2.fq.gz	UNRESOLVED	UNRESOLVED	No accession-linked HIV/phenotype field in SRA RunInfo or ENA current read_run report; paper supplement is aggregate ART table.	UNRESOLVED	UNRESOLVED	NO
SRR24784860	SAMN35536489	N100016656_L01_6.fq.gz	UNRESOLVED	UNRESOLVED	No accession-linked HIV/phenotype field in SRA RunInfo or ENA current read_run report; paper supplement is aggregate ART table.	UNRESOLVED	UNRESOLVED	NO
SRR24784861	SAMN35536488	N100016656_L01_5.fq.gz	UNRESOLVED	UNRESOLVED	No accession-linked HIV/phenotype field in SRA RunInfo or ENA current read_run report; paper supplement is aggregate ART table.	UNRESOLVED	UNRESOLVED	NO
SRR24784862	SAMN35536487	N100016656_L01_4.fq.gz	UNRESOLVED	UNRESOLVED	No accession-linked HIV/phenotype field in SRA RunInfo or ENA current read_run report; paper supplement is aggregate ART table.	UNRESOLVED	UNRESOLVED	NO
SRR24784863	SAMN35536486	N100016656_L01_2.fq.gz	UNRESOLVED	UNRESOLVED	No accession-linked HIV/phenotype field in SRA RunInfo or ENA current read_run report; paper supplement is aggregate ART table.	UNRESOLVED	UNRESOLVED	NO
SRR24784864	SAMN35536485	N100016656_L01_1.fq.gz	UNRESOLVED	UNRESOLVED	No accession-linked HIV/phenotype field in SRA RunInfo or ENA current read_run report; paper supplement is aggregate ART table.	UNRESOLVED	UNRESOLVED	NO
SRR24784865	SAMN35536484	N100016650_L01_28.fq.gz	UNRESOLVED	UNRESOLVED	No accession-linked HIV/phenotype field in SRA RunInfo or ENA current read_run report; paper supplement is aggregate ART table.	UNRESOLVED	UNRESOLVED	NO
SRR24784866	SAMN35536483	N100016650_L01_26.fq.gz	UNRESOLVED	UNRESOLVED	No accession-linked HIV/phenotype field in SRA RunInfo or ENA current read_run report; paper supplement is aggregate ART table.	UNRESOLVED	UNRESOLVED	NO
SRR24784867	SAMN35536482	N100016636_L01_5.fq.gz	UNRESOLVED	UNRESOLVED	No accession-linked HIV/phenotype field in SRA RunInfo or ENA current read_run report; paper supplement is aggregate ART table.	UNRESOLVED	UNRESOLVED	NO
SRR24784868	SAMN35536481	N100016636_L01_4.fq.gz	UNRESOLVED	UNRESOLVED	No accession-linked HIV/phenotype field in SRA RunInfo or ENA current read_run report; paper supplement is aggregate ART table.	UNRESOLVED	UNRESOLVED	NO
SRR24784869	SAMN35536274	P100000165_L03_16.fq.gz	UNRESOLVED	UNRESOLVED	No accession-linked HIV/phenotype field in SRA RunInfo or ENA current read_run report; paper supplement is aggregate ART table.	UNRESOLVED	UNRESOLVED	NO
SRR24784870	SAMN35536480	N100016633_L01_25.fq.gz	UNRESOLVED	UNRESOLVED	No accession-linked HIV/phenotype field in SRA RunInfo or ENA current read_run report; paper supplement is aggregate ART table.	UNRESOLVED	UNRESOLVED	NO
SRR24784871	SAMN35536479	N100016633_L01_20.fq.gz	UNRESOLVED	UNRESOLVED	No accession-linked HIV/phenotype field in SRA RunInfo or ENA current read_run report; paper supplement is aggregate ART table.	UNRESOLVED	UNRESOLVED	NO
SRR24784872	SAMN35536478	N100016633_L01_17.fq.gz	UNRESOLVED	UNRESOLVED	No accession-linked HIV/phenotype field in SRA RunInfo or ENA current read_run report; paper supplement is aggregate ART table.	UNRESOLVED	UNRESOLVED	NO
SRR24784873	SAMN35536477	MDL001-05D2223049L-DNA-D19-20220601.nonhuman.nonspike.fq.gz	UNRESOLVED	UNRESOLVED	No accession-linked HIV/phenotype field in SRA RunInfo or ENA current read_run report; paper supplement is aggregate ART table.	UNRESOLVED	UNRESOLVED	NO
SRR24784874	SAMN35536476	MDL001-05D2222085L-DNA-D01-20220529.nonhuman.nonspike.fq.gz	UNRESOLVED	UNRESOLVED	No accession-linked HIV/phenotype field in SRA RunInfo or ENA current read_run report; paper supplement is aggregate ART table.	UNRESOLVED	UNRESOLVED	NO
SRR24784875	SAMN35536475	2234042381324_C1T.unhost.fq.gz	UNRESOLVED	UNRESOLVED	No accession-linked HIV/phenotype field in SRA RunInfo or ENA current read_run report; paper supplement is aggregate ART table.	UNRESOLVED	UNRESOLVED	NO
SRR24784876	SAMN35536474	2234042381300_C1T.unhost.fq.gz	UNRESOLVED	UNRESOLVED	No accession-linked HIV/phenotype field in SRA RunInfo or ENA current read_run report; paper supplement is aggregate ART table.	UNRESOLVED	UNRESOLVED	NO
SRR24784877	SAMN35536473	2234042381294_C1T.unhost.fq.gz	UNRESOLVED	UNRESOLVED	No accession-linked HIV/phenotype field in SRA RunInfo or ENA current read_run report; paper supplement is aggregate ART table.	UNRESOLVED	UNRESOLVED	NO
SRR24784878	SAMN35536472	2234042381287_C1T.unhost.fq.gz	UNRESOLVED	UNRESOLVED	No accession-linked HIV/phenotype field in SRA RunInfo or ENA current read_run report; paper supplement is aggregate ART table.	UNRESOLVED	UNRESOLVED	NO
SRR24784879	SAMN35536471	2234042381270_C1T.unhost.fq.gz	UNRESOLVED	UNRESOLVED	No accession-linked HIV/phenotype field in SRA RunInfo or ENA current read_run report; paper supplement is aggregate ART table.	UNRESOLVED	UNRESOLVED	NO
SRR24784880	SAMN35536273	V300104193_L03_14.fq.gz	UNRESOLVED	UNRESOLVED	No accession-linked HIV/phenotype field in SRA RunInfo or ENA current read_run report; paper supplement is aggregate ART table.	UNRESOLVED	UNRESOLVED	NO
SRR24784881	SAMN35536470	2234042381263_C1T.unhost.fq.gz	UNRESOLVED	UNRESOLVED	No accession-linked HIV/phenotype field in SRA RunInfo or ENA current read_run report; paper supplement is aggregate ART table.	UNRESOLVED	UNRESOLVED	NO
SRR24784882	SAMN35536469	2234042381256_C1T.unhost.fq.gz	UNRESOLVED	UNRESOLVED	No accession-linked HIV/phenotype field in SRA RunInfo or ENA current read_run report; paper supplement is aggregate ART table.	UNRESOLVED	UNRESOLVED	NO
SRR24784883	SAMN35536468	2234042381249_C1T.unhost.fq.gz	UNRESOLVED	UNRESOLVED	No accession-linked HIV/phenotype field in SRA RunInfo or ENA current read_run report; paper supplement is aggregate ART table.	UNRESOLVED	UNRESOLVED	NO
SRR24784884	SAMN35536467	2234042381225_C1T.unhost.fq.gz	UNRESOLVED	UNRESOLVED	No accession-linked HIV/phenotype field in SRA RunInfo or ENA current read_run report; paper supplement is aggregate ART table.	UNRESOLVED	UNRESOLVED	NO
SRR24784885	SAMN35536466	2234042381218_C1T.unhost.fq.gz	UNRESOLVED	UNRESOLVED	No accession-linked HIV/phenotype field in SRA RunInfo or ENA current read_run report; paper supplement is aggregate ART table.	UNRESOLVED	UNRESOLVED	NO
SRR24784886	SAMN35536465	2234042381195_C1T.unhost.fq.gz	UNRESOLVED	UNRESOLVED	No accession-linked HIV/phenotype field in SRA RunInfo or ENA current read_run report; paper supplement is aggregate ART table.	UNRESOLVED	UNRESOLVED	NO
SRR24784887	SAMN35536464	2234042381188_C1T.unhost.fq.gz	UNRESOLVED	UNRESOLVED	No accession-linked HIV/phenotype field in SRA RunInfo or ENA current read_run report; paper supplement is aggregate ART table.	UNRESOLVED	UNRESOLVED	NO
SRR24784888	SAMN35536463	2234042381010_C1T.unhost.fq.gz	UNRESOLVED	UNRESOLVED	No accession-linked HIV/phenotype field in SRA RunInfo or ENA current read_run report; paper supplement is aggregate ART table.	UNRESOLVED	UNRESOLVED	NO
SRR24784889	SAMN35536462	2234042380815_C1T.unhost.fq.gz	UNRESOLVED	UNRESOLVED	No accession-linked HIV/phenotype field in SRA RunInfo or ENA current read_run report; paper supplement is aggregate ART table.	UNRESOLVED	UNRESOLVED	NO
SRR24784890	SAMN35536461	2234042380730_C1T.unhost.fq.gz	UNRESOLVED	UNRESOLVED	No accession-linked HIV/phenotype field in SRA RunInfo or ENA current read_run report; paper supplement is aggregate ART table.	UNRESOLVED	UNRESOLVED	NO
SRR24784891	SAMN35536272	N100012503_L01_5.fq.gz	UNRESOLVED	UNRESOLVED	No accession-linked HIV/phenotype field in SRA RunInfo or ENA current read_run report; paper supplement is aggregate ART table.	UNRESOLVED	UNRESOLVED	NO
SRR24784892	SAMN35536460	2234042380723_C1T.unhost.fq.gz	UNRESOLVED	UNRESOLVED	No accession-linked HIV/phenotype field in SRA RunInfo or ENA current read_run report; paper supplement is aggregate ART table.	UNRESOLVED	UNRESOLVED	NO
SRR24784893	SAMN35536459	2234042380716_C1T.unhost.fq.gz	UNRESOLVED	UNRESOLVED	No accession-linked HIV/phenotype field in SRA RunInfo or ENA current read_run report; paper supplement is aggregate ART table.	UNRESOLVED	UNRESOLVED	NO
SRR24784894	SAMN35536458	2234042380662_C1T.unhost.fq.gz	UNRESOLVED	UNRESOLVED	No accession-linked HIV/phenotype field in SRA RunInfo or ENA current read_run report; paper supplement is aggregate ART table.	UNRESOLVED	UNRESOLVED	NO
SRR24784895	SAMN35536457	2234042380648_C1T.unhost.fq.gz	UNRESOLVED	UNRESOLVED	No accession-linked HIV/phenotype field in SRA RunInfo or ENA current read_run report; paper supplement is aggregate ART table.	UNRESOLVED	UNRESOLVED	NO
SRR24784896	SAMN35536456	2234042380631_C1T.unhost.fq.gz	UNRESOLVED	UNRESOLVED	No accession-linked HIV/phenotype field in SRA RunInfo or ENA current read_run report; paper supplement is aggregate ART table.	UNRESOLVED	UNRESOLVED	NO
SRR24784897	SAMN35536455	2234042380570_C1T.unhost.fq.gz	UNRESOLVED	UNRESOLVED	No accession-linked HIV/phenotype field in SRA RunInfo or ENA current read_run report; paper supplement is aggregate ART table.	UNRESOLVED	UNRESOLVED	NO
SRR24784898	SAMN35536454	2234042380563_C1T.unhost.fq.gz	UNRESOLVED	UNRESOLVED	No accession-linked HIV/phenotype field in SRA RunInfo or ENA current read_run report; paper supplement is aggregate ART table.	UNRESOLVED	UNRESOLVED	NO
SRR24784899	SAMN35536453	2234042380488_C1T.unhost.fq.gz	UNRESOLVED	UNRESOLVED	No accession-linked HIV/phenotype field in SRA RunInfo or ENA current read_run report; paper supplement is aggregate ART table.	UNRESOLVED	UNRESOLVED	NO
SRR24784900	SAMN35536452	2234042380457_C1T.unhost.fq.gz	UNRESOLVED	UNRESOLVED	No accession-linked HIV/phenotype field in SRA RunInfo or ENA current read_run report; paper supplement is aggregate ART table.	UNRESOLVED	UNRESOLVED	NO
SRR24784901	SAMN35536451	2234042380440_C1T.unhost.fq.gz	UNRESOLVED	UNRESOLVED	No accession-linked HIV/phenotype field in SRA RunInfo or ENA current read_run report; paper supplement is aggregate ART table.	UNRESOLVED	UNRESOLVED	NO
SRR24784902	SAMN35536271	V300048052_L01_4.fq.gz	UNRESOLVED	UNRESOLVED	No accession-linked HIV/phenotype field in SRA RunInfo or ENA current read_run report; paper supplement is aggregate ART table.	UNRESOLVED	UNRESOLVED	NO
SRR24784903	SAMN35536253	V300037394_L03_27.fq.gz	UNRESOLVED	UNRESOLVED	No accession-linked HIV/phenotype field in SRA RunInfo or ENA current read_run report; paper supplement is aggregate ART table.	UNRESOLVED	UNRESOLVED	NO
SRR24784904	SAMN35536644	N100018342_L01_28.fq.gz	UNRESOLVED	UNRESOLVED	No accession-linked HIV/phenotype field in SRA RunInfo or ENA current read_run report; paper supplement is aggregate ART table.	UNRESOLVED	UNRESOLVED	NO
SRR24784905	SAMN35536643	N100018288_L01_29.fq.gz	UNRESOLVED	UNRESOLVED	No accession-linked HIV/phenotype field in SRA RunInfo or ENA current read_run report; paper supplement is aggregate ART table.	UNRESOLVED	UNRESOLVED	NO
SRR24784906	SAMN35536642	N100018288_L01_25.fq.gz	UNRESOLVED	UNRESOLVED	No accession-linked HIV/phenotype field in SRA RunInfo or ENA current read_run report; paper supplement is aggregate ART table.	UNRESOLVED	UNRESOLVED	NO
SRR24784907	SAMN35536641	N100018082_L01_5.fq.gz	UNRESOLVED	UNRESOLVED	No accession-linked HIV/phenotype field in SRA RunInfo or ENA current read_run report; paper supplement is aggregate ART table.	UNRESOLVED	UNRESOLVED	NO
SRR24784908	SAMN35536290	V300097362_L01_34.fq.gz	UNRESOLVED	UNRESOLVED	No accession-linked HIV/phenotype field in SRA RunInfo or ENA current read_run report; paper supplement is aggregate ART table.	UNRESOLVED	UNRESOLVED	NO
SRR24784909	SAMN35536640	N100018082_L01_4.fq.gz	UNRESOLVED	UNRESOLVED	No accession-linked HIV/phenotype field in SRA RunInfo or ENA current read_run report; paper supplement is aggregate ART table.	UNRESOLVED	UNRESOLVED	NO
SRR24784910	SAMN35536639	N100018082_L01_2.fq.gz	UNRESOLVED	UNRESOLVED	No accession-linked HIV/phenotype field in SRA RunInfo or ENA current read_run report; paper supplement is aggregate ART table.	UNRESOLVED	UNRESOLVED	NO
SRR24784911	SAMN35536638	N100018046_L01_12.fq.gz	UNRESOLVED	UNRESOLVED	No accession-linked HIV/phenotype field in SRA RunInfo or ENA current read_run report; paper supplement is aggregate ART table.	UNRESOLVED	UNRESOLVED	NO
SRR24784912	SAMN35536637	N100018046_L01_7.fq.gz	UNRESOLVED	UNRESOLVED	No accession-linked HIV/phenotype field in SRA RunInfo or ENA current read_run report; paper supplement is aggregate ART table.	UNRESOLVED	UNRESOLVED	NO
SRR24784913	SAMN35536636	N100018046_L01_32.fq.gz	UNRESOLVED	UNRESOLVED	No accession-linked HIV/phenotype field in SRA RunInfo or ENA current read_run report; paper supplement is aggregate ART table.	UNRESOLVED	UNRESOLVED	NO
SRR24784914	SAMN35536635	N100018046_L01_30.fq.gz	UNRESOLVED	UNRESOLVED	No accession-linked HIV/phenotype field in SRA RunInfo or ENA current read_run report; paper supplement is aggregate ART table.	UNRESOLVED	UNRESOLVED	NO
SRR24784915	SAMN35536634	N100018046_L01_28.fq.gz	UNRESOLVED	UNRESOLVED	No accession-linked HIV/phenotype field in SRA RunInfo or ENA current read_run report; paper supplement is aggregate ART table.	UNRESOLVED	UNRESOLVED	NO
SRR24784916	SAMN35536633	N100018045_L01_32.fq.gz	UNRESOLVED	UNRESOLVED	No accession-linked HIV/phenotype field in SRA RunInfo or ENA current read_run report; paper supplement is aggregate ART table.	UNRESOLVED	UNRESOLVED	NO
SRR24784917	SAMN35536632	N100018045_L01_30.fq.gz	UNRESOLVED	UNRESOLVED	No accession-linked HIV/phenotype field in SRA RunInfo or ENA current read_run report; paper supplement is aggregate ART table.	UNRESOLVED	UNRESOLVED	NO
SRR24784918	SAMN35536631	N100018045_L01_26.fq.gz	UNRESOLVED	UNRESOLVED	No accession-linked HIV/phenotype field in SRA RunInfo or ENA current read_run report; paper supplement is aggregate ART table.	UNRESOLVED	UNRESOLVED	NO
SRR24784919	SAMN35536289	V300097362_L03_34.fq.gz	UNRESOLVED	UNRESOLVED	No accession-linked HIV/phenotype field in SRA RunInfo or ENA current read_run report; paper supplement is aggregate ART table.	UNRESOLVED	UNRESOLVED	NO
SRR24784920	SAMN35536630	N100018045_L01_7.fq.gz	UNRESOLVED	UNRESOLVED	No accession-linked HIV/phenotype field in SRA RunInfo or ENA current read_run report; paper supplement is aggregate ART table.	UNRESOLVED	UNRESOLVED	NO
SRR24784921	SAMN35536629	N100018043_L01_20.fq.gz	UNRESOLVED	UNRESOLVED	No accession-linked HIV/phenotype field in SRA RunInfo or ENA current read_run report; paper supplement is aggregate ART table.	UNRESOLVED	UNRESOLVED	NO
SRR24784922	SAMN35536628	N100018043_L01_16.fq.gz	UNRESOLVED	UNRESOLVED	No accession-linked HIV/phenotype field in SRA RunInfo or ENA current read_run report; paper supplement is aggregate ART table.	UNRESOLVED	UNRESOLVED	NO
SRR24784923	SAMN35536627	N100018040_L01_4.fq.gz	UNRESOLVED	UNRESOLVED	No accession-linked HIV/phenotype field in SRA RunInfo or ENA current read_run report; paper supplement is aggregate ART table.	UNRESOLVED	UNRESOLVED	NO
SRR24784924	SAMN35536626	N100018040_L01_2.fq.gz	UNRESOLVED	UNRESOLVED	No accession-linked HIV/phenotype field in SRA RunInfo or ENA current read_run report; paper supplement is aggregate ART table.	UNRESOLVED	UNRESOLVED	NO
SRR24784925	SAMN35536625	N100018002_L01_5.fq.gz	UNRESOLVED	UNRESOLVED	No accession-linked HIV/phenotype field in SRA RunInfo or ENA current read_run report; paper supplement is aggregate ART table.	UNRESOLVED	UNRESOLVED	NO
SRR24784926	SAMN35536624	N100018002_L01_4.fq.gz	UNRESOLVED	UNRESOLVED	No accession-linked HIV/phenotype field in SRA RunInfo or ENA current read_run report; paper supplement is aggregate ART table.	UNRESOLVED	UNRESOLVED	NO
SRR24784927	SAMN35536623	N100018002_L01_2.fq.gz	UNRESOLVED	UNRESOLVED	No accession-linked HIV/phenotype field in SRA RunInfo or ENA current read_run report; paper supplement is aggregate ART table.	UNRESOLVED	UNRESOLVED	NO
SRR24784928	SAMN35536622	N100018002_L01_1.fq.gz	UNRESOLVED	UNRESOLVED	No accession-linked HIV/phenotype field in SRA RunInfo or ENA current read_run report; paper supplement is aggregate ART table.	UNRESOLVED	UNRESOLVED	NO
SRR24784929	SAMN35536621	N100017996_L01_6.fq.gz	UNRESOLVED	UNRESOLVED	No accession-linked HIV/phenotype field in SRA RunInfo or ENA current read_run report; paper supplement is aggregate ART table.	UNRESOLVED	UNRESOLVED	NO
SRR24784930	SAMN35536288	V300030852_L02_2.fq.gz	UNRESOLVED	UNRESOLVED	No accession-linked HIV/phenotype field in SRA RunInfo or ENA current read_run report; paper supplement is aggregate ART table.	UNRESOLVED	UNRESOLVED	NO
SRR24784931	SAMN35536620	N100017996_L01_5.fq.gz	UNRESOLVED	UNRESOLVED	No accession-linked HIV/phenotype field in SRA RunInfo or ENA current read_run report; paper supplement is aggregate ART table.	UNRESOLVED	UNRESOLVED	NO
SRR24784932	SAMN35536619	N100017965_L01_4.fq.gz	UNRESOLVED	UNRESOLVED	No accession-linked HIV/phenotype field in SRA RunInfo or ENA current read_run report; paper supplement is aggregate ART table.	UNRESOLVED	UNRESOLVED	NO
SRR24784933	SAMN35536618	N100017965_L01_11.fq.gz	UNRESOLVED	UNRESOLVED	No accession-linked HIV/phenotype field in SRA RunInfo or ENA current read_run report; paper supplement is aggregate ART table.	UNRESOLVED	UNRESOLVED	NO
SRR24784934	SAMN35536617	N100017965_L01_10.fq.gz	UNRESOLVED	UNRESOLVED	No accession-linked HIV/phenotype field in SRA RunInfo or ENA current read_run report; paper supplement is aggregate ART table.	UNRESOLVED	UNRESOLVED	NO
SRR24784935	SAMN35536616	N100017965_L01_8.fq.gz	UNRESOLVED	UNRESOLVED	No accession-linked HIV/phenotype field in SRA RunInfo or ENA current read_run report; paper supplement is aggregate ART table.	UNRESOLVED	UNRESOLVED	NO
SRR24784936	SAMN35536615	N100017942_L01_6.fq.gz	UNRESOLVED	UNRESOLVED	No accession-linked HIV/phenotype field in SRA RunInfo or ENA current read_run report; paper supplement is aggregate ART table.	UNRESOLVED	UNRESOLVED	NO
SRR24784937	SAMN35536614	N100017942_L01_5.fq.gz	UNRESOLVED	UNRESOLVED	No accession-linked HIV/phenotype field in SRA RunInfo or ENA current read_run report; paper supplement is aggregate ART table.	UNRESOLVED	UNRESOLVED	NO
SRR24784938	SAMN35536613	N100017863_L01_28.fq.gz	UNRESOLVED	UNRESOLVED	No accession-linked HIV/phenotype field in SRA RunInfo or ENA current read_run report; paper supplement is aggregate ART table.	UNRESOLVED	UNRESOLVED	NO
SRR24784939	SAMN35536612	N100017863_L01_22.fq.gz	UNRESOLVED	UNRESOLVED	No accession-linked HIV/phenotype field in SRA RunInfo or ENA current read_run report; paper supplement is aggregate ART table.	UNRESOLVED	UNRESOLVED	NO
SRR24784940	SAMN35536417	2234042152504_C1D.unhost.fq.gz	UNRESOLVED	UNRESOLVED	No accession-linked HIV/phenotype field in SRA RunInfo or ENA current read_run report; paper supplement is aggregate ART table.	UNRESOLVED	UNRESOLVED	NO
SRR24784941	SAMN35536416	2234042152436_C1D.unhost.fq.gz	UNRESOLVED	UNRESOLVED	No accession-linked HIV/phenotype field in SRA RunInfo or ENA current read_run report; paper supplement is aggregate ART table.	UNRESOLVED	UNRESOLVED	NO
SRR24784942	SAMN35536415	2234042151620_C1D.unhost.fq.gz	UNRESOLVED	UNRESOLVED	No accession-linked HIV/phenotype field in SRA RunInfo or ENA current read_run report; paper supplement is aggregate ART table.	UNRESOLVED	UNRESOLVED	NO
SRR24784943	SAMN35536414	2234042151613_C1D.unhost.fq.gz	UNRESOLVED	UNRESOLVED	No accession-linked HIV/phenotype field in SRA RunInfo or ENA current read_run report; paper supplement is aggregate ART table.	UNRESOLVED	UNRESOLVED	NO
SRR24784944	SAMN35536413	2234042151606_C1D.unhost.fq.gz	UNRESOLVED	UNRESOLVED	No accession-linked HIV/phenotype field in SRA RunInfo or ENA current read_run report; paper supplement is aggregate ART table.	UNRESOLVED	UNRESOLVED	NO
SRR24784945	SAMN35536412	2234042151590_C1D.unhost.fq.gz	UNRESOLVED	UNRESOLVED	No accession-linked HIV/phenotype field in SRA RunInfo or ENA current read_run report; paper supplement is aggregate ART table.	UNRESOLVED	UNRESOLVED	NO
SRR24784946	SAMN35536411	2234042151583_C1D.unhost.fq.gz	UNRESOLVED	UNRESOLVED	No accession-linked HIV/phenotype field in SRA RunInfo or ENA current read_run report; paper supplement is aggregate ART table.	UNRESOLVED	UNRESOLVED	NO
SRR24784947	SAMN35536267	P100003162_L02_13.fq.gz	UNRESOLVED	UNRESOLVED	No accession-linked HIV/phenotype field in SRA RunInfo or ENA current read_run report; paper supplement is aggregate ART table.	UNRESOLVED	UNRESOLVED	NO
SRR24784948	SAMN35536410	2234042150296_C1D.unhost.fq.gz	UNRESOLVED	UNRESOLVED	No accession-linked HIV/phenotype field in SRA RunInfo or ENA current read_run report; paper supplement is aggregate ART table.	UNRESOLVED	UNRESOLVED	NO
SRR24784949	SAMN35536409	2234042150142_C1D.unhost.fq.gz	UNRESOLVED	UNRESOLVED	No accession-linked HIV/phenotype field in SRA RunInfo or ENA current read_run report; paper supplement is aggregate ART table.	UNRESOLVED	UNRESOLVED	NO
SRR24784950	SAMN35536408	2234042071775_C1D.unhost.fq.gz	UNRESOLVED	UNRESOLVED	No accession-linked HIV/phenotype field in SRA RunInfo or ENA current read_run report; paper supplement is aggregate ART table.	UNRESOLVED	UNRESOLVED	NO
SRR24784951	SAMN35536407	2234042071768_C1D.unhost.fq.gz	UNRESOLVED	UNRESOLVED	No accession-linked HIV/phenotype field in SRA RunInfo or ENA current read_run report; paper supplement is aggregate ART table.	UNRESOLVED	UNRESOLVED	NO
SRR24784952	SAMN35536406	2234042054488_C1D.unhost.fq.gz	UNRESOLVED	UNRESOLVED	No accession-linked HIV/phenotype field in SRA RunInfo or ENA current read_run report; paper supplement is aggregate ART table.	UNRESOLVED	UNRESOLVED	NO
SRR24784953	SAMN35536405	V300020347_L03_33.fq.gz	UNRESOLVED	UNRESOLVED	No accession-linked HIV/phenotype field in SRA RunInfo or ENA current read_run report; paper supplement is aggregate ART table.	UNRESOLVED	UNRESOLVED	NO
SRR24784954	SAMN35536404	V350025932_L02_13.fq.gz	UNRESOLVED	UNRESOLVED	No accession-linked HIV/phenotype field in SRA RunInfo or ENA current read_run report; paper supplement is aggregate ART table.	UNRESOLVED	UNRESOLVED	NO
SRR24784955	SAMN35536403	V350056408_L02_20.fq.gz	UNRESOLVED	UNRESOLVED	No accession-linked HIV/phenotype field in SRA RunInfo or ENA current read_run report; paper supplement is aggregate ART table.	UNRESOLVED	UNRESOLVED	NO
SRR24784956	SAMN35536402	V350051580_L02_12.fq.gz	UNRESOLVED	UNRESOLVED	No accession-linked HIV/phenotype field in SRA RunInfo or ENA current read_run report; paper supplement is aggregate ART table.	UNRESOLVED	UNRESOLVED	NO
SRR24784957	SAMN35536401	V300104193_L02_10.fq.gz	UNRESOLVED	UNRESOLVED	No accession-linked HIV/phenotype field in SRA RunInfo or ENA current read_run report; paper supplement is aggregate ART table.	UNRESOLVED	UNRESOLVED	NO
SRR24784958	SAMN35536266	P100002635_L03_31.fq.gz	UNRESOLVED	UNRESOLVED	No accession-linked HIV/phenotype field in SRA RunInfo or ENA current read_run report; paper supplement is aggregate ART table.	UNRESOLVED	UNRESOLVED	NO
SRR24784959	SAMN35536400	V300081029_L01_2.fq.gz	UNRESOLVED	UNRESOLVED	No accession-linked HIV/phenotype field in SRA RunInfo or ENA current read_run report; paper supplement is aggregate ART table.	UNRESOLVED	UNRESOLVED	NO
SRR24784960	SAMN35536399	V300081029_L03_2.fq.gz	UNRESOLVED	UNRESOLVED	No accession-linked HIV/phenotype field in SRA RunInfo or ENA current read_run report; paper supplement is aggregate ART table.	UNRESOLVED	UNRESOLVED	NO
SRR24784961	SAMN35536398	V300048044_L02_6.fq.gz	UNRESOLVED	UNRESOLVED	No accession-linked HIV/phenotype field in SRA RunInfo or ENA current read_run report; paper supplement is aggregate ART table.	UNRESOLVED	UNRESOLVED	NO
SRR24784962	SAMN35536397	V350042680_L02_12.fq.gz	UNRESOLVED	UNRESOLVED	No accession-linked HIV/phenotype field in SRA RunInfo or ENA current read_run report; paper supplement is aggregate ART table.	UNRESOLVED	UNRESOLVED	NO
SRR24784963	SAMN35536396	P100002109_L01_20.fq.gz	UNRESOLVED	UNRESOLVED	No accession-linked HIV/phenotype field in SRA RunInfo or ENA current read_run report; paper supplement is aggregate ART table.	UNRESOLVED	UNRESOLVED	NO
SRR24784964	SAMN35536395	P100002109_L04_20.fq.gz	UNRESOLVED	UNRESOLVED	No accession-linked HIV/phenotype field in SRA RunInfo or ENA current read_run report; paper supplement is aggregate ART table.	UNRESOLVED	UNRESOLVED	NO
SRR24784965	SAMN35536394	P100002109_L03_20.fq.gz	UNRESOLVED	UNRESOLVED	No accession-linked HIV/phenotype field in SRA RunInfo or ENA current read_run report; paper supplement is aggregate ART table.	UNRESOLVED	UNRESOLVED	NO
SRR24784966	SAMN35536393	P100002109_L02_20.fq.gz	UNRESOLVED	UNRESOLVED	No accession-linked HIV/phenotype field in SRA RunInfo or ENA current read_run report; paper supplement is aggregate ART table.	UNRESOLVED	UNRESOLVED	NO
SRR24784967	SAMN35536392	V350034877_L02_20.fq.gz	UNRESOLVED	UNRESOLVED	No accession-linked HIV/phenotype field in SRA RunInfo or ENA current read_run report; paper supplement is aggregate ART table.	UNRESOLVED	UNRESOLVED	NO
SRR24784968	SAMN35536391	V350034877_L01_20.fq.gz	UNRESOLVED	UNRESOLVED	No accession-linked HIV/phenotype field in SRA RunInfo or ENA current read_run report; paper supplement is aggregate ART table.	UNRESOLVED	UNRESOLVED	NO
SRR24784969	SAMN35536265	P100002635_L02_22.fq.gz	UNRESOLVED	UNRESOLVED	No accession-linked HIV/phenotype field in SRA RunInfo or ENA current read_run report; paper supplement is aggregate ART table.	UNRESOLVED	UNRESOLVED	NO
SRR24784970	SAMN35536390	V350034669_L02_8.fq.gz	UNRESOLVED	UNRESOLVED	No accession-linked HIV/phenotype field in SRA RunInfo or ENA current read_run report; paper supplement is aggregate ART table.	UNRESOLVED	UNRESOLVED	NO
SRR24784971	SAMN35536389	V300081016_L01_7.fq.gz	UNRESOLVED	UNRESOLVED	No accession-linked HIV/phenotype field in SRA RunInfo or ENA current read_run report; paper supplement is aggregate ART table.	UNRESOLVED	UNRESOLVED	NO
SRR24784972	SAMN35536388	V300081129_L01_7.fq.gz	UNRESOLVED	UNRESOLVED	No accession-linked HIV/phenotype field in SRA RunInfo or ENA current read_run report; paper supplement is aggregate ART table.	UNRESOLVED	UNRESOLVED	NO
SRR24784973	SAMN35536387	V300044706_L03_10.fq.gz	UNRESOLVED	UNRESOLVED	No accession-linked HIV/phenotype field in SRA RunInfo or ENA current read_run report; paper supplement is aggregate ART table.	UNRESOLVED	UNRESOLVED	NO
SRR24784974	SAMN35536386	V300021199_L01_3.fq.gz	UNRESOLVED	UNRESOLVED	No accession-linked HIV/phenotype field in SRA RunInfo or ENA current read_run report; paper supplement is aggregate ART table.	UNRESOLVED	UNRESOLVED	NO
SRR24784975	SAMN35536385	V350042572_L01_7.fq.gz	UNRESOLVED	UNRESOLVED	No accession-linked HIV/phenotype field in SRA RunInfo or ENA current read_run report; paper supplement is aggregate ART table.	UNRESOLVED	UNRESOLVED	NO
SRR24784976	SAMN35536384	V350042572_L04_7.fq.gz	UNRESOLVED	UNRESOLVED	No accession-linked HIV/phenotype field in SRA RunInfo or ENA current read_run report; paper supplement is aggregate ART table.	UNRESOLVED	UNRESOLVED	NO
SRR24784977	SAMN35536383	V350056408_L02_47.fq.gz	UNRESOLVED	UNRESOLVED	No accession-linked HIV/phenotype field in SRA RunInfo or ENA current read_run report; paper supplement is aggregate ART table.	UNRESOLVED	UNRESOLVED	NO
SRR24784978	SAMN35536382	N100010946_L01_10.fq.gz	UNRESOLVED	UNRESOLVED	No accession-linked HIV/phenotype field in SRA RunInfo or ENA current read_run report; paper supplement is aggregate ART table.	UNRESOLVED	UNRESOLVED	NO
SRR24784979	SAMN35536381	V350017669_L03_6.fq.gz	UNRESOLVED	UNRESOLVED	No accession-linked HIV/phenotype field in SRA RunInfo or ENA current read_run report; paper supplement is aggregate ART table.	UNRESOLVED	UNRESOLVED	NO
SRR24784980	SAMN35536264	P100002635_L04_22.fq.gz	UNRESOLVED	UNRESOLVED	No accession-linked HIV/phenotype field in SRA RunInfo or ENA current read_run report; paper supplement is aggregate ART table.	UNRESOLVED	UNRESOLVED	NO
SRR24784981	SAMN35536380	V300021199_L02_18.fq.gz	UNRESOLVED	UNRESOLVED	No accession-linked HIV/phenotype field in SRA RunInfo or ENA current read_run report; paper supplement is aggregate ART table.	UNRESOLVED	UNRESOLVED	NO
SRR24784982	SAMN35536379	V300097384_L04_20.fq.gz	UNRESOLVED	UNRESOLVED	No accession-linked HIV/phenotype field in SRA RunInfo or ENA current read_run report; paper supplement is aggregate ART table.	UNRESOLVED	UNRESOLVED	NO
SRR24784983	SAMN35536378	V300097383_L04_39.fq.gz	UNRESOLVED	UNRESOLVED	No accession-linked HIV/phenotype field in SRA RunInfo or ENA current read_run report; paper supplement is aggregate ART table.	UNRESOLVED	UNRESOLVED	NO
SRR24784984	SAMN35536377	V300097383_L04_20.fq.gz	UNRESOLVED	UNRESOLVED	No accession-linked HIV/phenotype field in SRA RunInfo or ENA current read_run report; paper supplement is aggregate ART table.	UNRESOLVED	UNRESOLVED	NO
SRR24784985	SAMN35536376	V300026383_L01_30.fq.gz	UNRESOLVED	UNRESOLVED	No accession-linked HIV/phenotype field in SRA RunInfo or ENA current read_run report; paper supplement is aggregate ART table.	UNRESOLVED	UNRESOLVED	NO
SRR24784986	SAMN35536375	V300090019_L01_1.fq.gz	UNRESOLVED	UNRESOLVED	No accession-linked HIV/phenotype field in SRA RunInfo or ENA current read_run report; paper supplement is aggregate ART table.	UNRESOLVED	UNRESOLVED	NO
SRR24784987	SAMN35536374	P100003460_L02_12.fq.gz	UNRESOLVED	UNRESOLVED	No accession-linked HIV/phenotype field in SRA RunInfo or ENA current read_run report; paper supplement is aggregate ART table.	UNRESOLVED	UNRESOLVED	NO
SRR24784988	SAMN35536373	V350051444_L03_4.fq.gz	UNRESOLVED	UNRESOLVED	No accession-linked HIV/phenotype field in SRA RunInfo or ENA current read_run report; paper supplement is aggregate ART table.	UNRESOLVED	UNRESOLVED	NO
SRR24784989	SAMN35536372	V350051444_L01_4.fq.gz	UNRESOLVED	UNRESOLVED	No accession-linked HIV/phenotype field in SRA RunInfo or ENA current read_run report; paper supplement is aggregate ART table.	UNRESOLVED	UNRESOLVED	NO
SRR24784990	SAMN35536371	V300037508_L04_18.fq.gz	UNRESOLVED	UNRESOLVED	No accession-linked HIV/phenotype field in SRA RunInfo or ENA current read_run report; paper supplement is aggregate ART table.	UNRESOLVED	UNRESOLVED	NO
SRR24784991	SAMN35536263	P100002635_L02_31.fq.gz	UNRESOLVED	UNRESOLVED	No accession-linked HIV/phenotype field in SRA RunInfo or ENA current read_run report; paper supplement is aggregate ART table.	UNRESOLVED	UNRESOLVED	NO
SRR24784992	SAMN35536370	V300104193_L03_18.fq.gz	UNRESOLVED	UNRESOLVED	No accession-linked HIV/phenotype field in SRA RunInfo or ENA current read_run report; paper supplement is aggregate ART table.	UNRESOLVED	UNRESOLVED	NO
SRR24784993	SAMN35536369	V300097384_L03_16.fq.gz	UNRESOLVED	UNRESOLVED	No accession-linked HIV/phenotype field in SRA RunInfo or ENA current read_run report; paper supplement is aggregate ART table.	UNRESOLVED	UNRESOLVED	NO
SRR24784994	SAMN35536368	P100003225_L03_23.fq.gz	UNRESOLVED	UNRESOLVED	No accession-linked HIV/phenotype field in SRA RunInfo or ENA current read_run report; paper supplement is aggregate ART table.	UNRESOLVED	UNRESOLVED	NO
SRR24784995	SAMN35536367	P100003330_L01_35.fq.gz	UNRESOLVED	UNRESOLVED	No accession-linked HIV/phenotype field in SRA RunInfo or ENA current read_run report; paper supplement is aggregate ART table.	UNRESOLVED	UNRESOLVED	NO
SRR24784996	SAMN35536366	V350011298_L03_6.fq.gz	UNRESOLVED	UNRESOLVED	No accession-linked HIV/phenotype field in SRA RunInfo or ENA current read_run report; paper supplement is aggregate ART table.	UNRESOLVED	UNRESOLVED	NO
SRR24784997	SAMN35536365	V350011298_L01_6.fq.gz	UNRESOLVED	UNRESOLVED	No accession-linked HIV/phenotype field in SRA RunInfo or ENA current read_run report; paper supplement is aggregate ART table.	UNRESOLVED	UNRESOLVED	NO
SRR24784998	SAMN35536364	V350014993_L01_6.fq.gz	UNRESOLVED	UNRESOLVED	No accession-linked HIV/phenotype field in SRA RunInfo or ENA current read_run report; paper supplement is aggregate ART table.	UNRESOLVED	UNRESOLVED	NO
SRR24784999	SAMN35536363	V350014993_L04_6.fq.gz	UNRESOLVED	UNRESOLVED	No accession-linked HIV/phenotype field in SRA RunInfo or ENA current read_run report; paper supplement is aggregate ART table.	UNRESOLVED	UNRESOLVED	NO
SRR24785000	SAMN35536362	P100004367_L03_2.fq.gz	UNRESOLVED	UNRESOLVED	No accession-linked HIV/phenotype field in SRA RunInfo or ENA current read_run report; paper supplement is aggregate ART table.	UNRESOLVED	UNRESOLVED	NO
SRR24785001	SAMN35536361	V300015269_L03_39.fq.gz	UNRESOLVED	UNRESOLVED	No accession-linked HIV/phenotype field in SRA RunInfo or ENA current read_run report; paper supplement is aggregate ART table.	UNRESOLVED	UNRESOLVED	NO
SRR24785002	SAMN35536262	P100002635_L01_31.fq.gz	UNRESOLVED	UNRESOLVED	No accession-linked HIV/phenotype field in SRA RunInfo or ENA current read_run report; paper supplement is aggregate ART table.	UNRESOLVED	UNRESOLVED	NO
SRR24785003	SAMN35536360	V300080924_L01_11.fq.gz	UNRESOLVED	UNRESOLVED	No accession-linked HIV/phenotype field in SRA RunInfo or ENA current read_run report; paper supplement is aggregate ART table.	UNRESOLVED	UNRESOLVED	NO
SRR24785004	SAMN35536359	V350025932_L02_8.fq.gz	UNRESOLVED	UNRESOLVED	No accession-linked HIV/phenotype field in SRA RunInfo or ENA current read_run report; paper supplement is aggregate ART table.	UNRESOLVED	UNRESOLVED	NO
SRR24785005	SAMN35536358	V350025932_L02_14.fq.gz	UNRESOLVED	UNRESOLVED	No accession-linked HIV/phenotype field in SRA RunInfo or ENA current read_run report; paper supplement is aggregate ART table.	UNRESOLVED	UNRESOLVED	NO
SRR24785006	SAMN35536357	V300081016_L01_6.fq.gz	UNRESOLVED	UNRESOLVED	No accession-linked HIV/phenotype field in SRA RunInfo or ENA current read_run report; paper supplement is aggregate ART table.	UNRESOLVED	UNRESOLVED	NO
SRR24785007	SAMN35536356	V300081129_L01_6.fq.gz	UNRESOLVED	UNRESOLVED	No accession-linked HIV/phenotype field in SRA RunInfo or ENA current read_run report; paper supplement is aggregate ART table.	UNRESOLVED	UNRESOLVED	NO
SRR24785008	SAMN35536355	V300030802_L02_6.fq.gz	UNRESOLVED	UNRESOLVED	No accession-linked HIV/phenotype field in SRA RunInfo or ENA current read_run report; paper supplement is aggregate ART table.	UNRESOLVED	UNRESOLVED	NO
SRR24785009	SAMN35536354	V350017700_L02_15.fq.gz	UNRESOLVED	UNRESOLVED	No accession-linked HIV/phenotype field in SRA RunInfo or ENA current read_run report; paper supplement is aggregate ART table.	UNRESOLVED	UNRESOLVED	NO
SRR24785010	SAMN35536353	V350014997_L02_15.fq.gz	UNRESOLVED	UNRESOLVED	No accession-linked HIV/phenotype field in SRA RunInfo or ENA current read_run report; paper supplement is aggregate ART table.	UNRESOLVED	UNRESOLVED	NO
SRR24785011	SAMN35536352	V350017700_L01_15.fq.gz	UNRESOLVED	UNRESOLVED	No accession-linked HIV/phenotype field in SRA RunInfo or ENA current read_run report; paper supplement is aggregate ART table.	UNRESOLVED	UNRESOLVED	NO
SRR24785012	SAMN35536351	P100000321_L02_15.fq.gz	UNRESOLVED	UNRESOLVED	No accession-linked HIV/phenotype field in SRA RunInfo or ENA current read_run report; paper supplement is aggregate ART table.	UNRESOLVED	UNRESOLVED	NO
SRR24785013	SAMN35536261	P100002635_L01_22.fq.gz	UNRESOLVED	UNRESOLVED	No accession-linked HIV/phenotype field in SRA RunInfo or ENA current read_run report; paper supplement is aggregate ART table.	UNRESOLVED	UNRESOLVED	NO
SRR24785014	SAMN35536252	N100011228_L01_5.fq.gz	UNRESOLVED	UNRESOLVED	No accession-linked HIV/phenotype field in SRA RunInfo or ENA current read_run report; paper supplement is aggregate ART table.	UNRESOLVED	UNRESOLVED	NO
SRR24785015	SAMN35536251	V300094681_L01_9.fq.gz	UNRESOLVED	UNRESOLVED	No accession-linked HIV/phenotype field in SRA RunInfo or ENA current read_run report; paper supplement is aggregate ART table.	UNRESOLVED	UNRESOLVED	NO
SRR24785016	SAMN35536773	N100019015_L01_32.fq.gz	UNRESOLVED	UNRESOLVED	No accession-linked HIV/phenotype field in SRA RunInfo or ENA current read_run report; paper supplement is aggregate ART table.	UNRESOLVED	UNRESOLVED	NO
SRR24785017	SAMN35536772	N100019015_L01_28.fq.gz	UNRESOLVED	UNRESOLVED	No accession-linked HIV/phenotype field in SRA RunInfo or ENA current read_run report; paper supplement is aggregate ART table.	UNRESOLVED	UNRESOLVED	NO
SRR24785018	SAMN35536771	N100019015_L01_26.fq.gz	UNRESOLVED	UNRESOLVED	No accession-linked HIV/phenotype field in SRA RunInfo or ENA current read_run report; paper supplement is aggregate ART table.	UNRESOLVED	UNRESOLVED	NO
SRR24785019	SAMN35536303	P100003225_L04_21.fq.gz	UNRESOLVED	UNRESOLVED	No accession-linked HIV/phenotype field in SRA RunInfo or ENA current read_run report; paper supplement is aggregate ART table.	UNRESOLVED	UNRESOLVED	NO
SRR24785020	SAMN35536770	N100018937_L01_32.fq.gz	UNRESOLVED	UNRESOLVED	No accession-linked HIV/phenotype field in SRA RunInfo or ENA current read_run report; paper supplement is aggregate ART table.	UNRESOLVED	UNRESOLVED	NO
SRR24785021	SAMN35536769	N100018937_L01_30.fq.gz	UNRESOLVED	UNRESOLVED	No accession-linked HIV/phenotype field in SRA RunInfo or ENA current read_run report; paper supplement is aggregate ART table.	UNRESOLVED	UNRESOLVED	NO
SRR24785022	SAMN35536768	N100018937_L01_28.fq.gz	UNRESOLVED	UNRESOLVED	No accession-linked HIV/phenotype field in SRA RunInfo or ENA current read_run report; paper supplement is aggregate ART table.	UNRESOLVED	UNRESOLVED	NO
SRR24785023	SAMN35536767	N100018936_L01_11.fq.gz	UNRESOLVED	UNRESOLVED	No accession-linked HIV/phenotype field in SRA RunInfo or ENA current read_run report; paper supplement is aggregate ART table.	UNRESOLVED	UNRESOLVED	NO
SRR24785024	SAMN35536766	N100018936_L01_10.fq.gz	UNRESOLVED	UNRESOLVED	No accession-linked HIV/phenotype field in SRA RunInfo or ENA current read_run report; paper supplement is aggregate ART table.	UNRESOLVED	UNRESOLVED	NO
SRR24785025	SAMN35536765	N100018933_L01_29.fq.gz	UNRESOLVED	UNRESOLVED	No accession-linked HIV/phenotype field in SRA RunInfo or ENA current read_run report; paper supplement is aggregate ART table.	UNRESOLVED	UNRESOLVED	NO
SRR24785026	SAMN35536764	N100018933_L01_25.fq.gz	UNRESOLVED	UNRESOLVED	No accession-linked HIV/phenotype field in SRA RunInfo or ENA current read_run report; paper supplement is aggregate ART table.	UNRESOLVED	UNRESOLVED	NO
SRR24785027	SAMN35536763	N100018929_L01_20.fq.gz	UNRESOLVED	UNRESOLVED	No accession-linked HIV/phenotype field in SRA RunInfo or ENA current read_run report; paper supplement is aggregate ART table.	UNRESOLVED	UNRESOLVED	NO
SRR24785028	SAMN35536762	N100018928_L01_29.fq.gz	UNRESOLVED	UNRESOLVED	No accession-linked HIV/phenotype field in SRA RunInfo or ENA current read_run report; paper supplement is aggregate ART table.	UNRESOLVED	UNRESOLVED	NO
SRR24785029	SAMN35536761	N100018928_L01_25.fq.gz	UNRESOLVED	UNRESOLVED	No accession-linked HIV/phenotype field in SRA RunInfo or ENA current read_run report; paper supplement is aggregate ART table.	UNRESOLVED	UNRESOLVED	NO
SRR24785030	SAMN35536302	P100003149_L01_31.fq.gz	UNRESOLVED	UNRESOLVED	No accession-linked HIV/phenotype field in SRA RunInfo or ENA current read_run report; paper supplement is aggregate ART table.	UNRESOLVED	UNRESOLVED	NO
SRR24785031	SAMN35536760	N100018928_L01_20.fq.gz	UNRESOLVED	UNRESOLVED	No accession-linked HIV/phenotype field in SRA RunInfo or ENA current read_run report; paper supplement is aggregate ART table.	UNRESOLVED	UNRESOLVED	NO
SRR24785032	SAMN35536759	N100018928_L01_17.fq.gz	UNRESOLVED	UNRESOLVED	No accession-linked HIV/phenotype field in SRA RunInfo or ENA current read_run report; paper supplement is aggregate ART table.	UNRESOLVED	UNRESOLVED	NO
SRR24785033	SAMN35536758	N100018925_L01_30.fq.gz	UNRESOLVED	UNRESOLVED	No accession-linked HIV/phenotype field in SRA RunInfo or ENA current read_run report; paper supplement is aggregate ART table.	UNRESOLVED	UNRESOLVED	NO
SRR24785034	SAMN35536757	N100018925_L01_28.fq.gz	UNRESOLVED	UNRESOLVED	No accession-linked HIV/phenotype field in SRA RunInfo or ENA current read_run report; paper supplement is aggregate ART table.	UNRESOLVED	UNRESOLVED	NO
SRR24785035	SAMN35536756	N100018925_L01_26.fq.gz	UNRESOLVED	UNRESOLVED	No accession-linked HIV/phenotype field in SRA RunInfo or ENA current read_run report; paper supplement is aggregate ART table.	UNRESOLVED	UNRESOLVED	NO
SRR24785036	SAMN35536755	N100018925_L01_22.fq.gz	UNRESOLVED	UNRESOLVED	No accession-linked HIV/phenotype field in SRA RunInfo or ENA current read_run report; paper supplement is aggregate ART table.	UNRESOLVED	UNRESOLVED	NO
SRR24785037	SAMN35536754	N100018869_L01_29.fq.gz	UNRESOLVED	UNRESOLVED	No accession-linked HIV/phenotype field in SRA RunInfo or ENA current read_run report; paper supplement is aggregate ART table.	UNRESOLVED	UNRESOLVED	NO
SRR24785038	SAMN35536753	N100018869_L01_25.fq.gz	UNRESOLVED	UNRESOLVED	No accession-linked HIV/phenotype field in SRA RunInfo or ENA current read_run report; paper supplement is aggregate ART table.	UNRESOLVED	UNRESOLVED	NO
SRR24785039	SAMN35536752	N100018869_L01_20.fq.gz	UNRESOLVED	UNRESOLVED	No accession-linked HIV/phenotype field in SRA RunInfo or ENA current read_run report; paper supplement is aggregate ART table.	UNRESOLVED	UNRESOLVED	NO
SRR24785040	SAMN35536751	N100018869_L01_17.fq.gz	UNRESOLVED	UNRESOLVED	No accession-linked HIV/phenotype field in SRA RunInfo or ENA current read_run report; paper supplement is aggregate ART table.	UNRESOLVED	UNRESOLVED	NO
SRR24785041	SAMN35536301	V300081016_L03_20.fq.gz	UNRESOLVED	UNRESOLVED	No accession-linked HIV/phenotype field in SRA RunInfo or ENA current read_run report; paper supplement is aggregate ART table.	UNRESOLVED	UNRESOLVED	NO
SRR24785042	SAMN35536256	V350011298_L03_7.fq.gz	UNRESOLVED	UNRESOLVED	No accession-linked HIV/phenotype field in SRA RunInfo or ENA current read_run report; paper supplement is aggregate ART table.	UNRESOLVED	UNRESOLVED	NO
SRR24785043	SAMN35536750	N100018867_L01_1.fq.gz	UNRESOLVED	UNRESOLVED	No accession-linked HIV/phenotype field in SRA RunInfo or ENA current read_run report; paper supplement is aggregate ART table.	UNRESOLVED	UNRESOLVED	NO
SRR24785044	SAMN35536749	N100018865_L01_30.fq.gz	UNRESOLVED	UNRESOLVED	No accession-linked HIV/phenotype field in SRA RunInfo or ENA current read_run report; paper supplement is aggregate ART table.	UNRESOLVED	UNRESOLVED	NO
SRR24785045	SAMN35536748	N100018844_L01_2.fq.gz	UNRESOLVED	UNRESOLVED	No accession-linked HIV/phenotype field in SRA RunInfo or ENA current read_run report; paper supplement is aggregate ART table.	UNRESOLVED	UNRESOLVED	NO
SRR24785046	SAMN35536747	N100018844_L01_4.fq.gz	UNRESOLVED	UNRESOLVED	No accession-linked HIV/phenotype field in SRA RunInfo or ENA current read_run report; paper supplement is aggregate ART table.	UNRESOLVED	UNRESOLVED	NO
SRR24785047	SAMN35536746	N100018844_L01_1.fq.gz	UNRESOLVED	UNRESOLVED	No accession-linked HIV/phenotype field in SRA RunInfo or ENA current read_run report; paper supplement is aggregate ART table.	UNRESOLVED	UNRESOLVED	NO
SRR24785048	SAMN35536745	N100018832_L01_28.fq.gz	UNRESOLVED	UNRESOLVED	No accession-linked HIV/phenotype field in SRA RunInfo or ENA current read_run report; paper supplement is aggregate ART table.	UNRESOLVED	UNRESOLVED	NO
SRR24785049	SAMN35536744	N100018832_L01_30.fq.gz	UNRESOLVED	UNRESOLVED	No accession-linked HIV/phenotype field in SRA RunInfo or ENA current read_run report; paper supplement is aggregate ART table.	UNRESOLVED	UNRESOLVED	NO
SRR24785050	SAMN35536743	N100018832_L01_26.fq.gz	UNRESOLVED	UNRESOLVED	No accession-linked HIV/phenotype field in SRA RunInfo or ENA current read_run report; paper supplement is aggregate ART table.	UNRESOLVED	UNRESOLVED	NO
SRR24785051	SAMN35536742	N100018832_L01_22.fq.gz	UNRESOLVED	UNRESOLVED	No accession-linked HIV/phenotype field in SRA RunInfo or ENA current read_run report; paper supplement is aggregate ART table.	UNRESOLVED	UNRESOLVED	NO
SRR24785052	SAMN35536903	N100019451_L01_32.fq.gz	UNRESOLVED	UNRESOLVED	No accession-linked HIV/phenotype field in SRA RunInfo or ENA current read_run report; paper supplement is aggregate ART table.	UNRESOLVED	UNRESOLVED	NO
SRR24785053	SAMN35536902	N100019451_L01_30.fq.gz	UNRESOLVED	UNRESOLVED	No accession-linked HIV/phenotype field in SRA RunInfo or ENA current read_run report; paper supplement is aggregate ART table.	UNRESOLVED	UNRESOLVED	NO
SRR24785054	SAMN35536901	N100019450_L01_17.fq.gz	UNRESOLVED	UNRESOLVED	No accession-linked HIV/phenotype field in SRA RunInfo or ENA current read_run report; paper supplement is aggregate ART table.	UNRESOLVED	UNRESOLVED	NO
SRR24785055	SAMN35536316	P100002561_L02_7.fq.gz	UNRESOLVED	UNRESOLVED	No accession-linked HIV/phenotype field in SRA RunInfo or ENA current read_run report; paper supplement is aggregate ART table.	UNRESOLVED	UNRESOLVED	NO
SRR24785056	SAMN35536900	N100019450_L01_20.fq.gz	UNRESOLVED	UNRESOLVED	No accession-linked HIV/phenotype field in SRA RunInfo or ENA current read_run report; paper supplement is aggregate ART table.	UNRESOLVED	UNRESOLVED	NO
SRR24785057	SAMN35536899	N100019444_L01_31.fq.gz	UNRESOLVED	UNRESOLVED	No accession-linked HIV/phenotype field in SRA RunInfo or ENA current read_run report; paper supplement is aggregate ART table.	UNRESOLVED	UNRESOLVED	NO
SRR24785058	SAMN35536898	N100019444_L01_29.fq.gz	UNRESOLVED	UNRESOLVED	No accession-linked HIV/phenotype field in SRA RunInfo or ENA current read_run report; paper supplement is aggregate ART table.	UNRESOLVED	UNRESOLVED	NO
SRR24785059	SAMN35536897	N100019444_L01_25.fq.gz	UNRESOLVED	UNRESOLVED	No accession-linked HIV/phenotype field in SRA RunInfo or ENA current read_run report; paper supplement is aggregate ART table.	UNRESOLVED	UNRESOLVED	NO
SRR24785060	SAMN35536896	N100019444_L01_20.fq.gz	UNRESOLVED	UNRESOLVED	No accession-linked HIV/phenotype field in SRA RunInfo or ENA current read_run report; paper supplement is aggregate ART table.	UNRESOLVED	UNRESOLVED	NO
SRR24785061	SAMN35536895	N100019444_L01_17.fq.gz	UNRESOLVED	UNRESOLVED	No accession-linked HIV/phenotype field in SRA RunInfo or ENA current read_run report; paper supplement is aggregate ART table.	UNRESOLVED	UNRESOLVED	NO
SRR24785062	SAMN35536894	N100019444_L01_16.fq.gz	UNRESOLVED	UNRESOLVED	No accession-linked HIV/phenotype field in SRA RunInfo or ENA current read_run report; paper supplement is aggregate ART table.	UNRESOLVED	UNRESOLVED	NO
SRR24785063	SAMN35536893	N100019444_L01_15.fq.gz	UNRESOLVED	UNRESOLVED	No accession-linked HIV/phenotype field in SRA RunInfo or ENA current read_run report; paper supplement is aggregate ART table.	UNRESOLVED	UNRESOLVED	NO
SRR24785064	SAMN35536892	N100019413_L01_7.fq.gz	UNRESOLVED	UNRESOLVED	No accession-linked HIV/phenotype field in SRA RunInfo or ENA current read_run report; paper supplement is aggregate ART table.	UNRESOLVED	UNRESOLVED	NO
SRR24785065	SAMN35536891	N100019413_L01_32.fq.gz	UNRESOLVED	UNRESOLVED	No accession-linked HIV/phenotype field in SRA RunInfo or ENA current read_run report; paper supplement is aggregate ART table.	UNRESOLVED	UNRESOLVED	NO
SRR24785066	SAMN35536315	P100000232_L02_5.fq.gz	UNRESOLVED	UNRESOLVED	No accession-linked HIV/phenotype field in SRA RunInfo or ENA current read_run report; paper supplement is aggregate ART table.	UNRESOLVED	UNRESOLVED	NO
SRR24785067	SAMN35536890	N100019413_L01_30.fq.gz	UNRESOLVED	UNRESOLVED	No accession-linked HIV/phenotype field in SRA RunInfo or ENA current read_run report; paper supplement is aggregate ART table.	UNRESOLVED	UNRESOLVED	NO
SRR24785068	SAMN35536889	N100019413_L01_28.fq.gz	UNRESOLVED	UNRESOLVED	No accession-linked HIV/phenotype field in SRA RunInfo or ENA current read_run report; paper supplement is aggregate ART table.	UNRESOLVED	UNRESOLVED	NO
SRR24785069	SAMN35536888	N100019413_L01_26.fq.gz	UNRESOLVED	UNRESOLVED	No accession-linked HIV/phenotype field in SRA RunInfo or ENA current read_run report; paper supplement is aggregate ART table.	UNRESOLVED	UNRESOLVED	NO
SRR24785070	SAMN35536887	N100019412_L01_2.fq.gz	UNRESOLVED	UNRESOLVED	No accession-linked HIV/phenotype field in SRA RunInfo or ENA current read_run report; paper supplement is aggregate ART table.	UNRESOLVED	UNRESOLVED	NO
SRR24785071	SAMN35536886	N100019406_L01_7.fq.gz	UNRESOLVED	UNRESOLVED	No accession-linked HIV/phenotype field in SRA RunInfo or ENA current read_run report; paper supplement is aggregate ART table.	UNRESOLVED	UNRESOLVED	NO
SRR24785072	SAMN35536885	N100019406_L01_32.fq.gz	UNRESOLVED	UNRESOLVED	No accession-linked HIV/phenotype field in SRA RunInfo or ENA current read_run report; paper supplement is aggregate ART table.	UNRESOLVED	UNRESOLVED	NO
SRR24785073	SAMN35536884	N100019406_L01_30.fq.gz	UNRESOLVED	UNRESOLVED	No accession-linked HIV/phenotype field in SRA RunInfo or ENA current read_run report; paper supplement is aggregate ART table.	UNRESOLVED	UNRESOLVED	NO
SRR24785074	SAMN35536883	N100019406_L01_28.fq.gz	UNRESOLVED	UNRESOLVED	No accession-linked HIV/phenotype field in SRA RunInfo or ENA current read_run report; paper supplement is aggregate ART table.	UNRESOLVED	UNRESOLVED	NO
SRR24785075	SAMN35536882	N100019406_L01_26.fq.gz	UNRESOLVED	UNRESOLVED	No accession-linked HIV/phenotype field in SRA RunInfo or ENA current read_run report; paper supplement is aggregate ART table.	UNRESOLVED	UNRESOLVED	NO
SRR24785076	SAMN35536881	N100019406_L01_22.fq.gz	UNRESOLVED	UNRESOLVED	No accession-linked HIV/phenotype field in SRA RunInfo or ENA current read_run report; paper supplement is aggregate ART table.	UNRESOLVED	UNRESOLVED	NO
SRR24785077	SAMN35536314	V350056408_L03_25.fq.gz	UNRESOLVED	UNRESOLVED	No accession-linked HIV/phenotype field in SRA RunInfo or ENA current read_run report; paper supplement is aggregate ART table.	UNRESOLVED	UNRESOLVED	NO
SRR24785078	SAMN35536880	N100019392_L01_32.fq.gz	UNRESOLVED	UNRESOLVED	No accession-linked HIV/phenotype field in SRA RunInfo or ENA current read_run report; paper supplement is aggregate ART table.	UNRESOLVED	UNRESOLVED	NO
SRR24785079	SAMN35536879	N100019392_L01_30.fq.gz	UNRESOLVED	UNRESOLVED	No accession-linked HIV/phenotype field in SRA RunInfo or ENA current read_run report; paper supplement is aggregate ART table.	UNRESOLVED	UNRESOLVED	NO
SRR24785080	SAMN35536878	N100019392_L01_28.fq.gz	UNRESOLVED	UNRESOLVED	No accession-linked HIV/phenotype field in SRA RunInfo or ENA current read_run report; paper supplement is aggregate ART table.	UNRESOLVED	UNRESOLVED	NO
SRR24785081	SAMN35536877	N100019392_L01_22.fq.gz	UNRESOLVED	UNRESOLVED	No accession-linked HIV/phenotype field in SRA RunInfo or ENA current read_run report; paper supplement is aggregate ART table.	UNRESOLVED	UNRESOLVED	NO
SRR24785082	SAMN35536876	N100019385_L01_32.fq.gz	UNRESOLVED	UNRESOLVED	No accession-linked HIV/phenotype field in SRA RunInfo or ENA current read_run report; paper supplement is aggregate ART table.	UNRESOLVED	UNRESOLVED	NO
SRR24785083	SAMN35536875	N100019385_L01_30.fq.gz	UNRESOLVED	UNRESOLVED	No accession-linked HIV/phenotype field in SRA RunInfo or ENA current read_run report; paper supplement is aggregate ART table.	UNRESOLVED	UNRESOLVED	NO
SRR24785084	SAMN35536874	N100019304_L01_32.fq.gz	UNRESOLVED	UNRESOLVED	No accession-linked HIV/phenotype field in SRA RunInfo or ENA current read_run report; paper supplement is aggregate ART table.	UNRESOLVED	UNRESOLVED	NO
SRR24785085	SAMN35536873	N100019304_L01_30.fq.gz	UNRESOLVED	UNRESOLVED	No accession-linked HIV/phenotype field in SRA RunInfo or ENA current read_run report; paper supplement is aggregate ART table.	UNRESOLVED	UNRESOLVED	NO
SRR24785086	SAMN35536872	N100019304_L01_28.fq.gz	UNRESOLVED	UNRESOLVED	No accession-linked HIV/phenotype field in SRA RunInfo or ENA current read_run report; paper supplement is aggregate ART table.	UNRESOLVED	UNRESOLVED	NO
SRR24785087	SAMN35536871	N100019304_L01_26.fq.gz	UNRESOLVED	UNRESOLVED	No accession-linked HIV/phenotype field in SRA RunInfo or ENA current read_run report; paper supplement is aggregate ART table.	UNRESOLVED	UNRESOLVED	NO
SRR24785088	SAMN35536611	N100017814_L01_31.fq.gz	UNRESOLVED	UNRESOLVED	No accession-linked HIV/phenotype field in SRA RunInfo or ENA current read_run report; paper supplement is aggregate ART table.	UNRESOLVED	UNRESOLVED	NO
SRR24785089	SAMN35536287	N100008760_L01_6.fq.gz	UNRESOLVED	UNRESOLVED	No accession-linked HIV/phenotype field in SRA RunInfo or ENA current read_run report; paper supplement is aggregate ART table.	UNRESOLVED	UNRESOLVED	NO
SRR24785090	SAMN35536610	N100017814_L01_29.fq.gz	UNRESOLVED	UNRESOLVED	No accession-linked HIV/phenotype field in SRA RunInfo or ENA current read_run report; paper supplement is aggregate ART table.	UNRESOLVED	UNRESOLVED	NO
SRR24785091	SAMN35536609	N100017814_L01_25.fq.gz	UNRESOLVED	UNRESOLVED	No accession-linked HIV/phenotype field in SRA RunInfo or ENA current read_run report; paper supplement is aggregate ART table.	UNRESOLVED	UNRESOLVED	NO
SRR24785092	SAMN35536608	N100017753_L01_29.fq.gz	UNRESOLVED	UNRESOLVED	No accession-linked HIV/phenotype field in SRA RunInfo or ENA current read_run report; paper supplement is aggregate ART table.	UNRESOLVED	UNRESOLVED	NO
SRR24785093	SAMN35536607	N100017753_L01_25.fq.gz	UNRESOLVED	UNRESOLVED	No accession-linked HIV/phenotype field in SRA RunInfo or ENA current read_run report; paper supplement is aggregate ART table.	UNRESOLVED	UNRESOLVED	NO
SRR24785094	SAMN35536606	N100017722_L01_10.fq.gz	UNRESOLVED	UNRESOLVED	No accession-linked HIV/phenotype field in SRA RunInfo or ENA current read_run report; paper supplement is aggregate ART table.	UNRESOLVED	UNRESOLVED	NO
SRR24785095	SAMN35536605	N100017722_L01_8.fq.gz	UNRESOLVED	UNRESOLVED	No accession-linked HIV/phenotype field in SRA RunInfo or ENA current read_run report; paper supplement is aggregate ART table.	UNRESOLVED	UNRESOLVED	NO
SRR24785096	SAMN35536604	N100017722_L01_6.fq.gz	UNRESOLVED	UNRESOLVED	No accession-linked HIV/phenotype field in SRA RunInfo or ENA current read_run report; paper supplement is aggregate ART table.	UNRESOLVED	UNRESOLVED	NO
SRR24785097	SAMN35536603	N100017718_L01_30.fq.gz	UNRESOLVED	UNRESOLVED	No accession-linked HIV/phenotype field in SRA RunInfo or ENA current read_run report; paper supplement is aggregate ART table.	UNRESOLVED	UNRESOLVED	NO
SRR24785098	SAMN35536602	N100017718_L01_28.fq.gz	UNRESOLVED	UNRESOLVED	No accession-linked HIV/phenotype field in SRA RunInfo or ENA current read_run report; paper supplement is aggregate ART table.	UNRESOLVED	UNRESOLVED	NO
SRR24785099	SAMN35536601	N100017572_L01_20.fq.gz	UNRESOLVED	UNRESOLVED	No accession-linked HIV/phenotype field in SRA RunInfo or ENA current read_run report; paper supplement is aggregate ART table.	UNRESOLVED	UNRESOLVED	NO
SRR24785100	SAMN35536286	V350025932_L02_11.fq.gz	UNRESOLVED	UNRESOLVED	No accession-linked HIV/phenotype field in SRA RunInfo or ENA current read_run report; paper supplement is aggregate ART table.	UNRESOLVED	UNRESOLVED	NO
SRR24785101	SAMN35536600	N100017495_L01_10.fq.gz	UNRESOLVED	UNRESOLVED	No accession-linked HIV/phenotype field in SRA RunInfo or ENA current read_run report; paper supplement is aggregate ART table.	UNRESOLVED	UNRESOLVED	NO
SRR24785102	SAMN35536599	N100017465_L01_4.fq.gz	UNRESOLVED	UNRESOLVED	No accession-linked HIV/phenotype field in SRA RunInfo or ENA current read_run report; paper supplement is aggregate ART table.	UNRESOLVED	UNRESOLVED	NO
SRR24785103	SAMN35536598	N100017435_L01_26.fq.gz	UNRESOLVED	UNRESOLVED	No accession-linked HIV/phenotype field in SRA RunInfo or ENA current read_run report; paper supplement is aggregate ART table.	UNRESOLVED	UNRESOLVED	NO
SRR24785104	SAMN35536597	N100017435_L01_22.fq.gz	UNRESOLVED	UNRESOLVED	No accession-linked HIV/phenotype field in SRA RunInfo or ENA current read_run report; paper supplement is aggregate ART table.	UNRESOLVED	UNRESOLVED	NO
SRR24785105	SAMN35536596	N100017435_L01_18.fq.gz	UNRESOLVED	UNRESOLVED	No accession-linked HIV/phenotype field in SRA RunInfo or ENA current read_run report; paper supplement is aggregate ART table.	UNRESOLVED	UNRESOLVED	NO
SRR24785106	SAMN35536595	N100017386_L01_25.fq.gz	UNRESOLVED	UNRESOLVED	No accession-linked HIV/phenotype field in SRA RunInfo or ENA current read_run report; paper supplement is aggregate ART table.	UNRESOLVED	UNRESOLVED	NO
SRR24785107	SAMN35536594	N100017386_L01_20.fq.gz	UNRESOLVED	UNRESOLVED	No accession-linked HIV/phenotype field in SRA RunInfo or ENA current read_run report; paper supplement is aggregate ART table.	UNRESOLVED	UNRESOLVED	NO
SRR24785108	SAMN35536593	N100017386_L01_17.fq.gz	UNRESOLVED	UNRESOLVED	No accession-linked HIV/phenotype field in SRA RunInfo or ENA current read_run report; paper supplement is aggregate ART table.	UNRESOLVED	UNRESOLVED	NO
SRR24785109	SAMN35536592	N100017386_L01_16.fq.gz	UNRESOLVED	UNRESOLVED	No accession-linked HIV/phenotype field in SRA RunInfo or ENA current read_run report; paper supplement is aggregate ART table.	UNRESOLVED	UNRESOLVED	NO
SRR24785110	SAMN35536591	N100017380_L01_4.fq.gz	UNRESOLVED	UNRESOLVED	No accession-linked HIV/phenotype field in SRA RunInfo or ENA current read_run report; paper supplement is aggregate ART table.	UNRESOLVED	UNRESOLVED	NO
SRR24785111	SAMN35536285	V350034648_L01_6.fq.gz	UNRESOLVED	UNRESOLVED	No accession-linked HIV/phenotype field in SRA RunInfo or ENA current read_run report; paper supplement is aggregate ART table.	UNRESOLVED	UNRESOLVED	NO
SRR24785112	SAMN35536590	N100017302_L01_32.fq.gz	UNRESOLVED	UNRESOLVED	No accession-linked HIV/phenotype field in SRA RunInfo or ENA current read_run report; paper supplement is aggregate ART table.	UNRESOLVED	UNRESOLVED	NO
SRR24785113	SAMN35536589	N100017302_L01_30.fq.gz	UNRESOLVED	UNRESOLVED	No accession-linked HIV/phenotype field in SRA RunInfo or ENA current read_run report; paper supplement is aggregate ART table.	UNRESOLVED	UNRESOLVED	NO
SRR24785114	SAMN35536588	N100017302_L01_28.fq.gz	UNRESOLVED	UNRESOLVED	No accession-linked HIV/phenotype field in SRA RunInfo or ENA current read_run report; paper supplement is aggregate ART table.	UNRESOLVED	UNRESOLVED	NO
SRR24785115	SAMN35536587	N100017302_L01_26.fq.gz	UNRESOLVED	UNRESOLVED	No accession-linked HIV/phenotype field in SRA RunInfo or ENA current read_run report; paper supplement is aggregate ART table.	UNRESOLVED	UNRESOLVED	NO
SRR24785116	SAMN35536586	N100017296_L01_6.fq.gz	UNRESOLVED	UNRESOLVED	No accession-linked HIV/phenotype field in SRA RunInfo or ENA current read_run report; paper supplement is aggregate ART table.	UNRESOLVED	UNRESOLVED	NO
SRR24785117	SAMN35536585	N100017296_L01_4.fq.gz	UNRESOLVED	UNRESOLVED	No accession-linked HIV/phenotype field in SRA RunInfo or ENA current read_run report; paper supplement is aggregate ART table.	UNRESOLVED	UNRESOLVED	NO
SRR24785118	SAMN35536584	N100017296_L01_2.fq.gz	UNRESOLVED	UNRESOLVED	No accession-linked HIV/phenotype field in SRA RunInfo or ENA current read_run report; paper supplement is aggregate ART table.	UNRESOLVED	UNRESOLVED	NO
SRR24785119	SAMN35536583	N100017220_L01_6.fq.gz	UNRESOLVED	UNRESOLVED	No accession-linked HIV/phenotype field in SRA RunInfo or ENA current read_run report; paper supplement is aggregate ART table.	UNRESOLVED	UNRESOLVED	NO
SRR24785120	SAMN35536582	N100017220_L01_5.fq.gz	UNRESOLVED	UNRESOLVED	No accession-linked HIV/phenotype field in SRA RunInfo or ENA current read_run report; paper supplement is aggregate ART table.	UNRESOLVED	UNRESOLVED	NO
SRR24785121	SAMN35536581	N100017202_L01_30.fq.gz	UNRESOLVED	UNRESOLVED	No accession-linked HIV/phenotype field in SRA RunInfo or ENA current read_run report; paper supplement is aggregate ART table.	UNRESOLVED	UNRESOLVED	NO
SRR24785122	SAMN35536284	V300074685_L02_27.fq.gz	UNRESOLVED	UNRESOLVED	No accession-linked HIV/phenotype field in SRA RunInfo or ENA current read_run report; paper supplement is aggregate ART table.	UNRESOLVED	UNRESOLVED	NO
SRR24785123	SAMN35536580	N100017202_L01_28.fq.gz	UNRESOLVED	UNRESOLVED	No accession-linked HIV/phenotype field in SRA RunInfo or ENA current read_run report; paper supplement is aggregate ART table.	UNRESOLVED	UNRESOLVED	NO
SRR24785124	SAMN35536579	N100017202_L01_26.fq.gz	UNRESOLVED	UNRESOLVED	No accession-linked HIV/phenotype field in SRA RunInfo or ENA current read_run report; paper supplement is aggregate ART table.	UNRESOLVED	UNRESOLVED	NO
SRR24785125	SAMN35536578	N100017202_L01_22.fq.gz	UNRESOLVED	UNRESOLVED	No accession-linked HIV/phenotype field in SRA RunInfo or ENA current read_run report; paper supplement is aggregate ART table.	UNRESOLVED	UNRESOLVED	NO
SRR24785126	SAMN35536577	N100017189_L01_1.fq.gz	UNRESOLVED	UNRESOLVED	No accession-linked HIV/phenotype field in SRA RunInfo or ENA current read_run report; paper supplement is aggregate ART table.	UNRESOLVED	UNRESOLVED	NO
SRR24785127	SAMN35536576	N100017189_L01_5.fq.gz	UNRESOLVED	UNRESOLVED	No accession-linked HIV/phenotype field in SRA RunInfo or ENA current read_run report; paper supplement is aggregate ART table.	UNRESOLVED	UNRESOLVED	NO
SRR24785128	SAMN35536575	N100017189_L01_4.fq.gz	UNRESOLVED	UNRESOLVED	No accession-linked HIV/phenotype field in SRA RunInfo or ENA current read_run report; paper supplement is aggregate ART table.	UNRESOLVED	UNRESOLVED	NO
SRR24785129	SAMN35536574	N100017189_L01_2.fq.gz	UNRESOLVED	UNRESOLVED	No accession-linked HIV/phenotype field in SRA RunInfo or ENA current read_run report; paper supplement is aggregate ART table.	UNRESOLVED	UNRESOLVED	NO
SRR24785130	SAMN35536573	N100017187_L01_8.fq.gz	UNRESOLVED	UNRESOLVED	No accession-linked HIV/phenotype field in SRA RunInfo or ENA current read_run report; paper supplement is aggregate ART table.	UNRESOLVED	UNRESOLVED	NO
SRR24785131	SAMN35536572	N100017025_L01_18.fq.gz	UNRESOLVED	UNRESOLVED	No accession-linked HIV/phenotype field in SRA RunInfo or ENA current read_run report; paper supplement is aggregate ART table.	UNRESOLVED	UNRESOLVED	NO
SRR24785132	SAMN35536571	N100017025_L01_32.fq.gz	UNRESOLVED	UNRESOLVED	No accession-linked HIV/phenotype field in SRA RunInfo or ENA current read_run report; paper supplement is aggregate ART table.	UNRESOLVED	UNRESOLVED	NO
SRR24785133	SAMN35536283	P100002292_L01_9.fq.gz	UNRESOLVED	UNRESOLVED	No accession-linked HIV/phenotype field in SRA RunInfo or ENA current read_run report; paper supplement is aggregate ART table.	UNRESOLVED	UNRESOLVED	NO
SRR24785134	SAMN35536570	N100017025_L01_30.fq.gz	UNRESOLVED	UNRESOLVED	No accession-linked HIV/phenotype field in SRA RunInfo or ENA current read_run report; paper supplement is aggregate ART table.	UNRESOLVED	UNRESOLVED	NO
SRR24785135	SAMN35536569	N100017025_L01_28.fq.gz	UNRESOLVED	UNRESOLVED	No accession-linked HIV/phenotype field in SRA RunInfo or ENA current read_run report; paper supplement is aggregate ART table.	UNRESOLVED	UNRESOLVED	NO
SRR24785136	SAMN35536568	N100017025_L01_26.fq.gz	UNRESOLVED	UNRESOLVED	No accession-linked HIV/phenotype field in SRA RunInfo or ENA current read_run report; paper supplement is aggregate ART table.	UNRESOLVED	UNRESOLVED	NO
SRR24785137	SAMN35536567	N100017025_L01_22.fq.gz	UNRESOLVED	UNRESOLVED	No accession-linked HIV/phenotype field in SRA RunInfo or ENA current read_run report; paper supplement is aggregate ART table.	UNRESOLVED	UNRESOLVED	NO
SRR24785138	SAMN35536566	N100017006_L01_30.fq.gz	UNRESOLVED	UNRESOLVED	No accession-linked HIV/phenotype field in SRA RunInfo or ENA current read_run report; paper supplement is aggregate ART table.	UNRESOLVED	UNRESOLVED	NO
SRR24785139	SAMN35536565	N100017006_L01_28.fq.gz	UNRESOLVED	UNRESOLVED	No accession-linked HIV/phenotype field in SRA RunInfo or ENA current read_run report; paper supplement is aggregate ART table.	UNRESOLVED	UNRESOLVED	NO
SRR24785140	SAMN35536564	N100017006_L01_26.fq.gz	UNRESOLVED	UNRESOLVED	No accession-linked HIV/phenotype field in SRA RunInfo or ENA current read_run report; paper supplement is aggregate ART table.	UNRESOLVED	UNRESOLVED	NO
SRR24785141	SAMN35536563	N100016992_L01_7.fq.gz	UNRESOLVED	UNRESOLVED	No accession-linked HIV/phenotype field in SRA RunInfo or ENA current read_run report; paper supplement is aggregate ART table.	UNRESOLVED	UNRESOLVED	NO
SRR24785142	SAMN35536562	N100016992_L01_30.fq.gz	UNRESOLVED	UNRESOLVED	No accession-linked HIV/phenotype field in SRA RunInfo or ENA current read_run report; paper supplement is aggregate ART table.	UNRESOLVED	UNRESOLVED	NO
SRR24785143	SAMN35536561	N100016992_L01_28.fq.gz	UNRESOLVED	UNRESOLVED	No accession-linked HIV/phenotype field in SRA RunInfo or ENA current read_run report; paper supplement is aggregate ART table.	UNRESOLVED	UNRESOLVED	NO
SRR24785144	SAMN35536282	P100002292_L03_9.fq.gz	UNRESOLVED	UNRESOLVED	No accession-linked HIV/phenotype field in SRA RunInfo or ENA current read_run report; paper supplement is aggregate ART table.	UNRESOLVED	UNRESOLVED	NO
SRR24785145	SAMN35536560	N100016986_L01_30.fq.gz	UNRESOLVED	UNRESOLVED	No accession-linked HIV/phenotype field in SRA RunInfo or ENA current read_run report; paper supplement is aggregate ART table.	UNRESOLVED	UNRESOLVED	NO
SRR24785146	SAMN35536559	N100016986_L01_28.fq.gz	UNRESOLVED	UNRESOLVED	No accession-linked HIV/phenotype field in SRA RunInfo or ENA current read_run report; paper supplement is aggregate ART table.	UNRESOLVED	UNRESOLVED	NO
SRR24785147	SAMN35536558	N100016986_L01_26.fq.gz	UNRESOLVED	UNRESOLVED	No accession-linked HIV/phenotype field in SRA RunInfo or ENA current read_run report; paper supplement is aggregate ART table.	UNRESOLVED	UNRESOLVED	NO
SRR24785148	SAMN35536557	N100016986_L01_22.fq.gz	UNRESOLVED	UNRESOLVED	No accession-linked HIV/phenotype field in SRA RunInfo or ENA current read_run report; paper supplement is aggregate ART table.	UNRESOLVED	UNRESOLVED	NO
SRR24785149	SAMN35536556	N100016940_L01_6.fq.gz	UNRESOLVED	UNRESOLVED	No accession-linked HIV/phenotype field in SRA RunInfo or ENA current read_run report; paper supplement is aggregate ART table.	UNRESOLVED	UNRESOLVED	NO
SRR24785150	SAMN35536555	N100016940_L01_5.fq.gz	UNRESOLVED	UNRESOLVED	No accession-linked HIV/phenotype field in SRA RunInfo or ENA current read_run report; paper supplement is aggregate ART table.	UNRESOLVED	UNRESOLVED	NO
SRR24785151	SAMN35536554	N100016940_L01_4.fq.gz	UNRESOLVED	UNRESOLVED	No accession-linked HIV/phenotype field in SRA RunInfo or ENA current read_run report; paper supplement is aggregate ART table.	UNRESOLVED	UNRESOLVED	NO
SRR24785152	SAMN35536553	N100016940_L01_2.fq.gz	UNRESOLVED	UNRESOLVED	No accession-linked HIV/phenotype field in SRA RunInfo or ENA current read_run report; paper supplement is aggregate ART table.	UNRESOLVED	UNRESOLVED	NO
SRR24785153	SAMN35536552	N100016931_L01_5.fq.gz	UNRESOLVED	UNRESOLVED	No accession-linked HIV/phenotype field in SRA RunInfo or ENA current read_run report; paper supplement is aggregate ART table.	UNRESOLVED	UNRESOLVED	NO
SRR24785154	SAMN35536551	N100016931_L01_4.fq.gz	UNRESOLVED	UNRESOLVED	No accession-linked HIV/phenotype field in SRA RunInfo or ENA current read_run report; paper supplement is aggregate ART table.	UNRESOLVED	UNRESOLVED	NO
SRR24785155	SAMN35536281	P100000321_L02_16.fq.gz	UNRESOLVED	UNRESOLVED	No accession-linked HIV/phenotype field in SRA RunInfo or ENA current read_run report; paper supplement is aggregate ART table.	UNRESOLVED	UNRESOLVED	NO
SRR24785156	SAMN35536254	V300090019_L02_8.fq.gz	UNRESOLVED	UNRESOLVED	No accession-linked HIV/phenotype field in SRA RunInfo or ENA current read_run report; paper supplement is aggregate ART table.	UNRESOLVED	UNRESOLVED	NO
SRR24785157	SAMN35536550	N100016925_L01_20.fq.gz	UNRESOLVED	UNRESOLVED	No accession-linked HIV/phenotype field in SRA RunInfo or ENA current read_run report; paper supplement is aggregate ART table.	UNRESOLVED	UNRESOLVED	NO
SRR24785158	SAMN35536549	N100016925_L01_31.fq.gz	UNRESOLVED	UNRESOLVED	No accession-linked HIV/phenotype field in SRA RunInfo or ENA current read_run report; paper supplement is aggregate ART table.	UNRESOLVED	UNRESOLVED	NO
SRR24785159	SAMN35536548	N100016925_L01_29.fq.gz	UNRESOLVED	UNRESOLVED	No accession-linked HIV/phenotype field in SRA RunInfo or ENA current read_run report; paper supplement is aggregate ART table.	UNRESOLVED	UNRESOLVED	NO
SRR24785160	SAMN35536547	N100016925_L01_25.fq.gz	UNRESOLVED	UNRESOLVED	No accession-linked HIV/phenotype field in SRA RunInfo or ENA current read_run report; paper supplement is aggregate ART table.	UNRESOLVED	UNRESOLVED	NO
SRR24785161	SAMN35536546	N100016916_L01_4.fq.gz	UNRESOLVED	UNRESOLVED	No accession-linked HIV/phenotype field in SRA RunInfo or ENA current read_run report; paper supplement is aggregate ART table.	UNRESOLVED	UNRESOLVED	NO
SRR24785162	SAMN35536545	N100016916_L01_2.fq.gz	UNRESOLVED	UNRESOLVED	No accession-linked HIV/phenotype field in SRA RunInfo or ENA current read_run report; paper supplement is aggregate ART table.	UNRESOLVED	UNRESOLVED	NO
SRR24785163	SAMN35536544	N100016916_L01_1.fq.gz	UNRESOLVED	UNRESOLVED	No accession-linked HIV/phenotype field in SRA RunInfo or ENA current read_run report; paper supplement is aggregate ART table.	UNRESOLVED	UNRESOLVED	NO
SRR24785164	SAMN35536543	N100016916_L01_5.fq.gz	UNRESOLVED	UNRESOLVED	No accession-linked HIV/phenotype field in SRA RunInfo or ENA current read_run report; paper supplement is aggregate ART table.	UNRESOLVED	UNRESOLVED	NO
SRR24785165	SAMN35536542	N100016903_L01_29.fq.gz	UNRESOLVED	UNRESOLVED	No accession-linked HIV/phenotype field in SRA RunInfo or ENA current read_run report; paper supplement is aggregate ART table.	UNRESOLVED	UNRESOLVED	NO
SRR24785166	SAMN35536541	N100016900_L01_25.fq.gz	UNRESOLVED	UNRESOLVED	No accession-linked HIV/phenotype field in SRA RunInfo or ENA current read_run report; paper supplement is aggregate ART table.	UNRESOLVED	UNRESOLVED	NO
SRR24785167	SAMN35536280	V350017700_L01_16.fq.gz	UNRESOLVED	UNRESOLVED	No accession-linked HIV/phenotype field in SRA RunInfo or ENA current read_run report; paper supplement is aggregate ART table.	UNRESOLVED	UNRESOLVED	NO
SRR24785168	SAMN35536540	N100016900_L01_20.fq.gz	UNRESOLVED	UNRESOLVED	No accession-linked HIV/phenotype field in SRA RunInfo or ENA current read_run report; paper supplement is aggregate ART table.	UNRESOLVED	UNRESOLVED	NO
SRR24785169	SAMN35536539	N100016900_L01_17.fq.gz	UNRESOLVED	UNRESOLVED	No accession-linked HIV/phenotype field in SRA RunInfo or ENA current read_run report; paper supplement is aggregate ART table.	UNRESOLVED	UNRESOLVED	NO
SRR24785170	SAMN35536538	N100016900_L01_16.fq.gz	UNRESOLVED	UNRESOLVED	No accession-linked HIV/phenotype field in SRA RunInfo or ENA current read_run report; paper supplement is aggregate ART table.	UNRESOLVED	UNRESOLVED	NO
SRR24785171	SAMN35536537	N100016900_L01_15.fq.gz	UNRESOLVED	UNRESOLVED	No accession-linked HIV/phenotype field in SRA RunInfo or ENA current read_run report; paper supplement is aggregate ART table.	UNRESOLVED	UNRESOLVED	NO
SRR24785172	SAMN35536536	N100016893_L01_26.fq.gz	UNRESOLVED	UNRESOLVED	No accession-linked HIV/phenotype field in SRA RunInfo or ENA current read_run report; paper supplement is aggregate ART table.	UNRESOLVED	UNRESOLVED	NO
SRR24785173	SAMN35536535	N100016893_L01_22.fq.gz	UNRESOLVED	UNRESOLVED	No accession-linked HIV/phenotype field in SRA RunInfo or ENA current read_run report; paper supplement is aggregate ART table.	UNRESOLVED	UNRESOLVED	NO
SRR24785174	SAMN35536534	N100016892_L01_10.fq.gz	UNRESOLVED	UNRESOLVED	No accession-linked HIV/phenotype field in SRA RunInfo or ENA current read_run report; paper supplement is aggregate ART table.	UNRESOLVED	UNRESOLVED	NO
SRR24785175	SAMN35536533	N100016892_L01_8.fq.gz	UNRESOLVED	UNRESOLVED	No accession-linked HIV/phenotype field in SRA RunInfo or ENA current read_run report; paper supplement is aggregate ART table.	UNRESOLVED	UNRESOLVED	NO
SRR24785176	SAMN35536532	N100016892_L01_6.fq.gz	UNRESOLVED	UNRESOLVED	No accession-linked HIV/phenotype field in SRA RunInfo or ENA current read_run report; paper supplement is aggregate ART table.	UNRESOLVED	UNRESOLVED	NO
SRR24785177	SAMN35536531	N100016892_L01_5.fq.gz	UNRESOLVED	UNRESOLVED	No accession-linked HIV/phenotype field in SRA RunInfo or ENA current read_run report; paper supplement is aggregate ART table.	UNRESOLVED	UNRESOLVED	NO
SRR24785178	SAMN35536279	V350017700_L02_16.fq.gz	UNRESOLVED	UNRESOLVED	No accession-linked HIV/phenotype field in SRA RunInfo or ENA current read_run report; paper supplement is aggregate ART table.	UNRESOLVED	UNRESOLVED	NO
SRR24785179	SAMN35536530	N100016892_L01_4.fq.gz	UNRESOLVED	UNRESOLVED	No accession-linked HIV/phenotype field in SRA RunInfo or ENA current read_run report; paper supplement is aggregate ART table.	UNRESOLVED	UNRESOLVED	NO
SRR24785180	SAMN35536529	N100016892_L01_2.fq.gz	UNRESOLVED	UNRESOLVED	No accession-linked HIV/phenotype field in SRA RunInfo or ENA current read_run report; paper supplement is aggregate ART table.	UNRESOLVED	UNRESOLVED	NO
SRR24785181	SAMN35536528	N100016852_L01_2.fq.gz	UNRESOLVED	UNRESOLVED	No accession-linked HIV/phenotype field in SRA RunInfo or ENA current read_run report; paper supplement is aggregate ART table.	UNRESOLVED	UNRESOLVED	NO
SRR24785182	SAMN35536527	N100016839_L01_32.fq.gz	UNRESOLVED	UNRESOLVED	No accession-linked HIV/phenotype field in SRA RunInfo or ENA current read_run report; paper supplement is aggregate ART table.	UNRESOLVED	UNRESOLVED	NO
SRR24785183	SAMN35536526	N100016839_L01_30.fq.gz	UNRESOLVED	UNRESOLVED	No accession-linked HIV/phenotype field in SRA RunInfo or ENA current read_run report; paper supplement is aggregate ART table.	UNRESOLVED	UNRESOLVED	NO
SRR24785184	SAMN35536525	N100016816_L01_29.fq.gz	UNRESOLVED	UNRESOLVED	No accession-linked HIV/phenotype field in SRA RunInfo or ENA current read_run report; paper supplement is aggregate ART table.	UNRESOLVED	UNRESOLVED	NO
SRR24785185	SAMN35536524	N100016816_L01_17.fq.gz	UNRESOLVED	UNRESOLVED	No accession-linked HIV/phenotype field in SRA RunInfo or ENA current read_run report; paper supplement is aggregate ART table.	UNRESOLVED	UNRESOLVED	NO
SRR24785186	SAMN35536523	N100016816_L01_16.fq.gz	UNRESOLVED	UNRESOLVED	No accession-linked HIV/phenotype field in SRA RunInfo or ENA current read_run report; paper supplement is aggregate ART table.	UNRESOLVED	UNRESOLVED	NO
SRR24785187	SAMN35536522	N100016816_L01_15.fq.gz	UNRESOLVED	UNRESOLVED	No accession-linked HIV/phenotype field in SRA RunInfo or ENA current read_run report; paper supplement is aggregate ART table.	UNRESOLVED	UNRESOLVED	NO
SRR24785188	SAMN35536521	N100016807_L01_6.fq.gz	UNRESOLVED	UNRESOLVED	No accession-linked HIV/phenotype field in SRA RunInfo or ENA current read_run report; paper supplement is aggregate ART table.	UNRESOLVED	UNRESOLVED	NO
SRR24785189	SAMN35536278	V350014997_L02_16.fq.gz	UNRESOLVED	UNRESOLVED	No accession-linked HIV/phenotype field in SRA RunInfo or ENA current read_run report; paper supplement is aggregate ART table.	UNRESOLVED	UNRESOLVED	NO
SRR24785190	SAMN35536520	N100016807_L01_5.fq.gz	UNRESOLVED	UNRESOLVED	No accession-linked HIV/phenotype field in SRA RunInfo or ENA current read_run report; paper supplement is aggregate ART table.	UNRESOLVED	UNRESOLVED	NO
SRR24785191	SAMN35536519	N100016807_L01_4.fq.gz	UNRESOLVED	UNRESOLVED	No accession-linked HIV/phenotype field in SRA RunInfo or ENA current read_run report; paper supplement is aggregate ART table.	UNRESOLVED	UNRESOLVED	NO
SRR24785192	SAMN35536518	N100016807_L01_2.fq.gz	UNRESOLVED	UNRESOLVED	No accession-linked HIV/phenotype field in SRA RunInfo or ENA current read_run report; paper supplement is aggregate ART table.	UNRESOLVED	UNRESOLVED	NO
SRR24785193	SAMN35536517	N100016752_L01_11.fq.gz	UNRESOLVED	UNRESOLVED	No accession-linked HIV/phenotype field in SRA RunInfo or ENA current read_run report; paper supplement is aggregate ART table.	UNRESOLVED	UNRESOLVED	NO
SRR24785194	SAMN35536516	N100016752_L01_10.fq.gz	UNRESOLVED	UNRESOLVED	No accession-linked HIV/phenotype field in SRA RunInfo or ENA current read_run report; paper supplement is aggregate ART table.	UNRESOLVED	UNRESOLVED	NO
SRR24785195	SAMN35536515	N100016752_L01_8.fq.gz	UNRESOLVED	UNRESOLVED	No accession-linked HIV/phenotype field in SRA RunInfo or ENA current read_run report; paper supplement is aggregate ART table.	UNRESOLVED	UNRESOLVED	NO
SRR24785196	SAMN35536741	N100018830_L01_5.fq.gz	UNRESOLVED	UNRESOLVED	No accession-linked HIV/phenotype field in SRA RunInfo or ENA current read_run report; paper supplement is aggregate ART table.	UNRESOLVED	UNRESOLVED	NO
SRR24785197	SAMN35536300	V300081044_L04_24.fq.gz	UNRESOLVED	UNRESOLVED	No accession-linked HIV/phenotype field in SRA RunInfo or ENA current read_run report; paper supplement is aggregate ART table.	UNRESOLVED	UNRESOLVED	NO
SRR24785198	SAMN35536740	N100018830_L01_2.fq.gz	UNRESOLVED	UNRESOLVED	No accession-linked HIV/phenotype field in SRA RunInfo or ENA current read_run report; paper supplement is aggregate ART table.	UNRESOLVED	UNRESOLVED	NO
SRR24785199	SAMN35536739	N100018826_L01_25.fq.gz	UNRESOLVED	UNRESOLVED	No accession-linked HIV/phenotype field in SRA RunInfo or ENA current read_run report; paper supplement is aggregate ART table.	UNRESOLVED	UNRESOLVED	NO
SRR24785200	SAMN35536738	N100018826_L01_20.fq.gz	UNRESOLVED	UNRESOLVED	No accession-linked HIV/phenotype field in SRA RunInfo or ENA current read_run report; paper supplement is aggregate ART table.	UNRESOLVED	UNRESOLVED	NO
SRR24785201	SAMN35536737	N100018826_L01_17.fq.gz	UNRESOLVED	UNRESOLVED	No accession-linked HIV/phenotype field in SRA RunInfo or ENA current read_run report; paper supplement is aggregate ART table.	UNRESOLVED	UNRESOLVED	NO
SRR24785202	SAMN35536736	N100018821_L01_32.fq.gz	UNRESOLVED	UNRESOLVED	No accession-linked HIV/phenotype field in SRA RunInfo or ENA current read_run report; paper supplement is aggregate ART table.	UNRESOLVED	UNRESOLVED	NO
SRR24785203	SAMN35536735	N100018821_L01_30.fq.gz	UNRESOLVED	UNRESOLVED	No accession-linked HIV/phenotype field in SRA RunInfo or ENA current read_run report; paper supplement is aggregate ART table.	UNRESOLVED	UNRESOLVED	NO
SRR24785204	SAMN35536734	N100018821_L01_28.fq.gz	UNRESOLVED	UNRESOLVED	No accession-linked HIV/phenotype field in SRA RunInfo or ENA current read_run report; paper supplement is aggregate ART table.	UNRESOLVED	UNRESOLVED	NO
SRR24785205	SAMN35536733	N100018821_L01_26.fq.gz	UNRESOLVED	UNRESOLVED	No accession-linked HIV/phenotype field in SRA RunInfo or ENA current read_run report; paper supplement is aggregate ART table.	UNRESOLVED	UNRESOLVED	NO
SRR24785206	SAMN35536732	N100018821_L01_22.fq.gz	UNRESOLVED	UNRESOLVED	No accession-linked HIV/phenotype field in SRA RunInfo or ENA current read_run report; paper supplement is aggregate ART table.	UNRESOLVED	UNRESOLVED	NO
SRR24785207	SAMN35536731	N100018817_L01_29.fq.gz	UNRESOLVED	UNRESOLVED	No accession-linked HIV/phenotype field in SRA RunInfo or ENA current read_run report; paper supplement is aggregate ART table.	UNRESOLVED	UNRESOLVED	NO
SRR24785208	SAMN35536299	V300081129_L03_20.fq.gz	UNRESOLVED	UNRESOLVED	No accession-linked HIV/phenotype field in SRA RunInfo or ENA current read_run report; paper supplement is aggregate ART table.	UNRESOLVED	UNRESOLVED	NO
SRR24785209	SAMN35536730	N100018817_L01_25.fq.gz	UNRESOLVED	UNRESOLVED	No accession-linked HIV/phenotype field in SRA RunInfo or ENA current read_run report; paper supplement is aggregate ART table.	UNRESOLVED	UNRESOLVED	NO
SRR24785210	SAMN35536729	N100018817_L01_17.fq.gz	UNRESOLVED	UNRESOLVED	No accession-linked HIV/phenotype field in SRA RunInfo or ENA current read_run report; paper supplement is aggregate ART table.	UNRESOLVED	UNRESOLVED	NO
SRR24785211	SAMN35536728	N100018812_L01_5.fq.gz	UNRESOLVED	UNRESOLVED	No accession-linked HIV/phenotype field in SRA RunInfo or ENA current read_run report; paper supplement is aggregate ART table.	UNRESOLVED	UNRESOLVED	NO
SRR24785212	SAMN35536727	N100018780_L01_5.fq.gz	UNRESOLVED	UNRESOLVED	No accession-linked HIV/phenotype field in SRA RunInfo or ENA current read_run report; paper supplement is aggregate ART table.	UNRESOLVED	UNRESOLVED	NO
SRR24785213	SAMN35536726	N100018769_L01_7.fq.gz	UNRESOLVED	UNRESOLVED	No accession-linked HIV/phenotype field in SRA RunInfo or ENA current read_run report; paper supplement is aggregate ART table.	UNRESOLVED	UNRESOLVED	NO
SRR24785214	SAMN35536725	N100018769_L01_32.fq.gz	UNRESOLVED	UNRESOLVED	No accession-linked HIV/phenotype field in SRA RunInfo or ENA current read_run report; paper supplement is aggregate ART table.	UNRESOLVED	UNRESOLVED	NO
SRR24785215	SAMN35536724	N100018769_L01_30.fq.gz	UNRESOLVED	UNRESOLVED	No accession-linked HIV/phenotype field in SRA RunInfo or ENA current read_run report; paper supplement is aggregate ART table.	UNRESOLVED	UNRESOLVED	NO
SRR24785216	SAMN35536723	N100018768_L01_2.fq.gz	UNRESOLVED	UNRESOLVED	No accession-linked HIV/phenotype field in SRA RunInfo or ENA current read_run report; paper supplement is aggregate ART table.	UNRESOLVED	UNRESOLVED	NO
SRR24785217	SAMN35536722	N100018759_L01_2.fq.gz	UNRESOLVED	UNRESOLVED	No accession-linked HIV/phenotype field in SRA RunInfo or ENA current read_run report; paper supplement is aggregate ART table.	UNRESOLVED	UNRESOLVED	NO
SRR24785218	SAMN35536721	N100018747_L01_8.fq.gz	UNRESOLVED	UNRESOLVED	No accession-linked HIV/phenotype field in SRA RunInfo or ENA current read_run report; paper supplement is aggregate ART table.	UNRESOLVED	UNRESOLVED	NO
SRR24785219	SAMN35536298	V300081044_L02_24.fq.gz	UNRESOLVED	UNRESOLVED	No accession-linked HIV/phenotype field in SRA RunInfo or ENA current read_run report; paper supplement is aggregate ART table.	UNRESOLVED	UNRESOLVED	NO
SRR24785220	SAMN35536720	N100018747_L01_6.fq.gz	UNRESOLVED	UNRESOLVED	No accession-linked HIV/phenotype field in SRA RunInfo or ENA current read_run report; paper supplement is aggregate ART table.	UNRESOLVED	UNRESOLVED	NO
SRR24785221	SAMN35536719	N100018747_L01_5.fq.gz	UNRESOLVED	UNRESOLVED	No accession-linked HIV/phenotype field in SRA RunInfo or ENA current read_run report; paper supplement is aggregate ART table.	UNRESOLVED	UNRESOLVED	NO
SRR24785222	SAMN35536718	N100018747_L01_4.fq.gz	UNRESOLVED	UNRESOLVED	No accession-linked HIV/phenotype field in SRA RunInfo or ENA current read_run report; paper supplement is aggregate ART table.	UNRESOLVED	UNRESOLVED	NO
SRR24785223	SAMN35536717	N100018734_L01_30.fq.gz	UNRESOLVED	UNRESOLVED	No accession-linked HIV/phenotype field in SRA RunInfo or ENA current read_run report; paper supplement is aggregate ART table.	UNRESOLVED	UNRESOLVED	NO
SRR24785224	SAMN35536716	N100018733_L01_22.fq.gz	UNRESOLVED	UNRESOLVED	No accession-linked HIV/phenotype field in SRA RunInfo or ENA current read_run report; paper supplement is aggregate ART table.	UNRESOLVED	UNRESOLVED	NO
SRR24785225	SAMN35536715	N100018732_L01_32.fq.gz	UNRESOLVED	UNRESOLVED	No accession-linked HIV/phenotype field in SRA RunInfo or ENA current read_run report; paper supplement is aggregate ART table.	UNRESOLVED	UNRESOLVED	NO
SRR24785226	SAMN35536714	N100018732_L01_7.fq.gz	UNRESOLVED	UNRESOLVED	No accession-linked HIV/phenotype field in SRA RunInfo or ENA current read_run report; paper supplement is aggregate ART table.	UNRESOLVED	UNRESOLVED	NO
SRR24785227	SAMN35536713	N100018732_L01_30.fq.gz	UNRESOLVED	UNRESOLVED	No accession-linked HIV/phenotype field in SRA RunInfo or ENA current read_run report; paper supplement is aggregate ART table.	UNRESOLVED	UNRESOLVED	NO
SRR24785228	SAMN35536712	N100018732_L01_28.fq.gz	UNRESOLVED	UNRESOLVED	No accession-linked HIV/phenotype field in SRA RunInfo or ENA current read_run report; paper supplement is aggregate ART table.	UNRESOLVED	UNRESOLVED	NO
SRR24785229	SAMN35536711	N100018727_L01_8.fq.gz	UNRESOLVED	UNRESOLVED	No accession-linked HIV/phenotype field in SRA RunInfo or ENA current read_run report; paper supplement is aggregate ART table.	UNRESOLVED	UNRESOLVED	NO
SRR24785230	SAMN35536297	V300094681_L01_10.fq.gz	UNRESOLVED	UNRESOLVED	No accession-linked HIV/phenotype field in SRA RunInfo or ENA current read_run report; paper supplement is aggregate ART table.	UNRESOLVED	UNRESOLVED	NO
SRR24785231	SAMN35536710	N100018727_L01_6.fq.gz	UNRESOLVED	UNRESOLVED	No accession-linked HIV/phenotype field in SRA RunInfo or ENA current read_run report; paper supplement is aggregate ART table.	UNRESOLVED	UNRESOLVED	NO
SRR24785232	SAMN35536313	V300021251_L01_18.fq.gz	UNRESOLVED	UNRESOLVED	No accession-linked HIV/phenotype field in SRA RunInfo or ENA current read_run report; paper supplement is aggregate ART table.	UNRESOLVED	UNRESOLVED	NO
SRR24785233	SAMN35536870	N100019304_L01_22.fq.gz	UNRESOLVED	UNRESOLVED	No accession-linked HIV/phenotype field in SRA RunInfo or ENA current read_run report; paper supplement is aggregate ART table.	UNRESOLVED	UNRESOLVED	NO
SRR24785234	SAMN35536869	N100019293_L01_8.fq.gz	UNRESOLVED	UNRESOLVED	No accession-linked HIV/phenotype field in SRA RunInfo or ENA current read_run report; paper supplement is aggregate ART table.	UNRESOLVED	UNRESOLVED	NO
SRR24785235	SAMN35536868	N100019272_L01_8.fq.gz	UNRESOLVED	UNRESOLVED	No accession-linked HIV/phenotype field in SRA RunInfo or ENA current read_run report; paper supplement is aggregate ART table.	UNRESOLVED	UNRESOLVED	NO
SRR24785236	SAMN35536867	N100019272_L01_6.fq.gz	UNRESOLVED	UNRESOLVED	No accession-linked HIV/phenotype field in SRA RunInfo or ENA current read_run report; paper supplement is aggregate ART table.	UNRESOLVED	UNRESOLVED	NO
SRR24785237	SAMN35536866	N100019272_L01_5.fq.gz	UNRESOLVED	UNRESOLVED	No accession-linked HIV/phenotype field in SRA RunInfo or ENA current read_run report; paper supplement is aggregate ART table.	UNRESOLVED	UNRESOLVED	NO
SRR24785238	SAMN35536865	N100019272_L01_4.fq.gz	UNRESOLVED	UNRESOLVED	No accession-linked HIV/phenotype field in SRA RunInfo or ENA current read_run report; paper supplement is aggregate ART table.	UNRESOLVED	UNRESOLVED	NO
SRR24785239	SAMN35536864	N100019272_L01_2.fq.gz	UNRESOLVED	UNRESOLVED	No accession-linked HIV/phenotype field in SRA RunInfo or ENA current read_run report; paper supplement is aggregate ART table.	UNRESOLVED	UNRESOLVED	NO
SRR24785240	SAMN35536863	N100019272_L01_1.fq.gz	UNRESOLVED	UNRESOLVED	No accession-linked HIV/phenotype field in SRA RunInfo or ENA current read_run report; paper supplement is aggregate ART table.	UNRESOLVED	UNRESOLVED	NO
SRR24785241	SAMN35536862	N100019260_L01_8.fq.gz	UNRESOLVED	UNRESOLVED	No accession-linked HIV/phenotype field in SRA RunInfo or ENA current read_run report; paper supplement is aggregate ART table.	UNRESOLVED	UNRESOLVED	NO
SRR24785242	SAMN35536861	N100019260_L01_10.fq.gz	UNRESOLVED	UNRESOLVED	No accession-linked HIV/phenotype field in SRA RunInfo or ENA current read_run report; paper supplement is aggregate ART table.	UNRESOLVED	UNRESOLVED	NO
SRR24785243	SAMN35536312	V300020377_L02_22.fq.gz	UNRESOLVED	UNRESOLVED	No accession-linked HIV/phenotype field in SRA RunInfo or ENA current read_run report; paper supplement is aggregate ART table.	UNRESOLVED	UNRESOLVED	NO
SRR24785244	SAMN35536860	N100019260_L01_6.fq.gz	UNRESOLVED	UNRESOLVED	No accession-linked HIV/phenotype field in SRA RunInfo or ENA current read_run report; paper supplement is aggregate ART table.	UNRESOLVED	UNRESOLVED	NO
SRR24785245	SAMN35536859	N100019260_L01_5.fq.gz	UNRESOLVED	UNRESOLVED	No accession-linked HIV/phenotype field in SRA RunInfo or ENA current read_run report; paper supplement is aggregate ART table.	UNRESOLVED	UNRESOLVED	NO
SRR24785246	SAMN35536858	N100019258_L01_32.fq.gz	UNRESOLVED	UNRESOLVED	No accession-linked HIV/phenotype field in SRA RunInfo or ENA current read_run report; paper supplement is aggregate ART table.	UNRESOLVED	UNRESOLVED	NO
SRR24785247	SAMN35536857	N100019258_L01_30.fq.gz	UNRESOLVED	UNRESOLVED	No accession-linked HIV/phenotype field in SRA RunInfo or ENA current read_run report; paper supplement is aggregate ART table.	UNRESOLVED	UNRESOLVED	NO
SRR24785248	SAMN35536856	N100019251_L01_25.fq.gz	UNRESOLVED	UNRESOLVED	No accession-linked HIV/phenotype field in SRA RunInfo or ENA current read_run report; paper supplement is aggregate ART table.	UNRESOLVED	UNRESOLVED	NO
SRR24785249	SAMN35536855	N100019251_L01_11.fq.gz	UNRESOLVED	UNRESOLVED	No accession-linked HIV/phenotype field in SRA RunInfo or ENA current read_run report; paper supplement is aggregate ART table.	UNRESOLVED	UNRESOLVED	NO
SRR24785250	SAMN35536854	N100019246_L01_25.fq.gz	UNRESOLVED	UNRESOLVED	No accession-linked HIV/phenotype field in SRA RunInfo or ENA current read_run report; paper supplement is aggregate ART table.	UNRESOLVED	UNRESOLVED	NO
SRR24785251	SAMN35536853	N100019244_L01_29.fq.gz	UNRESOLVED	UNRESOLVED	No accession-linked HIV/phenotype field in SRA RunInfo or ENA current read_run report; paper supplement is aggregate ART table.	UNRESOLVED	UNRESOLVED	NO
SRR24785252	SAMN35536852	N100019244_L01_25.fq.gz	UNRESOLVED	UNRESOLVED	No accession-linked HIV/phenotype field in SRA RunInfo or ENA current read_run report; paper supplement is aggregate ART table.	UNRESOLVED	UNRESOLVED	NO
SRR24785253	SAMN35536851	N100019243_L01_11.fq.gz	UNRESOLVED	UNRESOLVED	No accession-linked HIV/phenotype field in SRA RunInfo or ENA current read_run report; paper supplement is aggregate ART table.	UNRESOLVED	UNRESOLVED	NO
SRR24785254	SAMN35536311	N100009043_L01_11.fq.gz	UNRESOLVED	UNRESOLVED	No accession-linked HIV/phenotype field in SRA RunInfo or ENA current read_run report; paper supplement is aggregate ART table.	UNRESOLVED	UNRESOLVED	NO
SRR24785255	SAMN35536257	V350011298_L01_7.fq.gz	UNRESOLVED	UNRESOLVED	No accession-linked HIV/phenotype field in SRA RunInfo or ENA current read_run report; paper supplement is aggregate ART table.	UNRESOLVED	UNRESOLVED	NO
SRR24785256	SAMN35536850	N100019243_L01_10.fq.gz	UNRESOLVED	UNRESOLVED	No accession-linked HIV/phenotype field in SRA RunInfo or ENA current read_run report; paper supplement is aggregate ART table.	UNRESOLVED	UNRESOLVED	NO
SRR24785257	SAMN35536849	N100019243_L01_8.fq.gz	UNRESOLVED	UNRESOLVED	No accession-linked HIV/phenotype field in SRA RunInfo or ENA current read_run report; paper supplement is aggregate ART table.	UNRESOLVED	UNRESOLVED	NO
SRR24785258	SAMN35536848	N100019243_L01_6.fq.gz	UNRESOLVED	UNRESOLVED	No accession-linked HIV/phenotype field in SRA RunInfo or ENA current read_run report; paper supplement is aggregate ART table.	UNRESOLVED	UNRESOLVED	NO
SRR24785259	SAMN35536847	N100019243_L01_5.fq.gz	UNRESOLVED	UNRESOLVED	No accession-linked HIV/phenotype field in SRA RunInfo or ENA current read_run report; paper supplement is aggregate ART table.	UNRESOLVED	UNRESOLVED	NO
SRR24785260	SAMN35536846	N100019243_L01_4.fq.gz	UNRESOLVED	UNRESOLVED	No accession-linked HIV/phenotype field in SRA RunInfo or ENA current read_run report; paper supplement is aggregate ART table.	UNRESOLVED	UNRESOLVED	NO
SRR24785261	SAMN35536845	N100019243_L01_2.fq.gz	UNRESOLVED	UNRESOLVED	No accession-linked HIV/phenotype field in SRA RunInfo or ENA current read_run report; paper supplement is aggregate ART table.	UNRESOLVED	UNRESOLVED	NO
SRR24785262	SAMN35536844	N100019232_L01_26.fq.gz	UNRESOLVED	UNRESOLVED	No accession-linked HIV/phenotype field in SRA RunInfo or ENA current read_run report; paper supplement is aggregate ART table.	UNRESOLVED	UNRESOLVED	NO
SRR24785263	SAMN35536843	N100019232_L01_22.fq.gz	UNRESOLVED	UNRESOLVED	No accession-linked HIV/phenotype field in SRA RunInfo or ENA current read_run report; paper supplement is aggregate ART table.	UNRESOLVED	UNRESOLVED	NO
SRR24785264	SAMN35536842	N100019228_L01_31.fq.gz	UNRESOLVED	UNRESOLVED	No accession-linked HIV/phenotype field in SRA RunInfo or ENA current read_run report; paper supplement is aggregate ART table.	UNRESOLVED	UNRESOLVED	NO
SRR24785265	SAMN35536841	N100019228_L01_29.fq.gz	UNRESOLVED	UNRESOLVED	No accession-linked HIV/phenotype field in SRA RunInfo or ENA current read_run report; paper supplement is aggregate ART table.	UNRESOLVED	UNRESOLVED	NO
SRR24785266	SAMN35536310	N100008834_L01_11.fq.gz	UNRESOLVED	UNRESOLVED	No accession-linked HIV/phenotype field in SRA RunInfo or ENA current read_run report; paper supplement is aggregate ART table.	UNRESOLVED	UNRESOLVED	NO
SRR24785267	SAMN35536840	N100019228_L01_25.fq.gz	UNRESOLVED	UNRESOLVED	No accession-linked HIV/phenotype field in SRA RunInfo or ENA current read_run report; paper supplement is aggregate ART table.	UNRESOLVED	UNRESOLVED	NO
SRR24785268	SAMN35536839	N100019228_L01_20.fq.gz	UNRESOLVED	UNRESOLVED	No accession-linked HIV/phenotype field in SRA RunInfo or ENA current read_run report; paper supplement is aggregate ART table.	UNRESOLVED	UNRESOLVED	NO
SRR24785269	SAMN35536838	N100019226_L01_7.fq.gz	UNRESOLVED	UNRESOLVED	No accession-linked HIV/phenotype field in SRA RunInfo or ENA current read_run report; paper supplement is aggregate ART table.	UNRESOLVED	UNRESOLVED	NO
SRR24785270	SAMN35536837	N100019226_L01_32.fq.gz	UNRESOLVED	UNRESOLVED	No accession-linked HIV/phenotype field in SRA RunInfo or ENA current read_run report; paper supplement is aggregate ART table.	UNRESOLVED	UNRESOLVED	NO
SRR24785271	SAMN35536836	N100019226_L01_30.fq.gz	UNRESOLVED	UNRESOLVED	No accession-linked HIV/phenotype field in SRA RunInfo or ENA current read_run report; paper supplement is aggregate ART table.	UNRESOLVED	UNRESOLVED	NO
SRR24785272	SAMN35536835	N100019226_L01_28.fq.gz	UNRESOLVED	UNRESOLVED	No accession-linked HIV/phenotype field in SRA RunInfo or ENA current read_run report; paper supplement is aggregate ART table.	UNRESOLVED	UNRESOLVED	NO
SRR24785273	SAMN35536834	N100019218_L01_6.fq.gz	UNRESOLVED	UNRESOLVED	No accession-linked HIV/phenotype field in SRA RunInfo or ENA current read_run report; paper supplement is aggregate ART table.	UNRESOLVED	UNRESOLVED	NO
SRR24785274	SAMN35536833	N100019218_L01_2.fq.gz	UNRESOLVED	UNRESOLVED	No accession-linked HIV/phenotype field in SRA RunInfo or ENA current read_run report; paper supplement is aggregate ART table.	UNRESOLVED	UNRESOLVED	NO
SRR24785275	SAMN35536832	N100019218_L01_8.fq.gz	UNRESOLVED	UNRESOLVED	No accession-linked HIV/phenotype field in SRA RunInfo or ENA current read_run report; paper supplement is aggregate ART table.	UNRESOLVED	UNRESOLVED	NO
SRR24785276	SAMN35536831	N100019218_L01_4.fq.gz	UNRESOLVED	UNRESOLVED	No accession-linked HIV/phenotype field in SRA RunInfo or ENA current read_run report; paper supplement is aggregate ART table.	UNRESOLVED	UNRESOLVED	NO
SRR24785277	SAMN35536309	V300021338_L02_21.fq.gz	UNRESOLVED	UNRESOLVED	No accession-linked HIV/phenotype field in SRA RunInfo or ENA current read_run report; paper supplement is aggregate ART table.	UNRESOLVED	UNRESOLVED	NO
SRR24785278	SAMN35536830	N100019217_L01_1.fq.gz	UNRESOLVED	UNRESOLVED	No accession-linked HIV/phenotype field in SRA RunInfo or ENA current read_run report; paper supplement is aggregate ART table.	UNRESOLVED	UNRESOLVED	NO
SRR24785279	SAMN35536829	N100019217_L01_4.fq.gz	UNRESOLVED	UNRESOLVED	No accession-linked HIV/phenotype field in SRA RunInfo or ENA current read_run report; paper supplement is aggregate ART table.	UNRESOLVED	UNRESOLVED	NO
SRR24785280	SAMN35536828	N100019217_L01_2.fq.gz	UNRESOLVED	UNRESOLVED	No accession-linked HIV/phenotype field in SRA RunInfo or ENA current read_run report; paper supplement is aggregate ART table.	UNRESOLVED	UNRESOLVED	NO
SRR24785281	SAMN35536827	N100019212_L01_29.fq.gz	UNRESOLVED	UNRESOLVED	No accession-linked HIV/phenotype field in SRA RunInfo or ENA current read_run report; paper supplement is aggregate ART table.	UNRESOLVED	UNRESOLVED	NO
SRR24785282	SAMN35536826	N100019212_L01_25.fq.gz	UNRESOLVED	UNRESOLVED	No accession-linked HIV/phenotype field in SRA RunInfo or ENA current read_run report; paper supplement is aggregate ART table.	UNRESOLVED	UNRESOLVED	NO
SRR24785283	SAMN35536825	N100019207_L01_32.fq.gz	UNRESOLVED	UNRESOLVED	No accession-linked HIV/phenotype field in SRA RunInfo or ENA current read_run report; paper supplement is aggregate ART table.	UNRESOLVED	UNRESOLVED	NO
SRR24785284	SAMN35536824	N100019207_L01_28.fq.gz	UNRESOLVED	UNRESOLVED	No accession-linked HIV/phenotype field in SRA RunInfo or ENA current read_run report; paper supplement is aggregate ART table.	UNRESOLVED	UNRESOLVED	NO
SRR24785285	SAMN35536823	N100019204_L01_31.fq.gz	UNRESOLVED	UNRESOLVED	No accession-linked HIV/phenotype field in SRA RunInfo or ENA current read_run report; paper supplement is aggregate ART table.	UNRESOLVED	UNRESOLVED	NO
SRR24785286	SAMN35536822	N100019204_L01_29.fq.gz	UNRESOLVED	UNRESOLVED	No accession-linked HIV/phenotype field in SRA RunInfo or ENA current read_run report; paper supplement is aggregate ART table.	UNRESOLVED	UNRESOLVED	NO
SRR24785287	SAMN35536821	N100019203_L01_25.fq.gz	UNRESOLVED	UNRESOLVED	No accession-linked HIV/phenotype field in SRA RunInfo or ENA current read_run report; paper supplement is aggregate ART table.	UNRESOLVED	UNRESOLVED	NO
SRR24785288	SAMN35536308	V300074709_L04_11.fq.gz	UNRESOLVED	UNRESOLVED	No accession-linked HIV/phenotype field in SRA RunInfo or ENA current read_run report; paper supplement is aggregate ART table.	UNRESOLVED	UNRESOLVED	NO
SRR24785289	SAMN35536820	N100019203_L01_20.fq.gz	UNRESOLVED	UNRESOLVED	No accession-linked HIV/phenotype field in SRA RunInfo or ENA current read_run report; paper supplement is aggregate ART table.	UNRESOLVED	UNRESOLVED	NO
SRR24785290	SAMN35536819	N100019194_L01_4.fq.gz	UNRESOLVED	UNRESOLVED	No accession-linked HIV/phenotype field in SRA RunInfo or ENA current read_run report; paper supplement is aggregate ART table.	UNRESOLVED	UNRESOLVED	NO
SRR24785291	SAMN35536818	N100019194_L01_2.fq.gz	UNRESOLVED	UNRESOLVED	No accession-linked HIV/phenotype field in SRA RunInfo or ENA current read_run report; paper supplement is aggregate ART table.	UNRESOLVED	UNRESOLVED	NO
SRR24785292	SAMN35536817	N100019194_L01_1.fq.gz	UNRESOLVED	UNRESOLVED	No accession-linked HIV/phenotype field in SRA RunInfo or ENA current read_run report; paper supplement is aggregate ART table.	UNRESOLVED	UNRESOLVED	NO
SRR24785293	SAMN35536816	N100019141_L01_6.fq.gz	UNRESOLVED	UNRESOLVED	No accession-linked HIV/phenotype field in SRA RunInfo or ENA current read_run report; paper supplement is aggregate ART table.	UNRESOLVED	UNRESOLVED	NO
SRR24785294	SAMN35536815	N100019141_L01_5.fq.gz	UNRESOLVED	UNRESOLVED	No accession-linked HIV/phenotype field in SRA RunInfo or ENA current read_run report; paper supplement is aggregate ART table.	UNRESOLVED	UNRESOLVED	NO
SRR24785295	SAMN35536814	N100019141_L01_4.fq.gz	UNRESOLVED	UNRESOLVED	No accession-linked HIV/phenotype field in SRA RunInfo or ENA current read_run report; paper supplement is aggregate ART table.	UNRESOLVED	UNRESOLVED	NO
SRR24785296	SAMN35536813	N100019141_L01_2.fq.gz	UNRESOLVED	UNRESOLVED	No accession-linked HIV/phenotype field in SRA RunInfo or ENA current read_run report; paper supplement is aggregate ART table.	UNRESOLVED	UNRESOLVED	NO
SRR24785297	SAMN35536812	N100019136_L01_30.fq.gz	UNRESOLVED	UNRESOLVED	No accession-linked HIV/phenotype field in SRA RunInfo or ENA current read_run report; paper supplement is aggregate ART table.	UNRESOLVED	UNRESOLVED	NO
SRR24785298	SAMN35536811	N100019121_L01_31.fq.gz	UNRESOLVED	UNRESOLVED	No accession-linked HIV/phenotype field in SRA RunInfo or ENA current read_run report; paper supplement is aggregate ART table.	UNRESOLVED	UNRESOLVED	NO
SRR24785299	SAMN35536307	P100003464_L02_16.fq.gz	UNRESOLVED	UNRESOLVED	No accession-linked HIV/phenotype field in SRA RunInfo or ENA current read_run report; paper supplement is aggregate ART table.	UNRESOLVED	UNRESOLVED	NO
SRR24785300	SAMN35536810	N100019121_L01_29.fq.gz	UNRESOLVED	UNRESOLVED	No accession-linked HIV/phenotype field in SRA RunInfo or ENA current read_run report; paper supplement is aggregate ART table.	UNRESOLVED	UNRESOLVED	NO
SRR24785301	SAMN35536809	N100019121_L01_25.fq.gz	UNRESOLVED	UNRESOLVED	No accession-linked HIV/phenotype field in SRA RunInfo or ENA current read_run report; paper supplement is aggregate ART table.	UNRESOLVED	UNRESOLVED	NO
SRR24785302	SAMN35536808	N100019121_L01_20.fq.gz	UNRESOLVED	UNRESOLVED	No accession-linked HIV/phenotype field in SRA RunInfo or ENA current read_run report; paper supplement is aggregate ART table.	UNRESOLVED	UNRESOLVED	NO
SRR24785303	SAMN35536807	N100019121_L01_16.fq.gz	UNRESOLVED	UNRESOLVED	No accession-linked HIV/phenotype field in SRA RunInfo or ENA current read_run report; paper supplement is aggregate ART table.	UNRESOLVED	UNRESOLVED	NO
SRR24785304	SAMN35536936	N100019786_L01_32.fq.gz	UNRESOLVED	UNRESOLVED	No accession-linked HIV/phenotype field in SRA RunInfo or ENA current read_run report; paper supplement is aggregate ART table.	UNRESOLVED	UNRESOLVED	NO
SRR24785305	SAMN35536935	N100019785_L01_6.fq.gz	UNRESOLVED	UNRESOLVED	No accession-linked HIV/phenotype field in SRA RunInfo or ENA current read_run report; paper supplement is aggregate ART table.	UNRESOLVED	UNRESOLVED	NO
SRR24785306	SAMN35536934	N100019785_L01_5.fq.gz	UNRESOLVED	UNRESOLVED	No accession-linked HIV/phenotype field in SRA RunInfo or ENA current read_run report; paper supplement is aggregate ART table.	UNRESOLVED	UNRESOLVED	NO
SRR24785307	SAMN35536933	N100019785_L01_4.fq.gz	UNRESOLVED	UNRESOLVED	No accession-linked HIV/phenotype field in SRA RunInfo or ENA current read_run report; paper supplement is aggregate ART table.	UNRESOLVED	UNRESOLVED	NO
SRR24785308	SAMN35536932	N100019785_L01_2.fq.gz	UNRESOLVED	UNRESOLVED	No accession-linked HIV/phenotype field in SRA RunInfo or ENA current read_run report; paper supplement is aggregate ART table.	UNRESOLVED	UNRESOLVED	NO
SRR24785309	SAMN35536931	N100019781_L01_8.fq.gz	UNRESOLVED	UNRESOLVED	No accession-linked HIV/phenotype field in SRA RunInfo or ENA current read_run report; paper supplement is aggregate ART table.	UNRESOLVED	UNRESOLVED	NO
SRR24785310	SAMN35536319	P100002561_L03_21.fq.gz	UNRESOLVED	UNRESOLVED	No accession-linked HIV/phenotype field in SRA RunInfo or ENA current read_run report; paper supplement is aggregate ART table.	UNRESOLVED	UNRESOLVED	NO
SRR24785311	SAMN35536930	N100019781_L01_6.fq.gz	UNRESOLVED	UNRESOLVED	No accession-linked HIV/phenotype field in SRA RunInfo or ENA current read_run report; paper supplement is aggregate ART table.	UNRESOLVED	UNRESOLVED	NO
SRR24785312	SAMN35536929	N100019781_L01_5.fq.gz	UNRESOLVED	UNRESOLVED	No accession-linked HIV/phenotype field in SRA RunInfo or ENA current read_run report; paper supplement is aggregate ART table.	UNRESOLVED	UNRESOLVED	NO
SRR24785313	SAMN35536928	N100019781_L01_4.fq.gz	UNRESOLVED	UNRESOLVED	No accession-linked HIV/phenotype field in SRA RunInfo or ENA current read_run report; paper supplement is aggregate ART table.	UNRESOLVED	UNRESOLVED	NO
SRR24785314	SAMN35536927	N100019779_L01_7.fq.gz	UNRESOLVED	UNRESOLVED	No accession-linked HIV/phenotype field in SRA RunInfo or ENA current read_run report; paper supplement is aggregate ART table.	UNRESOLVED	UNRESOLVED	NO
SRR24785315	SAMN35536926	N100019779_L01_32.fq.gz	UNRESOLVED	UNRESOLVED	No accession-linked HIV/phenotype field in SRA RunInfo or ENA current read_run report; paper supplement is aggregate ART table.	UNRESOLVED	UNRESOLVED	NO
SRR24785316	SAMN35536925	N100019779_L01_30.fq.gz	UNRESOLVED	UNRESOLVED	No accession-linked HIV/phenotype field in SRA RunInfo or ENA current read_run report; paper supplement is aggregate ART table.	UNRESOLVED	UNRESOLVED	NO
SRR24785317	SAMN35536924	N100019779_L01_28.fq.gz	UNRESOLVED	UNRESOLVED	No accession-linked HIV/phenotype field in SRA RunInfo or ENA current read_run report; paper supplement is aggregate ART table.	UNRESOLVED	UNRESOLVED	NO
SRR24785318	SAMN35536923	N100019779_L01_26.fq.gz	UNRESOLVED	UNRESOLVED	No accession-linked HIV/phenotype field in SRA RunInfo or ENA current read_run report; paper supplement is aggregate ART table.	UNRESOLVED	UNRESOLVED	NO
SRR24785319	SAMN35536922	N100019779_L01_22.fq.gz	UNRESOLVED	UNRESOLVED	No accession-linked HIV/phenotype field in SRA RunInfo or ENA current read_run report; paper supplement is aggregate ART table.	UNRESOLVED	UNRESOLVED	NO
SRR24785320	SAMN35536921	N100019779_L01_18.fq.gz	UNRESOLVED	UNRESOLVED	No accession-linked HIV/phenotype field in SRA RunInfo or ENA current read_run report; paper supplement is aggregate ART table.	UNRESOLVED	UNRESOLVED	NO
SRR24785321	SAMN35536318	P100002561_L01_7.fq.gz	UNRESOLVED	UNRESOLVED	No accession-linked HIV/phenotype field in SRA RunInfo or ENA current read_run report; paper supplement is aggregate ART table.	UNRESOLVED	UNRESOLVED	NO
SRR24785322	SAMN35536920	N100019534_L01_26.fq.gz	UNRESOLVED	UNRESOLVED	No accession-linked HIV/phenotype field in SRA RunInfo or ENA current read_run report; paper supplement is aggregate ART table.	UNRESOLVED	UNRESOLVED	NO
SRR24785323	SAMN35536919	N100019477_L01_7.fq.gz	UNRESOLVED	UNRESOLVED	No accession-linked HIV/phenotype field in SRA RunInfo or ENA current read_run report; paper supplement is aggregate ART table.	UNRESOLVED	UNRESOLVED	NO
SRR24785324	SAMN35536918	N100019477_L01_32.fq.gz	UNRESOLVED	UNRESOLVED	No accession-linked HIV/phenotype field in SRA RunInfo or ENA current read_run report; paper supplement is aggregate ART table.	UNRESOLVED	UNRESOLVED	NO
SRR24785325	SAMN35536917	N100019477_L01_30.fq.gz	UNRESOLVED	UNRESOLVED	No accession-linked HIV/phenotype field in SRA RunInfo or ENA current read_run report; paper supplement is aggregate ART table.	UNRESOLVED	UNRESOLVED	NO
SRR24785326	SAMN35536916	N100019477_L01_28.fq.gz	UNRESOLVED	UNRESOLVED	No accession-linked HIV/phenotype field in SRA RunInfo or ENA current read_run report; paper supplement is aggregate ART table.	UNRESOLVED	UNRESOLVED	NO
SRR24785327	SAMN35536915	N100019477_L01_26.fq.gz	UNRESOLVED	UNRESOLVED	No accession-linked HIV/phenotype field in SRA RunInfo or ENA current read_run report; paper supplement is aggregate ART table.	UNRESOLVED	UNRESOLVED	NO
SRR24785328	SAMN35536914	N100019477_L01_22.fq.gz	UNRESOLVED	UNRESOLVED	No accession-linked HIV/phenotype field in SRA RunInfo or ENA current read_run report; paper supplement is aggregate ART table.	UNRESOLVED	UNRESOLVED	NO
SRR24785329	SAMN35536913	N100019477_L01_18.fq.gz	UNRESOLVED	UNRESOLVED	No accession-linked HIV/phenotype field in SRA RunInfo or ENA current read_run report; paper supplement is aggregate ART table.	UNRESOLVED	UNRESOLVED	NO
SRR24785330	SAMN35536912	N100019477_L01_11.fq.gz	UNRESOLVED	UNRESOLVED	No accession-linked HIV/phenotype field in SRA RunInfo or ENA current read_run report; paper supplement is aggregate ART table.	UNRESOLVED	UNRESOLVED	NO
SRR24785331	SAMN35536911	N100019463_L01_5.fq.gz	UNRESOLVED	UNRESOLVED	No accession-linked HIV/phenotype field in SRA RunInfo or ENA current read_run report; paper supplement is aggregate ART table.	UNRESOLVED	UNRESOLVED	NO
SRR24785332	SAMN35536317	P100002561_L04_21.fq.gz	UNRESOLVED	UNRESOLVED	No accession-linked HIV/phenotype field in SRA RunInfo or ENA current read_run report; paper supplement is aggregate ART table.	UNRESOLVED	UNRESOLVED	NO
SRR24785333	SAMN35536910	N100019462_L01_6.fq.gz	UNRESOLVED	UNRESOLVED	No accession-linked HIV/phenotype field in SRA RunInfo or ENA current read_run report; paper supplement is aggregate ART table.	UNRESOLVED	UNRESOLVED	NO
SRR24785334	SAMN35536909	N100019462_L01_11.fq.gz	UNRESOLVED	UNRESOLVED	No accession-linked HIV/phenotype field in SRA RunInfo or ENA current read_run report; paper supplement is aggregate ART table.	UNRESOLVED	UNRESOLVED	NO
SRR24785335	SAMN35536908	N100019462_L01_10.fq.gz	UNRESOLVED	UNRESOLVED	No accession-linked HIV/phenotype field in SRA RunInfo or ENA current read_run report; paper supplement is aggregate ART table.	UNRESOLVED	UNRESOLVED	NO
SRR24785336	SAMN35536907	N100019462_L01_8.fq.gz	UNRESOLVED	UNRESOLVED	No accession-linked HIV/phenotype field in SRA RunInfo or ENA current read_run report; paper supplement is aggregate ART table.	UNRESOLVED	UNRESOLVED	NO
SRR24785337	SAMN35536906	N100019462_L01_5.fq.gz	UNRESOLVED	UNRESOLVED	No accession-linked HIV/phenotype field in SRA RunInfo or ENA current read_run report; paper supplement is aggregate ART table.	UNRESOLVED	UNRESOLVED	NO
SRR24785338	SAMN35536905	N100019451_L01_15.fq.gz	UNRESOLVED	UNRESOLVED	No accession-linked HIV/phenotype field in SRA RunInfo or ENA current read_run report; paper supplement is aggregate ART table.	UNRESOLVED	UNRESOLVED	NO
SRR24785339	SAMN35536904	N100019451_L01_7.fq.gz	UNRESOLVED	UNRESOLVED	No accession-linked HIV/phenotype field in SRA RunInfo or ENA current read_run report; paper supplement is aggregate ART table.	UNRESOLVED	UNRESOLVED	NO
SRR24785340	SAMN35536450	2234042380402_C1T.unhost.fq.gz	UNRESOLVED	UNRESOLVED	No accession-linked HIV/phenotype field in SRA RunInfo or ENA current read_run report; paper supplement is aggregate ART table.	UNRESOLVED	UNRESOLVED	NO
SRR24785341	SAMN35536449	2234042380396_C1T.unhost.fq.gz	UNRESOLVED	UNRESOLVED	No accession-linked HIV/phenotype field in SRA RunInfo or ENA current read_run report; paper supplement is aggregate ART table.	UNRESOLVED	UNRESOLVED	NO
SRR24785342	SAMN35536448	2234042380372_C1T.unhost.fq.gz	UNRESOLVED	UNRESOLVED	No accession-linked HIV/phenotype field in SRA RunInfo or ENA current read_run report; paper supplement is aggregate ART table.	UNRESOLVED	UNRESOLVED	NO
SRR24785343	SAMN35536447	2234042380365_C1T.unhost.fq.gz	UNRESOLVED	UNRESOLVED	No accession-linked HIV/phenotype field in SRA RunInfo or ENA current read_run report; paper supplement is aggregate ART table.	UNRESOLVED	UNRESOLVED	NO
SRR24785344	SAMN35536446	2234042380358_C1T.unhost.fq.gz	UNRESOLVED	UNRESOLVED	No accession-linked HIV/phenotype field in SRA RunInfo or ENA current read_run report; paper supplement is aggregate ART table.	UNRESOLVED	UNRESOLVED	NO
SRR24785345	SAMN35536445	2234042380341_C1T.unhost.fq.gz	UNRESOLVED	UNRESOLVED	No accession-linked HIV/phenotype field in SRA RunInfo or ENA current read_run report; paper supplement is aggregate ART table.	UNRESOLVED	UNRESOLVED	NO
SRR24785346	SAMN35536444	2234042380334_C1T.unhost.fq.gz	UNRESOLVED	UNRESOLVED	No accession-linked HIV/phenotype field in SRA RunInfo or ENA current read_run report; paper supplement is aggregate ART table.	UNRESOLVED	UNRESOLVED	NO
SRR24785347	SAMN35536443	2234042380297_C1T.unhost.fq.gz	UNRESOLVED	UNRESOLVED	No accession-linked HIV/phenotype field in SRA RunInfo or ENA current read_run report; paper supplement is aggregate ART table.	UNRESOLVED	UNRESOLVED	NO
SRR24785348	SAMN35536442	2234042380280_C1T.unhost.fq.gz	UNRESOLVED	UNRESOLVED	No accession-linked HIV/phenotype field in SRA RunInfo or ENA current read_run report; paper supplement is aggregate ART table.	UNRESOLVED	UNRESOLVED	NO
SRR24785349	SAMN35536441	2234042380273_C1T.unhost.fq.gz	UNRESOLVED	UNRESOLVED	No accession-linked HIV/phenotype field in SRA RunInfo or ENA current read_run report; paper supplement is aggregate ART table.	UNRESOLVED	UNRESOLVED	NO
SRR24785350	SAMN35536270	V350014993_L01_10.fq.gz	UNRESOLVED	UNRESOLVED	No accession-linked HIV/phenotype field in SRA RunInfo or ENA current read_run report; paper supplement is aggregate ART table.	UNRESOLVED	UNRESOLVED	NO
SRR24785351	SAMN35536440	2234042380266_C1T.unhost.fq.gz	UNRESOLVED	UNRESOLVED	No accession-linked HIV/phenotype field in SRA RunInfo or ENA current read_run report; paper supplement is aggregate ART table.	UNRESOLVED	UNRESOLVED	NO
SRR24785352	SAMN35536439	2234042380259_C1T.unhost.fq.gz	UNRESOLVED	UNRESOLVED	No accession-linked HIV/phenotype field in SRA RunInfo or ENA current read_run report; paper supplement is aggregate ART table.	UNRESOLVED	UNRESOLVED	NO
SRR24785353	SAMN35536438	2234042380235_C1T.unhost.fq.gz	UNRESOLVED	UNRESOLVED	No accession-linked HIV/phenotype field in SRA RunInfo or ENA current read_run report; paper supplement is aggregate ART table.	UNRESOLVED	UNRESOLVED	NO
SRR24785354	SAMN35536437	2234042380228_C1T.unhost.fq.gz	UNRESOLVED	UNRESOLVED	No accession-linked HIV/phenotype field in SRA RunInfo or ENA current read_run report; paper supplement is aggregate ART table.	UNRESOLVED	UNRESOLVED	NO
SRR24785355	SAMN35536436	2234042380211_C1T.unhost.fq.gz	UNRESOLVED	UNRESOLVED	No accession-linked HIV/phenotype field in SRA RunInfo or ENA current read_run report; paper supplement is aggregate ART table.	UNRESOLVED	UNRESOLVED	NO
SRR24785356	SAMN35536435	2234042380204_C1T.unhost.fq.gz	UNRESOLVED	UNRESOLVED	No accession-linked HIV/phenotype field in SRA RunInfo or ENA current read_run report; paper supplement is aggregate ART table.	UNRESOLVED	UNRESOLVED	NO
SRR24785357	SAMN35536434	2234042380198_C1T.unhost.fq.gz	UNRESOLVED	UNRESOLVED	No accession-linked HIV/phenotype field in SRA RunInfo or ENA current read_run report; paper supplement is aggregate ART table.	UNRESOLVED	UNRESOLVED	NO
SRR24785358	SAMN35536433	2234042380181_C1T.unhost.fq.gz	UNRESOLVED	UNRESOLVED	No accession-linked HIV/phenotype field in SRA RunInfo or ENA current read_run report; paper supplement is aggregate ART table.	UNRESOLVED	UNRESOLVED	NO
SRR24785359	SAMN35536432	2234042380150_C1T.unhost.fq.gz	UNRESOLVED	UNRESOLVED	No accession-linked HIV/phenotype field in SRA RunInfo or ENA current read_run report; paper supplement is aggregate ART table.	UNRESOLVED	UNRESOLVED	NO
SRR24785360	SAMN35536431	2234042380136_C1T.unhost.fq.gz	UNRESOLVED	UNRESOLVED	No accession-linked HIV/phenotype field in SRA RunInfo or ENA current read_run report; paper supplement is aggregate ART table.	UNRESOLVED	UNRESOLVED	NO
SRR24785361	SAMN35536269	V350014993_L04_10.fq.gz	UNRESOLVED	UNRESOLVED	No accession-linked HIV/phenotype field in SRA RunInfo or ENA current read_run report; paper supplement is aggregate ART table.	UNRESOLVED	UNRESOLVED	NO
