diagnosis	species	context	group_detected	group_total	group_detect_rate	rest_detected	rest_total	rest_detect_rate	detect_rate_delta	group_median_fraction	rest_median_fraction	median_fraction_delta	fisher_p	bh_fdr	priority_score
Bacterial infection	Pseudomonas aeruginosa	wetlab_priority_pathogen	23	114	0.20175	7	286	0.02448	0.17728	0.00000000	0.00000000	0.00000000	1.62397e-08	2.48792e-05	3.77280
Bacterial infection	Haemophilus influenzae	wetlab_priority_pathogen	18	114	0.15789	17	286	0.05944	0.09845	0.00000000	0.00000000	0.00000000	0.00288732	0.260199	2.98450
Bacterial infection	Candida albicans	wetlab_priority_pathogen	1	114	0.00877	19	286	0.06643	-0.05766	0.00000000	0.00000000	0.00000000	0.0192549	0.983283	1.42340
Bacterial infection	Stenotrophomonas maltophilia	wetlab_priority_pathogen	9	114	0.07895	10	286	0.03497	0.04398	0.00000000	0.00000000	0.00000000	0.0712919	1	2.43980
Bacterial infection	Staphylococcus aureus	wetlab_priority_pathogen	7	114	0.06140	5	286	0.01748	0.04392	0.00000000	0.00000000	0.00000000	0.0440635	1	2.43920
Bacterial infection	Streptococcus pneumoniae	wetlab_priority_pathogen	20	114	0.17544	40	286	0.13986	0.03558	0.00000000	0.00000000	0.00000000	0.357327	1	2.35580
Bacterial infection	Klebsiella pneumoniae	wetlab_priority_pathogen	5	114	0.04386	7	286	0.02448	0.01938	0.00000000	0.00000000	0.00000000	0.334729	1	2.19380
Bacterial infection	Acinetobacter baumannii	wetlab_priority_pathogen	4	114	0.03509	9	286	0.03147	0.00362	0.00000000	0.00000000	0.00000000	1	1	2.03620
Bacterial infection	Cryptococcus neoformans	wetlab_priority_pathogen	0	114	0.00000	8	286	0.02797	-0.02797	0.00000000	0.00000000	0.00000000	0.111774	1	1.72030
Bacterial infection	Mycobacterium tuberculosis	wetlab_priority_pathogen	0	114	0.00000	9	286	0.03147	-0.03147	0.00000000	0.00000000	0.00000000	0.0654721	1	1.68530
Bacterial infection	Aspergillus fumigatus	wetlab_priority_pathogen	0	114	0.00000	11	286	0.03846	-0.03846	0.00000000	0.00000000	0.00000000	0.0385193	1	1.61540
Bacterial infection	Porphyromonas gingivalis	other_taxon	27	114	0.23684	22	286	0.07692	0.15992	0.00000000	0.00000000	0.00000000	3.17089e-05	0.0121445	1.59920
Bacterial infection	Campylobacter rectus	other_taxon	25	114	0.21930	19	286	0.06643	0.15286	0.00000000	0.00000000	0.00000000	3.01941e-05	0.0121445	1.52860
Bacterial infection	Porphyromonas endodontalis	other_taxon	29	114	0.25439	27	286	0.09441	0.15998	0.00000000	0.00000000	0.00000000	8.96234e-05	0.0274606	1.59980
Bacterial infection	Parvimonas micra	other_taxon	27	114	0.23684	26	286	0.09091	0.14593	0.00000000	0.00000000	0.00000000	0.000247232	0.047345	1.45930
Bacterial infection	Fusobacterium nucleatum	oral_respiratory_commensal_context	27	114	0.23684	27	286	0.09441	0.14244	0.00000000	0.00000000	0.00000000	0.000318358	0.0541916	1.42440
Bacterial infection	Pyramidobacter piscolens	other_taxon	6	114	0.05263	0	286	0.00000	0.05263	0.00000000	0.00000000	0.00000000	0.000486793	0.0745768	0.52630
Bacterial infection	Tannerella forsythia	other_taxon	21	114	0.18421	18	286	0.06294	0.12127	0.00000000	0.00000000	0.00000000	0.000563537	0.0784854	1.21270
Bacterial infection	Filifactor alocis	other_taxon	14	114	0.12281	10	286	0.03497	0.08784	0.00000000	0.00000000	0.00000000	0.00179507	0.183336	0.87840
Bacterial infection	Treponema denticola	other_taxon	19	114	0.16667	18	286	0.06294	0.10373	0.00000000	0.00000000	0.00000000	0.00205724	0.196981	1.03730
Bacterial infection	Treponema vincentii	other_taxon	13	114	0.11404	10	286	0.03497	0.07907	0.00000000	0.00000000	0.00000000	0.00380976	0.324253	0.79070
Bacterial infection	Bacteroides zoogleoformans	other_taxon	9	114	0.07895	5	286	0.01748	0.06146	0.00000000	0.00000000	0.00000000	0.00494987	0.329704	0.61460
Bacterial infection	Fusobacterium periodonticum	other_taxon	9	114	0.07895	5	286	0.01748	0.06146	0.00000000	0.00000000	0.00000000	0.00494987	0.329704	0.61460
Bacterial infection	Bacteroides heparinolyticus	other_taxon	14	114	0.12281	12	286	0.04196	0.08085	0.00000000	0.00000000	0.00000000	0.00581848	0.371413	0.80850
Bacterial infection	Prevotella intermedia	oral_respiratory_commensal_context	27	114	0.23684	42	286	0.14685	0.08999	0.00000000	0.00000000	0.00000000	0.0397183	1	0.89990
Bacterial infection	Prevotella nigrescens	other_taxon	23	114	0.20175	37	286	0.12937	0.07238	0.00000000	0.00000000	0.00000000	0.0870474	1	0.72380
Bacterial infection	Campylobacter showae	other_taxon	12	114	0.10526	14	286	0.04895	0.05631	0.00000000	0.00000000	0.00000000	0.0452686	1	0.56310
Bacterial infection	Treponema medium	other_taxon	9	114	0.07895	8	286	0.02797	0.05098	0.00000000	0.00000000	0.00000000	0.0293332	1	0.50980
Bacterial infection	Prevotella denticola	other_taxon	14	114	0.12281	21	286	0.07343	0.04938	0.00000000	0.00000000	0.00000000	0.120387	1	0.49380
Bacterial infection	Prevotella veroralis	other_taxon	17	114	0.14912	29	286	0.10140	0.04772	0.00000000	0.00000000	0.00000000	0.223334	1	0.47720
Bacterial infection	Streptococcus sp. oral taxon 061	other_taxon	13	114	0.11404	19	286	0.06643	0.04760	0.00000000	0.00000000	0.00000000	0.151094	1	0.47600
Bacterial infection	Streptococcus anginosus	other_taxon	9	114	0.07895	9	286	0.03147	0.04748	0.00000000	0.00000000	0.00000000	0.0578354	1	0.47480
Bacterial infection	Streptococcus oralis	oral_respiratory_commensal_context	22	114	0.19298	43	286	0.15035	0.04263	0.00000000	0.00000000	0.00000000	0.29697	1	0.42630
Bacterial infection	Haemophilus haemolyticus	other_taxon	10	114	0.08772	13	286	0.04545	0.04226	0.00000000	0.00000000	0.00000000	0.150474	1	0.42260
Bacterial infection	Mogibacterium pumilum	other_taxon	8	114	0.07018	8	286	0.02797	0.04220	0.00000000	0.00000000	0.00000000	0.0847689	1	0.42200
Bacterial infection	Leptotrichia sp. oral taxon 212	other_taxon	9	114	0.07895	11	286	0.03846	0.04049	0.00000000	0.00000000	0.00000000	0.124702	1	0.40490
Bacterial infection	Porphyromonas sp. oral taxon 275	other_taxon	9	114	0.07895	11	286	0.03846	0.04049	0.00000000	0.00000000	0.00000000	0.124702	1	0.40490
Bacterial infection	Treponema socranskii	other_taxon	7	114	0.06140	6	286	0.02098	0.04042	0.00000000	0.00000000	0.00000000	0.0572115	1	0.40420
Bacterial infection	Fusobacterium pseudoperiodonticum	other_taxon	16	114	0.14035	29	286	0.10140	0.03895	0.00000000	0.00000000	0.00000000	0.293667	1	0.38950
Bacterial infection	Prevotella enoeca	other_taxon	8	114	0.07018	9	286	0.03147	0.03871	0.00000000	0.00000000	0.00000000	0.100118	1	0.38710
Bacterial infection	Dialister pneumosintes	other_taxon	6	114	0.05263	4	286	0.01399	0.03865	0.00000000	0.00000000	0.00000000	0.0353156	1	0.38650
Bacterial infection	Streptococcus constellatus	other_taxon	6	114	0.05263	4	286	0.01399	0.03865	0.00000000	0.00000000	0.00000000	0.0353156	1	0.38650
Bacterial infection	Campylobacter concisus	other_taxon	17	114	0.14912	33	286	0.11538	0.03374	0.00000000	0.00000000	0.00000000	0.402559	1	0.33740
Bacterial infection	Rothia aeria	other_taxon	13	114	0.11404	23	286	0.08042	0.03362	0.00000000	0.00000000	0.00000000	0.33315	1	0.33620
Bacterial infection	Streptococcus sp. Marseille-Q3533	other_taxon	13	114	0.11404	23	286	0.08042	0.03362	0.00000000	0.00000000	0.00000000	0.33315	1	0.33620
Bacterial infection	Neisseria subflava	other_taxon	11	114	0.09649	18	286	0.06294	0.03355	0.00000000	0.00000000	0.00000000	0.285227	1	0.33550
Bacterial infection	Neisseria flavescens	other_taxon	9	114	0.07895	13	286	0.04545	0.03349	0.00000000	0.00000000	0.00000000	0.223633	1	0.33490
Bacterial infection	Capnocytophaga gingivalis	other_taxon	14	114	0.12281	26	286	0.09091	0.03190	0.00000000	0.00000000	0.00000000	0.357879	1	0.31900
Bacterial infection	Capnocytophaga leadbetteri	other_taxon	12	114	0.10526	21	286	0.07343	0.03184	0.00000000	0.00000000	0.00000000	0.316353	1	0.31840
Bacterial infection	Capnocytophaga sp. FDAARGOS_737	other_taxon	12	114	0.10526	21	286	0.07343	0.03184	0.00000000	0.00000000	0.00000000	0.316353	1	0.31840
Bacterial infection	Prevotella scopos	other_taxon	10	114	0.08772	16	286	0.05594	0.03178	0.00000000	0.00000000	0.00000000	0.263899	1	0.31780
Bacterial infection	Streptococcus ilei	other_taxon	10	114	0.08772	16	286	0.05594	0.03178	0.00000000	0.00000000	0.00000000	0.263899	1	0.31780
Bacterial infection	Haemophilus parahaemolyticus	other_taxon	8	114	0.07018	11	286	0.03846	0.03171	0.00000000	0.00000000	0.00000000	0.196135	1	0.31710
Bacterial infection	Human alphaherpesvirus 1	other_taxon	4	114	0.03509	1	286	0.00350	0.03159	0.00000000	0.00000000	0.00000000	0.024697	1	0.31590
Bacterial infection	Treponema parvum	other_taxon	4	114	0.03509	1	286	0.00350	0.03159	0.00000000	0.00000000	0.00000000	0.024697	1	0.31590
Bacterial infection	Streptococcus sanguinis	other_taxon	15	114	0.13158	29	286	0.10140	0.03018	0.00000000	0.00000000	0.00000000	0.38082	1	0.30180
Bacterial infection	Neisseria sicca	other_taxon	13	114	0.11404	24	286	0.08392	0.03012	0.00000000	0.00000000	0.00000000	0.344695	1	0.30120
Bacterial infection	Prevotella histicola	other_taxon	13	114	0.11404	24	286	0.08392	0.03012	0.00000000	0.00000000	0.00000000	0.344695	1	0.30120
Bacterial infection	Metamycoplasma salivarium	other_taxon	7	114	0.06140	9	286	0.03147	0.02993	0.00000000	0.00000000	0.00000000	0.169164	1	0.29930
Bacterial infection	Prevotella fusca	other_taxon	7	114	0.06140	9	286	0.03147	0.02993	0.00000000	0.00000000	0.00000000	0.169164	1	0.29930
Bacterial infection	Granulicatella adiacens	other_taxon	16	114	0.14035	32	286	0.11189	0.02846	0.00000000	0.00000000	0.00000000	0.495374	1	0.28460
Bacterial infection	Streptococcus sp. Marseille-Q6470	other_taxon	12	114	0.10526	22	286	0.07692	0.02834	0.00000000	0.00000000	0.00000000	0.426661	1	0.28340
Bacterial infection	Streptococcus toyakuensis	other_taxon	12	114	0.10526	22	286	0.07692	0.02834	0.00000000	0.00000000	0.00000000	0.426661	1	0.28340
Bacterial infection	Streptococcus cristatus	other_taxon	10	114	0.08772	17	286	0.05944	0.02828	0.00000000	0.00000000	0.00000000	0.376553	1	0.28280
Bacterial infection	Prevotella multiformis	other_taxon	6	114	0.05263	7	286	0.02448	0.02816	0.00000000	0.00000000	0.00000000	0.207872	1	0.28160
Bacterial infection	Gemella sanguinis	other_taxon	15	114	0.13158	30	286	0.10490	0.02668	0.00000000	0.00000000	0.00000000	0.484016	1	0.26680
Bacterial infection	Lautropia mirabilis	other_taxon	11	114	0.09649	20	286	0.06993	0.02656	0.00000000	0.00000000	0.00000000	0.408289	1	0.26560
Bacterial infection	Streptococcus rubneri	other_taxon	7	114	0.06140	10	286	0.03497	0.02644	0.00000000	0.00000000	0.00000000	0.273036	1	0.26440
Bacterial infection	Acinetobacter guillouiae	other_taxon	5	114	0.04386	5	286	0.01748	0.02638	0.00000000	0.00000000	0.00000000	0.15628	1	0.26380
Bacterial infection	Aggregatibacter aphrophilus	other_taxon	5	114	0.04386	5	286	0.01748	0.02638	0.00000000	0.00000000	0.00000000	0.15628	1	0.26380
Bacterial infection	Corynebacterium macginleyi	other_taxon	5	114	0.04386	5	286	0.01748	0.02638	0.00000000	0.00000000	0.00000000	0.15628	1	0.26380
Bacterial infection	Schaalia cardiffensis	other_taxon	5	114	0.04386	5	286	0.01748	0.02638	0.00000000	0.00000000	0.00000000	0.15628	1	0.26380
Bacterial infection	Streptococcus sp. 1643	other_taxon	5	114	0.04386	5	286	0.01748	0.02638	0.00000000	0.00000000	0.00000000	0.15628	1	0.26380
Bacterial infection	Bradyrhizobium sp. BTAi1	other_taxon	3	114	0.02632	0	286	0.00000	0.02632	0.00000000	0.00000000	0.00000000	0.0227136	1	0.26320
Bacterial infection	Helianthus annuus	other_taxon	3	114	0.02632	0	286	0.00000	0.02632	0.00000000	0.00000000	0.00000000	0.0227136	1	0.26320
Bacterial infection	Veillonella rogosae	other_taxon	14	114	0.12281	28	286	0.09790	0.02490	0.00000000	0.00000000	0.00000000	0.472793	1	0.24900
Bacterial infection	Streptococcus infantis	other_taxon	12	114	0.10526	23	286	0.08042	0.02484	0.00000000	0.00000000	0.00000000	0.436507	1	0.24840
Bacterial infection	Candidatus Nanosynbacter sp. HMT-352	other_taxon	10	114	0.08772	18	286	0.06294	0.02478	0.00000000	0.00000000	0.00000000	0.389572	1	0.24780
Bacterial infection	Streptococcus sp. 116-D4	other_taxon	10	114	0.08772	18	286	0.06294	0.02478	0.00000000	0.00000000	0.00000000	0.389572	1	0.24780
Bacterial infection	Xanthomonas campestris	other_taxon	8	114	0.07018	13	286	0.04545	0.02472	0.00000000	0.00000000	0.00000000	0.32627	1	0.24720
Bacterial infection	Lachnoanaerobaculum umeaense	other_taxon	6	114	0.05263	8	286	0.02797	0.02466	0.00000000	0.00000000	0.00000000	0.236254	1	0.24660
Bacterial infection	Neisseria meningitidis	other_taxon	6	114	0.05263	8	286	0.02797	0.02466	0.00000000	0.00000000	0.00000000	0.236254	1	0.24660
Bacterial infection	Neisseria sp. oral taxon 014	other_taxon	6	114	0.05263	8	286	0.02797	0.02466	0.00000000	0.00000000	0.00000000	0.236254	1	0.24660
Bacterial infection	Cupriavidus metallidurans	other_taxon	4	114	0.03509	3	286	0.01049	0.02460	0.00000000	0.00000000	0.00000000	0.105498	1	0.24600
Bacterial infection	Prevotella copri	other_taxon	4	114	0.03509	3	286	0.01049	0.02460	0.00000000	0.00000000	0.00000000	0.105498	1	0.24600
Bacterial infection	Sphingobium sp. YG1	other_taxon	4	114	0.03509	3	286	0.01049	0.02460	0.00000000	0.00000000	0.00000000	0.105498	1	0.24600
Bacterial infection	Prevotella oris	other_taxon	13	114	0.11404	26	286	0.09091	0.02313	0.00000000	0.00000000	0.00000000	0.461849	1	0.23130
Bacterial infection	Mogibacterium diversum	other_taxon	11	114	0.09649	21	286	0.07343	0.02306	0.00000000	0.00000000	0.00000000	0.422404	1	0.23060
Bacterial infection	Lancefieldella parvula	other_taxon	7	114	0.06140	11	286	0.03846	0.02294	0.00000000	0.00000000	0.00000000	0.422006	1	0.22940
Bacterial infection	Dolosigranulum pigrum	other_taxon	5	114	0.04386	6	286	0.02098	0.02288	0.00000000	0.00000000	0.00000000	0.30639	1	0.22880
Bacterial infection	Sphingomonas melonis	other_taxon	5	114	0.04386	6	286	0.02098	0.02288	0.00000000	0.00000000	0.00000000	0.30639	1	0.22880
Bacterial infection	Bacteroides uniformis	other_taxon	3	114	0.02632	1	286	0.00350	0.02282	0.00000000	0.00000000	0.00000000	0.0718023	1	0.22820
Bacterial infection	Burkholderia cenocepacia	other_taxon	3	114	0.02632	1	286	0.00350	0.02282	0.00000000	0.00000000	0.00000000	0.0718023	1	0.22820
Bacterial infection	Carnobacterium maltaromaticum	other_taxon	3	114	0.02632	1	286	0.00350	0.02282	0.00000000	0.00000000	0.00000000	0.0718023	1	0.22820
Bacterial infection	Fusobacterium sp. oral taxon 203	other_taxon	3	114	0.02632	1	286	0.00350	0.02282	0.00000000	0.00000000	0.00000000	0.0718023	1	0.22820
Bacterial infection	Paraburkholderia aromaticivorans	other_taxon	3	114	0.02632	1	286	0.00350	0.02282	0.00000000	0.00000000	0.00000000	0.0718023	1	0.22820
Bacterial infection	Porphyromonas crevioricanis	other_taxon	3	114	0.02632	1	286	0.00350	0.02282	0.00000000	0.00000000	0.00000000	0.0718023	1	0.22820
Bacterial infection	Streptococcus salivarius	other_taxon	14	114	0.12281	29	286	0.10140	0.02141	0.00000000	0.00000000	0.00000000	0.591947	1	0.21410
Bacterial infection	Streptococcus sp. oral taxon 431	other_taxon	14	114	0.12281	29	286	0.10140	0.02141	0.00000000	0.00000000	0.00000000	0.591947	1	0.21410
Bacterial infection	Capnocytophaga endodontalis	other_taxon	6	114	0.05263	9	286	0.03147	0.02116	0.00000000	0.00000000	0.00000000	0.38139	1	0.21160
Bacterial infection	Neisseria macacae	other_taxon	6	114	0.05263	9	286	0.03147	0.02116	0.00000000	0.00000000	0.00000000	0.38139	1	0.21160
Bacterial infection	Streptococcus intermedius	other_taxon	6	114	0.05263	9	286	0.03147	0.02116	0.00000000	0.00000000	0.00000000	0.38139	1	0.21160
Bacterial infection	Burkholderia multivorans	other_taxon	4	114	0.03509	4	286	0.01399	0.02110	0.00000000	0.00000000	0.00000000	0.232014	1	0.21100
Bacterial infection	Streptococcus suis	other_taxon	4	114	0.03509	4	286	0.01399	0.02110	0.00000000	0.00000000	0.00000000	0.232014	1	0.21100
Bacterial infection	Gemella morbillorum	other_taxon	11	114	0.09649	22	286	0.07692	0.01957	0.00000000	0.00000000	0.00000000	0.547738	1	0.19570
Bacterial infection	Streptococcus gwangjuense	other_taxon	11	114	0.09649	22	286	0.07692	0.01957	0.00000000	0.00000000	0.00000000	0.547738	1	0.19570
Bacterial infection	Streptococcus koreensis	other_taxon	7	114	0.06140	12	286	0.04196	0.01945	0.00000000	0.00000000	0.00000000	0.43786	1	0.19450
Bacterial infection	Selenomonas sputigena	other_taxon	5	114	0.04386	7	286	0.02448	0.01938	0.00000000	0.00000000	0.00000000	0.334729	1	0.19380
Bacterial infection	Bacteroides thetaiotaomicron	other_taxon	3	114	0.02632	2	286	0.00699	0.01932	0.00000000	0.00000000	0.00000000	0.14246	1	0.19320
Bacterial infection	Desulfobulbus oralis	other_taxon	3	114	0.02632	2	286	0.00699	0.01932	0.00000000	0.00000000	0.00000000	0.14246	1	0.19320
Bacterial infection	Escherichia coli	other_taxon	3	114	0.02632	2	286	0.00699	0.01932	0.00000000	0.00000000	0.00000000	0.14246	1	0.19320
Bacterial infection	Ligilactobacillus salivarius	other_taxon	3	114	0.02632	2	286	0.00699	0.01932	0.00000000	0.00000000	0.00000000	0.14246	1	0.19320
Bacterial infection	Moraxella catarrhalis	other_taxon	3	114	0.02632	2	286	0.00699	0.01932	0.00000000	0.00000000	0.00000000	0.14246	1	0.19320
Bacterial infection	Neisseria bacilliformis	other_taxon	3	114	0.02632	2	286	0.00699	0.01932	0.00000000	0.00000000	0.00000000	0.14246	1	0.19320
Bacterial infection	Pseudomonas putida	other_taxon	3	114	0.02632	2	286	0.00699	0.01932	0.00000000	0.00000000	0.00000000	0.14246	1	0.19320
Bacterial infection	Simonsiella muelleri	other_taxon	3	114	0.02632	2	286	0.00699	0.01932	0.00000000	0.00000000	0.00000000	0.14246	1	0.19320
Bacterial infection	Streptococcus equi	other_taxon	3	114	0.02632	2	286	0.00699	0.01932	0.00000000	0.00000000	0.00000000	0.14246	1	0.19320
Bacterial infection	Streptococcus sp. FDAARGOS_192	other_taxon	3	114	0.02632	2	286	0.00699	0.01932	0.00000000	0.00000000	0.00000000	0.14246	1	0.19320
Bacterial infection	Zea mays	other_taxon	3	114	0.02632	2	286	0.00699	0.01932	0.00000000	0.00000000	0.00000000	0.14246	1	0.19320
Bacterial infection	Streptococcus mitis	oral_respiratory_commensal_context	24	114	0.21053	55	286	0.19231	0.01822	0.00000000	0.00000000	0.00000000	0.678329	1	0.18220
Bacterial infection	Veillonella atypica	other_taxon	18	114	0.15789	40	286	0.13986	0.01803	0.00000000	0.00000000	0.00000000	0.639574	1	0.18030
Bacterial infection	Capnocytophaga sputigena	other_taxon	12	114	0.10526	25	286	0.08741	0.01785	0.00000000	0.00000000	0.00000000	0.570487	1	0.17850
Bacterial infection	Streptococcus pseudopneumoniae	other_taxon	12	114	0.10526	25	286	0.08741	0.01785	0.00000000	0.00000000	0.00000000	0.570487	1	0.17850
Bacterial infection	Malassezia restricta	other_taxon	10	114	0.08772	20	286	0.06993	0.01779	0.00000000	0.00000000	0.00000000	0.533427	1	0.17790
Bacterial infection	Streptococcus australis	other_taxon	8	114	0.07018	15	286	0.05245	0.01773	0.00000000	0.00000000	0.00000000	0.482514	1	0.17730
Bacterial infection	Aggregatibacter segnis	other_taxon	4	114	0.03509	5	286	0.01748	0.01761	0.00000000	0.00000000	0.00000000	0.281905	1	0.17610
Bacterial infection	Eikenella corrodens	other_taxon	4	114	0.03509	5	286	0.01748	0.01761	0.00000000	0.00000000	0.00000000	0.281905	1	0.17610
Bacterial infection	Paraburkholderia fungorum	other_taxon	4	114	0.03509	5	286	0.01748	0.01761	0.00000000	0.00000000	0.00000000	0.281905	1	0.17610
Bacterial infection	Acinetobacter johnsonii	other_taxon	9	114	0.07895	18	286	0.06294	0.01601	0.00000000	0.00000000	0.00000000	0.658945	1	0.16010
Bacterial infection	Streptococcus gordonii	other_taxon	9	114	0.07895	18	286	0.06294	0.01601	0.00000000	0.00000000	0.00000000	0.658945	1	0.16010
Bacterial infection	Morococcus cerebrosus	other_taxon	5	114	0.04386	8	286	0.02797	0.01589	0.00000000	0.00000000	0.00000000	0.531887	1	0.15890
Bacterial infection	Olsenella uli	other_taxon	5	114	0.04386	8	286	0.02797	0.01589	0.00000000	0.00000000	0.00000000	0.531887	1	0.15890
Bacterial infection	Acidovorax sp. KKS102	other_taxon	3	114	0.02632	3	286	0.01049	0.01583	0.00000000	0.00000000	0.00000000	0.358736	1	0.15830
Bacterial infection	Acinetobacter sp. TTH0-4	other_taxon	3	114	0.02632	3	286	0.01049	0.01583	0.00000000	0.00000000	0.00000000	0.358736	1	0.15830
Bacterial infection	Neomicrococcus aestuarii	other_taxon	3	114	0.02632	3	286	0.01049	0.01583	0.00000000	0.00000000	0.00000000	0.358736	1	0.15830
Bacterial infection	Haemophilus parainfluenzae	other_taxon	20	114	0.17544	46	286	0.16084	0.01460	0.00000000	0.00000000	0.00000000	0.76577	1	0.14600
Bacterial infection	Rothia dentocariosa	other_taxon	8	114	0.07018	16	286	0.05594	0.01423	0.00000000	0.00000000	0.00000000	0.641886	1	0.14230
Bacterial infection	Streptococcus sp. A12	other_taxon	6	114	0.05263	11	286	0.03846	0.01417	0.00000000	0.00000000	0.00000000	0.584279	1	0.14170
Bacterial infection	Arachnia propionica	other_taxon	4	114	0.03509	6	286	0.02098	0.01411	0.00000000	0.00000000	0.00000000	0.480062	1	0.14110
Bacterial infection	Corynebacterium accolens	other_taxon	4	114	0.03509	6	286	0.02098	0.01411	0.00000000	0.00000000	0.00000000	0.480062	1	0.14110
Bacterial infection	Corynebacterium callunae	other_taxon	4	114	0.03509	6	286	0.02098	0.01411	0.00000000	0.00000000	0.00000000	0.480062	1	0.14110
Bacterial infection	Corynebacterium segmentosum	other_taxon	4	114	0.03509	6	286	0.02098	0.01411	0.00000000	0.00000000	0.00000000	0.480062	1	0.14110
Bacterial infection	Leptotrichia sp. oral taxon 221	other_taxon	4	114	0.03509	6	286	0.02098	0.01411	0.00000000	0.00000000	0.00000000	0.480062	1	0.14110
Bacterial infection	Prevotella dentalis	other_taxon	4	114	0.03509	6	286	0.02098	0.01411	0.00000000	0.00000000	0.00000000	0.480062	1	0.14110
Bacterial infection	Achromobacter xylosoxidans	other_taxon	2	114	0.01754	1	286	0.00350	0.01405	0.00000000	0.00000000	0.00000000	0.196716	1	0.14050
Bacterial infection	Acinetobacter ursingii	other_taxon	2	114	0.01754	1	286	0.00350	0.01405	0.00000000	0.00000000	0.00000000	0.196716	1	0.14050
Bacterial infection	Actinomyces sp. HMT 175	other_taxon	2	114	0.01754	1	286	0.00350	0.01405	0.00000000	0.00000000	0.00000000	0.196716	1	0.14050
Bacterial infection	Actinomyces viscosus	other_taxon	2	114	0.01754	1	286	0.00350	0.01405	0.00000000	0.00000000	0.00000000	0.196716	1	0.14050
Bacterial infection	Aeromonas salmonicida	other_taxon	2	114	0.01754	1	286	0.00350	0.01405	0.00000000	0.00000000	0.00000000	0.196716	1	0.14050
Bacterial infection	Bacillus cereus	other_taxon	2	114	0.01754	1	286	0.00350	0.01405	0.00000000	0.00000000	0.00000000	0.196716	1	0.14050
Bacterial infection	Bacteroides fragilis	other_taxon	2	114	0.01754	1	286	0.00350	0.01405	0.00000000	0.00000000	0.00000000	0.196716	1	0.14050
Bacterial infection	Brevundimonas pondensis	other_taxon	2	114	0.01754	1	286	0.00350	0.01405	0.00000000	0.00000000	0.00000000	0.196716	1	0.14050
Bacterial infection	Burkholderia cepacia	other_taxon	2	114	0.01754	1	286	0.00350	0.01405	0.00000000	0.00000000	0.00000000	0.196716	1	0.14050
Bacterial infection	Burkholderia contaminans	other_taxon	2	114	0.01754	1	286	0.00350	0.01405	0.00000000	0.00000000	0.00000000	0.196716	1	0.14050
Bacterial infection	Caldibacillus thermoamylovorans	other_taxon	2	114	0.01754	1	286	0.00350	0.01405	0.00000000	0.00000000	0.00000000	0.196716	1	0.14050
Bacterial infection	Conchiformibius steedae	other_taxon	2	114	0.01754	1	286	0.00350	0.01405	0.00000000	0.00000000	0.00000000	0.196716	1	0.14050
Bacterial infection	Corynebacterium resistens	other_taxon	2	114	0.01754	1	286	0.00350	0.01405	0.00000000	0.00000000	0.00000000	0.196716	1	0.14050
Bacterial infection	Fusobacterium canifelinum	other_taxon	2	114	0.01754	1	286	0.00350	0.01405	0.00000000	0.00000000	0.00000000	0.196716	1	0.14050
Bacterial infection	Kingella potus	other_taxon	2	114	0.01754	1	286	0.00350	0.01405	0.00000000	0.00000000	0.00000000	0.196716	1	0.14050
Bacterial infection	Kocuria rhizophila	other_taxon	2	114	0.01754	1	286	0.00350	0.01405	0.00000000	0.00000000	0.00000000	0.196716	1	0.14050
Bacterial infection	Leptotrichia sp. oral taxon 218	other_taxon	2	114	0.01754	1	286	0.00350	0.01405	0.00000000	0.00000000	0.00000000	0.196716	1	0.14050
Bacterial infection	Mesorhizobium terrae	other_taxon	2	114	0.01754	1	286	0.00350	0.01405	0.00000000	0.00000000	0.00000000	0.196716	1	0.14050
Bacterial infection	Neisseria chenwenguii	other_taxon	2	114	0.01754	1	286	0.00350	0.01405	0.00000000	0.00000000	0.00000000	0.196716	1	0.14050
Bacterial infection	Nicotiana attenuata	other_taxon	2	114	0.01754	1	286	0.00350	0.01405	0.00000000	0.00000000	0.00000000	0.196716	1	0.14050
Bacterial infection	Novosphingobium sp. EMRT-2	other_taxon	2	114	0.01754	1	286	0.00350	0.01405	0.00000000	0.00000000	0.00000000	0.196716	1	0.14050
Bacterial infection	Porphyromonas asaccharolytica	other_taxon	2	114	0.01754	1	286	0.00350	0.01405	0.00000000	0.00000000	0.00000000	0.196716	1	0.14050
Bacterial infection	Pseudomonas chengduensis	other_taxon	2	114	0.01754	1	286	0.00350	0.01405	0.00000000	0.00000000	0.00000000	0.196716	1	0.14050
Bacterial infection	Pseudomonas oleovorans	other_taxon	2	114	0.01754	1	286	0.00350	0.01405	0.00000000	0.00000000	0.00000000	0.196716	1	0.14050
Bacterial infection	Pseudomonas sp. phDV1	other_taxon	2	114	0.01754	1	286	0.00350	0.01405	0.00000000	0.00000000	0.00000000	0.196716	1	0.14050
Bacterial infection	Ralstonia solanacearum	other_taxon	2	114	0.01754	1	286	0.00350	0.01405	0.00000000	0.00000000	0.00000000	0.196716	1	0.14050
Bacterial infection	Sphingomonas sp. AAP5	other_taxon	2	114	0.01754	1	286	0.00350	0.01405	0.00000000	0.00000000	0.00000000	0.196716	1	0.14050
Bacterial infection	Treponema putidum	other_taxon	2	114	0.01754	1	286	0.00350	0.01405	0.00000000	0.00000000	0.00000000	0.196716	1	0.14050
Bacterial infection	Acinetobacter sp. NyZ410	other_taxon	5	114	0.04386	9	286	0.03147	0.01239	0.00000000	0.00000000	0.00000000	0.552991	1	0.12390
Bacterial infection	Corynebacterium kefirresidentii	other_taxon	5	114	0.04386	9	286	0.03147	0.01239	0.00000000	0.00000000	0.00000000	0.552991	1	0.12390
Bacterial infection	Staphylococcus warneri	other_taxon	5	114	0.04386	9	286	0.03147	0.01239	0.00000000	0.00000000	0.00000000	0.552991	1	0.12390
Bacterial infection	Kingella denitrificans	other_taxon	3	114	0.02632	4	286	0.01399	0.01233	0.00000000	0.00000000	0.00000000	0.411882	1	0.12330
Bacterial infection	Ralstonia mannitolilytica	other_taxon	3	114	0.02632	4	286	0.01399	0.01233	0.00000000	0.00000000	0.00000000	0.411882	1	0.12330
Bacterial infection	Treponema sp. OMZ 857	other_taxon	3	114	0.02632	4	286	0.01399	0.01233	0.00000000	0.00000000	0.00000000	0.411882	1	0.12330
Bacterial infection	Schaalia odontolytica	other_taxon	16	114	0.14035	37	286	0.12937	0.01098	0.00000000	0.00000000	0.00000000	0.746641	1	0.10980
Bacterial infection	Prevotella sp. oral taxon 475	other_taxon	6	114	0.05263	12	286	0.04196	0.01067	0.00000000	0.00000000	0.00000000	0.603278	1	0.10670
Bacterial infection	Acinetobacter junii	other_taxon	4	114	0.03509	7	286	0.02448	0.01061	0.00000000	0.00000000	0.00000000	0.516794	1	0.10610
Bacterial infection	Corynebacterium tuberculostearicum	other_taxon	4	114	0.03509	7	286	0.02448	0.01061	0.00000000	0.00000000	0.00000000	0.516794	1	0.10610
Bacterial infection	Abyssicoccus albus	other_taxon	2	114	0.01754	2	286	0.00699	0.01055	0.00000000	0.00000000	0.00000000	0.321629	1	0.10550
Bacterial infection	Actinomyces sp. oral taxon 171	other_taxon	2	114	0.01754	2	286	0.00699	0.01055	0.00000000	0.00000000	0.00000000	0.321629	1	0.10550
Bacterial infection	Burkholderia stagnalis	other_taxon	2	114	0.01754	2	286	0.00699	0.01055	0.00000000	0.00000000	0.00000000	0.321629	1	0.10550
Bacterial infection	Cloacibacterium caeni	other_taxon	2	114	0.01754	2	286	0.00699	0.01055	0.00000000	0.00000000	0.00000000	0.321629	1	0.10550
Bacterial infection	Cutibacterium granulosum	other_taxon	2	114	0.01754	2	286	0.00699	0.01055	0.00000000	0.00000000	0.00000000	0.321629	1	0.10550
Bacterial infection	Desulfomicrobium orale	other_taxon	2	114	0.01754	2	286	0.00699	0.01055	0.00000000	0.00000000	0.00000000	0.321629	1	0.10550
Bacterial infection	Desulfovibrio sp. G11	other_taxon	2	114	0.01754	2	286	0.00699	0.01055	0.00000000	0.00000000	0.00000000	0.321629	1	0.10550
Bacterial infection	Fusobacterium necrophorum	other_taxon	2	114	0.01754	2	286	0.00699	0.01055	0.00000000	0.00000000	0.00000000	0.321629	1	0.10550
Bacterial infection	Hydrogenophilus thermoluteolus	other_taxon	2	114	0.01754	2	286	0.00699	0.01055	0.00000000	0.00000000	0.00000000	0.321629	1	0.10550
Bacterial infection	Kingella oralis	other_taxon	2	114	0.01754	2	286	0.00699	0.01055	0.00000000	0.00000000	0.00000000	0.321629	1	0.10550
Bacterial infection	Klebsiella variicola	other_taxon	2	114	0.01754	2	286	0.00699	0.01055	0.00000000	0.00000000	0.00000000	0.321629	1	0.10550
Bacterial infection	Leptotrichia hofstadii	other_taxon	2	114	0.01754	2	286	0.00699	0.01055	0.00000000	0.00000000	0.00000000	0.321629	1	0.10550
Bacterial infection	Leptotrichia sp. oral taxon 498	other_taxon	2	114	0.01754	2	286	0.00699	0.01055	0.00000000	0.00000000	0.00000000	0.321629	1	0.10550
Bacterial infection	Neisseria animalis	other_taxon	2	114	0.01754	2	286	0.00699	0.01055	0.00000000	0.00000000	0.00000000	0.321629	1	0.10550
Bacterial infection	Neisseria brasiliensis	other_taxon	2	114	0.01754	2	286	0.00699	0.01055	0.00000000	0.00000000	0.00000000	0.321629	1	0.10550
Bacterial infection	Neisseria sp. KEM232	other_taxon	2	114	0.01754	2	286	0.00699	0.01055	0.00000000	0.00000000	0.00000000	0.321629	1	0.10550
Bacterial infection	Neisseria weixii	other_taxon	2	114	0.01754	2	286	0.00699	0.01055	0.00000000	0.00000000	0.00000000	0.321629	1	0.10550
Bacterial infection	Paracoccus sp. Arc7-R13	other_taxon	2	114	0.01754	2	286	0.00699	0.01055	0.00000000	0.00000000	0.00000000	0.321629	1	0.10550
Bacterial infection	Prevotella herbatica	other_taxon	2	114	0.01754	2	286	0.00699	0.01055	0.00000000	0.00000000	0.00000000	0.321629	1	0.10550
Bacterial infection	Psychrobacter sanguinis	other_taxon	2	114	0.01754	2	286	0.00699	0.01055	0.00000000	0.00000000	0.00000000	0.321629	1	0.10550
Bacterial infection	Salmonella enterica	other_taxon	2	114	0.01754	2	286	0.00699	0.01055	0.00000000	0.00000000	0.00000000	0.321629	1	0.10550
Bacterial infection	Schlegelella aquatica	other_taxon	2	114	0.01754	2	286	0.00699	0.01055	0.00000000	0.00000000	0.00000000	0.321629	1	0.10550
Bacterial infection	Selenomonas timonae	other_taxon	2	114	0.01754	2	286	0.00699	0.01055	0.00000000	0.00000000	0.00000000	0.321629	1	0.10550
Bacterial infection	Serratia marcescens	other_taxon	2	114	0.01754	2	286	0.00699	0.01055	0.00000000	0.00000000	0.00000000	0.321629	1	0.10550
Bacterial infection	Sphingobium yanoikuyae	other_taxon	2	114	0.01754	2	286	0.00699	0.01055	0.00000000	0.00000000	0.00000000	0.321629	1	0.10550
Bacterial infection	Staphylococcus pasteuri	other_taxon	2	114	0.01754	2	286	0.00699	0.01055	0.00000000	0.00000000	0.00000000	0.321629	1	0.10550
Bacterial infection	Streptococcus milleri	other_taxon	2	114	0.01754	2	286	0.00699	0.01055	0.00000000	0.00000000	0.00000000	0.321629	1	0.10550
Bacterial infection	Streptococcus pseudoporcinus	other_taxon	2	114	0.01754	2	286	0.00699	0.01055	0.00000000	0.00000000	0.00000000	0.321629	1	0.10550
Bacterial infection	Treponema sp. OMZ 906	other_taxon	2	114	0.01754	2	286	0.00699	0.01055	0.00000000	0.00000000	0.00000000	0.321629	1	0.10550
Bacterial infection	Uruburuella suis	other_taxon	2	114	0.01754	2	286	0.00699	0.01055	0.00000000	0.00000000	0.00000000	0.321629	1	0.10550
Bacterial infection	Tannerella serpentiformis	other_taxon	7	114	0.06140	15	286	0.05245	0.00896	0.00000000	0.00000000	0.00000000	0.808348	1	0.08960
Bacterial infection	Chryseobacterium manosquense	other_taxon	5	114	0.04386	10	286	0.03497	0.00889	0.00000000	0.00000000	0.00000000	0.771109	1	0.08890
Bacterial infection	Aggregatibacter sp. Marseille-P9115	other_taxon	3	114	0.02632	5	286	0.01748	0.00883	0.00000000	0.00000000	0.00000000	0.693433	1	0.08830
Bacterial infection	Selenomonas sp. oral taxon 126	other_taxon	3	114	0.02632	5	286	0.01748	0.00883	0.00000000	0.00000000	0.00000000	0.693433	1	0.08830
Bacterial infection	Streptococcus mutans	other_taxon	3	114	0.02632	5	286	0.01748	0.00883	0.00000000	0.00000000	0.00000000	0.693433	1	0.08830
Bacterial infection	Streptococcus thermophilus	other_taxon	3	114	0.02632	5	286	0.01748	0.00883	0.00000000	0.00000000	0.00000000	0.693433	1	0.08830
Bacterial infection	Staphylococcus hominis	other_taxon	10	114	0.08772	23	286	0.08042	0.00730	0.00000000	0.00000000	0.00000000	0.841199	1	0.07300
Bacterial infection	Capnocytophaga sp. oral taxon 878	other_taxon	4	114	0.03509	8	286	0.02797	0.00712	0.00000000	0.00000000	0.00000000	0.748037	1	0.07120
Bacterial infection	Fusobacterium hwasookii	other_taxon	4	114	0.03509	8	286	0.02797	0.00712	0.00000000	0.00000000	0.00000000	0.748037	1	0.07120
Bacterial infection	Sphingomonas paucimobilis	other_taxon	4	114	0.03509	8	286	0.02797	0.00712	0.00000000	0.00000000	0.00000000	0.748037	1	0.07120
Bacterial infection	Burkholderia ubonensis	other_taxon	2	114	0.01754	3	286	0.01049	0.00705	0.00000000	0.00000000	0.00000000	0.626071	1	0.07050
Bacterial infection	Capsicum annuum	other_taxon	2	114	0.01754	3	286	0.01049	0.00705	0.00000000	0.00000000	0.00000000	0.626071	1	0.07050
Bacterial infection	Corynebacterium striatum	other_taxon	2	114	0.01754	3	286	0.01049	0.00705	0.00000000	0.00000000	0.00000000	0.626071	1	0.07050
Bacterial infection	Cutibacterium modestum	other_taxon	2	114	0.01754	3	286	0.01049	0.00705	0.00000000	0.00000000	0.00000000	0.626071	1	0.07050
Bacterial infection	Deinococcus wulumuqiensis	other_taxon	2	114	0.01754	3	286	0.01049	0.00705	0.00000000	0.00000000	0.00000000	0.626071	1	0.07050
Bacterial infection	Eikenella exigua	other_taxon	2	114	0.01754	3	286	0.01049	0.00705	0.00000000	0.00000000	0.00000000	0.626071	1	0.07050
Bacterial infection	Epilithonimonas vandammei	other_taxon	2	114	0.01754	3	286	0.01049	0.00705	0.00000000	0.00000000	0.00000000	0.626071	1	0.07050
Bacterial infection	Leptotrichia buccalis	other_taxon	2	114	0.01754	3	286	0.01049	0.00705	0.00000000	0.00000000	0.00000000	0.626071	1	0.07050
Bacterial infection	Leptotrichia shahii	other_taxon	2	114	0.01754	3	286	0.01049	0.00705	0.00000000	0.00000000	0.00000000	0.626071	1	0.07050
Bacterial infection	Rhizobium oryzihabitans	other_taxon	2	114	0.01754	3	286	0.01049	0.00705	0.00000000	0.00000000	0.00000000	0.626071	1	0.07050
Bacterial infection	Selenomonas sp. oral taxon 478	other_taxon	2	114	0.01754	3	286	0.01049	0.00705	0.00000000	0.00000000	0.00000000	0.626071	1	0.07050
Bacterial infection	Selenomonas sp. oral taxon 920	other_taxon	2	114	0.01754	3	286	0.01049	0.00705	0.00000000	0.00000000	0.00000000	0.626071	1	0.07050
Bacterial infection	Stutzerimonas stutzeri	other_taxon	2	114	0.01754	3	286	0.01049	0.00705	0.00000000	0.00000000	0.00000000	0.626071	1	0.07050
Bacterial infection	Tropheryma whipplei	other_taxon	2	114	0.01754	3	286	0.01049	0.00705	0.00000000	0.00000000	0.00000000	0.626071	1	0.07050
Bacterial infection	Prevotella sp. oral taxon 299	other_taxon	11	114	0.09649	26	286	0.09091	0.00558	0.00000000	0.00000000	0.00000000	0.849966	1	0.05580
Bacterial infection	Neisseria elongata	other_taxon	7	114	0.06140	16	286	0.05594	0.00546	0.00000000	0.00000000	0.00000000	0.81479	1	0.05460
Bacterial infection	Actinomyces sp. oral taxon 414	other_taxon	5	114	0.04386	11	286	0.03846	0.00540	0.00000000	0.00000000	0.00000000	0.782008	1	0.05400
Bacterial infection	Streptococcus sp. NPS 308	other_taxon	5	114	0.04386	11	286	0.03846	0.00540	0.00000000	0.00000000	0.00000000	0.782008	1	0.05400
Bacterial infection	Candidatus Minimicrobia vallesae	other_taxon	3	114	0.02632	6	286	0.02098	0.00534	0.00000000	0.00000000	0.00000000	0.718459	1	0.05340
Bacterial infection	Neisseria lactamica	other_taxon	3	114	0.02632	6	286	0.02098	0.00534	0.00000000	0.00000000	0.00000000	0.718459	1	0.05340
Bacterial infection	Ralstonia insidiosa	other_taxon	3	114	0.02632	6	286	0.02098	0.00534	0.00000000	0.00000000	0.00000000	0.718459	1	0.05340
Bacterial infection	Prevotella jejuni	oral_respiratory_commensal_context	22	114	0.19298	54	286	0.18881	0.00417	0.00000000	0.00000000	0.00000000	1	1	0.04170
Bacterial infection	Gemella haemolysans	other_taxon	14	114	0.12281	34	286	0.11888	0.00393	0.00000000	0.00000000	0.00000000	1	1	0.03930
Bacterial infection	Veillonella nakazawae	other_taxon	8	114	0.07018	19	286	0.06643	0.00374	0.00000000	0.00000000	0.00000000	1	1	0.03740
Bacterial infection	Corynebacterium propinquum	other_taxon	4	114	0.03509	9	286	0.03147	0.00362	0.00000000	0.00000000	0.00000000	1	1	0.03620
Bacterial infection	Acinetobacter sp. MYb10	other_taxon	2	114	0.01754	4	286	0.01399	0.00356	0.00000000	0.00000000	0.00000000	1	1	0.03560
Bacterial infection	Corynebacterium jeikeium	other_taxon	2	114	0.01754	4	286	0.01399	0.00356	0.00000000	0.00000000	0.00000000	1	1	0.03560
Bacterial infection	Fretibacterium fastidiosum	other_taxon	2	114	0.01754	4	286	0.01399	0.00356	0.00000000	0.00000000	0.00000000	1	1	0.03560
Bacterial infection	Human betaherpesvirus 5	other_taxon	2	114	0.01754	4	286	0.01399	0.00356	0.00000000	0.00000000	0.00000000	1	1	0.03560
Bacterial infection	Lactuca sativa	other_taxon	2	114	0.01754	4	286	0.01399	0.00356	0.00000000	0.00000000	0.00000000	1	1	0.03560
Bacterial infection	Methylotenera versatilis	other_taxon	2	114	0.01754	4	286	0.01399	0.00356	0.00000000	0.00000000	0.00000000	1	1	0.03560
Bacterial infection	Porphyromonas somerae	other_taxon	2	114	0.01754	4	286	0.01399	0.00356	0.00000000	0.00000000	0.00000000	1	1	0.03560
Bacterial infection	Schaalia meyeri	other_taxon	2	114	0.01754	4	286	0.01399	0.00356	0.00000000	0.00000000	0.00000000	1	1	0.03560
Bacterial infection	Sphingomonas sp. LK11	other_taxon	2	114	0.01754	4	286	0.01399	0.00356	0.00000000	0.00000000	0.00000000	1	1	0.03560
Bacterial infection	Staphylococcus cohnii	other_taxon	2	114	0.01754	4	286	0.01399	0.00356	0.00000000	0.00000000	0.00000000	1	1	0.03560
Bacterial infection	Moraxella osloensis	other_taxon	11	114	0.09649	27	286	0.09441	0.00209	0.00000000	0.00000000	0.00000000	1	1	0.02090
Bacterial infection	Cucurbita pepo	background_or_low_specificity	7	114	0.06140	17	286	0.05944	0.00196	0.00000000	0.00000000	0.00000000	1	1	0.01960
Bacterial infection	Cupriavidus sp. EM10	other_taxon	7	114	0.06140	17	286	0.05944	0.00196	0.00000000	0.00000000	0.00000000	1	1	0.01960
Bacterial infection	Actinomyces naeslundii	other_taxon	3	114	0.02632	7	286	0.02448	0.00184	0.00000000	0.00000000	0.00000000	1	1	0.01840
Bacterial infection	Actinomyces oris	other_taxon	3	114	0.02632	7	286	0.02448	0.00184	0.00000000	0.00000000	0.00000000	1	1	0.01840
Bacterial infection	Staphylococcus capitis	other_taxon	3	114	0.02632	7	286	0.02448	0.00184	0.00000000	0.00000000	0.00000000	1	1	0.01840
Bacterial infection	Acidovorax sp. JMULE5	other_taxon	1	114	0.00877	2	286	0.00699	0.00178	0.00000000	0.00000000	0.00000000	1	1	0.01780
Bacterial infection	Acinetobacter bereziniae	other_taxon	1	114	0.00877	2	286	0.00699	0.00178	0.00000000	0.00000000	0.00000000	1	1	0.01780
Bacterial infection	Aquabacterium olei	other_taxon	1	114	0.00877	2	286	0.00699	0.00178	0.00000000	0.00000000	0.00000000	1	1	0.01780
Bacterial infection	Arachnia rubra	other_taxon	1	114	0.00877	2	286	0.00699	0.00178	0.00000000	0.00000000	0.00000000	1	1	0.01780
Bacterial infection	Bacteroides xylanisolvens	other_taxon	1	114	0.00877	2	286	0.00699	0.00178	0.00000000	0.00000000	0.00000000	1	1	0.01780
Bacterial infection	Bartonella krasnovii	other_taxon	1	114	0.00877	2	286	0.00699	0.00178	0.00000000	0.00000000	0.00000000	1	1	0.01780
Bacterial infection	Campylobacter curvus	other_taxon	1	114	0.00877	2	286	0.00699	0.00178	0.00000000	0.00000000	0.00000000	1	1	0.01780
Bacterial infection	Capnocytophaga sp. oral taxon 323	other_taxon	1	114	0.00877	2	286	0.00699	0.00178	0.00000000	0.00000000	0.00000000	1	1	0.01780
Bacterial infection	Chryseobacterium taklimakanense	other_taxon	1	114	0.00877	2	286	0.00699	0.00178	0.00000000	0.00000000	0.00000000	1	1	0.01780
Bacterial infection	Corynebacterium diphtheriae	other_taxon	1	114	0.00877	2	286	0.00699	0.00178	0.00000000	0.00000000	0.00000000	1	1	0.01780
Bacterial infection	Cupriavidus necator	other_taxon	1	114	0.00877	2	286	0.00699	0.00178	0.00000000	0.00000000	0.00000000	1	1	0.01780
Bacterial infection	Cupriavidus sp. USMAA2-4	other_taxon	1	114	0.00877	2	286	0.00699	0.00178	0.00000000	0.00000000	0.00000000	1	1	0.01780
Bacterial infection	Empedobacter falsenii	other_taxon	1	114	0.00877	2	286	0.00699	0.00178	0.00000000	0.00000000	0.00000000	1	1	0.01780
Bacterial infection	Human betaherpesvirus 7	other_taxon	1	114	0.00877	2	286	0.00699	0.00178	0.00000000	0.00000000	0.00000000	1	1	0.01780
Bacterial infection	Ideonella dechloratans	other_taxon	1	114	0.00877	2	286	0.00699	0.00178	0.00000000	0.00000000	0.00000000	1	1	0.01780
Bacterial infection	Lactobacillus iners	other_taxon	1	114	0.00877	2	286	0.00699	0.00178	0.00000000	0.00000000	0.00000000	1	1	0.01780
Bacterial infection	Leptotrichia sp. oral taxon 847	other_taxon	1	114	0.00877	2	286	0.00699	0.00178	0.00000000	0.00000000	0.00000000	1	1	0.01780
Bacterial infection	Methylobacterium organophilum	other_taxon	1	114	0.00877	2	286	0.00699	0.00178	0.00000000	0.00000000	0.00000000	1	1	0.01780
Bacterial infection	Methylobacterium phyllosphaerae	other_taxon	1	114	0.00877	2	286	0.00699	0.00178	0.00000000	0.00000000	0.00000000	1	1	0.01780
Bacterial infection	Methylotenera mobilis	other_taxon	1	114	0.00877	2	286	0.00699	0.00178	0.00000000	0.00000000	0.00000000	1	1	0.01780
Bacterial infection	Neisseria wadsworthii	other_taxon	1	114	0.00877	2	286	0.00699	0.00178	0.00000000	0.00000000	0.00000000	1	1	0.01780
Bacterial infection	Paracoccus marcusii	other_taxon	1	114	0.00877	2	286	0.00699	0.00178	0.00000000	0.00000000	0.00000000	1	1	0.01780
Bacterial infection	Parascardovia denticolens	other_taxon	1	114	0.00877	2	286	0.00699	0.00178	0.00000000	0.00000000	0.00000000	1	1	0.01780
Bacterial infection	Phocaeicola vulgatus	other_taxon	1	114	0.00877	2	286	0.00699	0.00178	0.00000000	0.00000000	0.00000000	1	1	0.01780
Bacterial infection	Prevotella sp. Rep29	other_taxon	1	114	0.00877	2	286	0.00699	0.00178	0.00000000	0.00000000	0.00000000	1	1	0.01780
Bacterial infection	Pseudomonas wenzhouensis	other_taxon	1	114	0.00877	2	286	0.00699	0.00178	0.00000000	0.00000000	0.00000000	1	1	0.01780
Bacterial infection	Pseudoprevotella muciniphila	other_taxon	1	114	0.00877	2	286	0.00699	0.00178	0.00000000	0.00000000	0.00000000	1	1	0.01780
Bacterial infection	Ralstonia sp. 56D2	other_taxon	1	114	0.00877	2	286	0.00699	0.00178	0.00000000	0.00000000	0.00000000	1	1	0.01780
Bacterial infection	Streptococcus agalactiae	other_taxon	1	114	0.00877	2	286	0.00699	0.00178	0.00000000	0.00000000	0.00000000	1	1	0.01780
Bacterial infection	Streptococcus pyogenes	other_taxon	1	114	0.00877	2	286	0.00699	0.00178	0.00000000	0.00000000	0.00000000	1	1	0.01780
Bacterial infection	Treponema sp. OMZ 803	other_taxon	1	114	0.00877	2	286	0.00699	0.00178	0.00000000	0.00000000	0.00000000	1	1	0.01780
Bacterial infection	Uruburuella testudinis	other_taxon	1	114	0.00877	2	286	0.00699	0.00178	0.00000000	0.00000000	0.00000000	1	1	0.01780
Bacterial infection	Veillonella dispar	other_taxon	10	114	0.08772	25	286	0.08741	0.00031	0.00000000	0.00000000	0.00000000	1	1	0.00310
Bacterial infection	Actinomyces pacaensis	other_taxon	6	114	0.05263	15	286	0.05245	0.00018	0.00000000	0.00000000	0.00000000	1	1	0.00180
Bacterial infection	Leptotrichia wadei	other_taxon	6	114	0.05263	15	286	0.05245	0.00018	0.00000000	0.00000000	0.00000000	1	1	0.00180
Bacterial infection	Streptococcus lactarius	other_taxon	4	114	0.03509	10	286	0.03497	0.00012	0.00000000	0.00000000	0.00000000	1	1	0.00120
Bacterial infection	Enterococcus faecium	other_taxon	2	114	0.01754	5	286	0.01748	0.00006	0.00000000	0.00000000	0.00000000	1	1	0.00060
Bacterial infection	Kocuria palustris	other_taxon	2	114	0.01754	5	286	0.01748	0.00006	0.00000000	0.00000000	0.00000000	1	1	0.00060
Bacterial infection	Leptotrichia trevisanii	other_taxon	2	114	0.01754	5	286	0.01748	0.00006	0.00000000	0.00000000	0.00000000	1	1	0.00060
Bacterial infection	Neisseria cinerea	other_taxon	2	114	0.01754	5	286	0.01748	0.00006	0.00000000	0.00000000	0.00000000	1	1	0.00060
Bacterial infection	Streptococcus sp. oral taxon 064	other_taxon	2	114	0.01754	5	286	0.01748	0.00006	0.00000000	0.00000000	0.00000000	1	1	0.00060
Bacterial infection	Homo sapiens	background_or_low_specificity	114	114	1.00000	286	286	1.00000	0.00000	0.25493000	0.29741500	-0.04248500	1	1	25.49300
Bacterial infection	Toxoplasma gondii	background_or_low_specificity	114	114	1.00000	286	286	1.00000	0.00000	0.19731500	0.21213500	-0.01482000	1	1	19.73150
Bacterial infection	Propionibacterium acidifaciens	other_taxon	3	114	0.02632	8	286	0.02797	-0.00166	0.00000000	0.00000000	0.00000000	1	1	-0.01660
Bacterial infection	Actinomyces sp. oral taxon 169	other_taxon	1	114	0.00877	3	286	0.01049	-0.00172	0.00000000	0.00000000	0.00000000	1	1	-0.01720
Bacterial infection	Agrobacterium tumefaciens	other_taxon	1	114	0.00877	3	286	0.01049	-0.00172	0.00000000	0.00000000	0.00000000	1	1	-0.01720
Bacterial infection	Bergeyella cardium	other_taxon	1	114	0.00877	3	286	0.01049	-0.00172	0.00000000	0.00000000	0.00000000	1	1	-0.01720
Bacterial infection	Brevibacterium casei	other_taxon	1	114	0.00877	3	286	0.01049	-0.00172	0.00000000	0.00000000	0.00000000	1	1	-0.01720
Bacterial infection	Bulleidia sp. zg-1006	other_taxon	1	114	0.00877	3	286	0.01049	-0.00172	0.00000000	0.00000000	0.00000000	1	1	-0.01720
Bacterial infection	Candidatus Nanosynbacter lyticus	other_taxon	1	114	0.00877	3	286	0.01049	-0.00172	0.00000000	0.00000000	0.00000000	1	1	-0.01720
Bacterial infection	Comamonas aquatica	other_taxon	1	114	0.00877	3	286	0.01049	-0.00172	0.00000000	0.00000000	0.00000000	1	1	-0.01720
Bacterial infection	Cupriavidus pauculus	other_taxon	1	114	0.00877	3	286	0.01049	-0.00172	0.00000000	0.00000000	0.00000000	1	1	-0.01720
Bacterial infection	Cutibacterium avidum	other_taxon	1	114	0.00877	3	286	0.01049	-0.00172	0.00000000	0.00000000	0.00000000	1	1	-0.01720
Bacterial infection	Finegoldia magna	other_taxon	1	114	0.00877	3	286	0.01049	-0.00172	0.00000000	0.00000000	0.00000000	1	1	-0.01720
Bacterial infection	Haemophilus pittmaniae	other_taxon	1	114	0.00877	3	286	0.01049	-0.00172	0.00000000	0.00000000	0.00000000	1	1	-0.01720
Bacterial infection	Kocuria rosea	other_taxon	1	114	0.00877	3	286	0.01049	-0.00172	0.00000000	0.00000000	0.00000000	1	1	-0.01720
Bacterial infection	Metamycoplasma orale	other_taxon	1	114	0.00877	3	286	0.01049	-0.00172	0.00000000	0.00000000	0.00000000	1	1	-0.01720
Bacterial infection	Mycobacterium sp. YC-RL4	other_taxon	1	114	0.00877	3	286	0.01049	-0.00172	0.00000000	0.00000000	0.00000000	1	1	-0.01720
Bacterial infection	Paraburkholderia phytofirmans	other_taxon	1	114	0.00877	3	286	0.01049	-0.00172	0.00000000	0.00000000	0.00000000	1	1	-0.01720
Bacterial infection	Prevotella bryantii	other_taxon	1	114	0.00877	3	286	0.01049	-0.00172	0.00000000	0.00000000	0.00000000	1	1	-0.01720
Bacterial infection	Proteus penneri	other_taxon	1	114	0.00877	3	286	0.01049	-0.00172	0.00000000	0.00000000	0.00000000	1	1	-0.01720
Bacterial infection	Sphingomonas sanguinis	other_taxon	1	114	0.00877	3	286	0.01049	-0.00172	0.00000000	0.00000000	0.00000000	1	1	-0.01720
Bacterial infection	Sphingomonas sp. NIC1	other_taxon	1	114	0.00877	3	286	0.01049	-0.00172	0.00000000	0.00000000	0.00000000	1	1	-0.01720
Bacterial infection	Treponema sp. OMZ 305	other_taxon	1	114	0.00877	3	286	0.01049	-0.00172	0.00000000	0.00000000	0.00000000	1	1	-0.01720
Bacterial infection	Camelina sativa	background_or_low_specificity	14	114	0.12281	36	286	0.12587	-0.00307	0.00000000	0.00000000	0.00000000	1	1	-0.03070
Bacterial infection	Veillonella sp. S12025-13	other_taxon	8	114	0.07018	21	286	0.07343	-0.00325	0.00000000	0.00000000	0.00000000	1	1	-0.03250
Bacterial infection	Corynebacterium matruchotii	other_taxon	4	114	0.03509	11	286	0.03846	-0.00337	0.00000000	0.00000000	0.00000000	1	1	-0.03370
Bacterial infection	Neisseria gonorrhoeae	other_taxon	2	114	0.01754	6	286	0.02098	-0.00344	0.00000000	0.00000000	0.00000000	1	1	-0.03440
Bacterial infection	Olsenella sp. oral taxon 807	other_taxon	2	114	0.01754	6	286	0.02098	-0.00344	0.00000000	0.00000000	0.00000000	1	1	-0.03440
Bacterial infection	Streptococcus vestibularis	other_taxon	2	114	0.01754	6	286	0.02098	-0.00344	0.00000000	0.00000000	0.00000000	1	1	-0.03440
Bacterial infection	Abiotrophia defectiva	other_taxon	5	114	0.04386	14	286	0.04895	-0.00509	0.00000000	0.00000000	0.00000000	1	1	-0.05090
Bacterial infection	Haemophilus sp. oral taxon 036	other_taxon	3	114	0.02632	9	286	0.03147	-0.00515	0.00000000	0.00000000	0.00000000	1	1	-0.05150
Bacterial infection	Aggregatibacter sp. oral taxon 513	other_taxon	1	114	0.00877	4	286	0.01399	-0.00521	0.00000000	0.00000000	0.00000000	1	1	-0.05210
Bacterial infection	Corynebacterium pseudodiphtheriticum	other_taxon	1	114	0.00877	4	286	0.01399	-0.00521	0.00000000	0.00000000	0.00000000	1	1	-0.05210
Bacterial infection	Micrococcus luteus	other_taxon	1	114	0.00877	4	286	0.01399	-0.00521	0.00000000	0.00000000	0.00000000	1	1	-0.05210
Bacterial infection	Ottowia sp. oral taxon 894	other_taxon	1	114	0.00877	4	286	0.01399	-0.00521	0.00000000	0.00000000	0.00000000	1	1	-0.05210
Bacterial infection	Pseudomonas alcaligenes	other_taxon	1	114	0.00877	4	286	0.01399	-0.00521	0.00000000	0.00000000	0.00000000	1	1	-0.05210
Bacterial infection	Selenomonas sp. oral taxon 136	other_taxon	1	114	0.00877	4	286	0.01399	-0.00521	0.00000000	0.00000000	0.00000000	1	1	-0.05210
Bacterial infection	Triticum aestivum	other_taxon	1	114	0.00877	4	286	0.01399	-0.00521	0.00000000	0.00000000	0.00000000	1	1	-0.05210
Bacterial infection	Streptococcus parasanguinis	other_taxon	10	114	0.08772	27	286	0.09441	-0.00669	0.00000000	0.00000000	0.00000000	1	1	-0.06690
Bacterial infection	Methylobacterium brachiatum	other_taxon	4	114	0.03509	12	286	0.04196	-0.00687	0.00000000	0.00000000	0.00000000	1	1	-0.06870
Bacterial infection	Granulicatella elegans	other_taxon	2	114	0.01754	7	286	0.02448	-0.00693	0.00000000	0.00000000	0.00000000	1	1	-0.06930
Bacterial infection	Capnocytophaga ochracea	other_taxon	3	114	0.02632	10	286	0.03497	-0.00865	0.00000000	0.00000000	0.00000000	0.765732	1	-0.08650
Bacterial infection	Atopobium sp. oral taxon 416	other_taxon	1	114	0.00877	5	286	0.01748	-0.00871	0.00000000	0.00000000	0.00000000	0.679084	1	-0.08710
Bacterial infection	Bradyrhizobium sp. SK17	other_taxon	1	114	0.00877	5	286	0.01748	-0.00871	0.00000000	0.00000000	0.00000000	0.679084	1	-0.08710
Bacterial infection	Cardiobacterium hominis	other_taxon	1	114	0.00877	5	286	0.01748	-0.00871	0.00000000	0.00000000	0.00000000	0.679084	1	-0.08710
Bacterial infection	Human gammaherpesvirus 4	other_taxon	1	114	0.00877	5	286	0.01748	-0.00871	0.00000000	0.00000000	0.00000000	0.679084	1	-0.08710
Bacterial infection	Pauljensenia hongkongensis	other_taxon	1	114	0.00877	5	286	0.01748	-0.00871	0.00000000	0.00000000	0.00000000	0.679084	1	-0.08710
Bacterial infection	Prevotella buccalis	other_taxon	1	114	0.00877	5	286	0.01748	-0.00871	0.00000000	0.00000000	0.00000000	0.679084	1	-0.08710
Bacterial infection	Veillonella rodentium	other_taxon	1	114	0.00877	5	286	0.01748	-0.00871	0.00000000	0.00000000	0.00000000	0.679084	1	-0.08710
Bacterial infection	Neisseria mucosa	other_taxon	10	114	0.08772	28	286	0.09790	-0.01018	0.00000000	0.00000000	0.00000000	0.851507	1	-0.10180
Bacterial infection	Streptococcus sp. HSISM1	other_taxon	6	114	0.05263	18	286	0.06294	-0.01031	0.00000000	0.00000000	0.00000000	0.818089	1	-0.10310
Bacterial infection	Acinetobacter lwoffii	other_taxon	2	114	0.01754	8	286	0.02797	-0.01043	0.00000000	0.00000000	0.00000000	0.73118	1	-0.10430
Bacterial infection	Bradyrhizobium quebecense	other_taxon	0	114	0.00000	3	286	0.01049	-0.01049	0.00000000	0.00000000	0.00000000	0.561145	1	-0.10490
Bacterial infection	Bradyrhizobium sp. 6(2017)	other_taxon	0	114	0.00000	3	286	0.01049	-0.01049	0.00000000	0.00000000	0.00000000	0.561145	1	-0.10490
Bacterial infection	Candida dubliniensis	other_taxon	0	114	0.00000	3	286	0.01049	-0.01049	0.00000000	0.00000000	0.00000000	0.561145	1	-0.10490
Bacterial infection	Cellvibrio sp. KY-GH-1	other_taxon	0	114	0.00000	3	286	0.01049	-0.01049	0.00000000	0.00000000	0.00000000	0.561145	1	-0.10490
Bacterial infection	Clostridioides difficile	other_taxon	0	114	0.00000	3	286	0.01049	-0.01049	0.00000000	0.00000000	0.00000000	0.561145	1	-0.10490
Bacterial infection	Enterococcus casseliflavus	other_taxon	0	114	0.00000	3	286	0.01049	-0.01049	0.00000000	0.00000000	0.00000000	0.561145	1	-0.10490
Bacterial infection	Kaistella sp. BT6-1-3	other_taxon	0	114	0.00000	3	286	0.01049	-0.01049	0.00000000	0.00000000	0.00000000	0.561145	1	-0.10490
Bacterial infection	Lacticaseibacillus paracasei	other_taxon	0	114	0.00000	3	286	0.01049	-0.01049	0.00000000	0.00000000	0.00000000	0.561145	1	-0.10490
Bacterial infection	Staphylococcus pettenkoferi	other_taxon	0	114	0.00000	3	286	0.01049	-0.01049	0.00000000	0.00000000	0.00000000	0.561145	1	-0.10490
Bacterial infection	Staphylococcus saprophyticus	other_taxon	0	114	0.00000	3	286	0.01049	-0.01049	0.00000000	0.00000000	0.00000000	0.561145	1	-0.10490
Bacterial infection	Leptotrichia hongkongensis	other_taxon	1	114	0.00877	6	286	0.02098	-0.01221	0.00000000	0.00000000	0.00000000	0.678432	1	-0.12210
Bacterial infection	Aggregatibacter sp. 2125159857	other_taxon	2	114	0.01754	9	286	0.03147	-0.01392	0.00000000	0.00000000	0.00000000	0.735574	1	-0.13920
Bacterial infection	Bifidobacterium dentium	other_taxon	0	114	0.00000	4	286	0.01399	-0.01399	0.00000000	0.00000000	0.00000000	0.581411	1	-0.13990
Bacterial infection	Bradyrhizobium sp. CCBAU 53421	other_taxon	0	114	0.00000	4	286	0.01399	-0.01399	0.00000000	0.00000000	0.00000000	0.581411	1	-0.13990
Bacterial infection	Rothia amarae	other_taxon	0	114	0.00000	4	286	0.01399	-0.01399	0.00000000	0.00000000	0.00000000	0.581411	1	-0.13990
Bacterial infection	Staphylococcus sp. M0911	other_taxon	0	114	0.00000	4	286	0.01399	-0.01399	0.00000000	0.00000000	0.00000000	0.581411	1	-0.13990
Bacterial infection	Arabidopsis thaliana	background_or_low_specificity	108	114	0.94737	275	286	0.96154	-0.01417	0.07389500	0.29094000	-0.21704500	0.584279	1	7.24780
Bacterial infection	Staphylococcus epidermidis	other_taxon	13	114	0.11404	37	286	0.12937	-0.01534	0.00000000	0.00000000	0.00000000	0.740095	1	-0.15340
Bacterial infection	Streptococcus sp. LPB0220	other_taxon	6	114	0.05263	20	286	0.06993	-0.01730	0.00000000	0.00000000	0.00000000	0.655607	1	-0.17300
Bacterial infection	Rothia mucilaginosa	oral_respiratory_commensal_context	29	114	0.25439	78	286	0.27273	-0.01834	0.00000000	0.00000000	0.00000000	0.802555	1	-0.18340
Bacterial infection	Acinetobacter nosocomialis	other_taxon	1	114	0.00877	8	286	0.02797	-0.01920	0.00000000	0.00000000	0.00000000	0.455688	1	-0.19200
Bacterial infection	Staphylococcus haemolyticus	other_taxon	6	114	0.05263	22	286	0.07692	-0.02429	0.00000000	0.00000000	0.00000000	0.516045	1	-0.24290
Bacterial infection	Ralstonia pickettii	other_taxon	4	114	0.03509	20	286	0.06993	-0.03484	0.00000000	0.00000000	0.00000000	0.245358	1	-0.34840
Bacterial infection	Cutibacterium acnes	other_taxon	17	114	0.14912	53	286	0.18531	-0.03619	0.00000000	0.00000000	0.00000000	0.466625	1	-0.36190
Bacterial infection	Prevotella melaninogenica	oral_respiratory_commensal_context	33	114	0.28947	94	286	0.32867	-0.03920	0.00000000	0.00000000	0.00000000	0.477106	1	-0.39200
Bacterial infection	Veillonella parvula	oral_respiratory_commensal_context	16	114	0.14035	52	286	0.18182	-0.04147	0.00000000	0.00000000	0.00000000	0.377236	1	-0.41470
Bacterial infection	Benincasa hispida	background_or_low_specificity	43	114	0.37719	133	286	0.46503	-0.08784	0.00000000	0.00000000	0.00000000	0.119167	1	-0.87840
Fungal infection	Aspergillus fumigatus	wetlab_priority_pathogen	8	78	0.10256	3	322	0.00932	0.09325	0.00000000	0.00000000	0.00000000	0.00015207	0.0332815	2.93250
Fungal infection	Cryptococcus neoformans	wetlab_priority_pathogen	6	78	0.07692	2	322	0.00621	0.07071	0.00000000	0.00000000	0.00000000	0.000933992	0.110067	2.70710
Fungal infection	Pseudomonas aeruginosa	wetlab_priority_pathogen	0	78	0.00000	30	322	0.09317	-0.09317	0.00000000	0.00000000	0.00000000	0.00152894	0.16731	1.06830
Fungal infection	Candida albicans	wetlab_priority_pathogen	8	78	0.10256	12	322	0.03727	0.06530	0.00000000	0.00000000	0.00000000	0.0362291	1	2.65300
Fungal infection	Acinetobacter baumannii	wetlab_priority_pathogen	4	78	0.05128	9	322	0.02795	0.02333	0.00000000	0.00000000	0.00000000	0.291713	1	2.23330
Fungal infection	Stenotrophomonas maltophilia	wetlab_priority_pathogen	3	78	0.03846	16	322	0.04969	-0.01123	0.00000000	0.00000000	0.00000000	1	1	1.88770
Fungal infection	Staphylococcus aureus	wetlab_priority_pathogen	1	78	0.01282	11	322	0.03416	-0.02134	0.00000000	0.00000000	0.00000000	0.474525	1	1.78660
Fungal infection	Mycobacterium tuberculosis	wetlab_priority_pathogen	0	78	0.00000	9	322	0.02795	-0.02795	0.00000000	0.00000000	0.00000000	0.215728	1	1.72050
Fungal infection	Klebsiella pneumoniae	wetlab_priority_pathogen	0	78	0.00000	12	322	0.03727	-0.03727	0.00000000	0.00000000	0.00000000	0.134244	1	1.62730
Fungal infection	Haemophilus influenzae	wetlab_priority_pathogen	4	78	0.05128	31	322	0.09627	-0.04499	0.00000000	0.00000000	0.00000000	0.266669	1	1.55010
Fungal infection	Streptococcus pneumoniae	wetlab_priority_pathogen	8	78	0.10256	52	322	0.16149	-0.05893	0.00000000	0.00000000	0.00000000	0.219432	1	1.41070
Fungal infection	Parvimonas micra	other_taxon	1	78	0.01282	52	322	0.16149	-0.14867	0.00000000	0.00000000	0.00000000	0.000121295	0.0309707	-1.48670
Fungal infection	Prevotella intermedia	oral_respiratory_commensal_context	5	78	0.06410	64	322	0.19876	-0.13466	0.00000000	0.00000000	0.00000000	0.00406424	0.327706	-1.34660
Fungal infection	Porphyromonas endodontalis	other_taxon	4	78	0.05128	52	322	0.16149	-0.11021	0.00000000	0.00000000	0.00000000	0.01032	0.608084	-1.10210
Fungal infection	Porphyromonas gingivalis	other_taxon	3	78	0.03846	46	322	0.14286	-0.10440	0.00000000	0.00000000	0.00000000	0.0111876	0.615879	-1.04400
Fungal infection	Benincasa hispida	background_or_low_specificity	39	78	0.50000	137	322	0.42547	0.07453	0.00004500	0.00000000	0.00004500	0.253857	1	0.74980
Fungal infection	Abiotrophia defectiva	other_taxon	6	78	0.07692	13	322	0.04037	0.03655	0.00000000	0.00000000	0.00000000	0.229411	1	0.36550
Fungal infection	Staphylococcus epidermidis	other_taxon	12	78	0.15385	38	322	0.11801	0.03583	0.00000000	0.00000000	0.00000000	0.444594	1	0.35830
Fungal infection	Acinetobacter nosocomialis	other_taxon	4	78	0.05128	5	322	0.01553	0.03575	0.00000000	0.00000000	0.00000000	0.0768798	1	0.35750
Fungal infection	Veillonella rogosae	other_taxon	10	78	0.12821	32	322	0.09938	0.02883	0.00000000	0.00000000	0.00000000	0.418799	1	0.28830
Fungal infection	Selenomonas sp. oral taxon 126	other_taxon	3	78	0.03846	5	322	0.01553	0.02293	0.00000000	0.00000000	0.00000000	0.190434	1	0.22930
Fungal infection	Aquabacterium olei	other_taxon	2	78	0.02564	1	322	0.00311	0.02254	0.00000000	0.00000000	0.00000000	0.0985229	1	0.22540
Fungal infection	Bartonella krasnovii	other_taxon	2	78	0.02564	1	322	0.00311	0.02254	0.00000000	0.00000000	0.00000000	0.0985229	1	0.22540
Fungal infection	Cellvibrio sp. KY-GH-1	other_taxon	2	78	0.02564	1	322	0.00311	0.02254	0.00000000	0.00000000	0.00000000	0.0985229	1	0.22540
Fungal infection	Ideonella dechloratans	other_taxon	2	78	0.02564	1	322	0.00311	0.02254	0.00000000	0.00000000	0.00000000	0.0985229	1	0.22540
Fungal infection	Cucurbita pepo	background_or_low_specificity	6	78	0.07692	18	322	0.05590	0.02102	0.00000000	0.00000000	0.00000000	0.436379	1	0.21020
Fungal infection	Streptococcus koreensis	other_taxon	5	78	0.06410	14	322	0.04348	0.02062	0.00000000	0.00000000	0.00000000	0.38942	1	0.20620
Fungal infection	Leptotrichia shahii	other_taxon	2	78	0.02564	3	322	0.00932	0.01632	0.00000000	0.00000000	0.00000000	0.251946	1	0.16320
Fungal infection	Ottowia sp. oral taxon 894	other_taxon	2	78	0.02564	3	322	0.00932	0.01632	0.00000000	0.00000000	0.00000000	0.251946	1	0.16320
Fungal infection	Pseudomonas alcaligenes	other_taxon	2	78	0.02564	3	322	0.00932	0.01632	0.00000000	0.00000000	0.00000000	0.251946	1	0.16320
Fungal infection	Triticum aestivum	other_taxon	2	78	0.02564	3	322	0.00932	0.01632	0.00000000	0.00000000	0.00000000	0.251946	1	0.16320
Fungal infection	Streptococcus sp. NPS 308	other_taxon	4	78	0.05128	12	322	0.03727	0.01401	0.00000000	0.00000000	0.00000000	0.527613	1	0.14010
Fungal infection	Acinetobacter junii	other_taxon	3	78	0.03846	8	322	0.02484	0.01362	0.00000000	0.00000000	0.00000000	0.454691	1	0.13620
Fungal infection	Human betaherpesvirus 5	other_taxon	2	78	0.02564	4	322	0.01242	0.01322	0.00000000	0.00000000	0.00000000	0.332272	1	0.13220
Fungal infection	Human gammaherpesvirus 4	other_taxon	2	78	0.02564	4	322	0.01242	0.01322	0.00000000	0.00000000	0.00000000	0.332272	1	0.13220
Fungal infection	Schaalia meyeri	other_taxon	2	78	0.02564	4	322	0.01242	0.01322	0.00000000	0.00000000	0.00000000	0.332272	1	0.13220
Fungal infection	Veillonella rodentium	other_taxon	2	78	0.02564	4	322	0.01242	0.01322	0.00000000	0.00000000	0.00000000	0.332272	1	0.13220
Fungal infection	Enterococcus faecium	other_taxon	2	78	0.02564	5	322	0.01553	0.01011	0.00000000	0.00000000	0.00000000	0.626332	1	0.10110
Fungal infection	Kingella denitrificans	other_taxon	2	78	0.02564	5	322	0.01553	0.01011	0.00000000	0.00000000	0.00000000	0.626332	1	0.10110
Fungal infection	Streptococcus sp. oral taxon 064	other_taxon	2	78	0.02564	5	322	0.01553	0.01011	0.00000000	0.00000000	0.00000000	0.626332	1	0.10110
Fungal infection	Staphylococcus haemolyticus	other_taxon	6	78	0.07692	22	322	0.06832	0.00860	0.00000000	0.00000000	0.00000000	0.805086	1	0.08600
Fungal infection	Neisseria elongata	other_taxon	5	78	0.06410	18	322	0.05590	0.00820	0.00000000	0.00000000	0.00000000	0.78702	1	0.08200
Fungal infection	Corynebacterium propinquum	other_taxon	3	78	0.03846	10	322	0.03106	0.00741	0.00000000	0.00000000	0.00000000	0.724007	1	0.07410
Fungal infection	Streptococcus suis	other_taxon	2	78	0.02564	6	322	0.01863	0.00701	0.00000000	0.00000000	0.00000000	0.656622	1	0.07010
Fungal infection	Streptococcus vestibularis	other_taxon	2	78	0.02564	6	322	0.01863	0.00701	0.00000000	0.00000000	0.00000000	0.656622	1	0.07010
Fungal infection	Bradyrhizobium quebecense	other_taxon	1	78	0.01282	2	322	0.00621	0.00661	0.00000000	0.00000000	0.00000000	0.479291	1	0.06610
Fungal infection	Candida dubliniensis	other_taxon	1	78	0.01282	2	322	0.00621	0.00661	0.00000000	0.00000000	0.00000000	0.479291	1	0.06610
Fungal infection	Capnocytophaga sp. oral taxon 323	other_taxon	1	78	0.01282	2	322	0.00621	0.00661	0.00000000	0.00000000	0.00000000	0.479291	1	0.06610
Fungal infection	Clostridioides difficile	other_taxon	1	78	0.01282	2	322	0.00621	0.00661	0.00000000	0.00000000	0.00000000	0.479291	1	0.06610
Fungal infection	Enterococcus casseliflavus	other_taxon	1	78	0.01282	2	322	0.00621	0.00661	0.00000000	0.00000000	0.00000000	0.479291	1	0.06610
Fungal infection	Fusobacterium canifelinum	other_taxon	1	78	0.01282	2	322	0.00621	0.00661	0.00000000	0.00000000	0.00000000	0.479291	1	0.06610
Fungal infection	Human betaherpesvirus 7	other_taxon	1	78	0.01282	2	322	0.00621	0.00661	0.00000000	0.00000000	0.00000000	0.479291	1	0.06610
Fungal infection	Kaistella sp. BT6-1-3	other_taxon	1	78	0.01282	2	322	0.00621	0.00661	0.00000000	0.00000000	0.00000000	0.479291	1	0.06610
Fungal infection	Lacticaseibacillus paracasei	other_taxon	1	78	0.01282	2	322	0.00621	0.00661	0.00000000	0.00000000	0.00000000	0.479291	1	0.06610
Fungal infection	Leptotrichia sp. oral taxon 847	other_taxon	1	78	0.01282	2	322	0.00621	0.00661	0.00000000	0.00000000	0.00000000	0.479291	1	0.06610
Fungal infection	Phocaeicola vulgatus	other_taxon	1	78	0.01282	2	322	0.00621	0.00661	0.00000000	0.00000000	0.00000000	0.479291	1	0.06610
Fungal infection	Prevotella sp. Rep29	other_taxon	1	78	0.01282	2	322	0.00621	0.00661	0.00000000	0.00000000	0.00000000	0.479291	1	0.06610
Fungal infection	Ralstonia sp. 56D2	other_taxon	1	78	0.01282	2	322	0.00621	0.00661	0.00000000	0.00000000	0.00000000	0.479291	1	0.06610
Fungal infection	Streptococcus agalactiae	other_taxon	1	78	0.01282	2	322	0.00621	0.00661	0.00000000	0.00000000	0.00000000	0.479291	1	0.06610
Fungal infection	Streptococcus pyogenes	other_taxon	1	78	0.01282	2	322	0.00621	0.00661	0.00000000	0.00000000	0.00000000	0.479291	1	0.06610
Fungal infection	Uruburuella testudinis	other_taxon	1	78	0.01282	2	322	0.00621	0.00661	0.00000000	0.00000000	0.00000000	0.479291	1	0.06610
Fungal infection	Cutibacterium acnes	other_taxon	14	78	0.17949	56	322	0.17391	0.00557	0.00000000	0.00000000	0.00000000	0.869547	1	0.05570
Fungal infection	Cupriavidus sp. EM10	other_taxon	5	78	0.06410	19	322	0.05901	0.00510	0.00000000	0.00000000	0.00000000	0.79459	1	0.05100
Fungal infection	Corynebacterium kefirresidentii	other_taxon	3	78	0.03846	11	322	0.03416	0.00430	0.00000000	0.00000000	0.00000000	0.741242	1	0.04300
Fungal infection	Streptococcus lactarius	other_taxon	3	78	0.03846	11	322	0.03416	0.00430	0.00000000	0.00000000	0.00000000	0.741242	1	0.04300
Fungal infection	Eikenella corrodens	other_taxon	2	78	0.02564	7	322	0.02174	0.00390	0.00000000	0.00000000	0.00000000	0.68958	1	0.03900
Fungal infection	Actinomyces sp. oral taxon 169	other_taxon	1	78	0.01282	3	322	0.00932	0.00350	0.00000000	0.00000000	0.00000000	0.581597	1	0.03500
Fungal infection	Bacteroides uniformis	other_taxon	1	78	0.01282	3	322	0.00932	0.00350	0.00000000	0.00000000	0.00000000	0.581597	1	0.03500
Fungal infection	Bergeyella cardium	other_taxon	1	78	0.01282	3	322	0.00932	0.00350	0.00000000	0.00000000	0.00000000	0.581597	1	0.03500
Fungal infection	Bradyrhizobium sp. CCBAU 53421	other_taxon	1	78	0.01282	3	322	0.00932	0.00350	0.00000000	0.00000000	0.00000000	0.581597	1	0.03500
Fungal infection	Bulleidia sp. zg-1006	other_taxon	1	78	0.01282	3	322	0.00932	0.00350	0.00000000	0.00000000	0.00000000	0.581597	1	0.03500
Fungal infection	Candidatus Nanosynbacter lyticus	other_taxon	1	78	0.01282	3	322	0.00932	0.00350	0.00000000	0.00000000	0.00000000	0.581597	1	0.03500
Fungal infection	Comamonas aquatica	other_taxon	1	78	0.01282	3	322	0.00932	0.00350	0.00000000	0.00000000	0.00000000	0.581597	1	0.03500
Fungal infection	Cutibacterium avidum	other_taxon	1	78	0.01282	3	322	0.00932	0.00350	0.00000000	0.00000000	0.00000000	0.581597	1	0.03500
Fungal infection	Cutibacterium granulosum	other_taxon	1	78	0.01282	3	322	0.00932	0.00350	0.00000000	0.00000000	0.00000000	0.581597	1	0.03500
Fungal infection	Finegoldia magna	other_taxon	1	78	0.01282	3	322	0.00932	0.00350	0.00000000	0.00000000	0.00000000	0.581597	1	0.03500
Fungal infection	Fusobacterium necrophorum	other_taxon	1	78	0.01282	3	322	0.00932	0.00350	0.00000000	0.00000000	0.00000000	0.581597	1	0.03500
Fungal infection	Fusobacterium sp. oral taxon 203	other_taxon	1	78	0.01282	3	322	0.00932	0.00350	0.00000000	0.00000000	0.00000000	0.581597	1	0.03500
Fungal infection	Haemophilus pittmaniae	other_taxon	1	78	0.01282	3	322	0.00932	0.00350	0.00000000	0.00000000	0.00000000	0.581597	1	0.03500
Fungal infection	Kocuria rosea	other_taxon	1	78	0.01282	3	322	0.00932	0.00350	0.00000000	0.00000000	0.00000000	0.581597	1	0.03500
Fungal infection	Prevotella bryantii	other_taxon	1	78	0.01282	3	322	0.00932	0.00350	0.00000000	0.00000000	0.00000000	0.581597	1	0.03500
Fungal infection	Prevotella herbatica	other_taxon	1	78	0.01282	3	322	0.00932	0.00350	0.00000000	0.00000000	0.00000000	0.581597	1	0.03500
Fungal infection	Proteus penneri	other_taxon	1	78	0.01282	3	322	0.00932	0.00350	0.00000000	0.00000000	0.00000000	0.581597	1	0.03500
Fungal infection	Rothia amarae	other_taxon	1	78	0.01282	3	322	0.00932	0.00350	0.00000000	0.00000000	0.00000000	0.581597	1	0.03500
Fungal infection	Salmonella enterica	other_taxon	1	78	0.01282	3	322	0.00932	0.00350	0.00000000	0.00000000	0.00000000	0.581597	1	0.03500
Fungal infection	Staphylococcus sp. M0911	other_taxon	1	78	0.01282	3	322	0.00932	0.00350	0.00000000	0.00000000	0.00000000	0.581597	1	0.03500
Fungal infection	Streptococcus milleri	other_taxon	1	78	0.01282	3	322	0.00932	0.00350	0.00000000	0.00000000	0.00000000	0.581597	1	0.03500
Fungal infection	Streptococcus pseudoporcinus	other_taxon	1	78	0.01282	3	322	0.00932	0.00350	0.00000000	0.00000000	0.00000000	0.581597	1	0.03500
Fungal infection	Treponema sp. OMZ 906	other_taxon	1	78	0.01282	3	322	0.00932	0.00350	0.00000000	0.00000000	0.00000000	0.581597	1	0.03500
Fungal infection	Neisseria macacae	other_taxon	3	78	0.03846	12	322	0.03727	0.00119	0.00000000	0.00000000	0.00000000	1	1	0.01190
Fungal infection	Acinetobacter lwoffii	other_taxon	2	78	0.02564	8	322	0.02484	0.00080	0.00000000	0.00000000	0.00000000	1	1	0.00800
Fungal infection	Corynebacterium callunae	other_taxon	2	78	0.02564	8	322	0.02484	0.00080	0.00000000	0.00000000	0.00000000	1	1	0.00800
Fungal infection	Schaalia cardiffensis	other_taxon	2	78	0.02564	8	322	0.02484	0.00080	0.00000000	0.00000000	0.00000000	1	1	0.00800
Fungal infection	Aggregatibacter sp. oral taxon 513	other_taxon	1	78	0.01282	4	322	0.01242	0.00040	0.00000000	0.00000000	0.00000000	1	1	0.00400
Fungal infection	Bacteroides thetaiotaomicron	other_taxon	1	78	0.01282	4	322	0.01242	0.00040	0.00000000	0.00000000	0.00000000	1	1	0.00400
Fungal infection	Capsicum annuum	other_taxon	1	78	0.01282	4	322	0.01242	0.00040	0.00000000	0.00000000	0.00000000	1	1	0.00400
Fungal infection	Corynebacterium pseudodiphtheriticum	other_taxon	1	78	0.01282	4	322	0.01242	0.00040	0.00000000	0.00000000	0.00000000	1	1	0.00400
Fungal infection	Corynebacterium striatum	other_taxon	1	78	0.01282	4	322	0.01242	0.00040	0.00000000	0.00000000	0.00000000	1	1	0.00400
Fungal infection	Deinococcus wulumuqiensis	other_taxon	1	78	0.01282	4	322	0.01242	0.00040	0.00000000	0.00000000	0.00000000	1	1	0.00400
Fungal infection	Eikenella exigua	other_taxon	1	78	0.01282	4	322	0.01242	0.00040	0.00000000	0.00000000	0.00000000	1	1	0.00400
Fungal infection	Leptotrichia buccalis	other_taxon	1	78	0.01282	4	322	0.01242	0.00040	0.00000000	0.00000000	0.00000000	1	1	0.00400
Fungal infection	Micrococcus luteus	other_taxon	1	78	0.01282	4	322	0.01242	0.00040	0.00000000	0.00000000	0.00000000	1	1	0.00400
Fungal infection	Moraxella catarrhalis	other_taxon	1	78	0.01282	4	322	0.01242	0.00040	0.00000000	0.00000000	0.00000000	1	1	0.00400
Fungal infection	Pseudomonas putida	other_taxon	1	78	0.01282	4	322	0.01242	0.00040	0.00000000	0.00000000	0.00000000	1	1	0.00400
Fungal infection	Selenomonas sp. oral taxon 136	other_taxon	1	78	0.01282	4	322	0.01242	0.00040	0.00000000	0.00000000	0.00000000	1	1	0.00400
Fungal infection	Selenomonas sp. oral taxon 920	other_taxon	1	78	0.01282	4	322	0.01242	0.00040	0.00000000	0.00000000	0.00000000	1	1	0.00400
Fungal infection	Simonsiella muelleri	other_taxon	1	78	0.01282	4	322	0.01242	0.00040	0.00000000	0.00000000	0.00000000	1	1	0.00400
Fungal infection	Streptococcus equi	other_taxon	1	78	0.01282	4	322	0.01242	0.00040	0.00000000	0.00000000	0.00000000	1	1	0.00400
Fungal infection	Stutzerimonas stutzeri	other_taxon	1	78	0.01282	4	322	0.01242	0.00040	0.00000000	0.00000000	0.00000000	1	1	0.00400
Fungal infection	Tropheryma whipplei	other_taxon	1	78	0.01282	4	322	0.01242	0.00040	0.00000000	0.00000000	0.00000000	1	1	0.00400
Fungal infection	Homo sapiens	background_or_low_specificity	78	78	1.00000	322	322	1.00000	0.00000	0.31934500	0.27902500	0.04032000	1	1	31.93450
Fungal infection	Toxoplasma gondii	background_or_low_specificity	78	78	1.00000	322	322	1.00000	0.00000	0.21512500	0.21076000	0.00436500	1	1	21.51250
Fungal infection	Lautropia mirabilis	other_taxon	6	78	0.07692	25	322	0.07764	-0.00072	0.00000000	0.00000000	0.00000000	1	1	-0.00720
Fungal infection	Streptococcus ilei	other_taxon	5	78	0.06410	21	322	0.06522	-0.00111	0.00000000	0.00000000	0.00000000	1	1	-0.01110
Fungal infection	Actinomyces pacaensis	other_taxon	4	78	0.05128	17	322	0.05280	-0.00151	0.00000000	0.00000000	0.00000000	1	1	-0.01510
Fungal infection	Aggregatibacter sp. 2125159857	other_taxon	2	78	0.02564	9	322	0.02795	-0.00231	0.00000000	0.00000000	0.00000000	1	1	-0.02310
Fungal infection	Corynebacterium tuberculostearicum	other_taxon	2	78	0.02564	9	322	0.02795	-0.00231	0.00000000	0.00000000	0.00000000	1	1	-0.02310
Fungal infection	Acinetobacter sp. MYb10	other_taxon	1	78	0.01282	5	322	0.01553	-0.00271	0.00000000	0.00000000	0.00000000	1	1	-0.02710
Fungal infection	Bradyrhizobium sp. SK17	other_taxon	1	78	0.01282	5	322	0.01553	-0.00271	0.00000000	0.00000000	0.00000000	1	1	-0.02710
Fungal infection	Lactuca sativa	other_taxon	1	78	0.01282	5	322	0.01553	-0.00271	0.00000000	0.00000000	0.00000000	1	1	-0.02710
Fungal infection	Methylotenera versatilis	other_taxon	1	78	0.01282	5	322	0.01553	-0.00271	0.00000000	0.00000000	0.00000000	1	1	-0.02710
Fungal infection	Neomicrococcus aestuarii	other_taxon	1	78	0.01282	5	322	0.01553	-0.00271	0.00000000	0.00000000	0.00000000	1	1	-0.02710
Fungal infection	Pauljensenia hongkongensis	other_taxon	1	78	0.01282	5	322	0.01553	-0.00271	0.00000000	0.00000000	0.00000000	1	1	-0.02710
Fungal infection	Porphyromonas somerae	other_taxon	1	78	0.01282	5	322	0.01553	-0.00271	0.00000000	0.00000000	0.00000000	1	1	-0.02710
Fungal infection	Prevotella buccalis	other_taxon	1	78	0.01282	5	322	0.01553	-0.00271	0.00000000	0.00000000	0.00000000	1	1	-0.02710
Fungal infection	Sphingomonas sp. LK11	other_taxon	1	78	0.01282	5	322	0.01553	-0.00271	0.00000000	0.00000000	0.00000000	1	1	-0.02710
Fungal infection	Neisseria sicca	other_taxon	7	78	0.08974	30	322	0.09317	-0.00342	0.00000000	0.00000000	0.00000000	1	1	-0.03420
Fungal infection	Acinetobacter johnsonii	other_taxon	5	78	0.06410	22	322	0.06832	-0.00422	0.00000000	0.00000000	0.00000000	1	1	-0.04220
Fungal infection	Streptococcus rubneri	other_taxon	3	78	0.03846	14	322	0.04348	-0.00502	0.00000000	0.00000000	0.00000000	1	1	-0.05020
Fungal infection	Streptococcus sp. A12	other_taxon	3	78	0.03846	14	322	0.04348	-0.00502	0.00000000	0.00000000	0.00000000	1	1	-0.05020
Fungal infection	Schaalia odontolytica	other_taxon	10	78	0.12821	43	322	0.13354	-0.00534	0.00000000	0.00000000	0.00000000	1	1	-0.05340
Fungal infection	Capnocytophaga sp. oral taxon 878	other_taxon	2	78	0.02564	10	322	0.03106	-0.00541	0.00000000	0.00000000	0.00000000	1	1	-0.05410
Fungal infection	Fusobacterium hwasookii	other_taxon	2	78	0.02564	10	322	0.03106	-0.00541	0.00000000	0.00000000	0.00000000	1	1	-0.05410
Fungal infection	Sphingomonas paucimobilis	other_taxon	2	78	0.02564	10	322	0.03106	-0.00541	0.00000000	0.00000000	0.00000000	1	1	-0.05410
Fungal infection	Kocuria palustris	other_taxon	1	78	0.01282	6	322	0.01863	-0.00581	0.00000000	0.00000000	0.00000000	1	1	-0.05810
Fungal infection	Leptotrichia hongkongensis	other_taxon	1	78	0.01282	6	322	0.01863	-0.00581	0.00000000	0.00000000	0.00000000	1	1	-0.05810
Fungal infection	Leptotrichia trevisanii	other_taxon	1	78	0.01282	6	322	0.01863	-0.00581	0.00000000	0.00000000	0.00000000	1	1	-0.05810
Fungal infection	Neisseria cinerea	other_taxon	1	78	0.01282	6	322	0.01863	-0.00581	0.00000000	0.00000000	0.00000000	1	1	-0.05810
Fungal infection	Prevotella copri	other_taxon	1	78	0.01282	6	322	0.01863	-0.00581	0.00000000	0.00000000	0.00000000	1	1	-0.05810
Fungal infection	Sphingobium sp. YG1	other_taxon	1	78	0.01282	6	322	0.01863	-0.00581	0.00000000	0.00000000	0.00000000	1	1	-0.05810
Fungal infection	Treponema sp. OMZ 857	other_taxon	1	78	0.01282	6	322	0.01863	-0.00581	0.00000000	0.00000000	0.00000000	1	1	-0.05810
Fungal infection	Moraxella osloensis	other_taxon	7	78	0.08974	31	322	0.09627	-0.00653	0.00000000	0.00000000	0.00000000	1	1	-0.06530
Fungal infection	Neisseria mucosa	other_taxon	7	78	0.08974	31	322	0.09627	-0.00653	0.00000000	0.00000000	0.00000000	1	1	-0.06530
Fungal infection	Staphylococcus hominis	other_taxon	6	78	0.07692	27	322	0.08385	-0.00693	0.00000000	0.00000000	0.00000000	1	1	-0.06930
Fungal infection	Streptococcus gwangjuense	other_taxon	6	78	0.07692	27	322	0.08385	-0.00693	0.00000000	0.00000000	0.00000000	1	1	-0.06930
Fungal infection	Capnocytophaga ochracea	other_taxon	2	78	0.02564	11	322	0.03416	-0.00852	0.00000000	0.00000000	0.00000000	1	1	-0.08520
Fungal infection	Morococcus cerebrosus	other_taxon	2	78	0.02564	11	322	0.03416	-0.00852	0.00000000	0.00000000	0.00000000	1	1	-0.08520
Fungal infection	Aggregatibacter sp. Marseille-P9115	other_taxon	1	78	0.01282	7	322	0.02174	-0.00892	0.00000000	0.00000000	0.00000000	1	1	-0.08920
Fungal infection	Neisseria gonorrhoeae	other_taxon	1	78	0.01282	7	322	0.02174	-0.00892	0.00000000	0.00000000	0.00000000	1	1	-0.08920
Fungal infection	Streptococcus mutans	other_taxon	1	78	0.01282	7	322	0.02174	-0.00892	0.00000000	0.00000000	0.00000000	1	1	-0.08920
Fungal infection	Streptococcus thermophilus	other_taxon	1	78	0.01282	7	322	0.02174	-0.00892	0.00000000	0.00000000	0.00000000	1	1	-0.08920
Fungal infection	Streptococcus sanguinis	other_taxon	8	78	0.10256	36	322	0.11180	-0.00924	0.00000000	0.00000000	0.00000000	1	1	-0.09240
Fungal infection	Achromobacter xylosoxidans	other_taxon	0	78	0.00000	3	322	0.00932	-0.00932	0.00000000	0.00000000	0.00000000	1	1	-0.09320
Fungal infection	Acidovorax sp. JMULE5	other_taxon	0	78	0.00000	3	322	0.00932	-0.00932	0.00000000	0.00000000	0.00000000	1	1	-0.09320
Fungal infection	Acinetobacter bereziniae	other_taxon	0	78	0.00000	3	322	0.00932	-0.00932	0.00000000	0.00000000	0.00000000	1	1	-0.09320
Fungal infection	Acinetobacter ursingii	other_taxon	0	78	0.00000	3	322	0.00932	-0.00932	0.00000000	0.00000000	0.00000000	1	1	-0.09320
Fungal infection	Actinomyces sp. HMT 175	other_taxon	0	78	0.00000	3	322	0.00932	-0.00932	0.00000000	0.00000000	0.00000000	1	1	-0.09320
Fungal infection	Actinomyces viscosus	other_taxon	0	78	0.00000	3	322	0.00932	-0.00932	0.00000000	0.00000000	0.00000000	1	1	-0.09320
Fungal infection	Aeromonas salmonicida	other_taxon	0	78	0.00000	3	322	0.00932	-0.00932	0.00000000	0.00000000	0.00000000	1	1	-0.09320
Fungal infection	Arachnia rubra	other_taxon	0	78	0.00000	3	322	0.00932	-0.00932	0.00000000	0.00000000	0.00000000	1	1	-0.09320
Fungal infection	Bacillus cereus	other_taxon	0	78	0.00000	3	322	0.00932	-0.00932	0.00000000	0.00000000	0.00000000	1	1	-0.09320
Fungal infection	Bacteroides fragilis	other_taxon	0	78	0.00000	3	322	0.00932	-0.00932	0.00000000	0.00000000	0.00000000	1	1	-0.09320
Fungal infection	Bacteroides xylanisolvens	other_taxon	0	78	0.00000	3	322	0.00932	-0.00932	0.00000000	0.00000000	0.00000000	1	1	-0.09320
Fungal infection	Bradyrhizobium sp. 6(2017)	other_taxon	0	78	0.00000	3	322	0.00932	-0.00932	0.00000000	0.00000000	0.00000000	1	1	-0.09320
Fungal infection	Bradyrhizobium sp. BTAi1	other_taxon	0	78	0.00000	3	322	0.00932	-0.00932	0.00000000	0.00000000	0.00000000	1	1	-0.09320
Fungal infection	Brevundimonas pondensis	other_taxon	0	78	0.00000	3	322	0.00932	-0.00932	0.00000000	0.00000000	0.00000000	1	1	-0.09320
Fungal infection	Burkholderia cepacia	other_taxon	0	78	0.00000	3	322	0.00932	-0.00932	0.00000000	0.00000000	0.00000000	1	1	-0.09320
Fungal infection	Burkholderia contaminans	other_taxon	0	78	0.00000	3	322	0.00932	-0.00932	0.00000000	0.00000000	0.00000000	1	1	-0.09320
Fungal infection	Caldibacillus thermoamylovorans	other_taxon	0	78	0.00000	3	322	0.00932	-0.00932	0.00000000	0.00000000	0.00000000	1	1	-0.09320
Fungal infection	Campylobacter curvus	other_taxon	0	78	0.00000	3	322	0.00932	-0.00932	0.00000000	0.00000000	0.00000000	1	1	-0.09320
Fungal infection	Chryseobacterium taklimakanense	other_taxon	0	78	0.00000	3	322	0.00932	-0.00932	0.00000000	0.00000000	0.00000000	1	1	-0.09320
Fungal infection	Conchiformibius steedae	other_taxon	0	78	0.00000	3	322	0.00932	-0.00932	0.00000000	0.00000000	0.00000000	1	1	-0.09320
Fungal infection	Corynebacterium diphtheriae	other_taxon	0	78	0.00000	3	322	0.00932	-0.00932	0.00000000	0.00000000	0.00000000	1	1	-0.09320
Fungal infection	Corynebacterium resistens	other_taxon	0	78	0.00000	3	322	0.00932	-0.00932	0.00000000	0.00000000	0.00000000	1	1	-0.09320
Fungal infection	Cupriavidus necator	other_taxon	0	78	0.00000	3	322	0.00932	-0.00932	0.00000000	0.00000000	0.00000000	1	1	-0.09320
Fungal infection	Cupriavidus sp. USMAA2-4	other_taxon	0	78	0.00000	3	322	0.00932	-0.00932	0.00000000	0.00000000	0.00000000	1	1	-0.09320
Fungal infection	Empedobacter falsenii	other_taxon	0	78	0.00000	3	322	0.00932	-0.00932	0.00000000	0.00000000	0.00000000	1	1	-0.09320
Fungal infection	Helianthus annuus	other_taxon	0	78	0.00000	3	322	0.00932	-0.00932	0.00000000	0.00000000	0.00000000	1	1	-0.09320
Fungal infection	Kingella potus	other_taxon	0	78	0.00000	3	322	0.00932	-0.00932	0.00000000	0.00000000	0.00000000	1	1	-0.09320
Fungal infection	Kocuria rhizophila	other_taxon	0	78	0.00000	3	322	0.00932	-0.00932	0.00000000	0.00000000	0.00000000	1	1	-0.09320
Fungal infection	Lactobacillus iners	other_taxon	0	78	0.00000	3	322	0.00932	-0.00932	0.00000000	0.00000000	0.00000000	1	1	-0.09320
Fungal infection	Leptotrichia sp. oral taxon 218	other_taxon	0	78	0.00000	3	322	0.00932	-0.00932	0.00000000	0.00000000	0.00000000	1	1	-0.09320
Fungal infection	Mesorhizobium terrae	other_taxon	0	78	0.00000	3	322	0.00932	-0.00932	0.00000000	0.00000000	0.00000000	1	1	-0.09320
Fungal infection	Methylobacterium organophilum	other_taxon	0	78	0.00000	3	322	0.00932	-0.00932	0.00000000	0.00000000	0.00000000	1	1	-0.09320
Fungal infection	Methylobacterium phyllosphaerae	other_taxon	0	78	0.00000	3	322	0.00932	-0.00932	0.00000000	0.00000000	0.00000000	1	1	-0.09320
Fungal infection	Methylotenera mobilis	other_taxon	0	78	0.00000	3	322	0.00932	-0.00932	0.00000000	0.00000000	0.00000000	1	1	-0.09320
Fungal infection	Neisseria chenwenguii	other_taxon	0	78	0.00000	3	322	0.00932	-0.00932	0.00000000	0.00000000	0.00000000	1	1	-0.09320
Fungal infection	Neisseria wadsworthii	other_taxon	0	78	0.00000	3	322	0.00932	-0.00932	0.00000000	0.00000000	0.00000000	1	1	-0.09320
Fungal infection	Nicotiana attenuata	other_taxon	0	78	0.00000	3	322	0.00932	-0.00932	0.00000000	0.00000000	0.00000000	1	1	-0.09320
Fungal infection	Novosphingobium sp. EMRT-2	other_taxon	0	78	0.00000	3	322	0.00932	-0.00932	0.00000000	0.00000000	0.00000000	1	1	-0.09320
Fungal infection	Paracoccus marcusii	other_taxon	0	78	0.00000	3	322	0.00932	-0.00932	0.00000000	0.00000000	0.00000000	1	1	-0.09320
Fungal infection	Parascardovia denticolens	other_taxon	0	78	0.00000	3	322	0.00932	-0.00932	0.00000000	0.00000000	0.00000000	1	1	-0.09320
Fungal infection	Porphyromonas asaccharolytica	other_taxon	0	78	0.00000	3	322	0.00932	-0.00932	0.00000000	0.00000000	0.00000000	1	1	-0.09320
Fungal infection	Pseudomonas chengduensis	other_taxon	0	78	0.00000	3	322	0.00932	-0.00932	0.00000000	0.00000000	0.00000000	1	1	-0.09320
Fungal infection	Pseudomonas oleovorans	other_taxon	0	78	0.00000	3	322	0.00932	-0.00932	0.00000000	0.00000000	0.00000000	1	1	-0.09320
Fungal infection	Pseudomonas sp. phDV1	other_taxon	0	78	0.00000	3	322	0.00932	-0.00932	0.00000000	0.00000000	0.00000000	1	1	-0.09320
Fungal infection	Pseudomonas wenzhouensis	other_taxon	0	78	0.00000	3	322	0.00932	-0.00932	0.00000000	0.00000000	0.00000000	1	1	-0.09320
Fungal infection	Pseudoprevotella muciniphila	other_taxon	0	78	0.00000	3	322	0.00932	-0.00932	0.00000000	0.00000000	0.00000000	1	1	-0.09320
Fungal infection	Ralstonia solanacearum	other_taxon	0	78	0.00000	3	322	0.00932	-0.00932	0.00000000	0.00000000	0.00000000	1	1	-0.09320
Fungal infection	Sphingomonas sp. AAP5	other_taxon	0	78	0.00000	3	322	0.00932	-0.00932	0.00000000	0.00000000	0.00000000	1	1	-0.09320
Fungal infection	Staphylococcus pettenkoferi	other_taxon	0	78	0.00000	3	322	0.00932	-0.00932	0.00000000	0.00000000	0.00000000	1	1	-0.09320
Fungal infection	Staphylococcus saprophyticus	other_taxon	0	78	0.00000	3	322	0.00932	-0.00932	0.00000000	0.00000000	0.00000000	1	1	-0.09320
Fungal infection	Treponema putidum	other_taxon	0	78	0.00000	3	322	0.00932	-0.00932	0.00000000	0.00000000	0.00000000	1	1	-0.09320
Fungal infection	Treponema sp. OMZ 803	other_taxon	0	78	0.00000	3	322	0.00932	-0.00932	0.00000000	0.00000000	0.00000000	1	1	-0.09320
Fungal infection	Streptococcus sp. HSISM1	other_taxon	4	78	0.05128	20	322	0.06211	-0.01083	0.00000000	0.00000000	0.00000000	1	1	-0.10830
Fungal infection	Lachnoanaerobaculum umeaense	other_taxon	2	78	0.02564	12	322	0.03727	-0.01163	0.00000000	0.00000000	0.00000000	1	1	-0.11630
Fungal infection	Neisseria sp. oral taxon 014	other_taxon	2	78	0.02564	12	322	0.03727	-0.01163	0.00000000	0.00000000	0.00000000	1	1	-0.11630
Fungal infection	Aggregatibacter segnis	other_taxon	1	78	0.01282	8	322	0.02484	-0.01202	0.00000000	0.00000000	0.00000000	1	1	-0.12020
Fungal infection	Candidatus Minimicrobia vallesae	other_taxon	1	78	0.01282	8	322	0.02484	-0.01202	0.00000000	0.00000000	0.00000000	1	1	-0.12020
Fungal infection	Granulicatella elegans	other_taxon	1	78	0.01282	8	322	0.02484	-0.01202	0.00000000	0.00000000	0.00000000	1	1	-0.12020
Fungal infection	Neisseria lactamica	other_taxon	1	78	0.01282	8	322	0.02484	-0.01202	0.00000000	0.00000000	0.00000000	1	1	-0.12020
Fungal infection	Paraburkholderia fungorum	other_taxon	1	78	0.01282	8	322	0.02484	-0.01202	0.00000000	0.00000000	0.00000000	1	1	-0.12020
Fungal infection	Gemella sanguinis	other_taxon	8	78	0.10256	37	322	0.11491	-0.01234	0.00000000	0.00000000	0.00000000	0.844164	1	-0.12340
Fungal infection	Abyssicoccus albus	other_taxon	0	78	0.00000	4	322	0.01242	-0.01242	0.00000000	0.00000000	0.00000000	1	1	-0.12420
Fungal infection	Actinomyces sp. oral taxon 171	other_taxon	0	78	0.00000	4	322	0.01242	-0.01242	0.00000000	0.00000000	0.00000000	1	1	-0.12420
Fungal infection	Agrobacterium tumefaciens	other_taxon	0	78	0.00000	4	322	0.01242	-0.01242	0.00000000	0.00000000	0.00000000	1	1	-0.12420
Fungal infection	Bifidobacterium dentium	other_taxon	0	78	0.00000	4	322	0.01242	-0.01242	0.00000000	0.00000000	0.00000000	1	1	-0.12420
Fungal infection	Brevibacterium casei	other_taxon	0	78	0.00000	4	322	0.01242	-0.01242	0.00000000	0.00000000	0.00000000	1	1	-0.12420
Fungal infection	Burkholderia cenocepacia	other_taxon	0	78	0.00000	4	322	0.01242	-0.01242	0.00000000	0.00000000	0.00000000	1	1	-0.12420
Fungal infection	Burkholderia stagnalis	other_taxon	0	78	0.00000	4	322	0.01242	-0.01242	0.00000000	0.00000000	0.00000000	1	1	-0.12420
Fungal infection	Carnobacterium maltaromaticum	other_taxon	0	78	0.00000	4	322	0.01242	-0.01242	0.00000000	0.00000000	0.00000000	1	1	-0.12420
Fungal infection	Cloacibacterium caeni	other_taxon	0	78	0.00000	4	322	0.01242	-0.01242	0.00000000	0.00000000	0.00000000	1	1	-0.12420
Fungal infection	Cupriavidus pauculus	other_taxon	0	78	0.00000	4	322	0.01242	-0.01242	0.00000000	0.00000000	0.00000000	1	1	-0.12420
Fungal infection	Desulfomicrobium orale	other_taxon	0	78	0.00000	4	322	0.01242	-0.01242	0.00000000	0.00000000	0.00000000	1	1	-0.12420
Fungal infection	Desulfovibrio sp. G11	other_taxon	0	78	0.00000	4	322	0.01242	-0.01242	0.00000000	0.00000000	0.00000000	1	1	-0.12420
Fungal infection	Hydrogenophilus thermoluteolus	other_taxon	0	78	0.00000	4	322	0.01242	-0.01242	0.00000000	0.00000000	0.00000000	1	1	-0.12420
Fungal infection	Kingella oralis	other_taxon	0	78	0.00000	4	322	0.01242	-0.01242	0.00000000	0.00000000	0.00000000	1	1	-0.12420
Fungal infection	Klebsiella variicola	other_taxon	0	78	0.00000	4	322	0.01242	-0.01242	0.00000000	0.00000000	0.00000000	1	1	-0.12420
Fungal infection	Leptotrichia hofstadii	other_taxon	0	78	0.00000	4	322	0.01242	-0.01242	0.00000000	0.00000000	0.00000000	1	1	-0.12420
Fungal infection	Leptotrichia sp. oral taxon 498	other_taxon	0	78	0.00000	4	322	0.01242	-0.01242	0.00000000	0.00000000	0.00000000	1	1	-0.12420
Fungal infection	Metamycoplasma orale	other_taxon	0	78	0.00000	4	322	0.01242	-0.01242	0.00000000	0.00000000	0.00000000	1	1	-0.12420
Fungal infection	Mycobacterium sp. YC-RL4	other_taxon	0	78	0.00000	4	322	0.01242	-0.01242	0.00000000	0.00000000	0.00000000	1	1	-0.12420
Fungal infection	Neisseria animalis	other_taxon	0	78	0.00000	4	322	0.01242	-0.01242	0.00000000	0.00000000	0.00000000	1	1	-0.12420
Fungal infection	Neisseria brasiliensis	other_taxon	0	78	0.00000	4	322	0.01242	-0.01242	0.00000000	0.00000000	0.00000000	1	1	-0.12420
Fungal infection	Neisseria sp. KEM232	other_taxon	0	78	0.00000	4	322	0.01242	-0.01242	0.00000000	0.00000000	0.00000000	1	1	-0.12420
Fungal infection	Neisseria weixii	other_taxon	0	78	0.00000	4	322	0.01242	-0.01242	0.00000000	0.00000000	0.00000000	1	1	-0.12420
Fungal infection	Paraburkholderia aromaticivorans	other_taxon	0	78	0.00000	4	322	0.01242	-0.01242	0.00000000	0.00000000	0.00000000	1	1	-0.12420
Fungal infection	Paraburkholderia phytofirmans	other_taxon	0	78	0.00000	4	322	0.01242	-0.01242	0.00000000	0.00000000	0.00000000	1	1	-0.12420
Fungal infection	Paracoccus sp. Arc7-R13	other_taxon	0	78	0.00000	4	322	0.01242	-0.01242	0.00000000	0.00000000	0.00000000	1	1	-0.12420
Fungal infection	Porphyromonas crevioricanis	other_taxon	0	78	0.00000	4	322	0.01242	-0.01242	0.00000000	0.00000000	0.00000000	1	1	-0.12420
Fungal infection	Psychrobacter sanguinis	other_taxon	0	78	0.00000	4	322	0.01242	-0.01242	0.00000000	0.00000000	0.00000000	1	1	-0.12420
Fungal infection	Schlegelella aquatica	other_taxon	0	78	0.00000	4	322	0.01242	-0.01242	0.00000000	0.00000000	0.00000000	1	1	-0.12420
Fungal infection	Selenomonas timonae	other_taxon	0	78	0.00000	4	322	0.01242	-0.01242	0.00000000	0.00000000	0.00000000	1	1	-0.12420
Fungal infection	Serratia marcescens	other_taxon	0	78	0.00000	4	322	0.01242	-0.01242	0.00000000	0.00000000	0.00000000	1	1	-0.12420
Fungal infection	Sphingobium yanoikuyae	other_taxon	0	78	0.00000	4	322	0.01242	-0.01242	0.00000000	0.00000000	0.00000000	1	1	-0.12420
Fungal infection	Sphingomonas sanguinis	other_taxon	0	78	0.00000	4	322	0.01242	-0.01242	0.00000000	0.00000000	0.00000000	1	1	-0.12420
Fungal infection	Sphingomonas sp. NIC1	other_taxon	0	78	0.00000	4	322	0.01242	-0.01242	0.00000000	0.00000000	0.00000000	1	1	-0.12420
Fungal infection	Staphylococcus pasteuri	other_taxon	0	78	0.00000	4	322	0.01242	-0.01242	0.00000000	0.00000000	0.00000000	1	1	-0.12420
Fungal infection	Treponema sp. OMZ 305	other_taxon	0	78	0.00000	4	322	0.01242	-0.01242	0.00000000	0.00000000	0.00000000	1	1	-0.12420
Fungal infection	Uruburuella suis	other_taxon	0	78	0.00000	4	322	0.01242	-0.01242	0.00000000	0.00000000	0.00000000	1	1	-0.12420
Fungal infection	Malassezia restricta	other_taxon	5	78	0.06410	25	322	0.07764	-0.01354	0.00000000	0.00000000	0.00000000	0.813758	1	-0.13540
Fungal infection	Capnocytophaga endodontalis	other_taxon	2	78	0.02564	13	322	0.04037	-0.01473	0.00000000	0.00000000	0.00000000	0.745264	1	-0.14730
Fungal infection	Streptococcus intermedius	other_taxon	2	78	0.02564	13	322	0.04037	-0.01473	0.00000000	0.00000000	0.00000000	0.745264	1	-0.14730
Fungal infection	Acinetobacter guillouiae	other_taxon	1	78	0.01282	9	322	0.02795	-0.01513	0.00000000	0.00000000	0.00000000	0.694344	1	-0.15130
Fungal infection	Actinomyces naeslundii	other_taxon	1	78	0.01282	9	322	0.02795	-0.01513	0.00000000	0.00000000	0.00000000	0.694344	1	-0.15130
Fungal infection	Actinomyces oris	other_taxon	1	78	0.01282	9	322	0.02795	-0.01513	0.00000000	0.00000000	0.00000000	0.694344	1	-0.15130
Fungal infection	Aggregatibacter aphrophilus	other_taxon	1	78	0.01282	9	322	0.02795	-0.01513	0.00000000	0.00000000	0.00000000	0.694344	1	-0.15130
Fungal infection	Arachnia propionica	other_taxon	1	78	0.01282	9	322	0.02795	-0.01513	0.00000000	0.00000000	0.00000000	0.694344	1	-0.15130
Fungal infection	Corynebacterium accolens	other_taxon	1	78	0.01282	9	322	0.02795	-0.01513	0.00000000	0.00000000	0.00000000	0.694344	1	-0.15130
Fungal infection	Corynebacterium macginleyi	other_taxon	1	78	0.01282	9	322	0.02795	-0.01513	0.00000000	0.00000000	0.00000000	0.694344	1	-0.15130
Fungal infection	Corynebacterium segmentosum	other_taxon	1	78	0.01282	9	322	0.02795	-0.01513	0.00000000	0.00000000	0.00000000	0.694344	1	-0.15130
Fungal infection	Dialister pneumosintes	other_taxon	1	78	0.01282	9	322	0.02795	-0.01513	0.00000000	0.00000000	0.00000000	0.694344	1	-0.15130
Fungal infection	Leptotrichia sp. oral taxon 221	other_taxon	1	78	0.01282	9	322	0.02795	-0.01513	0.00000000	0.00000000	0.00000000	0.694344	1	-0.15130
Fungal infection	Prevotella dentalis	other_taxon	1	78	0.01282	9	322	0.02795	-0.01513	0.00000000	0.00000000	0.00000000	0.694344	1	-0.15130
Fungal infection	Streptococcus constellatus	other_taxon	1	78	0.01282	9	322	0.02795	-0.01513	0.00000000	0.00000000	0.00000000	0.694344	1	-0.15130
Fungal infection	Streptococcus sp. 1643	other_taxon	1	78	0.01282	9	322	0.02795	-0.01513	0.00000000	0.00000000	0.00000000	0.694344	1	-0.15130
Fungal infection	Burkholderia ubonensis	other_taxon	0	78	0.00000	5	322	0.01553	-0.01553	0.00000000	0.00000000	0.00000000	0.587936	1	-0.15530
Fungal infection	Cutibacterium modestum	other_taxon	0	78	0.00000	5	322	0.01553	-0.01553	0.00000000	0.00000000	0.00000000	0.587936	1	-0.15530
Fungal infection	Desulfobulbus oralis	other_taxon	0	78	0.00000	5	322	0.01553	-0.01553	0.00000000	0.00000000	0.00000000	0.587936	1	-0.15530
Fungal infection	Epilithonimonas vandammei	other_taxon	0	78	0.00000	5	322	0.01553	-0.01553	0.00000000	0.00000000	0.00000000	0.587936	1	-0.15530
Fungal infection	Escherichia coli	other_taxon	0	78	0.00000	5	322	0.01553	-0.01553	0.00000000	0.00000000	0.00000000	0.587936	1	-0.15530
Fungal infection	Human alphaherpesvirus 1	other_taxon	0	78	0.00000	5	322	0.01553	-0.01553	0.00000000	0.00000000	0.00000000	0.587936	1	-0.15530
Fungal infection	Ligilactobacillus salivarius	other_taxon	0	78	0.00000	5	322	0.01553	-0.01553	0.00000000	0.00000000	0.00000000	0.587936	1	-0.15530
Fungal infection	Neisseria bacilliformis	other_taxon	0	78	0.00000	5	322	0.01553	-0.01553	0.00000000	0.00000000	0.00000000	0.587936	1	-0.15530
Fungal infection	Rhizobium oryzihabitans	other_taxon	0	78	0.00000	5	322	0.01553	-0.01553	0.00000000	0.00000000	0.00000000	0.587936	1	-0.15530
Fungal infection	Selenomonas sp. oral taxon 478	other_taxon	0	78	0.00000	5	322	0.01553	-0.01553	0.00000000	0.00000000	0.00000000	0.587936	1	-0.15530
Fungal infection	Streptococcus sp. FDAARGOS_192	other_taxon	0	78	0.00000	5	322	0.01553	-0.01553	0.00000000	0.00000000	0.00000000	0.587936	1	-0.15530
Fungal infection	Treponema parvum	other_taxon	0	78	0.00000	5	322	0.01553	-0.01553	0.00000000	0.00000000	0.00000000	0.587936	1	-0.15530
Fungal infection	Zea mays	other_taxon	0	78	0.00000	5	322	0.01553	-0.01553	0.00000000	0.00000000	0.00000000	0.587936	1	-0.15530
Fungal infection	Streptococcus sp. LPB0220	other_taxon	4	78	0.05128	22	322	0.06832	-0.01704	0.00000000	0.00000000	0.00000000	0.798458	1	-0.17040
Fungal infection	Xanthomonas campestris	other_taxon	3	78	0.03846	18	322	0.05590	-0.01744	0.00000000	0.00000000	0.00000000	0.777581	1	-0.17440
Fungal infection	Methylobacterium brachiatum	other_taxon	2	78	0.02564	14	322	0.04348	-0.01784	0.00000000	0.00000000	0.00000000	0.747554	1	-0.17840
Fungal infection	Prevotella fusca	other_taxon	2	78	0.02564	14	322	0.04348	-0.01784	0.00000000	0.00000000	0.00000000	0.747554	1	-0.17840
Fungal infection	Dolosigranulum pigrum	other_taxon	1	78	0.01282	10	322	0.03106	-0.01824	0.00000000	0.00000000	0.00000000	0.69922	1	-0.18240
Fungal infection	Propionibacterium acidifaciens	other_taxon	1	78	0.01282	10	322	0.03106	-0.01824	0.00000000	0.00000000	0.00000000	0.69922	1	-0.18240
Fungal infection	Sphingomonas melonis	other_taxon	1	78	0.01282	10	322	0.03106	-0.01824	0.00000000	0.00000000	0.00000000	0.69922	1	-0.18240
Fungal infection	Acidovorax sp. KKS102	other_taxon	0	78	0.00000	6	322	0.01863	-0.01863	0.00000000	0.00000000	0.00000000	0.601915	1	-0.18630
Fungal infection	Acinetobacter sp. TTH0-4	other_taxon	0	78	0.00000	6	322	0.01863	-0.01863	0.00000000	0.00000000	0.00000000	0.601915	1	-0.18630
Fungal infection	Atopobium sp. oral taxon 416	other_taxon	0	78	0.00000	6	322	0.01863	-0.01863	0.00000000	0.00000000	0.00000000	0.601915	1	-0.18630
Fungal infection	Cardiobacterium hominis	other_taxon	0	78	0.00000	6	322	0.01863	-0.01863	0.00000000	0.00000000	0.00000000	0.601915	1	-0.18630
Fungal infection	Corynebacterium jeikeium	other_taxon	0	78	0.00000	6	322	0.01863	-0.01863	0.00000000	0.00000000	0.00000000	0.601915	1	-0.18630
Fungal infection	Fretibacterium fastidiosum	other_taxon	0	78	0.00000	6	322	0.01863	-0.01863	0.00000000	0.00000000	0.00000000	0.601915	1	-0.18630
Fungal infection	Pyramidobacter piscolens	other_taxon	0	78	0.00000	6	322	0.01863	-0.01863	0.00000000	0.00000000	0.00000000	0.601915	1	-0.18630
Fungal infection	Staphylococcus cohnii	other_taxon	0	78	0.00000	6	322	0.01863	-0.01863	0.00000000	0.00000000	0.00000000	0.601915	1	-0.18630
Fungal infection	Prevotella sp. oral taxon 299	other_taxon	6	78	0.07692	31	322	0.09627	-0.01935	0.00000000	0.00000000	0.00000000	0.827369	1	-0.19350
Fungal infection	Streptococcus gordonii	other_taxon	4	78	0.05128	23	322	0.07143	-0.02015	0.00000000	0.00000000	0.00000000	0.623909	1	-0.20150
Fungal infection	Veillonella atypica	other_taxon	10	78	0.12821	48	322	0.14907	-0.02086	0.00000000	0.00000000	0.00000000	0.722584	1	-0.20860
Fungal infection	Treponema medium	other_taxon	2	78	0.02564	15	322	0.04658	-0.02094	0.00000000	0.00000000	0.00000000	0.543781	1	-0.20940
Fungal infection	Haemophilus sp. oral taxon 036	other_taxon	1	78	0.01282	11	322	0.03416	-0.02134	0.00000000	0.00000000	0.00000000	0.474525	1	-0.21340
Fungal infection	Selenomonas sputigena	other_taxon	1	78	0.01282	11	322	0.03416	-0.02134	0.00000000	0.00000000	0.00000000	0.474525	1	-0.21340
Fungal infection	Gemella haemolysans	other_taxon	8	78	0.10256	40	322	0.12422	-0.02166	0.00000000	0.00000000	0.00000000	0.700275	1	-0.21660
Fungal infection	Cupriavidus metallidurans	other_taxon	0	78	0.00000	7	322	0.02174	-0.02174	0.00000000	0.00000000	0.00000000	0.354038	1	-0.21740
Fungal infection	Ralstonia mannitolilytica	other_taxon	0	78	0.00000	7	322	0.02174	-0.02174	0.00000000	0.00000000	0.00000000	0.354038	1	-0.21740
Fungal infection	Streptococcus sp. 116-D4	other_taxon	4	78	0.05128	24	322	0.07453	-0.02325	0.00000000	0.00000000	0.00000000	0.623274	1	-0.23250
Fungal infection	Streptococcus australis	other_taxon	3	78	0.03846	20	322	0.06211	-0.02365	0.00000000	0.00000000	0.00000000	0.590013	1	-0.23650
Fungal infection	Lancefieldella parvula	other_taxon	2	78	0.02564	16	322	0.04969	-0.02405	0.00000000	0.00000000	0.00000000	0.544595	1	-0.24050
Fungal infection	Prevotella sp. oral taxon 475	other_taxon	2	78	0.02564	16	322	0.04969	-0.02405	0.00000000	0.00000000	0.00000000	0.544595	1	-0.24050
Fungal infection	Prevotella multiformis	other_taxon	1	78	0.01282	12	322	0.03727	-0.02445	0.00000000	0.00000000	0.00000000	0.477501	1	-0.24450
Fungal infection	Treponema socranskii	other_taxon	1	78	0.01282	12	322	0.03727	-0.02445	0.00000000	0.00000000	0.00000000	0.477501	1	-0.24450
Fungal infection	Burkholderia multivorans	other_taxon	0	78	0.00000	8	322	0.02484	-0.02484	0.00000000	0.00000000	0.00000000	0.363773	1	-0.24840
Fungal infection	Olsenella sp. oral taxon 807	other_taxon	0	78	0.00000	8	322	0.02484	-0.02484	0.00000000	0.00000000	0.00000000	0.363773	1	-0.24840
Fungal infection	Neisseria subflava	other_taxon	4	78	0.05128	25	322	0.07764	-0.02636	0.00000000	0.00000000	0.00000000	0.625825	1	-0.26360
Fungal infection	Veillonella sp. S12025-13	other_taxon	4	78	0.05128	25	322	0.07764	-0.02636	0.00000000	0.00000000	0.00000000	0.625825	1	-0.26360
Fungal infection	Streptococcus oralis	oral_respiratory_commensal_context	11	78	0.14103	54	322	0.16770	-0.02668	0.00000000	0.00000000	0.00000000	0.732202	1	-0.26680
Fungal infection	Haemophilus parahaemolyticus	other_taxon	2	78	0.02564	17	322	0.05280	-0.02715	0.00000000	0.00000000	0.00000000	0.550833	1	-0.27150
Fungal infection	Acinetobacter sp. NyZ410	other_taxon	1	78	0.01282	13	322	0.04037	-0.02755	0.00000000	0.00000000	0.00000000	0.321104	1	-0.27550
Fungal infection	Bacteroides zoogleoformans	other_taxon	1	78	0.01282	13	322	0.04037	-0.02755	0.00000000	0.00000000	0.00000000	0.321104	1	-0.27550
Fungal infection	Fusobacterium periodonticum	other_taxon	1	78	0.01282	13	322	0.04037	-0.02755	0.00000000	0.00000000	0.00000000	0.321104	1	-0.27550
Fungal infection	Neisseria meningitidis	other_taxon	1	78	0.01282	13	322	0.04037	-0.02755	0.00000000	0.00000000	0.00000000	0.321104	1	-0.27550
Fungal infection	Staphylococcus warneri	other_taxon	1	78	0.01282	13	322	0.04037	-0.02755	0.00000000	0.00000000	0.00000000	0.321104	1	-0.27550
Fungal infection	Ralstonia insidiosa	other_taxon	0	78	0.00000	9	322	0.02795	-0.02795	0.00000000	0.00000000	0.00000000	0.215728	1	-0.27950
Fungal infection	Veillonella dispar	other_taxon	5	78	0.06410	30	322	0.09317	-0.02907	0.00000000	0.00000000	0.00000000	0.508195	1	-0.29070
Fungal infection	Leptotrichia sp. oral taxon 212	other_taxon	2	78	0.02564	18	322	0.05590	-0.03026	0.00000000	0.00000000	0.00000000	0.389284	1	-0.30260
Fungal infection	Chryseobacterium manosquense	other_taxon	1	78	0.01282	14	322	0.04348	-0.03066	0.00000000	0.00000000	0.00000000	0.321188	1	-0.30660
Fungal infection	Corynebacterium matruchotii	other_taxon	1	78	0.01282	14	322	0.04348	-0.03066	0.00000000	0.00000000	0.00000000	0.321188	1	-0.30660
Fungal infection	Staphylococcus capitis	other_taxon	0	78	0.00000	10	322	0.03106	-0.03106	0.00000000	0.00000000	0.00000000	0.220702	1	-0.31060
Fungal infection	Campylobacter showae	other_taxon	3	78	0.03846	23	322	0.07143	-0.03297	0.00000000	0.00000000	0.00000000	0.441634	1	-0.32970
Fungal infection	Leptotrichia wadei	other_taxon	2	78	0.02564	19	322	0.05901	-0.03337	0.00000000	0.00000000	0.00000000	0.393702	1	-0.33370
Fungal infection	Actinomyces sp. oral taxon 414	other_taxon	1	78	0.01282	15	322	0.04658	-0.03376	0.00000000	0.00000000	0.00000000	0.329118	1	-0.33760
Fungal infection	Metamycoplasma salivarium	other_taxon	1	78	0.01282	15	322	0.04658	-0.03376	0.00000000	0.00000000	0.00000000	0.329118	1	-0.33760
Fungal infection	Mogibacterium pumilum	other_taxon	1	78	0.01282	15	322	0.04658	-0.03376	0.00000000	0.00000000	0.00000000	0.329118	1	-0.33760
Fungal infection	Capnocytophaga sputigena	other_taxon	5	78	0.06410	32	322	0.09938	-0.03528	0.00000000	0.00000000	0.00000000	0.392058	1	-0.35280
Fungal infection	Streptococcus parasanguinis	other_taxon	5	78	0.06410	32	322	0.09938	-0.03528	0.00000000	0.00000000	0.00000000	0.392058	1	-0.35280
Fungal infection	Veillonella nakazawae	other_taxon	3	78	0.03846	24	322	0.07453	-0.03607	0.00000000	0.00000000	0.00000000	0.321855	1	-0.36070
Fungal infection	Tannerella serpentiformis	other_taxon	2	78	0.02564	20	322	0.06211	-0.03647	0.00000000	0.00000000	0.00000000	0.274313	1	-0.36470
Fungal infection	Prevotella enoeca	other_taxon	1	78	0.01282	16	322	0.04969	-0.03687	0.00000000	0.00000000	0.00000000	0.213792	1	-0.36870
Fungal infection	Granulicatella adiacens	other_taxon	7	78	0.08974	41	322	0.12733	-0.03759	0.00000000	0.00000000	0.00000000	0.440085	1	-0.37590
Fungal infection	Streptococcus salivarius	other_taxon	6	78	0.07692	37	322	0.11491	-0.03798	0.00000000	0.00000000	0.00000000	0.41751	1	-0.37980
Fungal infection	Capnocytophaga leadbetteri	other_taxon	4	78	0.05128	29	322	0.09006	-0.03878	0.00000000	0.00000000	0.00000000	0.360011	1	-0.38780
Fungal infection	Capnocytophaga sp. FDAARGOS_737	other_taxon	4	78	0.05128	29	322	0.09006	-0.03878	0.00000000	0.00000000	0.00000000	0.360011	1	-0.38780
Fungal infection	Treponema vincentii	other_taxon	2	78	0.02564	21	322	0.06522	-0.03958	0.00000000	0.00000000	0.00000000	0.276468	1	-0.39580
Fungal infection	Streptococcus anginosus	other_taxon	1	78	0.01282	17	322	0.05280	-0.03997	0.00000000	0.00000000	0.00000000	0.218549	1	-0.39970
Fungal infection	Olsenella uli	other_taxon	0	78	0.00000	13	322	0.04037	-0.04037	0.00000000	0.00000000	0.00000000	0.0814046	1	-0.40370
Fungal infection	Streptococcus toyakuensis	other_taxon	4	78	0.05128	30	322	0.09317	-0.04189	0.00000000	0.00000000	0.00000000	0.363531	1	-0.41890
Fungal infection	Filifactor alocis	other_taxon	2	78	0.02564	22	322	0.06832	-0.04268	0.00000000	0.00000000	0.00000000	0.191165	1	-0.42680
Fungal infection	Ralstonia pickettii	other_taxon	2	78	0.02564	22	322	0.06832	-0.04268	0.00000000	0.00000000	0.00000000	0.191165	1	-0.42680
Fungal infection	Rothia dentocariosa	other_taxon	2	78	0.02564	22	322	0.06832	-0.04268	0.00000000	0.00000000	0.00000000	0.191165	1	-0.42680
Fungal infection	Arabidopsis thaliana	background_or_low_specificity	72	78	0.92308	311	322	0.96584	-0.04276	0.31137500	0.20275500	0.10862000	0.114151	1	30.70990
Fungal infection	Camelina sativa	background_or_low_specificity	7	78	0.08974	43	322	0.13354	-0.04380	0.00000000	0.00000000	0.00000000	0.344787	1	-0.43800
Fungal infection	Prevotella jejuni	oral_respiratory_commensal_context	12	78	0.15385	64	322	0.19876	-0.04491	0.00000000	0.00000000	0.00000000	0.423472	1	-0.44910
Fungal infection	Streptococcus infantis	other_taxon	4	78	0.05128	31	322	0.09627	-0.04499	0.00000000	0.00000000	0.00000000	0.266669	1	-0.44990
Fungal infection	Haemophilus parainfluenzae	other_taxon	10	78	0.12821	56	322	0.17391	-0.04571	0.00000000	0.00000000	0.00000000	0.39695	1	-0.45710
Fungal infection	Porphyromonas sp. oral taxon 275	other_taxon	1	78	0.01282	19	322	0.05901	-0.04619	0.00000000	0.00000000	0.00000000	0.143519	1	-0.46190
Fungal infection	Streptococcus sp. Marseille-Q3533	other_taxon	4	78	0.05128	32	322	0.09938	-0.04810	0.00000000	0.00000000	0.00000000	0.268562	1	-0.48100
Fungal infection	Bacteroides heparinolyticus	other_taxon	2	78	0.02564	24	322	0.07453	-0.04889	0.00000000	0.00000000	0.00000000	0.132047	1	-0.48890
Fungal infection	Prevotella scopos	other_taxon	2	78	0.02564	24	322	0.07453	-0.04889	0.00000000	0.00000000	0.00000000	0.132047	1	-0.48890
Fungal infection	Prevotella histicola	other_taxon	4	78	0.05128	33	322	0.10248	-0.05120	0.00000000	0.00000000	0.00000000	0.195077	1	-0.51200
Fungal infection	Streptococcus pseudopneumoniae	other_taxon	4	78	0.05128	33	322	0.10248	-0.05120	0.00000000	0.00000000	0.00000000	0.195077	1	-0.51200
Fungal infection	Mogibacterium diversum	other_taxon	3	78	0.03846	29	322	0.09006	-0.05160	0.00000000	0.00000000	0.00000000	0.164972	1	-0.51600
Fungal infection	Streptococcus sp. oral taxon 061	other_taxon	3	78	0.03846	29	322	0.09006	-0.05160	0.00000000	0.00000000	0.00000000	0.164972	1	-0.51600
Fungal infection	Streptococcus cristatus	other_taxon	2	78	0.02564	25	322	0.07764	-0.05200	0.00000000	0.00000000	0.00000000	0.131113	1	-0.52000
Fungal infection	Neisseria flavescens	other_taxon	1	78	0.01282	21	322	0.06522	-0.05240	0.00000000	0.00000000	0.00000000	0.0934362	1	-0.52400
Fungal infection	Streptococcus sp. oral taxon 431	other_taxon	5	78	0.06410	38	322	0.11801	-0.05391	0.00000000	0.00000000	0.00000000	0.221538	1	-0.53910
Fungal infection	Gemella morbillorum	other_taxon	3	78	0.03846	30	322	0.09317	-0.05471	0.00000000	0.00000000	0.00000000	0.166408	1	-0.54710
Fungal infection	Candidatus Nanosynbacter sp. HMT-352	other_taxon	2	78	0.02564	26	322	0.08075	-0.05510	0.00000000	0.00000000	0.00000000	0.133857	1	-0.55100
Fungal infection	Haemophilus haemolyticus	other_taxon	1	78	0.01282	22	322	0.06832	-0.05550	0.00000000	0.00000000	0.00000000	0.0605577	1	-0.55500
Fungal infection	Fusobacterium nucleatum	oral_respiratory_commensal_context	7	78	0.08974	47	322	0.14596	-0.05622	0.00000000	0.00000000	0.00000000	0.266805	1	-0.56220
Fungal infection	Streptococcus sp. Marseille-Q6470	other_taxon	3	78	0.03846	31	322	0.09627	-0.05781	0.00000000	0.00000000	0.00000000	0.116094	1	-0.57810
Fungal infection	Campylobacter concisus	other_taxon	6	78	0.07692	44	322	0.13665	-0.05972	0.00000000	0.00000000	0.00000000	0.183498	1	-0.59720
Fungal infection	Fusobacterium pseudoperiodonticum	other_taxon	5	78	0.06410	40	322	0.12422	-0.06012	0.00000000	0.00000000	0.00000000	0.162989	1	-0.60120
Fungal infection	Prevotella denticola	other_taxon	3	78	0.03846	32	322	0.09938	-0.06092	0.00000000	0.00000000	0.00000000	0.116319	1	-0.60920
Fungal infection	Rothia mucilaginosa	oral_respiratory_commensal_context	17	78	0.21795	90	322	0.27950	-0.06155	0.00000000	0.00000000	0.00000000	0.319118	1	-0.61550
Fungal infection	Treponema denticola	other_taxon	3	78	0.03846	34	322	0.10559	-0.06713	0.00000000	0.00000000	0.00000000	0.0804707	1	-0.67130
Fungal infection	Veillonella parvula	oral_respiratory_commensal_context	9	78	0.11538	59	322	0.18323	-0.06785	0.00000000	0.00000000	0.00000000	0.180236	1	-0.67850
Fungal infection	Streptococcus mitis	oral_respiratory_commensal_context	11	78	0.14103	68	322	0.21118	-0.07015	0.00000000	0.00000000	0.00000000	0.204598	1	-0.70150
Fungal infection	Prevotella oris	other_taxon	3	78	0.03846	36	322	0.11180	-0.07334	0.00000000	0.00000000	0.00000000	0.0551851	1	-0.73340
Fungal infection	Tannerella forsythia	other_taxon	3	78	0.03846	36	322	0.11180	-0.07334	0.00000000	0.00000000	0.00000000	0.0551851	1	-0.73340
Fungal infection	Prevotella nigrescens	other_taxon	7	78	0.08974	53	322	0.16460	-0.07485	0.00000000	0.00000000	0.00000000	0.112483	1	-0.74850
Fungal infection	Prevotella melaninogenica	oral_respiratory_commensal_context	20	78	0.25641	107	322	0.33230	-0.07589	0.00000000	0.00000000	0.00000000	0.223578	1	-0.75890
Fungal infection	Capnocytophaga gingivalis	other_taxon	3	78	0.03846	37	322	0.11491	-0.07645	0.00000000	0.00000000	0.00000000	0.0559056	1	-0.76450
Fungal infection	Prevotella veroralis	other_taxon	4	78	0.05128	42	322	0.13043	-0.07915	0.00000000	0.00000000	0.00000000	0.049342	1	-0.79150
Fungal infection	Rothia aeria	other_taxon	2	78	0.02564	34	322	0.10559	-0.07995	0.00000000	0.00000000	0.00000000	0.0262687	1	-0.79950
Fungal infection	Campylobacter rectus	other_taxon	3	78	0.03846	41	322	0.12733	-0.08887	0.00000000	0.00000000	0.00000000	0.0252434	1	-0.88870
Lung cancer	Klebsiella pneumoniae	wetlab_priority_pathogen	5	122	0.04098	7	278	0.02518	0.01580	0.00000000	0.00000000	0.00000000	0.524465	1	2.15800
Lung cancer	Candida albicans	wetlab_priority_pathogen	7	122	0.05738	13	278	0.04676	0.01061	0.00000000	0.00000000	0.00000000	0.626494	1	2.10610
Lung cancer	Streptococcus pneumoniae	wetlab_priority_pathogen	19	122	0.15574	41	278	0.14748	0.00826	0.00000000	0.00000000	0.00000000	0.879351	1	2.08260
Lung cancer	Staphylococcus aureus	wetlab_priority_pathogen	4	122	0.03279	8	278	0.02878	0.00401	0.00000000	0.00000000	0.00000000	0.761238	1	2.04010
Lung cancer	Stenotrophomonas maltophilia	wetlab_priority_pathogen	6	122	0.04918	13	278	0.04676	0.00242	0.00000000	0.00000000	0.00000000	1	1	2.02420
Lung cancer	Acinetobacter baumannii	wetlab_priority_pathogen	4	122	0.03279	9	278	0.03237	0.00041	0.00000000	0.00000000	0.00000000	1	1	2.00410
Lung cancer	Aspergillus fumigatus	wetlab_priority_pathogen	3	122	0.02459	8	278	0.02878	-0.00419	0.00000000	0.00000000	0.00000000	1	1	1.95810
Lung cancer	Cryptococcus neoformans	wetlab_priority_pathogen	2	122	0.01639	6	278	0.02158	-0.00519	0.00000000	0.00000000	0.00000000	1	1	1.94810
Lung cancer	Haemophilus influenzae	wetlab_priority_pathogen	10	122	0.08197	25	278	0.08993	-0.00796	0.00000000	0.00000000	0.00000000	0.850302	1	1.92040
Lung cancer	Pseudomonas aeruginosa	wetlab_priority_pathogen	7	122	0.05738	23	278	0.08273	-0.02536	0.00000000	0.00000000	0.00000000	0.41831	1	1.74640
Lung cancer	Mycobacterium tuberculosis	wetlab_priority_pathogen	0	122	0.00000	9	278	0.03237	-0.03237	0.00000000	0.00000000	0.00000000	0.062376	1	1.67630
Lung cancer	Ralstonia pickettii	other_taxon	14	122	0.11475	10	278	0.03597	0.07878	0.00000000	0.00000000	0.00000000	0.00475894	0.329704	0.78780
Lung cancer	Veillonella parvula	oral_respiratory_commensal_context	30	122	0.24590	38	278	0.13669	0.10921	0.00000000	0.00000000	0.00000000	0.00926927	0.568021	1.09210
Lung cancer	Atopobium sp. oral taxon 416	other_taxon	5	122	0.04098	1	278	0.00360	0.03739	0.00000000	0.00000000	0.00000000	0.0112563	0.615879	0.37390
Lung cancer	Haemophilus parainfluenzae	other_taxon	27	122	0.22131	39	278	0.14029	0.08102	0.00000000	0.00000000	0.00000000	0.0565863	1	0.81020
Lung cancer	Camelina sativa	background_or_low_specificity	22	122	0.18033	28	278	0.10072	0.07961	0.00000000	0.00000000	0.00000000	0.0326774	1	0.79610
Lung cancer	Prevotella melaninogenica	oral_respiratory_commensal_context	44	122	0.36066	83	278	0.29856	0.06209	0.00000000	0.00000000	0.00000000	0.243783	1	0.62090
Lung cancer	Streptococcus mitis	oral_respiratory_commensal_context	29	122	0.23770	50	278	0.17986	0.05785	0.00000000	0.00000000	0.00000000	0.219255	1	0.57850
Lung cancer	Streptococcus salivarius	other_taxon	18	122	0.14754	25	278	0.08993	0.05761	0.00000000	0.00000000	0.00000000	0.113378	1	0.57610
Lung cancer	Neisseria mucosa	other_taxon	16	122	0.13115	22	278	0.07914	0.05201	0.00000000	0.00000000	0.00000000	0.136988	1	0.52010
Lung cancer	Rothia mucilaginosa	oral_respiratory_commensal_context	37	122	0.30328	70	278	0.25180	0.05148	0.00000000	0.00000000	0.00000000	0.326424	1	0.51480
Lung cancer	Methylobacterium brachiatum	other_taxon	9	122	0.07377	7	278	0.02518	0.04859	0.00000000	0.00000000	0.00000000	0.0285831	1	0.48590
Lung cancer	Haemophilus haemolyticus	other_taxon	11	122	0.09016	12	278	0.04317	0.04700	0.00000000	0.00000000	0.00000000	0.0994353	1	0.47000
Lung cancer	Streptococcus sp. oral taxon 431	other_taxon	17	122	0.13934	26	278	0.09353	0.04582	0.00000000	0.00000000	0.00000000	0.218882	1	0.45820
Lung cancer	Prevotella jejuni	oral_respiratory_commensal_context	27	122	0.22131	49	278	0.17626	0.04505	0.00000000	0.00000000	0.00000000	0.332597	1	0.45050
Lung cancer	Streptococcus parasanguinis	other_taxon	15	122	0.12295	22	278	0.07914	0.04381	0.00000000	0.00000000	0.00000000	0.189689	1	0.43810
Lung cancer	Staphylococcus haemolyticus	other_taxon	12	122	0.09836	16	278	0.05755	0.04081	0.00000000	0.00000000	0.00000000	0.142782	1	0.40810
Lung cancer	Corynebacterium matruchotii	other_taxon	8	122	0.06557	7	278	0.02518	0.04039	0.00000000	0.00000000	0.00000000	0.0814333	1	0.40390
Lung cancer	Moraxella osloensis	other_taxon	15	122	0.12295	23	278	0.08273	0.04022	0.00000000	0.00000000	0.00000000	0.26567	1	0.40220
Lung cancer	Granulicatella adiacens	other_taxon	18	122	0.14754	30	278	0.10791	0.03963	0.00000000	0.00000000	0.00000000	0.315667	1	0.39630
Lung cancer	Haemophilus sp. oral taxon 036	other_taxon	7	122	0.05738	5	278	0.01799	0.03939	0.00000000	0.00000000	0.00000000	0.0515004	1	0.39390
Lung cancer	Neisseria subflava	other_taxon	12	122	0.09836	17	278	0.06115	0.03721	0.00000000	0.00000000	0.00000000	0.210136	1	0.37210
Lung cancer	Streptococcus sp. LPB0220	other_taxon	11	122	0.09016	15	278	0.05396	0.03621	0.00000000	0.00000000	0.00000000	0.189726	1	0.36210
Lung cancer	Rothia aeria	other_taxon	14	122	0.11475	22	278	0.07914	0.03562	0.00000000	0.00000000	0.00000000	0.259073	1	0.35620
Lung cancer	Prevotella intermedia	oral_respiratory_commensal_context	24	122	0.19672	45	278	0.16187	0.03485	0.00000000	0.00000000	0.00000000	0.392316	1	0.34850
Lung cancer	Staphylococcus capitis	other_taxon	6	122	0.04918	4	278	0.01439	0.03479	0.00000000	0.00000000	0.00000000	0.0739309	1	0.34790
Lung cancer	Gemella morbillorum	other_taxon	13	122	0.10656	20	278	0.07194	0.03461	0.00000000	0.00000000	0.00000000	0.243385	1	0.34610
Lung cancer	Parvimonas micra	other_taxon	19	122	0.15574	34	278	0.12230	0.03344	0.00000000	0.00000000	0.00000000	0.423193	1	0.33440
Lung cancer	Schaalia odontolytica	other_taxon	19	122	0.15574	34	278	0.12230	0.03344	0.00000000	0.00000000	0.00000000	0.423193	1	0.33440
Lung cancer	Capnocytophaga gingivalis	other_taxon	15	122	0.12295	25	278	0.08993	0.03302	0.00000000	0.00000000	0.00000000	0.365307	1	0.33020
Lung cancer	Acinetobacter sp. NyZ410	other_taxon	7	122	0.05738	7	278	0.02518	0.03220	0.00000000	0.00000000	0.00000000	0.137978	1	0.32200
Lung cancer	Prevotella sp. oral taxon 299	other_taxon	14	122	0.11475	23	278	0.08273	0.03202	0.00000000	0.00000000	0.00000000	0.349199	1	0.32020
Lung cancer	Aggregatibacter sp. 2125159857	other_taxon	6	122	0.04918	5	278	0.01799	0.03119	0.00000000	0.00000000	0.00000000	0.0982791	1	0.31190
Lung cancer	Streptococcus sp. Marseille-Q6470	other_taxon	13	122	0.10656	21	278	0.07554	0.03102	0.00000000	0.00000000	0.00000000	0.33205	1	0.31020
Lung cancer	Leptotrichia wadei	other_taxon	9	122	0.07377	12	278	0.04317	0.03061	0.00000000	0.00000000	0.00000000	0.226667	1	0.30610
Lung cancer	Chryseobacterium manosquense	other_taxon	7	122	0.05738	8	278	0.02878	0.02860	0.00000000	0.00000000	0.00000000	0.250371	1	0.28600
Lung cancer	Gemella haemolysans	other_taxon	17	122	0.13934	31	278	0.11151	0.02783	0.00000000	0.00000000	0.00000000	0.5039	1	0.27830
Lung cancer	Prevotella denticola	other_taxon	13	122	0.10656	22	278	0.07914	0.02742	0.00000000	0.00000000	0.00000000	0.441967	1	0.27420
Lung cancer	Veillonella dispar	other_taxon	13	122	0.10656	22	278	0.07914	0.02742	0.00000000	0.00000000	0.00000000	0.441967	1	0.27420
Lung cancer	Veillonella atypica	other_taxon	20	122	0.16393	38	278	0.13669	0.02724	0.00000000	0.00000000	0.00000000	0.537472	1	0.27240
Lung cancer	Neisseria flavescens	other_taxon	9	122	0.07377	13	278	0.04676	0.02701	0.00000000	0.00000000	0.00000000	0.340121	1	0.27010
Lung cancer	Gemella sanguinis	other_taxon	16	122	0.13115	29	278	0.10432	0.02683	0.00000000	0.00000000	0.00000000	0.492055	1	0.26830
Lung cancer	Mogibacterium diversum	other_taxon	12	122	0.09836	20	278	0.07194	0.02642	0.00000000	0.00000000	0.00000000	0.42368	1	0.26420
Lung cancer	Haemophilus parahaemolyticus	other_taxon	8	122	0.06557	11	278	0.03957	0.02601	0.00000000	0.00000000	0.00000000	0.307595	1	0.26010
Lung cancer	Streptococcus oralis	oral_respiratory_commensal_context	22	122	0.18033	43	278	0.15468	0.02565	0.00000000	0.00000000	0.00000000	0.556832	1	0.25650
Lung cancer	Bradyrhizobium sp. SK17	other_taxon	4	122	0.03279	2	278	0.00719	0.02559	0.00000000	0.00000000	0.00000000	0.0729855	1	0.25590
Lung cancer	Corynebacterium jeikeium	other_taxon	4	122	0.03279	2	278	0.00719	0.02559	0.00000000	0.00000000	0.00000000	0.0729855	1	0.25590
Lung cancer	Staphylococcus cohnii	other_taxon	4	122	0.03279	2	278	0.00719	0.02559	0.00000000	0.00000000	0.00000000	0.0729855	1	0.25590
Lung cancer	Veillonella sp. S12025-13	other_taxon	11	122	0.09016	18	278	0.06475	0.02542	0.00000000	0.00000000	0.00000000	0.403713	1	0.25420
Lung cancer	Bradyrhizobium sp. 6(2017)	other_taxon	3	122	0.02459	0	278	0.00000	0.02459	0.00000000	0.00000000	0.00000000	0.0278876	1	0.24590
Lung cancer	Staphylococcus pettenkoferi	other_taxon	3	122	0.02459	0	278	0.00000	0.02459	0.00000000	0.00000000	0.00000000	0.0278876	1	0.24590
Lung cancer	Staphylococcus saprophyticus	other_taxon	3	122	0.02459	0	278	0.00000	0.02459	0.00000000	0.00000000	0.00000000	0.0278876	1	0.24590
Lung cancer	Olsenella uli	other_taxon	6	122	0.04918	7	278	0.02518	0.02400	0.00000000	0.00000000	0.00000000	0.228519	1	0.24000
Lung cancer	Streptococcus sp. Marseille-Q3533	other_taxon	13	122	0.10656	23	278	0.08273	0.02382	0.00000000	0.00000000	0.00000000	0.45164	1	0.23820
Lung cancer	Prevotella veroralis	other_taxon	16	122	0.13115	30	278	0.10791	0.02323	0.00000000	0.00000000	0.00000000	0.499951	1	0.23230
Lung cancer	Porphyromonas endodontalis	other_taxon	19	122	0.15574	37	278	0.13309	0.02264	0.00000000	0.00000000	0.00000000	0.535551	1	0.22640
Lung cancer	Kocuria palustris	other_taxon	4	122	0.03279	3	278	0.01079	0.02200	0.00000000	0.00000000	0.00000000	0.207157	1	0.22000
Lung cancer	Neisseria cinerea	other_taxon	4	122	0.03279	3	278	0.01079	0.02200	0.00000000	0.00000000	0.00000000	0.207157	1	0.22000
Lung cancer	Malassezia restricta	other_taxon	11	122	0.09016	19	278	0.06835	0.02182	0.00000000	0.00000000	0.00000000	0.5363	1	0.21820
Lung cancer	Agrobacterium tumefaciens	other_taxon	3	122	0.02459	1	278	0.00360	0.02099	0.00000000	0.00000000	0.00000000	0.0864725	1	0.20990
Lung cancer	Bifidobacterium dentium	other_taxon	3	122	0.02459	1	278	0.00360	0.02099	0.00000000	0.00000000	0.00000000	0.0864725	1	0.20990
Lung cancer	Bradyrhizobium sp. CCBAU 53421	other_taxon	3	122	0.02459	1	278	0.00360	0.02099	0.00000000	0.00000000	0.00000000	0.0864725	1	0.20990
Lung cancer	Brevibacterium casei	other_taxon	3	122	0.02459	1	278	0.00360	0.02099	0.00000000	0.00000000	0.00000000	0.0864725	1	0.20990
Lung cancer	Cupriavidus pauculus	other_taxon	3	122	0.02459	1	278	0.00360	0.02099	0.00000000	0.00000000	0.00000000	0.0864725	1	0.20990
Lung cancer	Paraburkholderia phytofirmans	other_taxon	3	122	0.02459	1	278	0.00360	0.02099	0.00000000	0.00000000	0.00000000	0.0864725	1	0.20990
Lung cancer	Rothia amarae	other_taxon	3	122	0.02459	1	278	0.00360	0.02099	0.00000000	0.00000000	0.00000000	0.0864725	1	0.20990
Lung cancer	Staphylococcus sp. M0911	other_taxon	3	122	0.02459	1	278	0.00360	0.02099	0.00000000	0.00000000	0.00000000	0.0864725	1	0.20990
Lung cancer	Veillonella nakazawae	other_taxon	10	122	0.08197	17	278	0.06115	0.02082	0.00000000	0.00000000	0.00000000	0.51641	1	0.20820
Lung cancer	Staphylococcus epidermidis	other_taxon	17	122	0.13934	33	278	0.11871	0.02064	0.00000000	0.00000000	0.00000000	0.622685	1	0.20640
Lung cancer	Staphylococcus warneri	other_taxon	6	122	0.04918	8	278	0.02878	0.02040	0.00000000	0.00000000	0.00000000	0.375551	1	0.20400
Lung cancer	Neisseria sicca	other_taxon	13	122	0.10656	24	278	0.08633	0.02023	0.00000000	0.00000000	0.00000000	0.574565	1	0.20230
Lung cancer	Streptococcus pseudopneumoniae	other_taxon	13	122	0.10656	24	278	0.08633	0.02023	0.00000000	0.00000000	0.00000000	0.574565	1	0.20230
Lung cancer	Rothia dentocariosa	other_taxon	9	122	0.07377	15	278	0.05396	0.01981	0.00000000	0.00000000	0.00000000	0.493943	1	0.19810
Lung cancer	Streptococcus sp. HSISM1	other_taxon	9	122	0.07377	15	278	0.05396	0.01981	0.00000000	0.00000000	0.00000000	0.493943	1	0.19810
Lung cancer	Corynebacterium tuberculostearicum	other_taxon	5	122	0.04098	6	278	0.02158	0.01940	0.00000000	0.00000000	0.00000000	0.321927	1	0.19400
Lung cancer	Propionibacterium acidifaciens	other_taxon	5	122	0.04098	6	278	0.02158	0.01940	0.00000000	0.00000000	0.00000000	0.321927	1	0.19400
Lung cancer	Actinomyces pacaensis	other_taxon	8	122	0.06557	13	278	0.04676	0.01881	0.00000000	0.00000000	0.00000000	0.468314	1	0.18810
Lung cancer	Xanthomonas campestris	other_taxon	8	122	0.06557	13	278	0.04676	0.01881	0.00000000	0.00000000	0.00000000	0.468314	1	0.18810
Lung cancer	Streptococcus sanguinis	other_taxon	15	122	0.12295	29	278	0.10432	0.01863	0.00000000	0.00000000	0.00000000	0.604431	1	0.18630
Lung cancer	Neisseria gonorrhoeae	other_taxon	4	122	0.03279	4	278	0.01439	0.01840	0.00000000	0.00000000	0.00000000	0.254007	1	0.18400
Lung cancer	Olsenella sp. oral taxon 807	other_taxon	4	122	0.03279	4	278	0.01439	0.01840	0.00000000	0.00000000	0.00000000	0.254007	1	0.18400
Lung cancer	Burkholderia ubonensis	other_taxon	3	122	0.02459	2	278	0.00719	0.01740	0.00000000	0.00000000	0.00000000	0.168432	1	0.17400
Lung cancer	Corynebacterium pseudodiphtheriticum	other_taxon	3	122	0.02459	2	278	0.00719	0.01740	0.00000000	0.00000000	0.00000000	0.168432	1	0.17400
Lung cancer	Epilithonimonas vandammei	other_taxon	3	122	0.02459	2	278	0.00719	0.01740	0.00000000	0.00000000	0.00000000	0.168432	1	0.17400
Lung cancer	Micrococcus luteus	other_taxon	3	122	0.02459	2	278	0.00719	0.01740	0.00000000	0.00000000	0.00000000	0.168432	1	0.17400
Lung cancer	Rhizobium oryzihabitans	other_taxon	3	122	0.02459	2	278	0.00719	0.01740	0.00000000	0.00000000	0.00000000	0.168432	1	0.17400
Lung cancer	Candidatus Nanosynbacter sp. HMT-352	other_taxon	10	122	0.08197	18	278	0.06475	0.01722	0.00000000	0.00000000	0.00000000	0.528851	1	0.17220
Lung cancer	Selenomonas sputigena	other_taxon	5	122	0.04098	7	278	0.02518	0.01580	0.00000000	0.00000000	0.00000000	0.524465	1	0.15800
Lung cancer	Sphingomonas paucimobilis	other_taxon	5	122	0.04098	7	278	0.02518	0.01580	0.00000000	0.00000000	0.00000000	0.524465	1	0.15800
Lung cancer	Tannerella serpentiformis	other_taxon	8	122	0.06557	14	278	0.05036	0.01521	0.00000000	0.00000000	0.00000000	0.634134	1	0.15210
Lung cancer	Fusobacterium pseudoperiodonticum	other_taxon	15	122	0.12295	30	278	0.10791	0.01504	0.00000000	0.00000000	0.00000000	0.731323	1	0.15040
Lung cancer	Candidatus Minimicrobia vallesae	other_taxon	4	122	0.03279	5	278	0.01799	0.01480	0.00000000	0.00000000	0.00000000	0.464336	1	0.14800
Lung cancer	Granulicatella elegans	other_taxon	4	122	0.03279	5	278	0.01799	0.01480	0.00000000	0.00000000	0.00000000	0.464336	1	0.14800
Lung cancer	Neisseria lactamica	other_taxon	4	122	0.03279	5	278	0.01799	0.01480	0.00000000	0.00000000	0.00000000	0.464336	1	0.14800
Lung cancer	Paraburkholderia fungorum	other_taxon	4	122	0.03279	5	278	0.01799	0.01480	0.00000000	0.00000000	0.00000000	0.464336	1	0.14800
Lung cancer	Abiotrophia defectiva	other_taxon	7	122	0.05738	12	278	0.04317	0.01421	0.00000000	0.00000000	0.00000000	0.610636	1	0.14210
Lung cancer	Arabidopsis thaliana	background_or_low_specificity	118	122	0.96721	265	278	0.95324	0.01398	0.28603000	0.21765500	0.06837500	0.602511	1	28.74280
Lung cancer	Acidovorax sp. KKS102	other_taxon	3	122	0.02459	3	278	0.01079	0.01380	0.00000000	0.00000000	0.00000000	0.374715	1	0.13800
Lung cancer	Cardiobacterium hominis	other_taxon	3	122	0.02459	3	278	0.01079	0.01380	0.00000000	0.00000000	0.00000000	0.374715	1	0.13800
Lung cancer	Fretibacterium fastidiosum	other_taxon	3	122	0.02459	3	278	0.01079	0.01380	0.00000000	0.00000000	0.00000000	0.374715	1	0.13800
Lung cancer	Lactuca sativa	other_taxon	3	122	0.02459	3	278	0.01079	0.01380	0.00000000	0.00000000	0.00000000	0.374715	1	0.13800
Lung cancer	Methylotenera versatilis	other_taxon	3	122	0.02459	3	278	0.01079	0.01380	0.00000000	0.00000000	0.00000000	0.374715	1	0.13800
Lung cancer	Pauljensenia hongkongensis	other_taxon	3	122	0.02459	3	278	0.01079	0.01380	0.00000000	0.00000000	0.00000000	0.374715	1	0.13800
Lung cancer	Actinomyces sp. oral taxon 414	other_taxon	6	122	0.04918	10	278	0.03597	0.01321	0.00000000	0.00000000	0.00000000	0.58219	1	0.13210
Lung cancer	Mogibacterium pumilum	other_taxon	6	122	0.04918	10	278	0.03597	0.01321	0.00000000	0.00000000	0.00000000	0.58219	1	0.13210
Lung cancer	Prevotella oris	other_taxon	13	122	0.10656	26	278	0.09353	0.01303	0.00000000	0.00000000	0.00000000	0.715522	1	0.13030
Lung cancer	Acinetobacter bereziniae	other_taxon	2	122	0.01639	1	278	0.00360	0.01280	0.00000000	0.00000000	0.00000000	0.221706	1	0.12800
Lung cancer	Arachnia rubra	other_taxon	2	122	0.01639	1	278	0.00360	0.01280	0.00000000	0.00000000	0.00000000	0.221706	1	0.12800
Lung cancer	Bradyrhizobium quebecense	other_taxon	2	122	0.01639	1	278	0.00360	0.01280	0.00000000	0.00000000	0.00000000	0.221706	1	0.12800
Lung cancer	Candida dubliniensis	other_taxon	2	122	0.01639	1	278	0.00360	0.01280	0.00000000	0.00000000	0.00000000	0.221706	1	0.12800
Lung cancer	Chryseobacterium taklimakanense	other_taxon	2	122	0.01639	1	278	0.00360	0.01280	0.00000000	0.00000000	0.00000000	0.221706	1	0.12800
Lung cancer	Clostridioides difficile	other_taxon	2	122	0.01639	1	278	0.00360	0.01280	0.00000000	0.00000000	0.00000000	0.221706	1	0.12800
Lung cancer	Cupriavidus necator	other_taxon	2	122	0.01639	1	278	0.00360	0.01280	0.00000000	0.00000000	0.00000000	0.221706	1	0.12800
Lung cancer	Cupriavidus sp. USMAA2-4	other_taxon	2	122	0.01639	1	278	0.00360	0.01280	0.00000000	0.00000000	0.00000000	0.221706	1	0.12800
Lung cancer	Empedobacter falsenii	other_taxon	2	122	0.01639	1	278	0.00360	0.01280	0.00000000	0.00000000	0.00000000	0.221706	1	0.12800
Lung cancer	Kaistella sp. BT6-1-3	other_taxon	2	122	0.01639	1	278	0.00360	0.01280	0.00000000	0.00000000	0.00000000	0.221706	1	0.12800
Lung cancer	Lactobacillus iners	other_taxon	2	122	0.01639	1	278	0.00360	0.01280	0.00000000	0.00000000	0.00000000	0.221706	1	0.12800
Lung cancer	Methylobacterium organophilum	other_taxon	2	122	0.01639	1	278	0.00360	0.01280	0.00000000	0.00000000	0.00000000	0.221706	1	0.12800
Lung cancer	Methylobacterium phyllosphaerae	other_taxon	2	122	0.01639	1	278	0.00360	0.01280	0.00000000	0.00000000	0.00000000	0.221706	1	0.12800
Lung cancer	Methylotenera mobilis	other_taxon	2	122	0.01639	1	278	0.00360	0.01280	0.00000000	0.00000000	0.00000000	0.221706	1	0.12800
Lung cancer	Neisseria wadsworthii	other_taxon	2	122	0.01639	1	278	0.00360	0.01280	0.00000000	0.00000000	0.00000000	0.221706	1	0.12800
Lung cancer	Paracoccus marcusii	other_taxon	2	122	0.01639	1	278	0.00360	0.01280	0.00000000	0.00000000	0.00000000	0.221706	1	0.12800
Lung cancer	Parascardovia denticolens	other_taxon	2	122	0.01639	1	278	0.00360	0.01280	0.00000000	0.00000000	0.00000000	0.221706	1	0.12800
Lung cancer	Pseudomonas wenzhouensis	other_taxon	2	122	0.01639	1	278	0.00360	0.01280	0.00000000	0.00000000	0.00000000	0.221706	1	0.12800
Lung cancer	Treponema sp. OMZ 803	other_taxon	2	122	0.01639	1	278	0.00360	0.01280	0.00000000	0.00000000	0.00000000	0.221706	1	0.12800
Lung cancer	Morococcus cerebrosus	other_taxon	5	122	0.04098	8	278	0.02878	0.01221	0.00000000	0.00000000	0.00000000	0.546813	1	0.12210
Lung cancer	Neisseria elongata	other_taxon	8	122	0.06557	15	278	0.05396	0.01162	0.00000000	0.00000000	0.00000000	0.645444	1	0.11620
Lung cancer	Acinetobacter lwoffii	other_taxon	4	122	0.03279	6	278	0.02158	0.01120	0.00000000	0.00000000	0.00000000	0.501295	1	0.11200
Lung cancer	Actinomyces naeslundii	other_taxon	4	122	0.03279	6	278	0.02158	0.01120	0.00000000	0.00000000	0.00000000	0.501295	1	0.11200
Lung cancer	Actinomyces oris	other_taxon	4	122	0.03279	6	278	0.02158	0.01120	0.00000000	0.00000000	0.00000000	0.501295	1	0.11200
Lung cancer	Arachnia propionica	other_taxon	4	122	0.03279	6	278	0.02158	0.01120	0.00000000	0.00000000	0.00000000	0.501295	1	0.11200
Lung cancer	Corynebacterium callunae	other_taxon	4	122	0.03279	6	278	0.02158	0.01120	0.00000000	0.00000000	0.00000000	0.501295	1	0.11200
Lung cancer	Capnocytophaga leadbetteri	other_taxon	11	122	0.09016	22	278	0.07914	0.01103	0.00000000	0.00000000	0.00000000	0.696944	1	0.11030
Lung cancer	Capnocytophaga sp. FDAARGOS_737	other_taxon	11	122	0.09016	22	278	0.07914	0.01103	0.00000000	0.00000000	0.00000000	0.696944	1	0.11030
Lung cancer	Staphylococcus hominis	other_taxon	11	122	0.09016	22	278	0.07914	0.01103	0.00000000	0.00000000	0.00000000	0.696944	1	0.11030
Lung cancer	Porphyromonas sp. oral taxon 275	other_taxon	7	122	0.05738	13	278	0.04676	0.01061	0.00000000	0.00000000	0.00000000	0.626494	1	0.10610
Lung cancer	Cupriavidus metallidurans	other_taxon	3	122	0.02459	4	278	0.01439	0.01020	0.00000000	0.00000000	0.00000000	0.440324	1	0.10200
Lung cancer	Enterococcus faecium	other_taxon	3	122	0.02459	4	278	0.01439	0.01020	0.00000000	0.00000000	0.00000000	0.440324	1	0.10200
Lung cancer	Leptotrichia hongkongensis	other_taxon	3	122	0.02459	4	278	0.01439	0.01020	0.00000000	0.00000000	0.00000000	0.440324	1	0.10200
Lung cancer	Ralstonia mannitolilytica	other_taxon	3	122	0.02459	4	278	0.01439	0.01020	0.00000000	0.00000000	0.00000000	0.440324	1	0.10200
Lung cancer	Abyssicoccus albus	other_taxon	2	122	0.01639	2	278	0.00719	0.00920	0.00000000	0.00000000	0.00000000	0.588711	1	0.09200
Lung cancer	Actinomyces sp. oral taxon 169	other_taxon	2	122	0.01639	2	278	0.00719	0.00920	0.00000000	0.00000000	0.00000000	0.588711	1	0.09200
Lung cancer	Actinomyces sp. oral taxon 171	other_taxon	2	122	0.01639	2	278	0.00719	0.00920	0.00000000	0.00000000	0.00000000	0.588711	1	0.09200
Lung cancer	Burkholderia stagnalis	other_taxon	2	122	0.01639	2	278	0.00719	0.00920	0.00000000	0.00000000	0.00000000	0.588711	1	0.09200
Lung cancer	Cloacibacterium caeni	other_taxon	2	122	0.01639	2	278	0.00719	0.00920	0.00000000	0.00000000	0.00000000	0.588711	1	0.09200
Lung cancer	Comamonas aquatica	other_taxon	2	122	0.01639	2	278	0.00719	0.00920	0.00000000	0.00000000	0.00000000	0.588711	1	0.09200
Lung cancer	Desulfovibrio sp. G11	other_taxon	2	122	0.01639	2	278	0.00719	0.00920	0.00000000	0.00000000	0.00000000	0.588711	1	0.09200
Lung cancer	Finegoldia magna	other_taxon	2	122	0.01639	2	278	0.00719	0.00920	0.00000000	0.00000000	0.00000000	0.588711	1	0.09200
Lung cancer	Haemophilus pittmaniae	other_taxon	2	122	0.01639	2	278	0.00719	0.00920	0.00000000	0.00000000	0.00000000	0.588711	1	0.09200
Lung cancer	Hydrogenophilus thermoluteolus	other_taxon	2	122	0.01639	2	278	0.00719	0.00920	0.00000000	0.00000000	0.00000000	0.588711	1	0.09200
Lung cancer	Klebsiella variicola	other_taxon	2	122	0.01639	2	278	0.00719	0.00920	0.00000000	0.00000000	0.00000000	0.588711	1	0.09200
Lung cancer	Kocuria rosea	other_taxon	2	122	0.01639	2	278	0.00719	0.00920	0.00000000	0.00000000	0.00000000	0.588711	1	0.09200
Lung cancer	Leptotrichia hofstadii	other_taxon	2	122	0.01639	2	278	0.00719	0.00920	0.00000000	0.00000000	0.00000000	0.588711	1	0.09200
Lung cancer	Metamycoplasma orale	other_taxon	2	122	0.01639	2	278	0.00719	0.00920	0.00000000	0.00000000	0.00000000	0.588711	1	0.09200
Lung cancer	Mycobacterium sp. YC-RL4	other_taxon	2	122	0.01639	2	278	0.00719	0.00920	0.00000000	0.00000000	0.00000000	0.588711	1	0.09200
Lung cancer	Neisseria animalis	other_taxon	2	122	0.01639	2	278	0.00719	0.00920	0.00000000	0.00000000	0.00000000	0.588711	1	0.09200
Lung cancer	Neisseria brasiliensis	other_taxon	2	122	0.01639	2	278	0.00719	0.00920	0.00000000	0.00000000	0.00000000	0.588711	1	0.09200
Lung cancer	Neisseria sp. KEM232	other_taxon	2	122	0.01639	2	278	0.00719	0.00920	0.00000000	0.00000000	0.00000000	0.588711	1	0.09200
Lung cancer	Neisseria weixii	other_taxon	2	122	0.01639	2	278	0.00719	0.00920	0.00000000	0.00000000	0.00000000	0.588711	1	0.09200
Lung cancer	Paracoccus sp. Arc7-R13	other_taxon	2	122	0.01639	2	278	0.00719	0.00920	0.00000000	0.00000000	0.00000000	0.588711	1	0.09200
Lung cancer	Proteus penneri	other_taxon	2	122	0.01639	2	278	0.00719	0.00920	0.00000000	0.00000000	0.00000000	0.588711	1	0.09200
Lung cancer	Psychrobacter sanguinis	other_taxon	2	122	0.01639	2	278	0.00719	0.00920	0.00000000	0.00000000	0.00000000	0.588711	1	0.09200
Lung cancer	Schlegelella aquatica	other_taxon	2	122	0.01639	2	278	0.00719	0.00920	0.00000000	0.00000000	0.00000000	0.588711	1	0.09200
Lung cancer	Serratia marcescens	other_taxon	2	122	0.01639	2	278	0.00719	0.00920	0.00000000	0.00000000	0.00000000	0.588711	1	0.09200
Lung cancer	Sphingobium yanoikuyae	other_taxon	2	122	0.01639	2	278	0.00719	0.00920	0.00000000	0.00000000	0.00000000	0.588711	1	0.09200
Lung cancer	Sphingomonas sanguinis	other_taxon	2	122	0.01639	2	278	0.00719	0.00920	0.00000000	0.00000000	0.00000000	0.588711	1	0.09200
Lung cancer	Sphingomonas sp. NIC1	other_taxon	2	122	0.01639	2	278	0.00719	0.00920	0.00000000	0.00000000	0.00000000	0.588711	1	0.09200
Lung cancer	Staphylococcus pasteuri	other_taxon	2	122	0.01639	2	278	0.00719	0.00920	0.00000000	0.00000000	0.00000000	0.588711	1	0.09200
Lung cancer	Treponema sp. OMZ 305	other_taxon	2	122	0.01639	2	278	0.00719	0.00920	0.00000000	0.00000000	0.00000000	0.588711	1	0.09200
Lung cancer	Uruburuella suis	other_taxon	2	122	0.01639	2	278	0.00719	0.00920	0.00000000	0.00000000	0.00000000	0.588711	1	0.09200
Lung cancer	Acinetobacter johnsonii	other_taxon	9	122	0.07377	18	278	0.06475	0.00902	0.00000000	0.00000000	0.00000000	0.828909	1	0.09020
Lung cancer	Streptococcus cristatus	other_taxon	9	122	0.07377	18	278	0.06475	0.00902	0.00000000	0.00000000	0.00000000	0.828909	1	0.09020
Lung cancer	Campylobacter concisus	other_taxon	16	122	0.13115	34	278	0.12230	0.00885	0.00000000	0.00000000	0.00000000	0.869746	1	0.08850
Lung cancer	Corynebacterium kefirresidentii	other_taxon	5	122	0.04098	9	278	0.03237	0.00861	0.00000000	0.00000000	0.00000000	0.768402	1	0.08610
Lung cancer	Neisseria meningitidis	other_taxon	5	122	0.04098	9	278	0.03237	0.00861	0.00000000	0.00000000	0.00000000	0.768402	1	0.08610
Lung cancer	Capnocytophaga sputigena	other_taxon	12	122	0.09836	25	278	0.08993	0.00843	0.00000000	0.00000000	0.00000000	0.851623	1	0.08430
Lung cancer	Prevotella histicola	other_taxon	12	122	0.09836	25	278	0.08993	0.00843	0.00000000	0.00000000	0.00000000	0.851623	1	0.08430
Lung cancer	Treponema denticola	other_taxon	12	122	0.09836	25	278	0.08993	0.00843	0.00000000	0.00000000	0.00000000	0.851623	1	0.08430
Lung cancer	Dolosigranulum pigrum	other_taxon	4	122	0.03279	7	278	0.02518	0.00761	0.00000000	0.00000000	0.00000000	0.742004	1	0.07610
Lung cancer	Sphingomonas melonis	other_taxon	4	122	0.03279	7	278	0.02518	0.00761	0.00000000	0.00000000	0.00000000	0.742004	1	0.07610
Lung cancer	Streptococcus toyakuensis	other_taxon	11	122	0.09016	23	278	0.08273	0.00743	0.00000000	0.00000000	0.00000000	0.846254	1	0.07430
Lung cancer	Aggregatibacter sp. Marseille-P9115	other_taxon	3	122	0.02459	5	278	0.01799	0.00660	0.00000000	0.00000000	0.00000000	0.704134	1	0.06600
Lung cancer	Burkholderia multivorans	other_taxon	3	122	0.02459	5	278	0.01799	0.00660	0.00000000	0.00000000	0.00000000	0.704134	1	0.06600
Lung cancer	Streptococcus mutans	other_taxon	3	122	0.02459	5	278	0.01799	0.00660	0.00000000	0.00000000	0.00000000	0.704134	1	0.06600
Lung cancer	Lautropia mirabilis	other_taxon	10	122	0.08197	21	278	0.07554	0.00643	0.00000000	0.00000000	0.00000000	0.840309	1	0.06430
Lung cancer	Lancefieldella parvula	other_taxon	6	122	0.04918	12	278	0.04317	0.00601	0.00000000	0.00000000	0.00000000	0.796291	1	0.06010
Lung cancer	Streptococcus anginosus	other_taxon	6	122	0.04918	12	278	0.04317	0.00601	0.00000000	0.00000000	0.00000000	0.796291	1	0.06010
Lung cancer	Aggregatibacter sp. oral taxon 513	other_taxon	2	122	0.01639	3	278	0.01079	0.00560	0.00000000	0.00000000	0.00000000	0.642978	1	0.05600
Lung cancer	Capsicum annuum	other_taxon	2	122	0.01639	3	278	0.01079	0.00560	0.00000000	0.00000000	0.00000000	0.642978	1	0.05600
Lung cancer	Corynebacterium striatum	other_taxon	2	122	0.01639	3	278	0.01079	0.00560	0.00000000	0.00000000	0.00000000	0.642978	1	0.05600
Lung cancer	Cutibacterium modestum	other_taxon	2	122	0.01639	3	278	0.01079	0.00560	0.00000000	0.00000000	0.00000000	0.642978	1	0.05600
Lung cancer	Deinococcus wulumuqiensis	other_taxon	2	122	0.01639	3	278	0.01079	0.00560	0.00000000	0.00000000	0.00000000	0.642978	1	0.05600
Lung cancer	Desulfobulbus oralis	other_taxon	2	122	0.01639	3	278	0.01079	0.00560	0.00000000	0.00000000	0.00000000	0.642978	1	0.05600
Lung cancer	Eikenella exigua	other_taxon	2	122	0.01639	3	278	0.01079	0.00560	0.00000000	0.00000000	0.00000000	0.642978	1	0.05600
Lung cancer	Escherichia coli	other_taxon	2	122	0.01639	3	278	0.01079	0.00560	0.00000000	0.00000000	0.00000000	0.642978	1	0.05600
Lung cancer	Leptotrichia buccalis	other_taxon	2	122	0.01639	3	278	0.01079	0.00560	0.00000000	0.00000000	0.00000000	0.642978	1	0.05600
Lung cancer	Neisseria bacilliformis	other_taxon	2	122	0.01639	3	278	0.01079	0.00560	0.00000000	0.00000000	0.00000000	0.642978	1	0.05600
Lung cancer	Ottowia sp. oral taxon 894	other_taxon	2	122	0.01639	3	278	0.01079	0.00560	0.00000000	0.00000000	0.00000000	0.642978	1	0.05600
Lung cancer	Pseudomonas alcaligenes	other_taxon	2	122	0.01639	3	278	0.01079	0.00560	0.00000000	0.00000000	0.00000000	0.642978	1	0.05600
Lung cancer	Selenomonas sp. oral taxon 136	other_taxon	2	122	0.01639	3	278	0.01079	0.00560	0.00000000	0.00000000	0.00000000	0.642978	1	0.05600
Lung cancer	Stutzerimonas stutzeri	other_taxon	2	122	0.01639	3	278	0.01079	0.00560	0.00000000	0.00000000	0.00000000	0.642978	1	0.05600
Lung cancer	Tropheryma whipplei	other_taxon	2	122	0.01639	3	278	0.01079	0.00560	0.00000000	0.00000000	0.00000000	0.642978	1	0.05600
Lung cancer	Zea mays	other_taxon	2	122	0.01639	3	278	0.01079	0.00560	0.00000000	0.00000000	0.00000000	0.642978	1	0.05600
Lung cancer	Neisseria macacae	other_taxon	5	122	0.04098	10	278	0.03597	0.00501	0.00000000	0.00000000	0.00000000	0.78073	1	0.05010
Lung cancer	Streptococcus intermedius	other_taxon	5	122	0.04098	10	278	0.03597	0.00501	0.00000000	0.00000000	0.00000000	0.78073	1	0.05010
Lung cancer	Fusobacterium hwasookii	other_taxon	4	122	0.03279	8	278	0.02878	0.00401	0.00000000	0.00000000	0.00000000	0.761238	1	0.04010
Lung cancer	Aggregatibacter segnis	other_taxon	3	122	0.02459	6	278	0.02158	0.00301	0.00000000	0.00000000	0.00000000	1	1	0.03010
Lung cancer	Eikenella corrodens	other_taxon	3	122	0.02459	6	278	0.02158	0.00301	0.00000000	0.00000000	0.00000000	1	1	0.03010
Lung cancer	Ralstonia insidiosa	other_taxon	3	122	0.02459	6	278	0.02158	0.00301	0.00000000	0.00000000	0.00000000	1	1	0.03010
Lung cancer	Streptococcus sp. oral taxon 061	other_taxon	10	122	0.08197	22	278	0.07914	0.00283	0.00000000	0.00000000	0.00000000	1	1	0.02830
Lung cancer	Veillonella rogosae	other_taxon	13	122	0.10656	29	278	0.10432	0.00224	0.00000000	0.00000000	0.00000000	1	1	0.02240
Lung cancer	Acinetobacter sp. MYb10	other_taxon	2	122	0.01639	4	278	0.01439	0.00200	0.00000000	0.00000000	0.00000000	1	1	0.02000
Lung cancer	Acinetobacter sp. TTH0-4	other_taxon	2	122	0.01639	4	278	0.01439	0.00200	0.00000000	0.00000000	0.00000000	1	1	0.02000
Lung cancer	Human gammaherpesvirus 4	other_taxon	2	122	0.01639	4	278	0.01439	0.00200	0.00000000	0.00000000	0.00000000	1	1	0.02000
Lung cancer	Neomicrococcus aestuarii	other_taxon	2	122	0.01639	4	278	0.01439	0.00200	0.00000000	0.00000000	0.00000000	1	1	0.02000
Lung cancer	Porphyromonas somerae	other_taxon	2	122	0.01639	4	278	0.01439	0.00200	0.00000000	0.00000000	0.00000000	1	1	0.02000
Lung cancer	Prevotella buccalis	other_taxon	2	122	0.01639	4	278	0.01439	0.00200	0.00000000	0.00000000	0.00000000	1	1	0.02000
Lung cancer	Schaalia meyeri	other_taxon	2	122	0.01639	4	278	0.01439	0.00200	0.00000000	0.00000000	0.00000000	1	1	0.02000
Lung cancer	Sphingomonas sp. LK11	other_taxon	2	122	0.01639	4	278	0.01439	0.00200	0.00000000	0.00000000	0.00000000	1	1	0.02000
Lung cancer	Metamycoplasma salivarium	other_taxon	5	122	0.04098	11	278	0.03957	0.00142	0.00000000	0.00000000	0.00000000	1	1	0.01420
Lung cancer	Achromobacter xylosoxidans	other_taxon	1	122	0.00820	2	278	0.00719	0.00100	0.00000000	0.00000000	0.00000000	1	1	0.01000
Lung cancer	Acidovorax sp. JMULE5	other_taxon	1	122	0.00820	2	278	0.00719	0.00100	0.00000000	0.00000000	0.00000000	1	1	0.01000
Lung cancer	Acinetobacter ursingii	other_taxon	1	122	0.00820	2	278	0.00719	0.00100	0.00000000	0.00000000	0.00000000	1	1	0.01000
Lung cancer	Actinomyces sp. HMT 175	other_taxon	1	122	0.00820	2	278	0.00719	0.00100	0.00000000	0.00000000	0.00000000	1	1	0.01000
Lung cancer	Actinomyces viscosus	other_taxon	1	122	0.00820	2	278	0.00719	0.00100	0.00000000	0.00000000	0.00000000	1	1	0.01000
Lung cancer	Aeromonas salmonicida	other_taxon	1	122	0.00820	2	278	0.00719	0.00100	0.00000000	0.00000000	0.00000000	1	1	0.01000
Lung cancer	Bacillus cereus	other_taxon	1	122	0.00820	2	278	0.00719	0.00100	0.00000000	0.00000000	0.00000000	1	1	0.01000
Lung cancer	Bacteroides fragilis	other_taxon	1	122	0.00820	2	278	0.00719	0.00100	0.00000000	0.00000000	0.00000000	1	1	0.01000
Lung cancer	Bacteroides xylanisolvens	other_taxon	1	122	0.00820	2	278	0.00719	0.00100	0.00000000	0.00000000	0.00000000	1	1	0.01000
Lung cancer	Brevundimonas pondensis	other_taxon	1	122	0.00820	2	278	0.00719	0.00100	0.00000000	0.00000000	0.00000000	1	1	0.01000
Lung cancer	Burkholderia cepacia	other_taxon	1	122	0.00820	2	278	0.00719	0.00100	0.00000000	0.00000000	0.00000000	1	1	0.01000
Lung cancer	Burkholderia contaminans	other_taxon	1	122	0.00820	2	278	0.00719	0.00100	0.00000000	0.00000000	0.00000000	1	1	0.01000
Lung cancer	Caldibacillus thermoamylovorans	other_taxon	1	122	0.00820	2	278	0.00719	0.00100	0.00000000	0.00000000	0.00000000	1	1	0.01000
Lung cancer	Campylobacter curvus	other_taxon	1	122	0.00820	2	278	0.00719	0.00100	0.00000000	0.00000000	0.00000000	1	1	0.01000
Lung cancer	Conchiformibius steedae	other_taxon	1	122	0.00820	2	278	0.00719	0.00100	0.00000000	0.00000000	0.00000000	1	1	0.01000
Lung cancer	Corynebacterium diphtheriae	other_taxon	1	122	0.00820	2	278	0.00719	0.00100	0.00000000	0.00000000	0.00000000	1	1	0.01000
Lung cancer	Corynebacterium resistens	other_taxon	1	122	0.00820	2	278	0.00719	0.00100	0.00000000	0.00000000	0.00000000	1	1	0.01000
Lung cancer	Enterococcus casseliflavus	other_taxon	1	122	0.00820	2	278	0.00719	0.00100	0.00000000	0.00000000	0.00000000	1	1	0.01000
Lung cancer	Kingella potus	other_taxon	1	122	0.00820	2	278	0.00719	0.00100	0.00000000	0.00000000	0.00000000	1	1	0.01000
Lung cancer	Kocuria rhizophila	other_taxon	1	122	0.00820	2	278	0.00719	0.00100	0.00000000	0.00000000	0.00000000	1	1	0.01000
Lung cancer	Lacticaseibacillus paracasei	other_taxon	1	122	0.00820	2	278	0.00719	0.00100	0.00000000	0.00000000	0.00000000	1	1	0.01000
Lung cancer	Leptotrichia sp. oral taxon 218	other_taxon	1	122	0.00820	2	278	0.00719	0.00100	0.00000000	0.00000000	0.00000000	1	1	0.01000
Lung cancer	Leptotrichia sp. oral taxon 847	other_taxon	1	122	0.00820	2	278	0.00719	0.00100	0.00000000	0.00000000	0.00000000	1	1	0.01000
Lung cancer	Mesorhizobium terrae	other_taxon	1	122	0.00820	2	278	0.00719	0.00100	0.00000000	0.00000000	0.00000000	1	1	0.01000
Lung cancer	Neisseria chenwenguii	other_taxon	1	122	0.00820	2	278	0.00719	0.00100	0.00000000	0.00000000	0.00000000	1	1	0.01000
Lung cancer	Nicotiana attenuata	other_taxon	1	122	0.00820	2	278	0.00719	0.00100	0.00000000	0.00000000	0.00000000	1	1	0.01000
Lung cancer	Novosphingobium sp. EMRT-2	other_taxon	1	122	0.00820	2	278	0.00719	0.00100	0.00000000	0.00000000	0.00000000	1	1	0.01000
Lung cancer	Phocaeicola vulgatus	other_taxon	1	122	0.00820	2	278	0.00719	0.00100	0.00000000	0.00000000	0.00000000	1	1	0.01000
Lung cancer	Porphyromonas asaccharolytica	other_taxon	1	122	0.00820	2	278	0.00719	0.00100	0.00000000	0.00000000	0.00000000	1	1	0.01000
Lung cancer	Pseudomonas chengduensis	other_taxon	1	122	0.00820	2	278	0.00719	0.00100	0.00000000	0.00000000	0.00000000	1	1	0.01000
Lung cancer	Pseudomonas oleovorans	other_taxon	1	122	0.00820	2	278	0.00719	0.00100	0.00000000	0.00000000	0.00000000	1	1	0.01000
Lung cancer	Pseudomonas sp. phDV1	other_taxon	1	122	0.00820	2	278	0.00719	0.00100	0.00000000	0.00000000	0.00000000	1	1	0.01000
Lung cancer	Pseudoprevotella muciniphila	other_taxon	1	122	0.00820	2	278	0.00719	0.00100	0.00000000	0.00000000	0.00000000	1	1	0.01000
Lung cancer	Ralstonia solanacearum	other_taxon	1	122	0.00820	2	278	0.00719	0.00100	0.00000000	0.00000000	0.00000000	1	1	0.01000
Lung cancer	Ralstonia sp. 56D2	other_taxon	1	122	0.00820	2	278	0.00719	0.00100	0.00000000	0.00000000	0.00000000	1	1	0.01000
Lung cancer	Sphingomonas sp. AAP5	other_taxon	1	122	0.00820	2	278	0.00719	0.00100	0.00000000	0.00000000	0.00000000	1	1	0.01000
Lung cancer	Streptococcus agalactiae	other_taxon	1	122	0.00820	2	278	0.00719	0.00100	0.00000000	0.00000000	0.00000000	1	1	0.01000
Lung cancer	Streptococcus pyogenes	other_taxon	1	122	0.00820	2	278	0.00719	0.00100	0.00000000	0.00000000	0.00000000	1	1	0.01000
Lung cancer	Treponema putidum	other_taxon	1	122	0.00820	2	278	0.00719	0.00100	0.00000000	0.00000000	0.00000000	1	1	0.01000
Lung cancer	Uruburuella testudinis	other_taxon	1	122	0.00820	2	278	0.00719	0.00100	0.00000000	0.00000000	0.00000000	1	1	0.01000
Lung cancer	Porphyromonas gingivalis	other_taxon	15	122	0.12295	34	278	0.12230	0.00065	0.00000000	0.00000000	0.00000000	1	1	0.00650
Lung cancer	Capnocytophaga ochracea	other_taxon	4	122	0.03279	9	278	0.03237	0.00041	0.00000000	0.00000000	0.00000000	1	1	0.00410
Lung cancer	Corynebacterium propinquum	other_taxon	4	122	0.03279	9	278	0.03237	0.00041	0.00000000	0.00000000	0.00000000	1	1	0.00410
Lung cancer	Prevotella multiformis	other_taxon	4	122	0.03279	9	278	0.03237	0.00041	0.00000000	0.00000000	0.00000000	1	1	0.00410
Lung cancer	Treponema socranskii	other_taxon	4	122	0.03279	9	278	0.03237	0.00041	0.00000000	0.00000000	0.00000000	1	1	0.00410
Lung cancer	Homo sapiens	background_or_low_specificity	122	122	1.00000	278	278	1.00000	0.00000	0.24664000	0.30430500	-0.05766500	1	1	24.66400
Lung cancer	Toxoplasma gondii	background_or_low_specificity	122	122	1.00000	278	278	1.00000	0.00000	0.17249000	0.23212500	-0.05963500	1	1	17.24900
Lung cancer	Streptococcus australis	other_taxon	7	122	0.05738	16	278	0.05755	-0.00018	0.00000000	0.00000000	0.00000000	1	1	-0.00180
Lung cancer	Acinetobacter guillouiae	other_taxon	3	122	0.02459	7	278	0.02518	-0.00059	0.00000000	0.00000000	0.00000000	1	1	-0.00590
Lung cancer	Aggregatibacter aphrophilus	other_taxon	3	122	0.02459	7	278	0.02518	-0.00059	0.00000000	0.00000000	0.00000000	1	1	-0.00590
Lung cancer	Prevotella dentalis	other_taxon	3	122	0.02459	7	278	0.02518	-0.00059	0.00000000	0.00000000	0.00000000	1	1	-0.00590
Lung cancer	Streptococcus sp. 1643	other_taxon	3	122	0.02459	7	278	0.02518	-0.00059	0.00000000	0.00000000	0.00000000	1	1	-0.00590
Lung cancer	Streptococcus gwangjuense	other_taxon	10	122	0.08197	23	278	0.08273	-0.00077	0.00000000	0.00000000	0.00000000	1	1	-0.00770
Lung cancer	Kingella denitrificans	other_taxon	2	122	0.01639	5	278	0.01799	-0.00159	0.00000000	0.00000000	0.00000000	1	1	-0.01590
Lung cancer	Sphingobium sp. YG1	other_taxon	2	122	0.01639	5	278	0.01799	-0.00159	0.00000000	0.00000000	0.00000000	1	1	-0.01590
Lung cancer	Streptococcus sp. oral taxon 064	other_taxon	2	122	0.01639	5	278	0.01799	-0.00159	0.00000000	0.00000000	0.00000000	1	1	-0.01590
Lung cancer	Treponema sp. OMZ 857	other_taxon	2	122	0.01639	5	278	0.01799	-0.00159	0.00000000	0.00000000	0.00000000	1	1	-0.01590
Lung cancer	Bergeyella cardium	other_taxon	1	122	0.00820	3	278	0.01079	-0.00259	0.00000000	0.00000000	0.00000000	1	1	-0.02590
Lung cancer	Bulleidia sp. zg-1006	other_taxon	1	122	0.00820	3	278	0.01079	-0.00259	0.00000000	0.00000000	0.00000000	1	1	-0.02590
Lung cancer	Burkholderia cenocepacia	other_taxon	1	122	0.00820	3	278	0.01079	-0.00259	0.00000000	0.00000000	0.00000000	1	1	-0.02590
Lung cancer	Candidatus Nanosynbacter lyticus	other_taxon	1	122	0.00820	3	278	0.01079	-0.00259	0.00000000	0.00000000	0.00000000	1	1	-0.02590
Lung cancer	Cutibacterium avidum	other_taxon	1	122	0.00820	3	278	0.01079	-0.00259	0.00000000	0.00000000	0.00000000	1	1	-0.02590
Lung cancer	Cutibacterium granulosum	other_taxon	1	122	0.00820	3	278	0.01079	-0.00259	0.00000000	0.00000000	0.00000000	1	1	-0.02590
Lung cancer	Desulfomicrobium orale	other_taxon	1	122	0.00820	3	278	0.01079	-0.00259	0.00000000	0.00000000	0.00000000	1	1	-0.02590
Lung cancer	Kingella oralis	other_taxon	1	122	0.00820	3	278	0.01079	-0.00259	0.00000000	0.00000000	0.00000000	1	1	-0.02590
Lung cancer	Leptotrichia sp. oral taxon 498	other_taxon	1	122	0.00820	3	278	0.01079	-0.00259	0.00000000	0.00000000	0.00000000	1	1	-0.02590
Lung cancer	Paraburkholderia aromaticivorans	other_taxon	1	122	0.00820	3	278	0.01079	-0.00259	0.00000000	0.00000000	0.00000000	1	1	-0.02590
Lung cancer	Porphyromonas crevioricanis	other_taxon	1	122	0.00820	3	278	0.01079	-0.00259	0.00000000	0.00000000	0.00000000	1	1	-0.02590
Lung cancer	Prevotella bryantii	other_taxon	1	122	0.00820	3	278	0.01079	-0.00259	0.00000000	0.00000000	0.00000000	1	1	-0.02590
Lung cancer	Selenomonas timonae	other_taxon	1	122	0.00820	3	278	0.01079	-0.00259	0.00000000	0.00000000	0.00000000	1	1	-0.02590
Lung cancer	Streptococcus milleri	other_taxon	1	122	0.00820	3	278	0.01079	-0.00259	0.00000000	0.00000000	0.00000000	1	1	-0.02590
Lung cancer	Streptococcus pseudoporcinus	other_taxon	1	122	0.00820	3	278	0.01079	-0.00259	0.00000000	0.00000000	0.00000000	1	1	-0.02590
Lung cancer	Treponema sp. OMZ 906	other_taxon	1	122	0.00820	3	278	0.01079	-0.00259	0.00000000	0.00000000	0.00000000	1	1	-0.02590
Lung cancer	Streptococcus gordonii	other_taxon	8	122	0.06557	19	278	0.06835	-0.00277	0.00000000	0.00000000	0.00000000	1	1	-0.02770
Lung cancer	Neisseria sp. oral taxon 014	other_taxon	4	122	0.03279	10	278	0.03597	-0.00318	0.00000000	0.00000000	0.00000000	1	1	-0.03180
Lung cancer	Streptococcus lactarius	other_taxon	4	122	0.03279	10	278	0.03597	-0.00318	0.00000000	0.00000000	0.00000000	1	1	-0.03180
Lung cancer	Prevotella nigrescens	other_taxon	18	122	0.14754	42	278	0.15108	-0.00354	0.00000000	0.00000000	0.00000000	1	1	-0.03540
Lung cancer	Cucurbita pepo	background_or_low_specificity	7	122	0.05738	17	278	0.06115	-0.00377	0.00000000	0.00000000	0.00000000	1	1	-0.03770
Lung cancer	Cupriavidus sp. EM10	other_taxon	7	122	0.05738	17	278	0.06115	-0.00377	0.00000000	0.00000000	0.00000000	1	1	-0.03770
Lung cancer	Filifactor alocis	other_taxon	7	122	0.05738	17	278	0.06115	-0.00377	0.00000000	0.00000000	0.00000000	1	1	-0.03770
Lung cancer	Cutibacterium acnes	other_taxon	21	122	0.17213	49	278	0.17626	-0.00413	0.00000000	0.00000000	0.00000000	1	1	-0.04130
Lung cancer	Acinetobacter junii	other_taxon	3	122	0.02459	8	278	0.02878	-0.00419	0.00000000	0.00000000	0.00000000	1	1	-0.04190
Lung cancer	Bacteroides thetaiotaomicron	other_taxon	1	122	0.00820	4	278	0.01439	-0.00619	0.00000000	0.00000000	0.00000000	1	1	-0.06190
Lung cancer	Human alphaherpesvirus 1	other_taxon	1	122	0.00820	4	278	0.01439	-0.00619	0.00000000	0.00000000	0.00000000	1	1	-0.06190
Lung cancer	Leptotrichia shahii	other_taxon	1	122	0.00820	4	278	0.01439	-0.00619	0.00000000	0.00000000	0.00000000	1	1	-0.06190
Lung cancer	Ligilactobacillus salivarius	other_taxon	1	122	0.00820	4	278	0.01439	-0.00619	0.00000000	0.00000000	0.00000000	1	1	-0.06190
Lung cancer	Moraxella catarrhalis	other_taxon	1	122	0.00820	4	278	0.01439	-0.00619	0.00000000	0.00000000	0.00000000	1	1	-0.06190
Lung cancer	Pseudomonas putida	other_taxon	1	122	0.00820	4	278	0.01439	-0.00619	0.00000000	0.00000000	0.00000000	1	1	-0.06190
Lung cancer	Selenomonas sp. oral taxon 478	other_taxon	1	122	0.00820	4	278	0.01439	-0.00619	0.00000000	0.00000000	0.00000000	1	1	-0.06190
Lung cancer	Selenomonas sp. oral taxon 920	other_taxon	1	122	0.00820	4	278	0.01439	-0.00619	0.00000000	0.00000000	0.00000000	1	1	-0.06190
Lung cancer	Simonsiella muelleri	other_taxon	1	122	0.00820	4	278	0.01439	-0.00619	0.00000000	0.00000000	0.00000000	1	1	-0.06190
Lung cancer	Streptococcus equi	other_taxon	1	122	0.00820	4	278	0.01439	-0.00619	0.00000000	0.00000000	0.00000000	1	1	-0.06190
Lung cancer	Streptococcus sp. FDAARGOS_192	other_taxon	1	122	0.00820	4	278	0.01439	-0.00619	0.00000000	0.00000000	0.00000000	1	1	-0.06190
Lung cancer	Treponema parvum	other_taxon	1	122	0.00820	4	278	0.01439	-0.00619	0.00000000	0.00000000	0.00000000	1	1	-0.06190
Lung cancer	Triticum aestivum	other_taxon	1	122	0.00820	4	278	0.01439	-0.00619	0.00000000	0.00000000	0.00000000	1	1	-0.06190
Lung cancer	Streptococcus sp. 116-D4	other_taxon	8	122	0.06557	20	278	0.07194	-0.00637	0.00000000	0.00000000	0.00000000	1	1	-0.06370
Lung cancer	Capnocytophaga sp. oral taxon 878	other_taxon	3	122	0.02459	9	278	0.03237	-0.00778	0.00000000	0.00000000	0.00000000	1	1	-0.07780
Lung cancer	Streptococcus infantis	other_taxon	10	122	0.08197	25	278	0.08993	-0.00796	0.00000000	0.00000000	0.00000000	0.850302	1	-0.07960
Lung cancer	Acinetobacter nosocomialis	other_taxon	2	122	0.01639	7	278	0.02518	-0.00879	0.00000000	0.00000000	0.00000000	0.728286	1	-0.08790
Lung cancer	Human betaherpesvirus 5	other_taxon	1	122	0.00820	5	278	0.01799	-0.00979	0.00000000	0.00000000	0.00000000	0.671902	1	-0.09790
Lung cancer	Veillonella rodentium	other_taxon	1	122	0.00820	5	278	0.01799	-0.00979	0.00000000	0.00000000	0.00000000	0.671902	1	-0.09790
Lung cancer	Streptococcus sp. NPS 308	other_taxon	4	122	0.03279	12	278	0.04317	-0.01038	0.00000000	0.00000000	0.00000000	0.784944	1	-0.10380
Lung cancer	Tannerella forsythia	other_taxon	11	122	0.09016	28	278	0.10072	-0.01056	0.00000000	0.00000000	0.00000000	0.85553	1	-0.10560
Lung cancer	Aquabacterium olei	other_taxon	0	122	0.00000	3	278	0.01079	-0.01079	0.00000000	0.00000000	0.00000000	0.5563	1	-0.10790
Lung cancer	Bartonella krasnovii	other_taxon	0	122	0.00000	3	278	0.01079	-0.01079	0.00000000	0.00000000	0.00000000	0.5563	1	-0.10790
Lung cancer	Bradyrhizobium sp. BTAi1	other_taxon	0	122	0.00000	3	278	0.01079	-0.01079	0.00000000	0.00000000	0.00000000	0.5563	1	-0.10790
Lung cancer	Capnocytophaga sp. oral taxon 323	other_taxon	0	122	0.00000	3	278	0.01079	-0.01079	0.00000000	0.00000000	0.00000000	0.5563	1	-0.10790
Lung cancer	Cellvibrio sp. KY-GH-1	other_taxon	0	122	0.00000	3	278	0.01079	-0.01079	0.00000000	0.00000000	0.00000000	0.5563	1	-0.10790
Lung cancer	Fusobacterium canifelinum	other_taxon	0	122	0.00000	3	278	0.01079	-0.01079	0.00000000	0.00000000	0.00000000	0.5563	1	-0.10790
Lung cancer	Helianthus annuus	other_taxon	0	122	0.00000	3	278	0.01079	-0.01079	0.00000000	0.00000000	0.00000000	0.5563	1	-0.10790
Lung cancer	Human betaherpesvirus 7	other_taxon	0	122	0.00000	3	278	0.01079	-0.01079	0.00000000	0.00000000	0.00000000	0.5563	1	-0.10790
Lung cancer	Ideonella dechloratans	other_taxon	0	122	0.00000	3	278	0.01079	-0.01079	0.00000000	0.00000000	0.00000000	0.5563	1	-0.10790
Lung cancer	Prevotella sp. Rep29	other_taxon	0	122	0.00000	3	278	0.01079	-0.01079	0.00000000	0.00000000	0.00000000	0.5563	1	-0.10790
Lung cancer	Bacteroides heparinolyticus	other_taxon	7	122	0.05738	19	278	0.06835	-0.01097	0.00000000	0.00000000	0.00000000	0.826813	1	-0.10970
Lung cancer	Campylobacter showae	other_taxon	7	122	0.05738	19	278	0.06835	-0.01097	0.00000000	0.00000000	0.00000000	0.826813	1	-0.10970
Lung cancer	Prevotella scopos	other_taxon	7	122	0.05738	19	278	0.06835	-0.01097	0.00000000	0.00000000	0.00000000	0.826813	1	-0.10970
Lung cancer	Treponema vincentii	other_taxon	6	122	0.04918	17	278	0.06115	-0.01197	0.00000000	0.00000000	0.00000000	0.816294	1	-0.11970
Lung cancer	Corynebacterium accolens	other_taxon	2	122	0.01639	8	278	0.02878	-0.01238	0.00000000	0.00000000	0.00000000	0.729974	1	-0.12380
Lung cancer	Corynebacterium macginleyi	other_taxon	2	122	0.01639	8	278	0.02878	-0.01238	0.00000000	0.00000000	0.00000000	0.729974	1	-0.12380
Lung cancer	Corynebacterium segmentosum	other_taxon	2	122	0.01639	8	278	0.02878	-0.01238	0.00000000	0.00000000	0.00000000	0.729974	1	-0.12380
Lung cancer	Dialister pneumosintes	other_taxon	2	122	0.01639	8	278	0.02878	-0.01238	0.00000000	0.00000000	0.00000000	0.729974	1	-0.12380
Lung cancer	Leptotrichia sp. oral taxon 221	other_taxon	2	122	0.01639	8	278	0.02878	-0.01238	0.00000000	0.00000000	0.00000000	0.729974	1	-0.12380
Lung cancer	Schaalia cardiffensis	other_taxon	2	122	0.01639	8	278	0.02878	-0.01238	0.00000000	0.00000000	0.00000000	0.729974	1	-0.12380
Lung cancer	Streptococcus constellatus	other_taxon	2	122	0.01639	8	278	0.02878	-0.01238	0.00000000	0.00000000	0.00000000	0.729974	1	-0.12380
Lung cancer	Leptotrichia trevisanii	other_taxon	1	122	0.00820	6	278	0.02158	-0.01339	0.00000000	0.00000000	0.00000000	0.680562	1	-0.13390
Lung cancer	Prevotella copri	other_taxon	1	122	0.00820	6	278	0.02158	-0.01339	0.00000000	0.00000000	0.00000000	0.680562	1	-0.13390
Lung cancer	Prevotella enoeca	other_taxon	4	122	0.03279	13	278	0.04676	-0.01398	0.00000000	0.00000000	0.00000000	0.602511	1	-0.13980
Lung cancer	Streptococcus rubneri	other_taxon	4	122	0.03279	13	278	0.04676	-0.01398	0.00000000	0.00000000	0.00000000	0.602511	1	-0.13980
Lung cancer	Streptococcus sp. A12	other_taxon	4	122	0.03279	13	278	0.04676	-0.01398	0.00000000	0.00000000	0.00000000	0.602511	1	-0.13980
Lung cancer	Treponema medium	other_taxon	4	122	0.03279	13	278	0.04676	-0.01398	0.00000000	0.00000000	0.00000000	0.602511	1	-0.13980
Lung cancer	Bacteroides uniformis	other_taxon	0	122	0.00000	4	278	0.01439	-0.01439	0.00000000	0.00000000	0.00000000	0.318244	1	-0.14390
Lung cancer	Carnobacterium maltaromaticum	other_taxon	0	122	0.00000	4	278	0.01439	-0.01439	0.00000000	0.00000000	0.00000000	0.318244	1	-0.14390
Lung cancer	Fusobacterium necrophorum	other_taxon	0	122	0.00000	4	278	0.01439	-0.01439	0.00000000	0.00000000	0.00000000	0.318244	1	-0.14390
Lung cancer	Fusobacterium sp. oral taxon 203	other_taxon	0	122	0.00000	4	278	0.01439	-0.01439	0.00000000	0.00000000	0.00000000	0.318244	1	-0.14390
Lung cancer	Prevotella herbatica	other_taxon	0	122	0.00000	4	278	0.01439	-0.01439	0.00000000	0.00000000	0.00000000	0.318244	1	-0.14390
Lung cancer	Salmonella enterica	other_taxon	0	122	0.00000	4	278	0.01439	-0.01439	0.00000000	0.00000000	0.00000000	0.318244	1	-0.14390
Lung cancer	Bacteroides zoogleoformans	other_taxon	3	122	0.02459	11	278	0.03957	-0.01498	0.00000000	0.00000000	0.00000000	0.565216	1	-0.14980
Lung cancer	Lachnoanaerobaculum umeaense	other_taxon	3	122	0.02459	11	278	0.03957	-0.01498	0.00000000	0.00000000	0.00000000	0.565216	1	-0.14980
Lung cancer	Campylobacter rectus	other_taxon	12	122	0.09836	32	278	0.11511	-0.01675	0.00000000	0.00000000	0.00000000	0.729488	1	-0.16750
Lung cancer	Selenomonas sp. oral taxon 126	other_taxon	1	122	0.00820	7	278	0.02518	-0.01698	0.00000000	0.00000000	0.00000000	0.444032	1	-0.16980
Lung cancer	Streptococcus suis	other_taxon	1	122	0.00820	7	278	0.02518	-0.01698	0.00000000	0.00000000	0.00000000	0.444032	1	-0.16980
Lung cancer	Streptococcus thermophilus	other_taxon	1	122	0.00820	7	278	0.02518	-0.01698	0.00000000	0.00000000	0.00000000	0.444032	1	-0.16980
Lung cancer	Streptococcus vestibularis	other_taxon	1	122	0.00820	7	278	0.02518	-0.01698	0.00000000	0.00000000	0.00000000	0.444032	1	-0.16980
Lung cancer	Prevotella sp. oral taxon 475	other_taxon	4	122	0.03279	14	278	0.05036	-0.01757	0.00000000	0.00000000	0.00000000	0.602154	1	-0.17570
Lung cancer	Capnocytophaga endodontalis	other_taxon	3	122	0.02459	12	278	0.04317	-0.01858	0.00000000	0.00000000	0.00000000	0.568332	1	-0.18580
Lung cancer	Streptococcus koreensis	other_taxon	4	122	0.03279	15	278	0.05396	-0.02117	0.00000000	0.00000000	0.00000000	0.450622	1	-0.21170
Lung cancer	Pyramidobacter piscolens	other_taxon	0	122	0.00000	6	278	0.02158	-0.02158	0.00000000	0.00000000	0.00000000	0.183821	1	-0.21580
Lung cancer	Prevotella fusca	other_taxon	3	122	0.02459	13	278	0.04676	-0.02217	0.00000000	0.00000000	0.00000000	0.410065	1	-0.22170
Lung cancer	Leptotrichia sp. oral taxon 212	other_taxon	4	122	0.03279	16	278	0.05755	-0.02477	0.00000000	0.00000000	0.00000000	0.454623	1	-0.24770
Lung cancer	Fusobacterium periodonticum	other_taxon	2	122	0.01639	12	278	0.04317	-0.02677	0.00000000	0.00000000	0.00000000	0.24348	1	-0.26770
Lung cancer	Benincasa hispida	background_or_low_specificity	51	122	0.41803	125	278	0.44964	-0.03161	0.00000000	0.00000000	0.00000000	0.585553	1	-0.31610
Lung cancer	Streptococcus ilei	other_taxon	5	122	0.04098	21	278	0.07554	-0.03456	0.00000000	0.00000000	0.00000000	0.270897	1	-0.34560
Lung cancer	Fusobacterium nucleatum	oral_respiratory_commensal_context	13	122	0.10656	41	278	0.14748	-0.04092	0.00000000	0.00000000	0.00000000	0.340507	1	-0.40920
Pulmonary tuberculosis	Mycobacterium tuberculosis	wetlab_priority_pathogen	9	86	0.10465	0	314	0.00000	0.10465	0.00000000	0.00000000	0.00000000	6.96966e-07	0.000533876	3.04650
Pulmonary tuberculosis	Pseudomonas aeruginosa	wetlab_priority_pathogen	0	86	0.00000	30	314	0.09554	-0.09554	0.00000000	0.00000000	0.00000000	0.00081296	0.103788	1.04460
Pulmonary tuberculosis	Streptococcus pneumoniae	wetlab_priority_pathogen	13	86	0.15116	47	314	0.14968	0.00148	0.00000000	0.00000000	0.00000000	1	1	2.01480
Pulmonary tuberculosis	Candida albicans	wetlab_priority_pathogen	4	86	0.04651	16	314	0.05096	-0.00444	0.00000000	0.00000000	0.00000000	1	1	1.95560
Pulmonary tuberculosis	Klebsiella pneumoniae	wetlab_priority_pathogen	2	86	0.02326	10	314	0.03185	-0.00859	0.00000000	0.00000000	0.00000000	1	1	1.91410
Pulmonary tuberculosis	Cryptococcus neoformans	wetlab_priority_pathogen	0	86	0.00000	8	314	0.02548	-0.02548	0.00000000	0.00000000	0.00000000	0.210512	1	1.74520
Pulmonary tuberculosis	Acinetobacter baumannii	wetlab_priority_pathogen	1	86	0.01163	12	314	0.03822	-0.02659	0.00000000	0.00000000	0.00000000	0.314726	1	1.73410
Pulmonary tuberculosis	Aspergillus fumigatus	wetlab_priority_pathogen	0	86	0.00000	11	314	0.03503	-0.03503	0.00000000	0.00000000	0.00000000	0.130753	1	1.64970
Pulmonary tuberculosis	Staphylococcus aureus	wetlab_priority_pathogen	0	86	0.00000	12	314	0.03822	-0.03822	0.00000000	0.00000000	0.00000000	0.0776635	1	1.61780
Pulmonary tuberculosis	Stenotrophomonas maltophilia	wetlab_priority_pathogen	1	86	0.01163	18	314	0.05732	-0.04570	0.00000000	0.00000000	0.00000000	0.0895102	1	1.54300
Pulmonary tuberculosis	Haemophilus influenzae	wetlab_priority_pathogen	3	86	0.03488	32	314	0.10191	-0.06703	0.00000000	0.00000000	0.00000000	0.053531	1	1.32970
Pulmonary tuberculosis	Porphyromonas endodontalis	other_taxon	4	86	0.04651	52	314	0.16561	-0.11909	0.00000000	0.00000000	0.00000000	0.00439069	0.329704	-1.19090
Pulmonary tuberculosis	Porphyromonas gingivalis	other_taxon	4	86	0.04651	45	314	0.14331	-0.09680	0.00000000	0.00000000	0.00000000	0.0149259	0.788498	-0.96800
Pulmonary tuberculosis	Benincasa hispida	background_or_low_specificity	43	86	0.50000	133	314	0.42357	0.07643	0.00002000	0.00000000	0.00002000	0.221517	1	0.76630
Pulmonary tuberculosis	Cutibacterium acnes	other_taxon	18	86	0.20930	52	314	0.16561	0.04370	0.00000000	0.00000000	0.00000000	0.340353	1	0.43700
Pulmonary tuberculosis	Prevotella melaninogenica	oral_respiratory_commensal_context	30	86	0.34884	97	314	0.30892	0.03992	0.00000000	0.00000000	0.00000000	0.514088	1	0.39920
Pulmonary tuberculosis	Arabidopsis thaliana	background_or_low_specificity	85	86	0.98837	298	314	0.94904	0.03933	0.28358000	0.21765500	0.06592500	0.137307	1	28.75130
Pulmonary tuberculosis	Prevotella sp. oral taxon 475	other_taxon	6	86	0.06977	12	314	0.03822	0.03155	0.00000000	0.00000000	0.00000000	0.238901	1	0.31550
Pulmonary tuberculosis	Prevotella oris	other_taxon	10	86	0.11628	29	314	0.09236	0.02392	0.00000000	0.00000000	0.00000000	0.53869	1	0.23920
Pulmonary tuberculosis	Leptotrichia trevisanii	other_taxon	3	86	0.03488	4	314	0.01274	0.02214	0.00000000	0.00000000	0.00000000	0.173115	1	0.22140
Pulmonary tuberculosis	Streptococcus infantis	other_taxon	9	86	0.10465	26	314	0.08280	0.02185	0.00000000	0.00000000	0.00000000	0.521226	1	0.21850
Pulmonary tuberculosis	Prevotella scopos	other_taxon	7	86	0.08140	19	314	0.06051	0.02089	0.00000000	0.00000000	0.00000000	0.465132	1	0.20890
Pulmonary tuberculosis	Streptococcus thermophilus	other_taxon	3	86	0.03488	5	314	0.01592	0.01896	0.00000000	0.00000000	0.00000000	0.376948	1	0.18960
Pulmonary tuberculosis	Streptococcus vestibularis	other_taxon	3	86	0.03488	5	314	0.01592	0.01896	0.00000000	0.00000000	0.00000000	0.376948	1	0.18960
Pulmonary tuberculosis	Capnocytophaga ochracea	other_taxon	4	86	0.04651	9	314	0.02866	0.01785	0.00000000	0.00000000	0.00000000	0.489511	1	0.17850
Pulmonary tuberculosis	Ralstonia insidiosa	other_taxon	3	86	0.03488	6	314	0.01911	0.01578	0.00000000	0.00000000	0.00000000	0.41152	1	0.15780
Pulmonary tuberculosis	Rothia mucilaginosa	oral_respiratory_commensal_context	24	86	0.27907	83	314	0.26433	0.01474	0.00000000	0.00000000	0.00000000	0.784546	1	0.14740
Pulmonary tuberculosis	Selenomonas sp. oral taxon 478	other_taxon	2	86	0.02326	3	314	0.00955	0.01370	0.00000000	0.00000000	0.00000000	0.293326	1	0.13700
Pulmonary tuberculosis	Corynebacterium accolens	other_taxon	3	86	0.03488	7	314	0.02229	0.01259	0.00000000	0.00000000	0.00000000	0.453676	1	0.12590
Pulmonary tuberculosis	Corynebacterium segmentosum	other_taxon	3	86	0.03488	7	314	0.02229	0.01259	0.00000000	0.00000000	0.00000000	0.453676	1	0.12590
Pulmonary tuberculosis	Leptotrichia sp. oral taxon 221	other_taxon	3	86	0.03488	7	314	0.02229	0.01259	0.00000000	0.00000000	0.00000000	0.453676	1	0.12590
Pulmonary tuberculosis	Capnocytophaga endodontalis	other_taxon	4	86	0.04651	11	314	0.03503	0.01148	0.00000000	0.00000000	0.00000000	0.538871	1	0.11480
Pulmonary tuberculosis	Cardiobacterium hominis	other_taxon	2	86	0.02326	4	314	0.01274	0.01052	0.00000000	0.00000000	0.00000000	0.613276	1	0.10520
Pulmonary tuberculosis	Prevotella buccalis	other_taxon	2	86	0.02326	4	314	0.01274	0.01052	0.00000000	0.00000000	0.00000000	0.613276	1	0.10520
Pulmonary tuberculosis	Veillonella rodentium	other_taxon	2	86	0.02326	4	314	0.01274	0.01052	0.00000000	0.00000000	0.00000000	0.613276	1	0.10520
Pulmonary tuberculosis	Leptotrichia sp. oral taxon 212	other_taxon	5	86	0.05814	15	314	0.04777	0.01037	0.00000000	0.00000000	0.00000000	0.779608	1	0.10370
Pulmonary tuberculosis	Actinomyces sp. oral taxon 414	other_taxon	4	86	0.04651	12	314	0.03822	0.00830	0.00000000	0.00000000	0.00000000	0.756683	1	0.08300
Pulmonary tuberculosis	Prevotella fusca	other_taxon	4	86	0.04651	12	314	0.03822	0.00830	0.00000000	0.00000000	0.00000000	0.756683	1	0.08300
Pulmonary tuberculosis	Leptotrichia hongkongensis	other_taxon	2	86	0.02326	5	314	0.01592	0.00733	0.00000000	0.00000000	0.00000000	0.646157	1	0.07330
Pulmonary tuberculosis	Capnocytophaga sp. oral taxon 878	other_taxon	3	86	0.03488	9	314	0.02866	0.00622	0.00000000	0.00000000	0.00000000	0.726148	1	0.06220
Pulmonary tuberculosis	Streptococcus ilei	other_taxon	6	86	0.06977	20	314	0.06369	0.00607	0.00000000	0.00000000	0.00000000	0.80735	1	0.06070
Pulmonary tuberculosis	Acidovorax sp. JMULE5	other_taxon	1	86	0.01163	2	314	0.00637	0.00526	0.00000000	0.00000000	0.00000000	0.517261	1	0.05260
Pulmonary tuberculosis	Bacteroides xylanisolvens	other_taxon	1	86	0.01163	2	314	0.00637	0.00526	0.00000000	0.00000000	0.00000000	0.517261	1	0.05260
Pulmonary tuberculosis	Campylobacter curvus	other_taxon	1	86	0.01163	2	314	0.00637	0.00526	0.00000000	0.00000000	0.00000000	0.517261	1	0.05260
Pulmonary tuberculosis	Capnocytophaga sp. oral taxon 323	other_taxon	1	86	0.01163	2	314	0.00637	0.00526	0.00000000	0.00000000	0.00000000	0.517261	1	0.05260
Pulmonary tuberculosis	Cellvibrio sp. KY-GH-1	other_taxon	1	86	0.01163	2	314	0.00637	0.00526	0.00000000	0.00000000	0.00000000	0.517261	1	0.05260
Pulmonary tuberculosis	Corynebacterium diphtheriae	other_taxon	1	86	0.01163	2	314	0.00637	0.00526	0.00000000	0.00000000	0.00000000	0.517261	1	0.05260
Pulmonary tuberculosis	Enterococcus casseliflavus	other_taxon	1	86	0.01163	2	314	0.00637	0.00526	0.00000000	0.00000000	0.00000000	0.517261	1	0.05260
Pulmonary tuberculosis	Human betaherpesvirus 7	other_taxon	1	86	0.01163	2	314	0.00637	0.00526	0.00000000	0.00000000	0.00000000	0.517261	1	0.05260
Pulmonary tuberculosis	Lacticaseibacillus paracasei	other_taxon	1	86	0.01163	2	314	0.00637	0.00526	0.00000000	0.00000000	0.00000000	0.517261	1	0.05260
Pulmonary tuberculosis	Prevotella sp. Rep29	other_taxon	1	86	0.01163	2	314	0.00637	0.00526	0.00000000	0.00000000	0.00000000	0.517261	1	0.05260
Pulmonary tuberculosis	Pseudoprevotella muciniphila	other_taxon	1	86	0.01163	2	314	0.00637	0.00526	0.00000000	0.00000000	0.00000000	0.517261	1	0.05260
Pulmonary tuberculosis	Prevotella enoeca	other_taxon	4	86	0.04651	13	314	0.04140	0.00511	0.00000000	0.00000000	0.00000000	0.768406	1	0.05110
Pulmonary tuberculosis	Streptococcus sp. A12	other_taxon	4	86	0.04651	13	314	0.04140	0.00511	0.00000000	0.00000000	0.00000000	0.768406	1	0.05110
Pulmonary tuberculosis	Olsenella sp. oral taxon 807	other_taxon	2	86	0.02326	6	314	0.01911	0.00415	0.00000000	0.00000000	0.00000000	0.683072	1	0.04150
Pulmonary tuberculosis	Tannerella serpentiformis	other_taxon	5	86	0.05814	17	314	0.05414	0.00400	0.00000000	0.00000000	0.00000000	0.795512	1	0.04000
Pulmonary tuberculosis	Campylobacter concisus	other_taxon	11	86	0.12791	39	314	0.12420	0.00370	0.00000000	0.00000000	0.00000000	1	1	0.03700
Pulmonary tuberculosis	Streptococcus cristatus	other_taxon	6	86	0.06977	21	314	0.06688	0.00289	0.00000000	0.00000000	0.00000000	1	1	0.02890
Pulmonary tuberculosis	Streptococcus gordonii	other_taxon	6	86	0.06977	21	314	0.06688	0.00289	0.00000000	0.00000000	0.00000000	1	1	0.02890
Pulmonary tuberculosis	Veillonella nakazawae	other_taxon	6	86	0.06977	21	314	0.06688	0.00289	0.00000000	0.00000000	0.00000000	1	1	0.02890
Pulmonary tuberculosis	Bergeyella cardium	other_taxon	1	86	0.01163	3	314	0.00955	0.00207	0.00000000	0.00000000	0.00000000	1	1	0.02070
Pulmonary tuberculosis	Bifidobacterium dentium	other_taxon	1	86	0.01163	3	314	0.00955	0.00207	0.00000000	0.00000000	0.00000000	1	1	0.02070
Pulmonary tuberculosis	Bulleidia sp. zg-1006	other_taxon	1	86	0.01163	3	314	0.00955	0.00207	0.00000000	0.00000000	0.00000000	1	1	0.02070
Pulmonary tuberculosis	Candidatus Nanosynbacter lyticus	other_taxon	1	86	0.01163	3	314	0.00955	0.00207	0.00000000	0.00000000	0.00000000	1	1	0.02070
Pulmonary tuberculosis	Carnobacterium maltaromaticum	other_taxon	1	86	0.01163	3	314	0.00955	0.00207	0.00000000	0.00000000	0.00000000	1	1	0.02070
Pulmonary tuberculosis	Cutibacterium avidum	other_taxon	1	86	0.01163	3	314	0.00955	0.00207	0.00000000	0.00000000	0.00000000	1	1	0.02070
Pulmonary tuberculosis	Desulfomicrobium orale	other_taxon	1	86	0.01163	3	314	0.00955	0.00207	0.00000000	0.00000000	0.00000000	1	1	0.02070
Pulmonary tuberculosis	Fusobacterium necrophorum	other_taxon	1	86	0.01163	3	314	0.00955	0.00207	0.00000000	0.00000000	0.00000000	1	1	0.02070
Pulmonary tuberculosis	Kingella oralis	other_taxon	1	86	0.01163	3	314	0.00955	0.00207	0.00000000	0.00000000	0.00000000	1	1	0.02070
Pulmonary tuberculosis	Leptotrichia sp. oral taxon 498	other_taxon	1	86	0.01163	3	314	0.00955	0.00207	0.00000000	0.00000000	0.00000000	1	1	0.02070
Pulmonary tuberculosis	Metamycoplasma orale	other_taxon	1	86	0.01163	3	314	0.00955	0.00207	0.00000000	0.00000000	0.00000000	1	1	0.02070
Pulmonary tuberculosis	Mycobacterium sp. YC-RL4	other_taxon	1	86	0.01163	3	314	0.00955	0.00207	0.00000000	0.00000000	0.00000000	1	1	0.02070
Pulmonary tuberculosis	Prevotella bryantii	other_taxon	1	86	0.01163	3	314	0.00955	0.00207	0.00000000	0.00000000	0.00000000	1	1	0.02070
Pulmonary tuberculosis	Prevotella herbatica	other_taxon	1	86	0.01163	3	314	0.00955	0.00207	0.00000000	0.00000000	0.00000000	1	1	0.02070
Pulmonary tuberculosis	Salmonella enterica	other_taxon	1	86	0.01163	3	314	0.00955	0.00207	0.00000000	0.00000000	0.00000000	1	1	0.02070
Pulmonary tuberculosis	Selenomonas timonae	other_taxon	1	86	0.01163	3	314	0.00955	0.00207	0.00000000	0.00000000	0.00000000	1	1	0.02070
Pulmonary tuberculosis	Sphingomonas sanguinis	other_taxon	1	86	0.01163	3	314	0.00955	0.00207	0.00000000	0.00000000	0.00000000	1	1	0.02070
Pulmonary tuberculosis	Sphingomonas sp. NIC1	other_taxon	1	86	0.01163	3	314	0.00955	0.00207	0.00000000	0.00000000	0.00000000	1	1	0.02070
Pulmonary tuberculosis	Treponema sp. OMZ 305	other_taxon	1	86	0.01163	3	314	0.00955	0.00207	0.00000000	0.00000000	0.00000000	1	1	0.02070
Pulmonary tuberculosis	Acinetobacter nosocomialis	other_taxon	2	86	0.02326	7	314	0.02229	0.00096	0.00000000	0.00000000	0.00000000	1	1	0.00960
Pulmonary tuberculosis	Granulicatella elegans	other_taxon	2	86	0.02326	7	314	0.02229	0.00096	0.00000000	0.00000000	0.00000000	1	1	0.00960
Pulmonary tuberculosis	Streptococcus australis	other_taxon	5	86	0.05814	18	314	0.05732	0.00081	0.00000000	0.00000000	0.00000000	1	1	0.00810
Pulmonary tuberculosis	Capnocytophaga sputigena	other_taxon	8	86	0.09302	29	314	0.09236	0.00067	0.00000000	0.00000000	0.00000000	1	1	0.00670
Pulmonary tuberculosis	Prevotella histicola	other_taxon	8	86	0.09302	29	314	0.09236	0.00067	0.00000000	0.00000000	0.00000000	1	1	0.00670
Pulmonary tuberculosis	Streptococcus pseudopneumoniae	other_taxon	8	86	0.09302	29	314	0.09236	0.00067	0.00000000	0.00000000	0.00000000	1	1	0.00670
Pulmonary tuberculosis	Homo sapiens	background_or_low_specificity	86	86	1.00000	314	314	1.00000	0.00000	0.31961500	0.26777000	0.05184500	1	1	31.96150
Pulmonary tuberculosis	Toxoplasma gondii	background_or_low_specificity	86	86	1.00000	314	314	1.00000	0.00000	0.25599000	0.19587000	0.06012000	1	1	25.59900
Pulmonary tuberculosis	Lachnoanaerobaculum umeaense	other_taxon	3	86	0.03488	11	314	0.03503	-0.00015	0.00000000	0.00000000	0.00000000	1	1	-0.00150
Pulmonary tuberculosis	Streptococcus lactarius	other_taxon	3	86	0.03488	11	314	0.03503	-0.00015	0.00000000	0.00000000	0.00000000	1	1	-0.00150
Pulmonary tuberculosis	Candidatus Nanosynbacter sp. HMT-352	other_taxon	6	86	0.06977	22	314	0.07006	-0.00030	0.00000000	0.00000000	0.00000000	1	1	-0.00300
Pulmonary tuberculosis	Streptococcus sp. 116-D4	other_taxon	6	86	0.06977	22	314	0.07006	-0.00030	0.00000000	0.00000000	0.00000000	1	1	-0.00300
Pulmonary tuberculosis	Aggregatibacter sp. oral taxon 513	other_taxon	1	86	0.01163	4	314	0.01274	-0.00111	0.00000000	0.00000000	0.00000000	1	1	-0.01110
Pulmonary tuberculosis	Cutibacterium modestum	other_taxon	1	86	0.01163	4	314	0.01274	-0.00111	0.00000000	0.00000000	0.00000000	1	1	-0.01110
Pulmonary tuberculosis	Ligilactobacillus salivarius	other_taxon	1	86	0.01163	4	314	0.01274	-0.00111	0.00000000	0.00000000	0.00000000	1	1	-0.01110
Pulmonary tuberculosis	Selenomonas sp. oral taxon 136	other_taxon	1	86	0.01163	4	314	0.01274	-0.00111	0.00000000	0.00000000	0.00000000	1	1	-0.01110
Pulmonary tuberculosis	Selenomonas sp. oral taxon 920	other_taxon	1	86	0.01163	4	314	0.01274	-0.00111	0.00000000	0.00000000	0.00000000	1	1	-0.01110
Pulmonary tuberculosis	Streptococcus sp. FDAARGOS_192	other_taxon	1	86	0.01163	4	314	0.01274	-0.00111	0.00000000	0.00000000	0.00000000	1	1	-0.01110
Pulmonary tuberculosis	Triticum aestivum	other_taxon	1	86	0.01163	4	314	0.01274	-0.00111	0.00000000	0.00000000	0.00000000	1	1	-0.01110
Pulmonary tuberculosis	Acinetobacter lwoffii	other_taxon	2	86	0.02326	8	314	0.02548	-0.00222	0.00000000	0.00000000	0.00000000	1	1	-0.02220
Pulmonary tuberculosis	Actinomyces naeslundii	other_taxon	2	86	0.02326	8	314	0.02548	-0.00222	0.00000000	0.00000000	0.00000000	1	1	-0.02220
Pulmonary tuberculosis	Actinomyces oris	other_taxon	2	86	0.02326	8	314	0.02548	-0.00222	0.00000000	0.00000000	0.00000000	1	1	-0.02220
Pulmonary tuberculosis	Corynebacterium macginleyi	other_taxon	2	86	0.02326	8	314	0.02548	-0.00222	0.00000000	0.00000000	0.00000000	1	1	-0.02220
Pulmonary tuberculosis	Prevotella dentalis	other_taxon	2	86	0.02326	8	314	0.02548	-0.00222	0.00000000	0.00000000	0.00000000	1	1	-0.02220
Pulmonary tuberculosis	Cupriavidus sp. EM10	other_taxon	5	86	0.05814	19	314	0.06051	-0.00237	0.00000000	0.00000000	0.00000000	1	1	-0.02370
Pulmonary tuberculosis	Rothia dentocariosa	other_taxon	5	86	0.05814	19	314	0.06051	-0.00237	0.00000000	0.00000000	0.00000000	1	1	-0.02370
Pulmonary tuberculosis	Streptococcus sp. HSISM1	other_taxon	5	86	0.05814	19	314	0.06051	-0.00237	0.00000000	0.00000000	0.00000000	1	1	-0.02370
Pulmonary tuberculosis	Veillonella sp. S12025-13	other_taxon	6	86	0.06977	23	314	0.07325	-0.00348	0.00000000	0.00000000	0.00000000	1	1	-0.03480
Pulmonary tuberculosis	Acinetobacter sp. MYb10	other_taxon	1	86	0.01163	5	314	0.01592	-0.00430	0.00000000	0.00000000	0.00000000	1	1	-0.04300
Pulmonary tuberculosis	Acinetobacter sp. TTH0-4	other_taxon	1	86	0.01163	5	314	0.01592	-0.00430	0.00000000	0.00000000	0.00000000	1	1	-0.04300
Pulmonary tuberculosis	Fretibacterium fastidiosum	other_taxon	1	86	0.01163	5	314	0.01592	-0.00430	0.00000000	0.00000000	0.00000000	1	1	-0.04300
Pulmonary tuberculosis	Human betaherpesvirus 5	other_taxon	1	86	0.01163	5	314	0.01592	-0.00430	0.00000000	0.00000000	0.00000000	1	1	-0.04300
Pulmonary tuberculosis	Human gammaherpesvirus 4	other_taxon	1	86	0.01163	5	314	0.01592	-0.00430	0.00000000	0.00000000	0.00000000	1	1	-0.04300
Pulmonary tuberculosis	Pauljensenia hongkongensis	other_taxon	1	86	0.01163	5	314	0.01592	-0.00430	0.00000000	0.00000000	0.00000000	1	1	-0.04300
Pulmonary tuberculosis	Porphyromonas somerae	other_taxon	1	86	0.01163	5	314	0.01592	-0.00430	0.00000000	0.00000000	0.00000000	1	1	-0.04300
Pulmonary tuberculosis	Sphingomonas sp. LK11	other_taxon	1	86	0.01163	5	314	0.01592	-0.00430	0.00000000	0.00000000	0.00000000	1	1	-0.04300
Pulmonary tuberculosis	Streptococcus toyakuensis	other_taxon	7	86	0.08140	27	314	0.08599	-0.00459	0.00000000	0.00000000	0.00000000	1	1	-0.04590
Pulmonary tuberculosis	Propionibacterium acidifaciens	other_taxon	2	86	0.02326	9	314	0.02866	-0.00541	0.00000000	0.00000000	0.00000000	1	1	-0.05410
Pulmonary tuberculosis	Metamycoplasma salivarium	other_taxon	3	86	0.03488	13	314	0.04140	-0.00652	0.00000000	0.00000000	0.00000000	1	1	-0.06520
Pulmonary tuberculosis	Streptococcus sp. NPS 308	other_taxon	3	86	0.03488	13	314	0.04140	-0.00652	0.00000000	0.00000000	0.00000000	1	1	-0.06520
Pulmonary tuberculosis	Prevotella copri	other_taxon	1	86	0.01163	6	314	0.01911	-0.00748	0.00000000	0.00000000	0.00000000	1	1	-0.07480
Pulmonary tuberculosis	Ralstonia mannitolilytica	other_taxon	1	86	0.01163	6	314	0.01911	-0.00748	0.00000000	0.00000000	0.00000000	1	1	-0.07480
Pulmonary tuberculosis	Streptococcus sp. oral taxon 064	other_taxon	1	86	0.01163	6	314	0.01911	-0.00748	0.00000000	0.00000000	0.00000000	1	1	-0.07480
Pulmonary tuberculosis	Treponema sp. OMZ 857	other_taxon	1	86	0.01163	6	314	0.01911	-0.00748	0.00000000	0.00000000	0.00000000	1	1	-0.07480
Pulmonary tuberculosis	Leptotrichia wadei	other_taxon	4	86	0.04651	17	314	0.05414	-0.00763	0.00000000	0.00000000	0.00000000	1	1	-0.07630
Pulmonary tuberculosis	Veillonella dispar	other_taxon	7	86	0.08140	28	314	0.08917	-0.00778	0.00000000	0.00000000	0.00000000	1	1	-0.07780
Pulmonary tuberculosis	Fusobacterium hwasookii	other_taxon	2	86	0.02326	10	314	0.03185	-0.00859	0.00000000	0.00000000	0.00000000	1	1	-0.08590
Pulmonary tuberculosis	Streptococcus sp. LPB0220	other_taxon	5	86	0.05814	21	314	0.06688	-0.00874	0.00000000	0.00000000	0.00000000	1	1	-0.08740
Pulmonary tuberculosis	Capnocytophaga gingivalis	other_taxon	8	86	0.09302	32	314	0.10191	-0.00889	0.00000000	0.00000000	0.00000000	1	1	-0.08890
Pulmonary tuberculosis	Achromobacter xylosoxidans	other_taxon	0	86	0.00000	3	314	0.00955	-0.00955	0.00000000	0.00000000	0.00000000	1	1	-0.09550
Pulmonary tuberculosis	Acinetobacter bereziniae	other_taxon	0	86	0.00000	3	314	0.00955	-0.00955	0.00000000	0.00000000	0.00000000	1	1	-0.09550
Pulmonary tuberculosis	Acinetobacter ursingii	other_taxon	0	86	0.00000	3	314	0.00955	-0.00955	0.00000000	0.00000000	0.00000000	1	1	-0.09550
Pulmonary tuberculosis	Actinomyces sp. HMT 175	other_taxon	0	86	0.00000	3	314	0.00955	-0.00955	0.00000000	0.00000000	0.00000000	1	1	-0.09550
Pulmonary tuberculosis	Actinomyces viscosus	other_taxon	0	86	0.00000	3	314	0.00955	-0.00955	0.00000000	0.00000000	0.00000000	1	1	-0.09550
Pulmonary tuberculosis	Aeromonas salmonicida	other_taxon	0	86	0.00000	3	314	0.00955	-0.00955	0.00000000	0.00000000	0.00000000	1	1	-0.09550
Pulmonary tuberculosis	Aquabacterium olei	other_taxon	0	86	0.00000	3	314	0.00955	-0.00955	0.00000000	0.00000000	0.00000000	1	1	-0.09550
Pulmonary tuberculosis	Arachnia rubra	other_taxon	0	86	0.00000	3	314	0.00955	-0.00955	0.00000000	0.00000000	0.00000000	1	1	-0.09550
Pulmonary tuberculosis	Bacillus cereus	other_taxon	0	86	0.00000	3	314	0.00955	-0.00955	0.00000000	0.00000000	0.00000000	1	1	-0.09550
Pulmonary tuberculosis	Bacteroides fragilis	other_taxon	0	86	0.00000	3	314	0.00955	-0.00955	0.00000000	0.00000000	0.00000000	1	1	-0.09550
Pulmonary tuberculosis	Bartonella krasnovii	other_taxon	0	86	0.00000	3	314	0.00955	-0.00955	0.00000000	0.00000000	0.00000000	1	1	-0.09550
Pulmonary tuberculosis	Bradyrhizobium quebecense	other_taxon	0	86	0.00000	3	314	0.00955	-0.00955	0.00000000	0.00000000	0.00000000	1	1	-0.09550
Pulmonary tuberculosis	Bradyrhizobium sp. 6(2017)	other_taxon	0	86	0.00000	3	314	0.00955	-0.00955	0.00000000	0.00000000	0.00000000	1	1	-0.09550
Pulmonary tuberculosis	Bradyrhizobium sp. BTAi1	other_taxon	0	86	0.00000	3	314	0.00955	-0.00955	0.00000000	0.00000000	0.00000000	1	1	-0.09550
Pulmonary tuberculosis	Brevundimonas pondensis	other_taxon	0	86	0.00000	3	314	0.00955	-0.00955	0.00000000	0.00000000	0.00000000	1	1	-0.09550
Pulmonary tuberculosis	Burkholderia cepacia	other_taxon	0	86	0.00000	3	314	0.00955	-0.00955	0.00000000	0.00000000	0.00000000	1	1	-0.09550
Pulmonary tuberculosis	Burkholderia contaminans	other_taxon	0	86	0.00000	3	314	0.00955	-0.00955	0.00000000	0.00000000	0.00000000	1	1	-0.09550
Pulmonary tuberculosis	Caldibacillus thermoamylovorans	other_taxon	0	86	0.00000	3	314	0.00955	-0.00955	0.00000000	0.00000000	0.00000000	1	1	-0.09550
Pulmonary tuberculosis	Candida dubliniensis	other_taxon	0	86	0.00000	3	314	0.00955	-0.00955	0.00000000	0.00000000	0.00000000	1	1	-0.09550
Pulmonary tuberculosis	Chryseobacterium taklimakanense	other_taxon	0	86	0.00000	3	314	0.00955	-0.00955	0.00000000	0.00000000	0.00000000	1	1	-0.09550
Pulmonary tuberculosis	Clostridioides difficile	other_taxon	0	86	0.00000	3	314	0.00955	-0.00955	0.00000000	0.00000000	0.00000000	1	1	-0.09550
Pulmonary tuberculosis	Conchiformibius steedae	other_taxon	0	86	0.00000	3	314	0.00955	-0.00955	0.00000000	0.00000000	0.00000000	1	1	-0.09550
Pulmonary tuberculosis	Corynebacterium resistens	other_taxon	0	86	0.00000	3	314	0.00955	-0.00955	0.00000000	0.00000000	0.00000000	1	1	-0.09550
Pulmonary tuberculosis	Cupriavidus necator	other_taxon	0	86	0.00000	3	314	0.00955	-0.00955	0.00000000	0.00000000	0.00000000	1	1	-0.09550
Pulmonary tuberculosis	Cupriavidus sp. USMAA2-4	other_taxon	0	86	0.00000	3	314	0.00955	-0.00955	0.00000000	0.00000000	0.00000000	1	1	-0.09550
Pulmonary tuberculosis	Empedobacter falsenii	other_taxon	0	86	0.00000	3	314	0.00955	-0.00955	0.00000000	0.00000000	0.00000000	1	1	-0.09550
Pulmonary tuberculosis	Fusobacterium canifelinum	other_taxon	0	86	0.00000	3	314	0.00955	-0.00955	0.00000000	0.00000000	0.00000000	1	1	-0.09550
Pulmonary tuberculosis	Helianthus annuus	other_taxon	0	86	0.00000	3	314	0.00955	-0.00955	0.00000000	0.00000000	0.00000000	1	1	-0.09550
Pulmonary tuberculosis	Ideonella dechloratans	other_taxon	0	86	0.00000	3	314	0.00955	-0.00955	0.00000000	0.00000000	0.00000000	1	1	-0.09550
Pulmonary tuberculosis	Kaistella sp. BT6-1-3	other_taxon	0	86	0.00000	3	314	0.00955	-0.00955	0.00000000	0.00000000	0.00000000	1	1	-0.09550
Pulmonary tuberculosis	Kingella potus	other_taxon	0	86	0.00000	3	314	0.00955	-0.00955	0.00000000	0.00000000	0.00000000	1	1	-0.09550
Pulmonary tuberculosis	Kocuria rhizophila	other_taxon	0	86	0.00000	3	314	0.00955	-0.00955	0.00000000	0.00000000	0.00000000	1	1	-0.09550
Pulmonary tuberculosis	Lactobacillus iners	other_taxon	0	86	0.00000	3	314	0.00955	-0.00955	0.00000000	0.00000000	0.00000000	1	1	-0.09550
Pulmonary tuberculosis	Leptotrichia sp. oral taxon 218	other_taxon	0	86	0.00000	3	314	0.00955	-0.00955	0.00000000	0.00000000	0.00000000	1	1	-0.09550
Pulmonary tuberculosis	Leptotrichia sp. oral taxon 847	other_taxon	0	86	0.00000	3	314	0.00955	-0.00955	0.00000000	0.00000000	0.00000000	1	1	-0.09550
Pulmonary tuberculosis	Mesorhizobium terrae	other_taxon	0	86	0.00000	3	314	0.00955	-0.00955	0.00000000	0.00000000	0.00000000	1	1	-0.09550
Pulmonary tuberculosis	Methylobacterium organophilum	other_taxon	0	86	0.00000	3	314	0.00955	-0.00955	0.00000000	0.00000000	0.00000000	1	1	-0.09550
Pulmonary tuberculosis	Methylobacterium phyllosphaerae	other_taxon	0	86	0.00000	3	314	0.00955	-0.00955	0.00000000	0.00000000	0.00000000	1	1	-0.09550
Pulmonary tuberculosis	Methylotenera mobilis	other_taxon	0	86	0.00000	3	314	0.00955	-0.00955	0.00000000	0.00000000	0.00000000	1	1	-0.09550
Pulmonary tuberculosis	Neisseria chenwenguii	other_taxon	0	86	0.00000	3	314	0.00955	-0.00955	0.00000000	0.00000000	0.00000000	1	1	-0.09550
Pulmonary tuberculosis	Neisseria wadsworthii	other_taxon	0	86	0.00000	3	314	0.00955	-0.00955	0.00000000	0.00000000	0.00000000	1	1	-0.09550
Pulmonary tuberculosis	Nicotiana attenuata	other_taxon	0	86	0.00000	3	314	0.00955	-0.00955	0.00000000	0.00000000	0.00000000	1	1	-0.09550
Pulmonary tuberculosis	Novosphingobium sp. EMRT-2	other_taxon	0	86	0.00000	3	314	0.00955	-0.00955	0.00000000	0.00000000	0.00000000	1	1	-0.09550
Pulmonary tuberculosis	Paracoccus marcusii	other_taxon	0	86	0.00000	3	314	0.00955	-0.00955	0.00000000	0.00000000	0.00000000	1	1	-0.09550
Pulmonary tuberculosis	Parascardovia denticolens	other_taxon	0	86	0.00000	3	314	0.00955	-0.00955	0.00000000	0.00000000	0.00000000	1	1	-0.09550
Pulmonary tuberculosis	Phocaeicola vulgatus	other_taxon	0	86	0.00000	3	314	0.00955	-0.00955	0.00000000	0.00000000	0.00000000	1	1	-0.09550
Pulmonary tuberculosis	Porphyromonas asaccharolytica	other_taxon	0	86	0.00000	3	314	0.00955	-0.00955	0.00000000	0.00000000	0.00000000	1	1	-0.09550
Pulmonary tuberculosis	Pseudomonas chengduensis	other_taxon	0	86	0.00000	3	314	0.00955	-0.00955	0.00000000	0.00000000	0.00000000	1	1	-0.09550
Pulmonary tuberculosis	Pseudomonas oleovorans	other_taxon	0	86	0.00000	3	314	0.00955	-0.00955	0.00000000	0.00000000	0.00000000	1	1	-0.09550
Pulmonary tuberculosis	Pseudomonas sp. phDV1	other_taxon	0	86	0.00000	3	314	0.00955	-0.00955	0.00000000	0.00000000	0.00000000	1	1	-0.09550
Pulmonary tuberculosis	Pseudomonas wenzhouensis	other_taxon	0	86	0.00000	3	314	0.00955	-0.00955	0.00000000	0.00000000	0.00000000	1	1	-0.09550
Pulmonary tuberculosis	Ralstonia solanacearum	other_taxon	0	86	0.00000	3	314	0.00955	-0.00955	0.00000000	0.00000000	0.00000000	1	1	-0.09550
Pulmonary tuberculosis	Ralstonia sp. 56D2	other_taxon	0	86	0.00000	3	314	0.00955	-0.00955	0.00000000	0.00000000	0.00000000	1	1	-0.09550
Pulmonary tuberculosis	Sphingomonas sp. AAP5	other_taxon	0	86	0.00000	3	314	0.00955	-0.00955	0.00000000	0.00000000	0.00000000	1	1	-0.09550
Pulmonary tuberculosis	Staphylococcus pettenkoferi	other_taxon	0	86	0.00000	3	314	0.00955	-0.00955	0.00000000	0.00000000	0.00000000	1	1	-0.09550
Pulmonary tuberculosis	Staphylococcus saprophyticus	other_taxon	0	86	0.00000	3	314	0.00955	-0.00955	0.00000000	0.00000000	0.00000000	1	1	-0.09550
Pulmonary tuberculosis	Streptococcus agalactiae	other_taxon	0	86	0.00000	3	314	0.00955	-0.00955	0.00000000	0.00000000	0.00000000	1	1	-0.09550
Pulmonary tuberculosis	Streptococcus pyogenes	other_taxon	0	86	0.00000	3	314	0.00955	-0.00955	0.00000000	0.00000000	0.00000000	1	1	-0.09550
Pulmonary tuberculosis	Treponema putidum	other_taxon	0	86	0.00000	3	314	0.00955	-0.00955	0.00000000	0.00000000	0.00000000	1	1	-0.09550
Pulmonary tuberculosis	Treponema sp. OMZ 803	other_taxon	0	86	0.00000	3	314	0.00955	-0.00955	0.00000000	0.00000000	0.00000000	1	1	-0.09550
Pulmonary tuberculosis	Uruburuella testudinis	other_taxon	0	86	0.00000	3	314	0.00955	-0.00955	0.00000000	0.00000000	0.00000000	1	1	-0.09550
Pulmonary tuberculosis	Streptococcus rubneri	other_taxon	3	86	0.03488	14	314	0.04459	-0.00970	0.00000000	0.00000000	0.00000000	1	1	-0.09700
Pulmonary tuberculosis	Fusobacterium pseudoperiodonticum	other_taxon	9	86	0.10465	36	314	0.11465	-0.01000	0.00000000	0.00000000	0.00000000	1	1	-0.10000
Pulmonary tuberculosis	Aggregatibacter sp. Marseille-P9115	other_taxon	1	86	0.01163	7	314	0.02229	-0.01067	0.00000000	0.00000000	0.00000000	1	1	-0.10670
Pulmonary tuberculosis	Burkholderia multivorans	other_taxon	1	86	0.01163	7	314	0.02229	-0.01067	0.00000000	0.00000000	0.00000000	1	1	-0.10670
Pulmonary tuberculosis	Neisseria gonorrhoeae	other_taxon	1	86	0.01163	7	314	0.02229	-0.01067	0.00000000	0.00000000	0.00000000	1	1	-0.10670
Pulmonary tuberculosis	Selenomonas sp. oral taxon 126	other_taxon	1	86	0.01163	7	314	0.02229	-0.01067	0.00000000	0.00000000	0.00000000	1	1	-0.10670
Pulmonary tuberculosis	Streptococcus mutans	other_taxon	1	86	0.01163	7	314	0.02229	-0.01067	0.00000000	0.00000000	0.00000000	1	1	-0.10670
Pulmonary tuberculosis	Streptococcus suis	other_taxon	1	86	0.01163	7	314	0.02229	-0.01067	0.00000000	0.00000000	0.00000000	1	1	-0.10670
Pulmonary tuberculosis	Rothia aeria	other_taxon	7	86	0.08140	29	314	0.09236	-0.01096	0.00000000	0.00000000	0.00000000	0.835012	1	-0.10960
Pulmonary tuberculosis	Corynebacterium propinquum	other_taxon	2	86	0.02326	11	314	0.03503	-0.01178	0.00000000	0.00000000	0.00000000	0.743087	1	-0.11780
Pulmonary tuberculosis	Olsenella uli	other_taxon	2	86	0.02326	11	314	0.03503	-0.01178	0.00000000	0.00000000	0.00000000	0.743087	1	-0.11780
Pulmonary tuberculosis	Prevotella multiformis	other_taxon	2	86	0.02326	11	314	0.03503	-0.01178	0.00000000	0.00000000	0.00000000	0.743087	1	-0.11780
Pulmonary tuberculosis	Abyssicoccus albus	other_taxon	0	86	0.00000	4	314	0.01274	-0.01274	0.00000000	0.00000000	0.00000000	0.581707	1	-0.12740
Pulmonary tuberculosis	Actinomyces sp. oral taxon 169	other_taxon	0	86	0.00000	4	314	0.01274	-0.01274	0.00000000	0.00000000	0.00000000	0.581707	1	-0.12740
Pulmonary tuberculosis	Actinomyces sp. oral taxon 171	other_taxon	0	86	0.00000	4	314	0.01274	-0.01274	0.00000000	0.00000000	0.00000000	0.581707	1	-0.12740
Pulmonary tuberculosis	Agrobacterium tumefaciens	other_taxon	0	86	0.00000	4	314	0.01274	-0.01274	0.00000000	0.00000000	0.00000000	0.581707	1	-0.12740
Pulmonary tuberculosis	Bacteroides uniformis	other_taxon	0	86	0.00000	4	314	0.01274	-0.01274	0.00000000	0.00000000	0.00000000	0.581707	1	-0.12740
Pulmonary tuberculosis	Bradyrhizobium sp. CCBAU 53421	other_taxon	0	86	0.00000	4	314	0.01274	-0.01274	0.00000000	0.00000000	0.00000000	0.581707	1	-0.12740
Pulmonary tuberculosis	Brevibacterium casei	other_taxon	0	86	0.00000	4	314	0.01274	-0.01274	0.00000000	0.00000000	0.00000000	0.581707	1	-0.12740
Pulmonary tuberculosis	Burkholderia cenocepacia	other_taxon	0	86	0.00000	4	314	0.01274	-0.01274	0.00000000	0.00000000	0.00000000	0.581707	1	-0.12740
Pulmonary tuberculosis	Burkholderia stagnalis	other_taxon	0	86	0.00000	4	314	0.01274	-0.01274	0.00000000	0.00000000	0.00000000	0.581707	1	-0.12740
Pulmonary tuberculosis	Cloacibacterium caeni	other_taxon	0	86	0.00000	4	314	0.01274	-0.01274	0.00000000	0.00000000	0.00000000	0.581707	1	-0.12740
Pulmonary tuberculosis	Comamonas aquatica	other_taxon	0	86	0.00000	4	314	0.01274	-0.01274	0.00000000	0.00000000	0.00000000	0.581707	1	-0.12740
Pulmonary tuberculosis	Cupriavidus pauculus	other_taxon	0	86	0.00000	4	314	0.01274	-0.01274	0.00000000	0.00000000	0.00000000	0.581707	1	-0.12740
Pulmonary tuberculosis	Cutibacterium granulosum	other_taxon	0	86	0.00000	4	314	0.01274	-0.01274	0.00000000	0.00000000	0.00000000	0.581707	1	-0.12740
Pulmonary tuberculosis	Desulfovibrio sp. G11	other_taxon	0	86	0.00000	4	314	0.01274	-0.01274	0.00000000	0.00000000	0.00000000	0.581707	1	-0.12740
Pulmonary tuberculosis	Finegoldia magna	other_taxon	0	86	0.00000	4	314	0.01274	-0.01274	0.00000000	0.00000000	0.00000000	0.581707	1	-0.12740
Pulmonary tuberculosis	Fusobacterium sp. oral taxon 203	other_taxon	0	86	0.00000	4	314	0.01274	-0.01274	0.00000000	0.00000000	0.00000000	0.581707	1	-0.12740
Pulmonary tuberculosis	Haemophilus pittmaniae	other_taxon	0	86	0.00000	4	314	0.01274	-0.01274	0.00000000	0.00000000	0.00000000	0.581707	1	-0.12740
Pulmonary tuberculosis	Hydrogenophilus thermoluteolus	other_taxon	0	86	0.00000	4	314	0.01274	-0.01274	0.00000000	0.00000000	0.00000000	0.581707	1	-0.12740
Pulmonary tuberculosis	Klebsiella variicola	other_taxon	0	86	0.00000	4	314	0.01274	-0.01274	0.00000000	0.00000000	0.00000000	0.581707	1	-0.12740
Pulmonary tuberculosis	Kocuria rosea	other_taxon	0	86	0.00000	4	314	0.01274	-0.01274	0.00000000	0.00000000	0.00000000	0.581707	1	-0.12740
Pulmonary tuberculosis	Leptotrichia hofstadii	other_taxon	0	86	0.00000	4	314	0.01274	-0.01274	0.00000000	0.00000000	0.00000000	0.581707	1	-0.12740
Pulmonary tuberculosis	Neisseria animalis	other_taxon	0	86	0.00000	4	314	0.01274	-0.01274	0.00000000	0.00000000	0.00000000	0.581707	1	-0.12740
Pulmonary tuberculosis	Neisseria brasiliensis	other_taxon	0	86	0.00000	4	314	0.01274	-0.01274	0.00000000	0.00000000	0.00000000	0.581707	1	-0.12740
Pulmonary tuberculosis	Neisseria sp. KEM232	other_taxon	0	86	0.00000	4	314	0.01274	-0.01274	0.00000000	0.00000000	0.00000000	0.581707	1	-0.12740
Pulmonary tuberculosis	Neisseria weixii	other_taxon	0	86	0.00000	4	314	0.01274	-0.01274	0.00000000	0.00000000	0.00000000	0.581707	1	-0.12740
Pulmonary tuberculosis	Paraburkholderia aromaticivorans	other_taxon	0	86	0.00000	4	314	0.01274	-0.01274	0.00000000	0.00000000	0.00000000	0.581707	1	-0.12740
Pulmonary tuberculosis	Paraburkholderia phytofirmans	other_taxon	0	86	0.00000	4	314	0.01274	-0.01274	0.00000000	0.00000000	0.00000000	0.581707	1	-0.12740
Pulmonary tuberculosis	Paracoccus sp. Arc7-R13	other_taxon	0	86	0.00000	4	314	0.01274	-0.01274	0.00000000	0.00000000	0.00000000	0.581707	1	-0.12740
Pulmonary tuberculosis	Porphyromonas crevioricanis	other_taxon	0	86	0.00000	4	314	0.01274	-0.01274	0.00000000	0.00000000	0.00000000	0.581707	1	-0.12740
Pulmonary tuberculosis	Proteus penneri	other_taxon	0	86	0.00000	4	314	0.01274	-0.01274	0.00000000	0.00000000	0.00000000	0.581707	1	-0.12740
Pulmonary tuberculosis	Psychrobacter sanguinis	other_taxon	0	86	0.00000	4	314	0.01274	-0.01274	0.00000000	0.00000000	0.00000000	0.581707	1	-0.12740
Pulmonary tuberculosis	Rothia amarae	other_taxon	0	86	0.00000	4	314	0.01274	-0.01274	0.00000000	0.00000000	0.00000000	0.581707	1	-0.12740
Pulmonary tuberculosis	Schlegelella aquatica	other_taxon	0	86	0.00000	4	314	0.01274	-0.01274	0.00000000	0.00000000	0.00000000	0.581707	1	-0.12740
Pulmonary tuberculosis	Serratia marcescens	other_taxon	0	86	0.00000	4	314	0.01274	-0.01274	0.00000000	0.00000000	0.00000000	0.581707	1	-0.12740
Pulmonary tuberculosis	Sphingobium yanoikuyae	other_taxon	0	86	0.00000	4	314	0.01274	-0.01274	0.00000000	0.00000000	0.00000000	0.581707	1	-0.12740
Pulmonary tuberculosis	Staphylococcus pasteuri	other_taxon	0	86	0.00000	4	314	0.01274	-0.01274	0.00000000	0.00000000	0.00000000	0.581707	1	-0.12740
Pulmonary tuberculosis	Staphylococcus sp. M0911	other_taxon	0	86	0.00000	4	314	0.01274	-0.01274	0.00000000	0.00000000	0.00000000	0.581707	1	-0.12740
Pulmonary tuberculosis	Streptococcus milleri	other_taxon	0	86	0.00000	4	314	0.01274	-0.01274	0.00000000	0.00000000	0.00000000	0.581707	1	-0.12740
Pulmonary tuberculosis	Streptococcus pseudoporcinus	other_taxon	0	86	0.00000	4	314	0.01274	-0.01274	0.00000000	0.00000000	0.00000000	0.581707	1	-0.12740
Pulmonary tuberculosis	Treponema sp. OMZ 906	other_taxon	0	86	0.00000	4	314	0.01274	-0.01274	0.00000000	0.00000000	0.00000000	0.581707	1	-0.12740
Pulmonary tuberculosis	Uruburuella suis	other_taxon	0	86	0.00000	4	314	0.01274	-0.01274	0.00000000	0.00000000	0.00000000	0.581707	1	-0.12740
Pulmonary tuberculosis	Lancefieldella parvula	other_taxon	3	86	0.03488	15	314	0.04777	-0.01289	0.00000000	0.00000000	0.00000000	0.77415	1	-0.12890
Pulmonary tuberculosis	Mogibacterium diversum	other_taxon	6	86	0.06977	26	314	0.08280	-0.01304	0.00000000	0.00000000	0.00000000	0.824547	1	-0.13040
Pulmonary tuberculosis	Streptococcus sp. oral taxon 061	other_taxon	6	86	0.06977	26	314	0.08280	-0.01304	0.00000000	0.00000000	0.00000000	0.824547	1	-0.13040
Pulmonary tuberculosis	Prevotella veroralis	other_taxon	9	86	0.10465	37	314	0.11783	-0.01318	0.00000000	0.00000000	0.00000000	0.849818	1	-0.13180
Pulmonary tuberculosis	Prevotella nigrescens	other_taxon	12	86	0.13953	48	314	0.15287	-0.01333	0.00000000	0.00000000	0.00000000	0.865355	1	-0.13330
Pulmonary tuberculosis	Aggregatibacter segnis	other_taxon	1	86	0.01163	8	314	0.02548	-0.01385	0.00000000	0.00000000	0.00000000	0.690753	1	-0.13850
Pulmonary tuberculosis	Candidatus Minimicrobia vallesae	other_taxon	1	86	0.01163	8	314	0.02548	-0.01385	0.00000000	0.00000000	0.00000000	0.690753	1	-0.13850
Pulmonary tuberculosis	Neisseria lactamica	other_taxon	1	86	0.01163	8	314	0.02548	-0.01385	0.00000000	0.00000000	0.00000000	0.690753	1	-0.13850
Pulmonary tuberculosis	Streptococcus parasanguinis	other_taxon	7	86	0.08140	30	314	0.09554	-0.01415	0.00000000	0.00000000	0.00000000	0.834606	1	-0.14150
Pulmonary tuberculosis	Fusobacterium periodonticum	other_taxon	2	86	0.02326	12	314	0.03822	-0.01496	0.00000000	0.00000000	0.00000000	0.743147	1	-0.14960
Pulmonary tuberculosis	Neisseria meningitidis	other_taxon	2	86	0.02326	12	314	0.03822	-0.01496	0.00000000	0.00000000	0.00000000	0.743147	1	-0.14960
Pulmonary tuberculosis	Neisseria sp. oral taxon 014	other_taxon	2	86	0.02326	12	314	0.03822	-0.01496	0.00000000	0.00000000	0.00000000	0.743147	1	-0.14960
Pulmonary tuberculosis	Staphylococcus warneri	other_taxon	2	86	0.02326	12	314	0.03822	-0.01496	0.00000000	0.00000000	0.00000000	0.743147	1	-0.14960
Pulmonary tuberculosis	Bacteroides thetaiotaomicron	other_taxon	0	86	0.00000	5	314	0.01592	-0.01592	0.00000000	0.00000000	0.00000000	0.589365	1	-0.15920
Pulmonary tuberculosis	Burkholderia ubonensis	other_taxon	0	86	0.00000	5	314	0.01592	-0.01592	0.00000000	0.00000000	0.00000000	0.589365	1	-0.15920
Pulmonary tuberculosis	Capsicum annuum	other_taxon	0	86	0.00000	5	314	0.01592	-0.01592	0.00000000	0.00000000	0.00000000	0.589365	1	-0.15920
Pulmonary tuberculosis	Corynebacterium pseudodiphtheriticum	other_taxon	0	86	0.00000	5	314	0.01592	-0.01592	0.00000000	0.00000000	0.00000000	0.589365	1	-0.15920
Pulmonary tuberculosis	Corynebacterium striatum	other_taxon	0	86	0.00000	5	314	0.01592	-0.01592	0.00000000	0.00000000	0.00000000	0.589365	1	-0.15920
Pulmonary tuberculosis	Deinococcus wulumuqiensis	other_taxon	0	86	0.00000	5	314	0.01592	-0.01592	0.00000000	0.00000000	0.00000000	0.589365	1	-0.15920
Pulmonary tuberculosis	Desulfobulbus oralis	other_taxon	0	86	0.00000	5	314	0.01592	-0.01592	0.00000000	0.00000000	0.00000000	0.589365	1	-0.15920
Pulmonary tuberculosis	Eikenella exigua	other_taxon	0	86	0.00000	5	314	0.01592	-0.01592	0.00000000	0.00000000	0.00000000	0.589365	1	-0.15920
Pulmonary tuberculosis	Epilithonimonas vandammei	other_taxon	0	86	0.00000	5	314	0.01592	-0.01592	0.00000000	0.00000000	0.00000000	0.589365	1	-0.15920
Pulmonary tuberculosis	Escherichia coli	other_taxon	0	86	0.00000	5	314	0.01592	-0.01592	0.00000000	0.00000000	0.00000000	0.589365	1	-0.15920
Pulmonary tuberculosis	Human alphaherpesvirus 1	other_taxon	0	86	0.00000	5	314	0.01592	-0.01592	0.00000000	0.00000000	0.00000000	0.589365	1	-0.15920
Pulmonary tuberculosis	Leptotrichia buccalis	other_taxon	0	86	0.00000	5	314	0.01592	-0.01592	0.00000000	0.00000000	0.00000000	0.589365	1	-0.15920
Pulmonary tuberculosis	Leptotrichia shahii	other_taxon	0	86	0.00000	5	314	0.01592	-0.01592	0.00000000	0.00000000	0.00000000	0.589365	1	-0.15920
Pulmonary tuberculosis	Micrococcus luteus	other_taxon	0	86	0.00000	5	314	0.01592	-0.01592	0.00000000	0.00000000	0.00000000	0.589365	1	-0.15920
Pulmonary tuberculosis	Moraxella catarrhalis	other_taxon	0	86	0.00000	5	314	0.01592	-0.01592	0.00000000	0.00000000	0.00000000	0.589365	1	-0.15920
Pulmonary tuberculosis	Neisseria bacilliformis	other_taxon	0	86	0.00000	5	314	0.01592	-0.01592	0.00000000	0.00000000	0.00000000	0.589365	1	-0.15920
Pulmonary tuberculosis	Ottowia sp. oral taxon 894	other_taxon	0	86	0.00000	5	314	0.01592	-0.01592	0.00000000	0.00000000	0.00000000	0.589365	1	-0.15920
Pulmonary tuberculosis	Pseudomonas alcaligenes	other_taxon	0	86	0.00000	5	314	0.01592	-0.01592	0.00000000	0.00000000	0.00000000	0.589365	1	-0.15920
Pulmonary tuberculosis	Pseudomonas putida	other_taxon	0	86	0.00000	5	314	0.01592	-0.01592	0.00000000	0.00000000	0.00000000	0.589365	1	-0.15920
Pulmonary tuberculosis	Rhizobium oryzihabitans	other_taxon	0	86	0.00000	5	314	0.01592	-0.01592	0.00000000	0.00000000	0.00000000	0.589365	1	-0.15920
Pulmonary tuberculosis	Simonsiella muelleri	other_taxon	0	86	0.00000	5	314	0.01592	-0.01592	0.00000000	0.00000000	0.00000000	0.589365	1	-0.15920
Pulmonary tuberculosis	Streptococcus equi	other_taxon	0	86	0.00000	5	314	0.01592	-0.01592	0.00000000	0.00000000	0.00000000	0.589365	1	-0.15920
Pulmonary tuberculosis	Stutzerimonas stutzeri	other_taxon	0	86	0.00000	5	314	0.01592	-0.01592	0.00000000	0.00000000	0.00000000	0.589365	1	-0.15920
Pulmonary tuberculosis	Treponema parvum	other_taxon	0	86	0.00000	5	314	0.01592	-0.01592	0.00000000	0.00000000	0.00000000	0.589365	1	-0.15920
Pulmonary tuberculosis	Tropheryma whipplei	other_taxon	0	86	0.00000	5	314	0.01592	-0.01592	0.00000000	0.00000000	0.00000000	0.589365	1	-0.15920
Pulmonary tuberculosis	Zea mays	other_taxon	0	86	0.00000	5	314	0.01592	-0.01592	0.00000000	0.00000000	0.00000000	0.589365	1	-0.15920
Pulmonary tuberculosis	Streptococcus koreensis	other_taxon	3	86	0.03488	16	314	0.05096	-0.01607	0.00000000	0.00000000	0.00000000	0.775332	1	-0.16070
Pulmonary tuberculosis	Capnocytophaga leadbetteri	other_taxon	6	86	0.06977	27	314	0.08599	-0.01622	0.00000000	0.00000000	0.00000000	0.825115	1	-0.16220
Pulmonary tuberculosis	Capnocytophaga sp. FDAARGOS_737	other_taxon	6	86	0.06977	27	314	0.08599	-0.01622	0.00000000	0.00000000	0.00000000	0.825115	1	-0.16220
Pulmonary tuberculosis	Gemella morbillorum	other_taxon	6	86	0.06977	27	314	0.08599	-0.01622	0.00000000	0.00000000	0.00000000	0.825115	1	-0.16220
Pulmonary tuberculosis	Staphylococcus hominis	other_taxon	6	86	0.06977	27	314	0.08599	-0.01622	0.00000000	0.00000000	0.00000000	0.825115	1	-0.16220
Pulmonary tuberculosis	Streptococcus gwangjuense	other_taxon	6	86	0.06977	27	314	0.08599	-0.01622	0.00000000	0.00000000	0.00000000	0.825115	1	-0.16220
Pulmonary tuberculosis	Acinetobacter guillouiae	other_taxon	1	86	0.01163	9	314	0.02866	-0.01703	0.00000000	0.00000000	0.00000000	0.696487	1	-0.17030
Pulmonary tuberculosis	Aggregatibacter aphrophilus	other_taxon	1	86	0.01163	9	314	0.02866	-0.01703	0.00000000	0.00000000	0.00000000	0.696487	1	-0.17030
Pulmonary tuberculosis	Arachnia propionica	other_taxon	1	86	0.01163	9	314	0.02866	-0.01703	0.00000000	0.00000000	0.00000000	0.696487	1	-0.17030
Pulmonary tuberculosis	Dialister pneumosintes	other_taxon	1	86	0.01163	9	314	0.02866	-0.01703	0.00000000	0.00000000	0.00000000	0.696487	1	-0.17030
Pulmonary tuberculosis	Schaalia cardiffensis	other_taxon	1	86	0.01163	9	314	0.02866	-0.01703	0.00000000	0.00000000	0.00000000	0.696487	1	-0.17030
Pulmonary tuberculosis	Staphylococcus capitis	other_taxon	1	86	0.01163	9	314	0.02866	-0.01703	0.00000000	0.00000000	0.00000000	0.696487	1	-0.17030
Pulmonary tuberculosis	Streptococcus constellatus	other_taxon	1	86	0.01163	9	314	0.02866	-0.01703	0.00000000	0.00000000	0.00000000	0.696487	1	-0.17030
Pulmonary tuberculosis	Streptococcus sp. 1643	other_taxon	1	86	0.01163	9	314	0.02866	-0.01703	0.00000000	0.00000000	0.00000000	0.696487	1	-0.17030
Pulmonary tuberculosis	Cucurbita pepo	background_or_low_specificity	4	86	0.04651	20	314	0.06369	-0.01718	0.00000000	0.00000000	0.00000000	0.797626	1	-0.17180
Pulmonary tuberculosis	Ralstonia pickettii	other_taxon	4	86	0.04651	20	314	0.06369	-0.01718	0.00000000	0.00000000	0.00000000	0.797626	1	-0.17180
Pulmonary tuberculosis	Chryseobacterium manosquense	other_taxon	2	86	0.02326	13	314	0.04140	-0.01815	0.00000000	0.00000000	0.00000000	0.747972	1	-0.18150
Pulmonary tuberculosis	Corynebacterium matruchotii	other_taxon	2	86	0.02326	13	314	0.04140	-0.01815	0.00000000	0.00000000	0.00000000	0.747972	1	-0.18150
Pulmonary tuberculosis	Streptococcus intermedius	other_taxon	2	86	0.02326	13	314	0.04140	-0.01815	0.00000000	0.00000000	0.00000000	0.747972	1	-0.18150
Pulmonary tuberculosis	Acidovorax sp. KKS102	other_taxon	0	86	0.00000	6	314	0.01911	-0.01911	0.00000000	0.00000000	0.00000000	0.348182	1	-0.19110
Pulmonary tuberculosis	Atopobium sp. oral taxon 416	other_taxon	0	86	0.00000	6	314	0.01911	-0.01911	0.00000000	0.00000000	0.00000000	0.348182	1	-0.19110
Pulmonary tuberculosis	Bradyrhizobium sp. SK17	other_taxon	0	86	0.00000	6	314	0.01911	-0.01911	0.00000000	0.00000000	0.00000000	0.348182	1	-0.19110
Pulmonary tuberculosis	Corynebacterium jeikeium	other_taxon	0	86	0.00000	6	314	0.01911	-0.01911	0.00000000	0.00000000	0.00000000	0.348182	1	-0.19110
Pulmonary tuberculosis	Lactuca sativa	other_taxon	0	86	0.00000	6	314	0.01911	-0.01911	0.00000000	0.00000000	0.00000000	0.348182	1	-0.19110
Pulmonary tuberculosis	Methylotenera versatilis	other_taxon	0	86	0.00000	6	314	0.01911	-0.01911	0.00000000	0.00000000	0.00000000	0.348182	1	-0.19110
Pulmonary tuberculosis	Neomicrococcus aestuarii	other_taxon	0	86	0.00000	6	314	0.01911	-0.01911	0.00000000	0.00000000	0.00000000	0.348182	1	-0.19110
Pulmonary tuberculosis	Pyramidobacter piscolens	other_taxon	0	86	0.00000	6	314	0.01911	-0.01911	0.00000000	0.00000000	0.00000000	0.348182	1	-0.19110
Pulmonary tuberculosis	Schaalia meyeri	other_taxon	0	86	0.00000	6	314	0.01911	-0.01911	0.00000000	0.00000000	0.00000000	0.348182	1	-0.19110
Pulmonary tuberculosis	Staphylococcus cohnii	other_taxon	0	86	0.00000	6	314	0.01911	-0.01911	0.00000000	0.00000000	0.00000000	0.348182	1	-0.19110
Pulmonary tuberculosis	Porphyromonas sp. oral taxon 275	other_taxon	3	86	0.03488	17	314	0.05414	-0.01926	0.00000000	0.00000000	0.00000000	0.586193	1	-0.19260
Pulmonary tuberculosis	Streptococcus sp. Marseille-Q6470	other_taxon	6	86	0.06977	28	314	0.08917	-0.01940	0.00000000	0.00000000	0.00000000	0.667186	1	-0.19400
Pulmonary tuberculosis	Gemella haemolysans	other_taxon	9	86	0.10465	39	314	0.12420	-0.01955	0.00000000	0.00000000	0.00000000	0.710755	1	-0.19550
Pulmonary tuberculosis	Prevotella jejuni	oral_respiratory_commensal_context	15	86	0.17442	61	314	0.19427	-0.01985	0.00000000	0.00000000	0.00000000	0.757635	1	-0.19850
Pulmonary tuberculosis	Acinetobacter junii	other_taxon	1	86	0.01163	10	314	0.03185	-0.02022	0.00000000	0.00000000	0.00000000	0.469241	1	-0.20220
Pulmonary tuberculosis	Aggregatibacter sp. 2125159857	other_taxon	1	86	0.01163	10	314	0.03185	-0.02022	0.00000000	0.00000000	0.00000000	0.469241	1	-0.20220
Pulmonary tuberculosis	Dolosigranulum pigrum	other_taxon	1	86	0.01163	10	314	0.03185	-0.02022	0.00000000	0.00000000	0.00000000	0.469241	1	-0.20220
Pulmonary tuberculosis	Sphingomonas melonis	other_taxon	1	86	0.01163	10	314	0.03185	-0.02022	0.00000000	0.00000000	0.00000000	0.469241	1	-0.20220
Pulmonary tuberculosis	Cupriavidus metallidurans	other_taxon	0	86	0.00000	7	314	0.02229	-0.02229	0.00000000	0.00000000	0.00000000	0.354151	1	-0.22290
Pulmonary tuberculosis	Enterococcus faecium	other_taxon	0	86	0.00000	7	314	0.02229	-0.02229	0.00000000	0.00000000	0.00000000	0.354151	1	-0.22290
Pulmonary tuberculosis	Kingella denitrificans	other_taxon	0	86	0.00000	7	314	0.02229	-0.02229	0.00000000	0.00000000	0.00000000	0.354151	1	-0.22290
Pulmonary tuberculosis	Kocuria palustris	other_taxon	0	86	0.00000	7	314	0.02229	-0.02229	0.00000000	0.00000000	0.00000000	0.354151	1	-0.22290
Pulmonary tuberculosis	Neisseria cinerea	other_taxon	0	86	0.00000	7	314	0.02229	-0.02229	0.00000000	0.00000000	0.00000000	0.354151	1	-0.22290
Pulmonary tuberculosis	Sphingobium sp. YG1	other_taxon	0	86	0.00000	7	314	0.02229	-0.02229	0.00000000	0.00000000	0.00000000	0.354151	1	-0.22290
Pulmonary tuberculosis	Actinomyces pacaensis	other_taxon	3	86	0.03488	18	314	0.05732	-0.02244	0.00000000	0.00000000	0.00000000	0.586754	1	-0.22440
Pulmonary tuberculosis	Haemophilus sp. oral taxon 036	other_taxon	1	86	0.01163	11	314	0.03503	-0.02340	0.00000000	0.00000000	0.00000000	0.474742	1	-0.23400
Pulmonary tuberculosis	Selenomonas sputigena	other_taxon	1	86	0.01163	11	314	0.03503	-0.02340	0.00000000	0.00000000	0.00000000	0.474742	1	-0.23400
Pulmonary tuberculosis	Sphingomonas paucimobilis	other_taxon	1	86	0.01163	11	314	0.03503	-0.02340	0.00000000	0.00000000	0.00000000	0.474742	1	-0.23400
Pulmonary tuberculosis	Campylobacter showae	other_taxon	4	86	0.04651	22	314	0.07006	-0.02355	0.00000000	0.00000000	0.00000000	0.62158	1	-0.23550
Pulmonary tuberculosis	Veillonella parvula	oral_respiratory_commensal_context	13	86	0.15116	55	314	0.17516	-0.02400	0.00000000	0.00000000	0.00000000	0.745968	1	-0.24000
Pulmonary tuberculosis	Treponema medium	other_taxon	2	86	0.02326	15	314	0.04777	-0.02451	0.00000000	0.00000000	0.00000000	0.54489	1	-0.24510
Pulmonary tuberculosis	Neisseria flavescens	other_taxon	3	86	0.03488	19	314	0.06051	-0.02563	0.00000000	0.00000000	0.00000000	0.435736	1	-0.25630
Pulmonary tuberculosis	Streptococcus sp. Marseille-Q3533	other_taxon	6	86	0.06977	30	314	0.09554	-0.02577	0.00000000	0.00000000	0.00000000	0.530739	1	-0.25770
Pulmonary tuberculosis	Morococcus cerebrosus	other_taxon	1	86	0.01163	12	314	0.03822	-0.02659	0.00000000	0.00000000	0.00000000	0.314726	1	-0.26590
Pulmonary tuberculosis	Treponema socranskii	other_taxon	1	86	0.01163	12	314	0.03822	-0.02659	0.00000000	0.00000000	0.00000000	0.314726	1	-0.26590
Pulmonary tuberculosis	Acinetobacter johnsonii	other_taxon	4	86	0.04651	23	314	0.07325	-0.02674	0.00000000	0.00000000	0.00000000	0.473745	1	-0.26740
Pulmonary tuberculosis	Prevotella intermedia	oral_respiratory_commensal_context	13	86	0.15116	56	314	0.17834	-0.02718	0.00000000	0.00000000	0.00000000	0.630895	1	-0.27180
Pulmonary tuberculosis	Streptococcus anginosus	other_taxon	2	86	0.02326	16	314	0.05096	-0.02770	0.00000000	0.00000000	0.00000000	0.384187	1	-0.27700
Pulmonary tuberculosis	Eikenella corrodens	other_taxon	0	86	0.00000	9	314	0.02866	-0.02866	0.00000000	0.00000000	0.00000000	0.214726	1	-0.28660
Pulmonary tuberculosis	Paraburkholderia fungorum	other_taxon	0	86	0.00000	9	314	0.02866	-0.02866	0.00000000	0.00000000	0.00000000	0.214726	1	-0.28660
Pulmonary tuberculosis	Neisseria elongata	other_taxon	3	86	0.03488	20	314	0.06369	-0.02881	0.00000000	0.00000000	0.00000000	0.435152	1	-0.28810
Pulmonary tuberculosis	Prevotella sp. oral taxon 299	other_taxon	6	86	0.06977	31	314	0.09873	-0.02896	0.00000000	0.00000000	0.00000000	0.530146	1	-0.28960
Pulmonary tuberculosis	Streptococcus mitis	oral_respiratory_commensal_context	15	86	0.17442	64	314	0.20382	-0.02940	0.00000000	0.00000000	0.00000000	0.64701	1	-0.29400
Pulmonary tuberculosis	Acinetobacter sp. NyZ410	other_taxon	1	86	0.01163	13	314	0.04140	-0.02977	0.00000000	0.00000000	0.00000000	0.318671	1	-0.29770
Pulmonary tuberculosis	Bacteroides zoogleoformans	other_taxon	1	86	0.01163	13	314	0.04140	-0.02977	0.00000000	0.00000000	0.00000000	0.318671	1	-0.29770
Pulmonary tuberculosis	Corynebacterium kefirresidentii	other_taxon	1	86	0.01163	13	314	0.04140	-0.02977	0.00000000	0.00000000	0.00000000	0.318671	1	-0.29770
Pulmonary tuberculosis	Staphylococcus haemolyticus	other_taxon	4	86	0.04651	24	314	0.07643	-0.02992	0.00000000	0.00000000	0.00000000	0.474684	1	-0.29920
Pulmonary tuberculosis	Corynebacterium callunae	other_taxon	0	86	0.00000	10	314	0.03185	-0.03185	0.00000000	0.00000000	0.00000000	0.127783	1	-0.31850
Pulmonary tuberculosis	Neisseria macacae	other_taxon	1	86	0.01163	14	314	0.04459	-0.03296	0.00000000	0.00000000	0.00000000	0.208854	1	-0.32960
Pulmonary tuberculosis	Streptococcus sp. oral taxon 431	other_taxon	7	86	0.08140	36	314	0.11465	-0.03325	0.00000000	0.00000000	0.00000000	0.437753	1	-0.33250
Pulmonary tuberculosis	Corynebacterium tuberculostearicum	other_taxon	0	86	0.00000	11	314	0.03503	-0.03503	0.00000000	0.00000000	0.00000000	0.130753	1	-0.35030
Pulmonary tuberculosis	Methylobacterium brachiatum	other_taxon	1	86	0.01163	15	314	0.04777	-0.03614	0.00000000	0.00000000	0.00000000	0.211358	1	-0.36140
Pulmonary tuberculosis	Mogibacterium pumilum	other_taxon	1	86	0.01163	15	314	0.04777	-0.03614	0.00000000	0.00000000	0.00000000	0.211358	1	-0.36140
Pulmonary tuberculosis	Malassezia restricta	other_taxon	4	86	0.04651	26	314	0.08280	-0.03629	0.00000000	0.00000000	0.00000000	0.356106	1	-0.36290
Pulmonary tuberculosis	Veillonella atypica	other_taxon	10	86	0.11628	48	314	0.15287	-0.03659	0.00000000	0.00000000	0.00000000	0.490028	1	-0.36590
Pulmonary tuberculosis	Xanthomonas campestris	other_taxon	2	86	0.02326	19	314	0.06051	-0.03725	0.00000000	0.00000000	0.00000000	0.272685	1	-0.37250
Pulmonary tuberculosis	Prevotella denticola	other_taxon	5	86	0.05814	30	314	0.09554	-0.03740	0.00000000	0.00000000	0.00000000	0.388627	1	-0.37400
Pulmonary tuberculosis	Bacteroides heparinolyticus	other_taxon	3	86	0.03488	23	314	0.07325	-0.03836	0.00000000	0.00000000	0.00000000	0.321194	1	-0.38360
Pulmonary tuberculosis	Lautropia mirabilis	other_taxon	4	86	0.04651	27	314	0.08599	-0.03948	0.00000000	0.00000000	0.00000000	0.26378	1	-0.39480
Pulmonary tuberculosis	Staphylococcus epidermidis	other_taxon	8	86	0.09302	42	314	0.13376	-0.04073	0.00000000	0.00000000	0.00000000	0.361957	1	-0.40730
Pulmonary tuberculosis	Treponema vincentii	other_taxon	2	86	0.02326	21	314	0.06688	-0.04362	0.00000000	0.00000000	0.00000000	0.188515	1	-0.43620
Pulmonary tuberculosis	Abiotrophia defectiva	other_taxon	1	86	0.01163	18	314	0.05732	-0.04570	0.00000000	0.00000000	0.00000000	0.0895102	1	-0.45700
Pulmonary tuberculosis	Haemophilus parahaemolyticus	other_taxon	1	86	0.01163	18	314	0.05732	-0.04570	0.00000000	0.00000000	0.00000000	0.0895102	1	-0.45700
Pulmonary tuberculosis	Moraxella osloensis	other_taxon	5	86	0.05814	33	314	0.10510	-0.04696	0.00000000	0.00000000	0.00000000	0.218656	1	-0.46960
Pulmonary tuberculosis	Neisseria mucosa	other_taxon	5	86	0.05814	33	314	0.10510	-0.04696	0.00000000	0.00000000	0.00000000	0.218656	1	-0.46960
Pulmonary tuberculosis	Granulicatella adiacens	other_taxon	7	86	0.08140	41	314	0.13057	-0.04918	0.00000000	0.00000000	0.00000000	0.262935	1	-0.49180
Pulmonary tuberculosis	Schaalia odontolytica	other_taxon	8	86	0.09302	45	314	0.14331	-0.05029	0.00000000	0.00000000	0.00000000	0.282065	1	-0.50290
Pulmonary tuberculosis	Streptococcus sanguinis	other_taxon	6	86	0.06977	38	314	0.12102	-0.05125	0.00000000	0.00000000	0.00000000	0.242468	1	-0.51250
Pulmonary tuberculosis	Gemella sanguinis	other_taxon	6	86	0.06977	39	314	0.12420	-0.05444	0.00000000	0.00000000	0.00000000	0.181218	1	-0.54440
Pulmonary tuberculosis	Camelina sativa	background_or_low_specificity	7	86	0.08140	43	314	0.13694	-0.05555	0.00000000	0.00000000	0.00000000	0.199789	1	-0.55550
Pulmonary tuberculosis	Haemophilus haemolyticus	other_taxon	1	86	0.01163	22	314	0.07006	-0.05844	0.00000000	0.00000000	0.00000000	0.0371772	1	-0.58440
Pulmonary tuberculosis	Neisseria sicca	other_taxon	4	86	0.04651	33	314	0.10510	-0.05858	0.00000000	0.00000000	0.00000000	0.139133	1	-0.58580
Pulmonary tuberculosis	Streptococcus oralis	oral_respiratory_commensal_context	10	86	0.11628	55	314	0.17516	-0.05888	0.00000000	0.00000000	0.00000000	0.247714	1	-0.58880
Pulmonary tuberculosis	Veillonella rogosae	other_taxon	5	86	0.05814	37	314	0.11783	-0.05969	0.00000000	0.00000000	0.00000000	0.162459	1	-0.59690
Pulmonary tuberculosis	Filifactor alocis	other_taxon	1	86	0.01163	23	314	0.07325	-0.06162	0.00000000	0.00000000	0.00000000	0.0374003	1	-0.61620
Pulmonary tuberculosis	Neisseria subflava	other_taxon	2	86	0.02326	27	314	0.08599	-0.06273	0.00000000	0.00000000	0.00000000	0.0580418	1	-0.62730
Pulmonary tuberculosis	Streptococcus salivarius	other_taxon	5	86	0.05814	38	314	0.12102	-0.06288	0.00000000	0.00000000	0.00000000	0.116141	1	-0.62880
Pulmonary tuberculosis	Tannerella forsythia	other_taxon	4	86	0.04651	35	314	0.11146	-0.06495	0.00000000	0.00000000	0.00000000	0.0985648	1	-0.64950
Pulmonary tuberculosis	Fusobacterium nucleatum	oral_respiratory_commensal_context	7	86	0.08140	47	314	0.14968	-0.06829	0.00000000	0.00000000	0.00000000	0.111253	1	-0.68290
Pulmonary tuberculosis	Treponema denticola	other_taxon	3	86	0.03488	34	314	0.10828	-0.07340	0.00000000	0.00000000	0.00000000	0.0363148	1	-0.73400
Pulmonary tuberculosis	Haemophilus parainfluenzae	other_taxon	9	86	0.10465	57	314	0.18153	-0.07688	0.00000000	0.00000000	0.00000000	0.101755	1	-0.76880
Pulmonary tuberculosis	Parvimonas micra	other_taxon	6	86	0.06977	47	314	0.14968	-0.07991	0.00000000	0.00000000	0.00000000	0.0709286	1	-0.79910
Pulmonary tuberculosis	Campylobacter rectus	other_taxon	4	86	0.04651	40	314	0.12739	-0.08088	0.00000000	0.00000000	0.00000000	0.0327714	1	-0.80880
