contrast	taxon	prevalence	mean_group	mean_other	mean_delta_group_minus_other	median_group	median_other	p_value	q_value
Pseudomonas_vs_other	Pseudomonas aeruginosa	4	0.89613	0.0	0.89613	0.895685	0.0	0.0015115225782467157	0.2602841879740844
Acinetobacter_vs_other	Acinetobacter baumannii	4	0.78294	0.0	0.78294	0.78979	0.0	0.0015115225782467157	0.2602841879740844
Haemophilus_vs_other	Haemophilus influenzae	7	0.5217575	0.006629615384615385	0.5151278846153846	0.48924999999999996	0.0	0.0015115225782467157	0.2602841879740844
Streptococcus_vs_other	Streptococcus pneumoniae	9	0.25882	0.0010576923076923077	0.2577623076923077	0.187905	0.0	0.0015115225782467157	0.2602841879740844
Mycobacteria_vs_other	Mycobacterium tuberculosis	4	0.2217075	0.0	0.2217075	0.230595	0.0	0.0015115225782467157	0.2602841879740844
Mycobacteria_vs_other	Homo sapiens	30	0.3298	0.08041615384615385	0.24938384615384612	0.31773	0.060885	0.0022850299882630765	0.32790180331575147
Mycobacteria_vs_other	Toxoplasma gondii	30	0.27159500000000003	0.072245	0.19935000000000003	0.25815	0.035265000000000005	0.007266206057368496	0.7820254269242843
Enterobacterales_vs_other	Homo sapiens	30	0.0115725	0.12937423076923077	-0.11780173076923077	0.01319	0.079955	0.007266206057368496	0.7820254269242843
Enterobacterales_vs_other	Toxoplasma gondii	30	0.0079	0.11281346153846153	-0.10491346153846152	0.00672	0.046005000000000004	0.008706155452434139	0.8328888716161993
Staphylococcus_vs_other	Staphylococcus aureus	3	0.58392	0.0	0.58392	0.692835	0.0	0.017343359162423688	0.8414068159271376
Enterobacterales_vs_other	Klebsiella pneumoniae	4	0.393025	0.003608846153846154	0.38941615384615386	0.32055	0.0	0.022147231652192012	0.8414068159271376
Enterobacterales_vs_other	Escherichia coli	3	0.3544875	0.0	0.3544875	0.24911	0.0	0.017343359162423688	0.8414068159271376
Haemophilus_vs_other	Toxoplasma gondii	30	0.2417225	0.07684076923076923	0.1648817307692308	0.255765	0.035265000000000005	0.010395951741402065	0.8414068159271376
Streptococcus_vs_other	Streptococcus mitis	7	0.15502500000000002	0.0011807692307692307	0.1538442307692308	0.13178	0.0	0.02398753446442692	0.8414068159271376
Acinetobacter_vs_other	Pseudomonas aeruginosa	4	0.0	0.13786615384615383	-0.13786615384615383	0.0	0.0	0.6254994799810465	0.8414068159271376
Enterobacterales_vs_other	Pseudomonas aeruginosa	4	0.0	0.13786615384615383	-0.13786615384615383	0.0	0.0	0.6254994799810465	0.8414068159271376
Haemophilus_vs_other	Pseudomonas aeruginosa	4	0.0	0.13786615384615383	-0.13786615384615383	0.0	0.0	0.6254994799810465	0.8414068159271376
Mycobacteria_vs_other	Pseudomonas aeruginosa	4	0.0	0.13786615384615383	-0.13786615384615383	0.0	0.0	0.6254994799810465	0.8414068159271376
Staphylococcus_vs_other	Pseudomonas aeruginosa	4	0.0	0.13786615384615383	-0.13786615384615383	0.0	0.0	0.6254994799810465	0.8414068159271376
Streptococcus_vs_other	Pseudomonas aeruginosa	4	0.0	0.13786615384615383	-0.13786615384615383	0.0	0.0	0.6254994799810465	0.8414068159271376
Staphylococcus_vs_other	Staphylococcus haemolyticus	3	0.1210575	2.6923076923076923e-05	0.12103057692307692	0.0	0.0	0.541802935032798	0.8414068159271376
Enterobacterales_vs_other	Acinetobacter baumannii	4	0.0	0.12045230769230769	-0.12045230769230769	0.0	0.0	0.6254994799810465	0.8414068159271376
Haemophilus_vs_other	Acinetobacter baumannii	4	0.0	0.12045230769230769	-0.12045230769230769	0.0	0.0	0.6254994799810465	0.8414068159271376
Mycobacteria_vs_other	Acinetobacter baumannii	4	0.0	0.12045230769230769	-0.12045230769230769	0.0	0.0	0.6254994799810465	0.8414068159271376
Pseudomonas_vs_other	Acinetobacter baumannii	4	0.0	0.12045230769230769	-0.12045230769230769	0.0	0.0	0.6254994799810465	0.8414068159271376
Staphylococcus_vs_other	Acinetobacter baumannii	4	0.0	0.12045230769230769	-0.12045230769230769	0.0	0.0	0.6254994799810465	0.8414068159271376
Streptococcus_vs_other	Acinetobacter baumannii	4	0.0	0.12045230769230769	-0.12045230769230769	0.0	0.0	0.6254994799810465	0.8414068159271376
Haemophilus_vs_other	Homo sapiens	30	0.207045	0.09930153846153847	0.10774346153846154	0.19247	0.060885	0.038051255608397616	0.8414068159271376
Acinetobacter_vs_other	Staphylococcus aureus	3	0.0	0.08983384615384615	-0.08983384615384615	0.0	0.0	0.7143252846662898	0.8414068159271376
Enterobacterales_vs_other	Staphylococcus aureus	3	0.0	0.08983384615384615	-0.08983384615384615	0.0	0.0	0.7143252846662898	0.8414068159271376
Haemophilus_vs_other	Staphylococcus aureus	3	0.0	0.08983384615384615	-0.08983384615384615	0.0	0.0	0.7143252846662898	0.8414068159271376
Mycobacteria_vs_other	Staphylococcus aureus	3	0.0	0.08983384615384615	-0.08983384615384615	0.0	0.0	0.7143252846662898	0.8414068159271376
Pseudomonas_vs_other	Staphylococcus aureus	3	0.0	0.08983384615384615	-0.08983384615384615	0.0	0.0	0.7143252846662898	0.8414068159271376
Streptococcus_vs_other	Staphylococcus aureus	3	0.0	0.08983384615384615	-0.08983384615384615	0.0	0.0	0.7143252846662898	0.8414068159271376
Mycobacteria_vs_other	Arabidopsis thaliana	29	0.124995	0.03522769230769231	0.08976730769230769	0.12398999999999999	0.00963	0.014672814540318324	0.8414068159271376
Acinetobacter_vs_other	Haemophilus influenzae	7	0.0	0.08689999999999999	-0.08689999999999999	0.0	0.0	0.3930360510185342	0.8414068159271376
Enterobacterales_vs_other	Haemophilus influenzae	7	0.0	0.08689999999999999	-0.08689999999999999	0.0	0.0	0.3930360510185342	0.8414068159271376
Mycobacteria_vs_other	Haemophilus influenzae	7	0.0	0.08689999999999999	-0.08689999999999999	0.0	0.0	0.3930360510185342	0.8414068159271376
Staphylococcus_vs_other	Haemophilus influenzae	7	0.0	0.08689999999999999	-0.08689999999999999	0.0	0.0	0.3930360510185342	0.8414068159271376
Pseudomonas_vs_other	Toxoplasma gondii	30	0.024820000000000002	0.11021038461538463	-0.08539038461538462	0.02554	0.044109999999999996	0.17953260630452128	0.8414068159271376
Pseudomonas_vs_other	Homo sapiens	30	0.045657500000000004	0.12413038461538463	-0.07847288461538462	0.052465000000000005	0.07381	0.2996654484343022	0.8414068159271376
Haemophilus_vs_other	Klebsiella pneumoniae	4	0.0	0.06407423076923077	-0.06407423076923077	0.0	0.0	0.6254994799810465	0.8414068159271376
Mycobacteria_vs_other	Klebsiella pneumoniae	4	0.0	0.06407423076923077	-0.06407423076923077	0.0	0.0	0.6254994799810465	0.8414068159271376
Pseudomonas_vs_other	Klebsiella pneumoniae	4	0.0	0.06407423076923077	-0.06407423076923077	0.0	0.0	0.6254994799810465	0.8414068159271376
Staphylococcus_vs_other	Klebsiella pneumoniae	4	0.0	0.06407423076923077	-0.06407423076923077	0.0	0.0	0.6254994799810465	0.8414068159271376
Streptococcus_vs_other	Klebsiella pneumoniae	4	0.0	0.06407423076923077	-0.06407423076923077	0.0	0.0	0.6254994799810465	0.8414068159271376
Acinetobacter_vs_other	Escherichia coli	3	0.0	0.05453653846153846	-0.05453653846153846	0.0	0.0	0.7143252846662898	0.8414068159271376
Haemophilus_vs_other	Escherichia coli	3	0.0	0.05453653846153846	-0.05453653846153846	0.0	0.0	0.7143252846662898	0.8414068159271376
Mycobacteria_vs_other	Escherichia coli	3	0.0	0.05453653846153846	-0.05453653846153846	0.0	0.0	0.7143252846662898	0.8414068159271376
Pseudomonas_vs_other	Escherichia coli	3	0.0	0.05453653846153846	-0.05453653846153846	0.0	0.0	0.7143252846662898	0.8414068159271376
Staphylococcus_vs_other	Escherichia coli	3	0.0	0.05453653846153846	-0.05453653846153846	0.0	0.0	0.7143252846662898	0.8414068159271376
Streptococcus_vs_other	Escherichia coli	3	0.0	0.05453653846153846	-0.05453653846153846	0.0	0.0	0.7143252846662898	0.8414068159271376
Enterobacterales_vs_other	Arabidopsis thaliana	29	0.0027775	0.05403038461538461	-0.05125288461538461	0.00113	0.01955	0.020430973446714962	0.8414068159271376
Streptococcus_vs_other	Rothia mucilaginosa	10	0.0529	0.0025053846153846155	0.050394615384615385	0.033345	0.0	0.040973533040768784	0.8414068159271376
Streptococcus_vs_other	Homo sapiens	30	0.07219500000000001	0.1200476923076923	-0.04785269230769229	0.060885	0.070015	0.7603323075218762	0.8414068159271376
Staphylococcus_vs_other	Homo sapiens	30	0.074405	0.1197076923076923	-0.04530269230769231	0.042069999999999996	0.070015	0.3289940006118681	0.8414068159271376
Haemophilus_vs_other	Streptococcus pneumoniae	9	0.0	0.04087615384615385	-0.04087615384615385	0.0	0.0	0.2721346393759747	0.8414068159271376
Mycobacteria_vs_other	Streptococcus pneumoniae	9	0.0	0.04087615384615385	-0.04087615384615385	0.0	0.0	0.2721346393759747	0.8414068159271376
Enterobacterales_vs_other	Streptococcus pneumoniae	9	4.5e-05	0.04086923076923077	-0.040824230769230765	0.0	0.0	0.7143252846662898	0.8414068159271376
Pseudomonas_vs_other	Streptococcus pneumoniae	9	0.0002975	0.040830384615384616	-0.040532884615384616	0.0	0.0	0.7603323075218762	0.8414068159271376
Staphylococcus_vs_other	Streptococcus pneumoniae	9	0.0015674999999999999	0.040635000000000004	-0.039067500000000005	3.5e-05	0.0	0.6693340144640527	0.8414068159271376
Pseudomonas_vs_other	Arabidopsis thaliana	29	0.014205	0.052272307692307694	-0.03806730769230769	0.00245	0.01418	0.12720368763109935	0.8414068159271376
Streptococcus_vs_other	Haemophilus influenzae	7	0.0430425	0.08027807692307692	-0.03723557692307693	0.000845	0.0	0.4277105102974641	0.8414068159271376
Acinetobacter_vs_other	Klebsiella pneumoniae	4	0.0234575	0.060465384615384615	-0.037007884615384616	0.0	0.0	0.6916935994652547	0.8414068159271376
Haemophilus_vs_other	Stenotrophomonas maltophilia	3	0.0	0.035611538461538465	-0.035611538461538465	0.0	0.0	0.7143252846662898	0.8414068159271376
Mycobacteria_vs_other	Stenotrophomonas maltophilia	3	0.0	0.035611538461538465	-0.035611538461538465	0.0	0.0	0.7143252846662898	0.8414068159271376
Pseudomonas_vs_other	Stenotrophomonas maltophilia	3	0.0	0.035611538461538465	-0.035611538461538465	0.0	0.0	0.7143252846662898	0.8414068159271376
Staphylococcus_vs_other	Stenotrophomonas maltophilia	3	0.0	0.035611538461538465	-0.035611538461538465	0.0	0.0	0.7143252846662898	0.8414068159271376
Streptococcus_vs_other	Stenotrophomonas maltophilia	3	0.0	0.035611538461538465	-0.035611538461538465	0.0	0.0	0.7143252846662898	0.8414068159271376
Acinetobacter_vs_other	Stenotrophomonas maltophilia	3	0.0012425	0.03542038461538462	-0.03417788461538462	0.0	0.0	0.6254994799810465	0.8414068159271376
Acinetobacter_vs_other	Mycobacterium tuberculosis	4	0.0	0.034108846153846156	-0.034108846153846156	0.0	0.0	0.6254994799810465	0.8414068159271376
Enterobacterales_vs_other	Mycobacterium tuberculosis	4	0.0	0.034108846153846156	-0.034108846153846156	0.0	0.0	0.6254994799810465	0.8414068159271376
Haemophilus_vs_other	Mycobacterium tuberculosis	4	0.0	0.034108846153846156	-0.034108846153846156	0.0	0.0	0.6254994799810465	0.8414068159271376
Pseudomonas_vs_other	Mycobacterium tuberculosis	4	0.0	0.034108846153846156	-0.034108846153846156	0.0	0.0	0.6254994799810465	0.8414068159271376
Staphylococcus_vs_other	Mycobacterium tuberculosis	4	0.0	0.034108846153846156	-0.034108846153846156	0.0	0.0	0.6254994799810465	0.8414068159271376
Streptococcus_vs_other	Mycobacterium tuberculosis	4	0.0	0.034108846153846156	-0.034108846153846156	0.0	0.0	0.6254994799810465	0.8414068159271376
Enterobacterales_vs_other	Stenotrophomonas maltophilia	3	0.00177	0.035339230769230776	-0.033569230769230775	0.0	0.0	0.5829505577618919	0.8414068159271376
Acinetobacter_vs_other	Candida albicans	3	0.0	0.030490384615384617	-0.030490384615384617	0.0	0.0	0.7143252846662898	0.8414068159271376
Enterobacterales_vs_other	Candida albicans	3	0.0	0.030490384615384617	-0.030490384615384617	0.0	0.0	0.7143252846662898	0.8414068159271376
Haemophilus_vs_other	Candida albicans	3	0.0	0.030490384615384617	-0.030490384615384617	0.0	0.0	0.7143252846662898	0.8414068159271376
Pseudomonas_vs_other	Candida albicans	3	0.0	0.030490384615384617	-0.030490384615384617	0.0	0.0	0.7143252846662898	0.8414068159271376
Staphylococcus_vs_other	Candida albicans	3	0.0	0.030490384615384617	-0.030490384615384617	0.0	0.0	0.7143252846662898	0.8414068159271376
Streptococcus_vs_other	Candida albicans	3	0.00055	0.03040576923076923	-0.02985576923076923	0.0	0.0	0.6254994799810465	0.8414068159271376
Staphylococcus_vs_other	Toxoplasma gondii	30	0.07347000000000001	0.10272576923076923	-0.029255769230769224	0.039445	0.04066	0.6693340144640527	0.8414068159271376
Mycobacteria_vs_other	Candida albicans	3	0.0018075	0.03021230769230769	-0.02840480769230769	0.0	0.0	0.5829505577618919	0.8414068159271376
Streptococcus_vs_other	Streptococcus oralis	9	0.0275675	0.0010615384615384614	0.02650596153846154	0.02631	0.0	0.028069050496436487	0.8414068159271376
Streptococcus_vs_other	Streptococcus gwangjuense	5	0.0254925	5.8076923076923076e-05	0.025434423076923077	0.014010000000000002	0.0	0.020430973446714962	0.8414068159271376
Acinetobacter_vs_other	Streptococcus mitis	7	0.0	0.02503076923076923	-0.02503076923076923	0.0	0.0	0.3930360510185342	0.8414068159271376
Enterobacterales_vs_other	Streptococcus mitis	7	0.0	0.02503076923076923	-0.02503076923076923	0.0	0.0	0.3930360510185342	0.8414068159271376
Haemophilus_vs_other	Streptococcus mitis	7	0.0	0.02503076923076923	-0.02503076923076923	0.0	0.0	0.3930360510185342	0.8414068159271376
Haemophilus_vs_other	Arabidopsis thaliana	29	0.026912500000000002	0.05031730769230769	-0.023404807692307687	0.026375000000000003	0.00963	0.46410347443092714	0.8414068159271376
Streptococcus_vs_other	Prevotella denticola	3	0.0234075	4.3461538461538456e-05	0.023364038461538464	0.0	0.0	0.541802935032798	0.8414068159271376
Staphylococcus_vs_other	Streptococcus mitis	7	0.003994999999999999	0.024416153846153848	-0.02042115384615385	0.00019	0.0	0.4277105102974641	0.8414068159271376
Streptococcus_vs_other	Arabidopsis thaliana	29	0.063665	0.04466307692307692	0.019001923076923076	0.04099	0.012035	0.3930360510185342	0.8414068159271376
Enterobacterales_vs_other	Salmonella enterica	2	0.018987499999999997	0.0	0.018987499999999997	0.008565	0.0	0.11268690036881446	0.8414068159271376
Acinetobacter_vs_other	Staphylococcus haemolyticus	3	0.0	0.018651153846153845	-0.018651153846153845	0.0	0.0	0.7143252846662898	0.8414068159271376
Haemophilus_vs_other	Staphylococcus haemolyticus	3	0.0	0.018651153846153845	-0.018651153846153845	0.0	0.0	0.7143252846662898	0.8414068159271376
Mycobacteria_vs_other	Staphylococcus haemolyticus	3	0.0	0.018651153846153845	-0.018651153846153845	0.0	0.0	0.7143252846662898	0.8414068159271376
Pseudomonas_vs_other	Staphylococcus haemolyticus	3	0.0	0.018651153846153845	-0.018651153846153845	0.0	0.0	0.7143252846662898	0.8414068159271376
Acinetobacter_vs_other	Arabidopsis thaliana	29	0.03106	0.04967923076923077	-0.018619230769230766	0.0066500000000000005	0.01418	0.5021582515007488	0.8414068159271376
Enterobacterales_vs_other	Staphylococcus haemolyticus	3	6e-05	0.018641923076923077	-0.018581923076923076	0.0	0.0	0.6254994799810465	0.8414068159271376
Streptococcus_vs_other	Staphylococcus haemolyticus	3	0.000115	0.01863346153846154	-0.01851846153846154	0.0	0.0	0.5829505577618919	0.8414068159271376
Streptococcus_vs_other	Streptococcus toyakuensis	5	0.01544	8.461538461538461e-05	0.015355384615384616	0.014555000000000002	0.0	0.020430973446714962	0.8414068159271376
Streptococcus_vs_other	Moraxella catarrhalis	2	0.0151825	0.00012384615384615385	0.015058653846153847	0.0	0.0	0.48292727458071427	0.8414068159271376
Staphylococcus_vs_other	Enterococcus faecium	3	0.0150125	0.00032346153846153847	0.014689038461538462	0.0	0.0	0.541802935032798	0.8414068159271376
Acinetobacter_vs_other	Homo sapiens	30	0.10112750000000001	0.11559653846153847	-0.014469038461538464	0.08385500000000001	0.060885	0.3930360510185342	0.8414068159271376
Streptococcus_vs_other	Streptococcus pseudopneumoniae	5	0.0127875	9.999999999999999e-05	0.0126875	0.009435	0.0	0.020430973446714962	0.8414068159271376
Acinetobacter_vs_other	Rothia mucilaginosa	10	0.0	0.010643846153846153	-0.010643846153846153	0.0	0.0	0.22239749878529658	0.8414068159271376
Enterobacterales_vs_other	Rothia mucilaginosa	10	0.0	0.010643846153846153	-0.010643846153846153	0.0	0.0	0.22239749878529658	0.8414068159271376
Haemophilus_vs_other	Rothia mucilaginosa	10	0.00067	0.010540769230769232	-0.009870769230769232	0.0	0.0	0.6916935994652547	0.8414068159271376
Pseudomonas_vs_other	Rothia mucilaginosa	10	0.0008775	0.010508846153846155	-0.009631346153846155	0.0010400000000000001	0.0	0.3763568303634002	0.8414068159271376
Streptococcus_vs_other	Neisseria sicca	5	0.0108875	0.001261153846153846	0.009626346153846154	0.0	0.0	0.6693340144640527	0.8414068159271376
Mycobacteria_vs_other	Prevotella melaninogenica	10	0.01252	0.0033246153846153846	0.009195384615384616	0.006235000000000001	0.0	0.09339700588411315	0.8414068159271376
Pseudomonas_vs_other	Pseudomonas putida	2	0.0079975	0.0	0.0079975	0.00344	0.0	0.11268690036881446	0.8414068159271376
Streptococcus_vs_other	Prevotella melaninogenica	10	0.0109825	0.003561153846153846	0.007421346153846153	0.002885	0.0	0.3930360510185342	0.8414068159271376
Staphylococcus_vs_other	Prevotella jejuni	6	0.00844	0.0014003846153846156	0.007039615384615384	0.00036	0.0	0.2721346393759747	0.8414068159271376
Streptococcus_vs_other	Streptococcus sp. 116-D4	6	0.0064975	4.4999999999999996e-05	0.0064525	0.006005	0.0	0.022147231652192012	0.8414068159271376
Streptococcus_vs_other	Prevotella jejuni	6	0.0079225	0.00148	0.0064425	0.0	0.0	0.7836696728774568	0.8414068159271376
Enterobacterales_vs_other	Neisseria subflava	5	0.0058175	0.00010692307692307692	0.005710576923076923	0.0	0.0	0.6693340144640527	0.8414068159271376
Mycobacteria_vs_other	Streptococcus ilei	2	0.0060775	0.00040423076923076925	0.00567326923076923	0.0	0.0	0.48292727458071427	0.8414068159271376
Acinetobacter_vs_other	Acinetobacter lwoffii	2	0.0054625	0.0	0.0054625	0.00498	0.0	0.11268690036881446	0.8414068159271376
Staphylococcus_vs_other	Prevotella melaninogenica	10	0.00924	0.0038292307692307692	0.005410769230769231	0.0029	0.0	0.4277105102974641	0.8414068159271376
Enterobacterales_vs_other	Neisseria mucosa	5	0.00602	0.0006111538461538462	0.005408846153846154	0.0	0.0	0.6693340144640527	0.8414068159271376
Acinetobacter_vs_other	Streptococcus oralis	9	0.0	0.005302692307692308	-0.005302692307692308	0.0	0.0	0.2721346393759747	0.8414068159271376
Haemophilus_vs_other	Streptococcus oralis	9	0.0	0.005302692307692308	-0.005302692307692308	0.0	0.0	0.2721346393759747	0.8414068159271376
Acinetobacter_vs_other	Prevotella melaninogenica	10	0.0	0.005250769230769231	-0.005250769230769231	0.0	0.0	0.22239749878529658	0.8414068159271376
Haemophilus_vs_other	Prevotella melaninogenica	10	0.0	0.005250769230769231	-0.005250769230769231	0.0	0.0	0.22239749878529658	0.8414068159271376
Enterobacterales_vs_other	Prevotella melaninogenica	10	2.25e-05	0.005247307692307692	-0.005224807692307692	0.0	0.0	0.5621948937645229	0.8414068159271376
Enterobacterales_vs_other	Fusobacterium pseudoperiodonticum	5	0.005785	0.0006357692307692308	0.00514923076923077	0.0	0.0	0.6693340144640527	0.8414068159271376
Enterobacterales_vs_other	Neisseria sicca	5	0.007	0.0018592307692307693	0.005140769230769231	0.0	0.0	0.7143252846662898	0.8414068159271376
Pseudomonas_vs_other	Streptococcus oralis	9	0.00023	0.005267307692307692	-0.005037307692307692	0.0	0.0	0.7143252846662898	0.8414068159271376
Enterobacterales_vs_other	Streptococcus oralis	9	0.00101	0.005147307692307692	-0.004137307692307692	0.000515	0.0	0.5829505577618919	0.8414068159271376
Streptococcus_vs_other	Prevotella intermedia	5	0.0044725	0.0003592307692307692	0.004113269230769231	0.0	0.0	0.6693340144640527	0.8414068159271376
Enterobacterales_vs_other	Neisseria flavescens	4	0.00413	5.461538461538462e-05	0.004075384615384615	0.0	0.0	0.604056766581538	0.8414068159271376
Acinetobacter_vs_other	Streptococcus gwangjuense	5	0.0	0.00398	-0.00398	0.0	0.0	0.541802935032798	0.8414068159271376
Enterobacterales_vs_other	Streptococcus gwangjuense	5	0.0	0.00398	-0.00398	0.0	0.0	0.541802935032798	0.8414068159271376
Haemophilus_vs_other	Streptococcus gwangjuense	5	0.0	0.00398	-0.00398	0.0	0.0	0.541802935032798	0.8414068159271376
Mycobacteria_vs_other	Streptococcus gwangjuense	5	0.0	0.00398	-0.00398	0.0	0.0	0.541802935032798	0.8414068159271376
Staphylococcus_vs_other	Rothia mucilaginosa	10	0.0060125000000000005	0.009718846153846154	-0.003706346153846154	0.00301	0.0	0.5021582515007488	0.8414068159271376
Pseudomonas_vs_other	Prevotella melaninogenica	10	0.001365	0.0050407692307692315	-0.0036757692307692316	0.00059	0.0	0.7603323075218762	0.8414068159271376
Acinetobacter_vs_other	Prevotella denticola	3	0.0	0.003644615384615385	-0.003644615384615385	0.0	0.0	0.7143252846662898	0.8414068159271376
Enterobacterales_vs_other	Prevotella denticola	3	0.0	0.003644615384615385	-0.003644615384615385	0.0	0.0	0.7143252846662898	0.8414068159271376
Haemophilus_vs_other	Prevotella denticola	3	0.0	0.003644615384615385	-0.003644615384615385	0.0	0.0	0.7143252846662898	0.8414068159271376
Mycobacteria_vs_other	Prevotella denticola	3	0.0	0.003644615384615385	-0.003644615384615385	0.0	0.0	0.7143252846662898	0.8414068159271376
Streptococcus_vs_other	Streptococcus salivarius	5	0.0042525	0.0006523076923076923	0.0036001923076923077	0.000815	0.0	0.20012811767860228	0.8414068159271376
Staphylococcus_vs_other	Streptococcus oralis	9	0.0014925	0.005073076923076922	-0.0035805769230769224	0.000165	0.0	0.6254994799810465	0.8414068159271376
Staphylococcus_vs_other	Streptococcus gwangjuense	5	0.0003475	0.003926538461538461	-0.003579038461538461	0.0	0.0	0.8072032868244086	0.8414068159271376
Pseudomonas_vs_other	Prevotella denticola	3	7.25e-05	0.0036334615384615385	-0.0035609615384615385	0.0	0.0	0.6254994799810465	0.8414068159271376
Staphylococcus_vs_other	Streptococcus salivarius	5	0.00417	0.000665	0.0035050000000000003	0.00244	0.0	0.20012811767860228	0.8414068159271376
Staphylococcus_vs_other	Prevotella denticola	3	0.00021	0.0036123076923076924	-0.0034023076923076923	0.0	0.0	0.5829505577618919	0.8414068159271376
Streptococcus_vs_other	Streptococcus sp. NPS 308	2	0.0030924999999999998	0.0	0.0030924999999999998	0.00154	0.0	0.11268690036881446	0.8414068159271376
Streptococcus_vs_other	Morococcus cerebrosus	4	0.003095	3.9999999999999996e-05	0.003055	0.0	0.0	0.604056766581538	0.8414068159271376
Acinetobacter_vs_other	Neisseria sicca	5	0.0	0.002936153846153846	-0.002936153846153846	0.0	0.0	0.541802935032798	0.8414068159271376
Haemophilus_vs_other	Neisseria sicca	5	0.0	0.002936153846153846	-0.002936153846153846	0.0	0.0	0.541802935032798	0.8414068159271376
Mycobacteria_vs_other	Neisseria sicca	5	0.0	0.002936153846153846	-0.002936153846153846	0.0	0.0	0.541802935032798	0.8414068159271376
Acinetobacter_vs_other	Salmonella enterica	2	0.0	0.002921153846153846	-0.002921153846153846	0.0	0.0	0.8072032868244086	0.8414068159271376
Haemophilus_vs_other	Salmonella enterica	2	0.0	0.002921153846153846	-0.002921153846153846	0.0	0.0	0.8072032868244086	0.8414068159271376
Mycobacteria_vs_other	Salmonella enterica	2	0.0	0.002921153846153846	-0.002921153846153846	0.0	0.0	0.8072032868244086	0.8414068159271376
Pseudomonas_vs_other	Salmonella enterica	2	0.0	0.002921153846153846	-0.002921153846153846	0.0	0.0	0.8072032868244086	0.8414068159271376
Staphylococcus_vs_other	Salmonella enterica	2	0.0	0.002921153846153846	-0.002921153846153846	0.0	0.0	0.8072032868244086	0.8414068159271376
Streptococcus_vs_other	Salmonella enterica	2	0.0	0.002921153846153846	-0.002921153846153846	0.0	0.0	0.8072032868244086	0.8414068159271376
Acinetobacter_vs_other	Prevotella jejuni	6	0.0	0.0026988461538461537	-0.0026988461538461537	0.0	0.0	0.46410347443092714	0.8414068159271376
Enterobacterales_vs_other	Prevotella jejuni	6	0.0	0.0026988461538461537	-0.0026988461538461537	0.0	0.0	0.46410347443092714	0.8414068159271376
Haemophilus_vs_other	Prevotella jejuni	6	0.0	0.0026988461538461537	-0.0026988461538461537	0.0	0.0	0.46410347443092714	0.8414068159271376
Streptococcus_vs_other	Streptococcus koreensis	2	0.0026825	0.0	0.0026825	0.002205	0.0	0.11268690036881446	0.8414068159271376
Pseudomonas_vs_other	Neisseria sicca	5	0.0002275	0.002901153846153846	-0.002673653846153846	0.0	0.0	0.8072032868244086	0.8414068159271376
Enterobacterales_vs_other	Enterococcus faecium	3	0.0	0.002633076923076923	-0.002633076923076923	0.0	0.0	0.7143252846662898	0.8414068159271376
Haemophilus_vs_other	Enterococcus faecium	3	0.0	0.002633076923076923	-0.002633076923076923	0.0	0.0	0.7143252846662898	0.8414068159271376
Mycobacteria_vs_other	Enterococcus faecium	3	0.0	0.002633076923076923	-0.002633076923076923	0.0	0.0	0.7143252846662898	0.8414068159271376
Pseudomonas_vs_other	Enterococcus faecium	3	0.0	0.002633076923076923	-0.002633076923076923	0.0	0.0	0.7143252846662898	0.8414068159271376
Staphylococcus_vs_other	Porphyromonas endodontalis	3	0.0026275	6.884615384615385e-05	0.0025586538461538464	0.0	0.0	0.541802935032798	0.8414068159271376
Acinetobacter_vs_other	Streptococcus toyakuensis	5	0.0	0.00246	-0.00246	0.0	0.0	0.541802935032798	0.8414068159271376
Enterobacterales_vs_other	Streptococcus toyakuensis	5	0.0	0.00246	-0.00246	0.0	0.0	0.541802935032798	0.8414068159271376
Haemophilus_vs_other	Streptococcus toyakuensis	5	0.0	0.00246	-0.00246	0.0	0.0	0.541802935032798	0.8414068159271376
Mycobacteria_vs_other	Streptococcus toyakuensis	5	0.0	0.00246	-0.00246	0.0	0.0	0.541802935032798	0.8414068159271376
Acinetobacter_vs_other	Moraxella catarrhalis	2	0.0	0.0024596153846153843	-0.0024596153846153843	0.0	0.0	0.8072032868244086	0.8414068159271376
Enterobacterales_vs_other	Moraxella catarrhalis	2	0.0	0.0024596153846153843	-0.0024596153846153843	0.0	0.0	0.8072032868244086	0.8414068159271376
Mycobacteria_vs_other	Moraxella catarrhalis	2	0.0	0.0024596153846153843	-0.0024596153846153843	0.0	0.0	0.8072032868244086	0.8414068159271376
Pseudomonas_vs_other	Moraxella catarrhalis	2	0.0	0.0024596153846153843	-0.0024596153846153843	0.0	0.0	0.8072032868244086	0.8414068159271376
Staphylococcus_vs_other	Moraxella catarrhalis	2	0.0	0.0024596153846153843	-0.0024596153846153843	0.0	0.0	0.8072032868244086	0.8414068159271376
Enterobacterales_vs_other	Tannerella forsythia	4	0.002485	0.00010384615384615386	0.0023811538461538458	0.0	0.0	0.604056766581538	0.8414068159271376
Acinetobacter_vs_other	Enterococcus faecium	3	0.0002725	0.0025911538461538463	-0.002318653846153846	0.0	0.0	0.6254994799810465	0.8414068159271376
Streptococcus_vs_other	Streptococcus australis	4	0.0023150000000000002	6.23076923076923e-05	0.002252692307692308	0.00231	0.0	0.1431356766583627	0.8414068159271376
Streptococcus_vs_other	Prevotella oris	4	0.00244	0.0003203846153846154	0.0021196153846153847	0.0	0.0	0.604056766581538	0.8414068159271376
Acinetobacter_vs_other	Streptococcus pseudopneumoniae	5	0.0	0.0020673076923076925	-0.0020673076923076925	0.0	0.0	0.541802935032798	0.8414068159271376
Enterobacterales_vs_other	Streptococcus pseudopneumoniae	5	0.0	0.0020673076923076925	-0.0020673076923076925	0.0	0.0	0.541802935032798	0.8414068159271376
Haemophilus_vs_other	Streptococcus pseudopneumoniae	5	0.0	0.0020673076923076925	-0.0020673076923076925	0.0	0.0	0.541802935032798	0.8414068159271376
Mycobacteria_vs_other	Streptococcus pseudopneumoniae	5	0.0	0.0020673076923076925	-0.0020673076923076925	0.0	0.0	0.541802935032798	0.8414068159271376
Staphylococcus_vs_other	Human alphaherpesvirus 1	3	0.00219	0.00012807692307692308	0.002061923076923077	0.0	0.0	0.541802935032798	0.8414068159271376
Enterobacterales_vs_other	Haemophilus parainfluenzae	9	0.0024875	0.0004492307692307692	0.002038269230769231	2.5e-05	0.0	0.46410347443092714	0.8414068159271376
Streptococcus_vs_other	Fusobacterium pseudoperiodonticum	5	0.00308	0.0010519230769230768	0.0020280769230769232	0.0	0.0	0.7143252846662898	0.8414068159271376
Mycobacteria_vs_other	Cutibacterium acnes	4	0.00201	3.076923076923077e-05	0.001979230769230769	0.0	0.0	0.604056766581538	0.8414068159271376
Staphylococcus_vs_other	Fusobacterium nucleatum	4	0.002245	0.0002903846153846154	0.0019546153846153845	0.0	0.0	0.604056766581538	0.8414068159271376
Streptococcus_vs_other	Streptococcus sp. oral taxon 431	7	0.002065	0.00012153846153846154	0.0019434615384615384	0.0010249999999999999	0.0	0.03273560958832089	0.8414068159271376
Pseudomonas_vs_other	Prevotella jejuni	6	0.000655	0.002598076923076923	-0.001943076923076923	0.000565	0.0	0.3289940006118681	0.8414068159271376
Staphylococcus_vs_other	Streptococcus toyakuensis	5	0.0005125	0.002381153846153846	-0.0018686538461538463	0.0	0.0	0.8072032868244086	0.8414068159271376
Staphylococcus_vs_other	Neisseria sicca	5	0.0009699999999999999	0.0027869230769230766	-0.0018169230769230767	0.000235	0.0	0.2721346393759747	0.8414068159271376
Streptococcus_vs_other	Granulicatella adiacens	5	0.0017925	3.653846153846154e-05	0.0017559615384615385	0.0	0.0	0.6693340144640527	0.8414068159271376
Streptococcus_vs_other	Streptococcus sp. HSISM1	4	0.00184	8.615384615384614e-05	0.001753846153846154	0.0	0.0	0.604056766581538	0.8414068159271376
Staphylococcus_vs_other	Streptococcus infantis	4	0.001835	8.346153846153847e-05	0.0017515384615384615	0.000745	0.0	0.16055589143580895	0.8414068159271376
Mycobacteria_vs_other	Gemella sanguinis	5	0.0021575	0.0004630769230769231	0.001694423076923077	0.0	0.0	0.6693340144640527	0.8414068159271376
Streptococcus_vs_other	Streptococcus ilei	2	0.0026275	0.000935	0.0016925	0.0	0.0	0.5217869408209155	0.8414068159271376
Streptococcus_vs_other	Streptococcus sp. LPB0220	4	0.00181	0.0001353846153846154	0.0016746153846153846	0.0	0.0	0.604056766581538	0.8414068159271376
Streptococcus_vs_other	Gemella sanguinis	5	0.0020975	0.00047230769230769234	0.0016251923076923075	0.0	0.0	0.7143252846662898	0.8414068159271376
Acinetobacter_vs_other	Neisseria mucosa	5	0.0	0.0015373076923076922	-0.0015373076923076922	0.0	0.0	0.541802935032798	0.8414068159271376
Haemophilus_vs_other	Neisseria mucosa	5	0.0	0.0015373076923076922	-0.0015373076923076922	0.0	0.0	0.541802935032798	0.8414068159271376
Mycobacteria_vs_other	Neisseria mucosa	5	0.0	0.0015373076923076922	-0.0015373076923076922	0.0	0.0	0.541802935032798	0.8414068159271376
Haemophilus_vs_other	Moraxella catarrhalis	2	0.000805	0.0023357692307692307	-0.0015307692307692305	0.0	0.0	0.5217869408209155	0.8414068159271376
Acinetobacter_vs_other	Fusobacterium pseudoperiodonticum	5	0.0	0.0015257692307692307	-0.0015257692307692307	0.0	0.0	0.541802935032798	0.8414068159271376
Haemophilus_vs_other	Fusobacterium pseudoperiodonticum	5	0.0	0.0015257692307692307	-0.0015257692307692307	0.0	0.0	0.541802935032798	0.8414068159271376
Mycobacteria_vs_other	Fusobacterium pseudoperiodonticum	5	0.0	0.0015257692307692307	-0.0015257692307692307	0.0	0.0	0.541802935032798	0.8414068159271376
Staphylococcus_vs_other	Streptococcus pseudopneumoniae	5	0.0004875	0.0019923076923076925	-0.0015048076923076924	0.0	0.0	0.8072032868244086	0.8414068159271376
Streptococcus_vs_other	Parvimonas micra	3	0.0015775	9.730769230769232e-05	0.0014801923076923076	0.0	0.0	0.541802935032798	0.8414068159271376
Pseudomonas_vs_other	Fusobacterium pseudoperiodonticum	5	7.5e-05	0.0015142307692307692	-0.0014392307692307693	0.0	0.0	0.8072032868244086	0.8414068159271376
Streptococcus_vs_other	Neisseria mucosa	5	0.002555	0.0011442307692307693	0.0014107692307692306	0.0	0.0	0.7143252846662898	0.8414068159271376
Streptococcus_vs_other	Veillonella nakazawae	4	0.0014075	9.230769230769232e-06	0.0013982692307692307	0.00129	0.0	0.1431356766583627	0.8414068159271376
Enterobacterales_vs_other	Klebsiella quasipneumoniae	2	0.0013675	0.0	0.0013675	0.000865	0.0	0.11268690036881446	0.8414068159271376
Mycobacteria_vs_other	Capnocytophaga sp. FDAARGOS_737	5	0.0015675	0.00020115384615384616	0.001366346153846154	0.0	0.0	0.6693340144640527	0.8414068159271376
Streptococcus_vs_other	Prevotella histicola	5	0.00158	0.0002303846153846154	0.0013496153846153847	0.00021	0.0	0.22239749878529658	0.8414068159271376
Acinetobacter_vs_other	Streptococcus ilei	2	0.0	0.0013392307692307692	-0.0013392307692307692	0.0	0.0	0.8072032868244086	0.8414068159271376
Enterobacterales_vs_other	Streptococcus ilei	2	0.0	0.0013392307692307692	-0.0013392307692307692	0.0	0.0	0.8072032868244086	0.8414068159271376
Haemophilus_vs_other	Streptococcus ilei	2	0.0	0.0013392307692307692	-0.0013392307692307692	0.0	0.0	0.8072032868244086	0.8414068159271376
Pseudomonas_vs_other	Streptococcus ilei	2	0.0	0.0013392307692307692	-0.0013392307692307692	0.0	0.0	0.8072032868244086	0.8414068159271376
Staphylococcus_vs_other	Streptococcus ilei	2	0.0	0.0013392307692307692	-0.0013392307692307692	0.0	0.0	0.8072032868244086	0.8414068159271376
Acinetobacter_vs_other	Streptococcus salivarius	5	0.0	0.0013065384615384616	-0.0013065384615384616	0.0	0.0	0.541802935032798	0.8414068159271376
Enterobacterales_vs_other	Streptococcus salivarius	5	0.0	0.0013065384615384616	-0.0013065384615384616	0.0	0.0	0.541802935032798	0.8414068159271376
Haemophilus_vs_other	Streptococcus salivarius	5	0.0	0.0013065384615384616	-0.0013065384615384616	0.0	0.0	0.541802935032798	0.8414068159271376
Mycobacteria_vs_other	Streptococcus salivarius	5	0.0	0.0013065384615384616	-0.0013065384615384616	0.0	0.0	0.541802935032798	0.8414068159271376
Mycobacteria_vs_other	Veillonella parvula	7	0.0014225	0.00014692307692307693	0.0012755769230769231	0.0	0.0	0.8072032868244086	0.8414068159271376
Streptococcus_vs_other	Gemella morbillorum	4	0.0014325	0.00015807692307692308	0.0012744230769230769	0.0	0.0	0.604056766581538	0.8414068159271376
Streptococcus_vs_other	Streptococcus parasanguinis	5	0.0014375	0.0001903846153846154	0.0012471153846153845	0.00017	0.0	0.22239749878529658	0.8414068159271376
Acinetobacter_vs_other	Pseudomonas putida	2	0.0	0.0012303846153846154	-0.0012303846153846154	0.0	0.0	0.8072032868244086	0.8414068159271376
Enterobacterales_vs_other	Pseudomonas putida	2	0.0	0.0012303846153846154	-0.0012303846153846154	0.0	0.0	0.8072032868244086	0.8414068159271376
Haemophilus_vs_other	Pseudomonas putida	2	0.0	0.0012303846153846154	-0.0012303846153846154	0.0	0.0	0.8072032868244086	0.8414068159271376
Mycobacteria_vs_other	Pseudomonas putida	2	0.0	0.0012303846153846154	-0.0012303846153846154	0.0	0.0	0.8072032868244086	0.8414068159271376
Staphylococcus_vs_other	Pseudomonas putida	2	0.0	0.0012303846153846154	-0.0012303846153846154	0.0	0.0	0.8072032868244086	0.8414068159271376
Streptococcus_vs_other	Pseudomonas putida	2	0.0	0.0012303846153846154	-0.0012303846153846154	0.0	0.0	0.8072032868244086	0.8414068159271376
Enterobacterales_vs_other	Neisseria meningitidis	4	0.001305	8.26923076923077e-05	0.0012223076923076922	0.0	0.0	0.604056766581538	0.8414068159271376
Streptococcus_vs_other	Prevotella nigrescens	4	0.0013325	0.0001473076923076923	0.0011851923076923077	0.0	0.0	0.604056766581538	0.8414068159271376
Enterobacterales_vs_other	Staphylococcus epidermidis	3	0.00123	6.500000000000001e-05	0.001165	0.0	0.0	0.541802935032798	0.8414068159271376
Streptococcus_vs_other	Fusobacterium nucleatum	4	0.0015425	0.00039846153846153845	0.0011440384615384615	0.0	0.0	0.6472638029699183	0.8414068159271376
Staphylococcus_vs_other	Haemophilus parainfluenzae	9	0.00166	0.0005765384615384616	0.0010834615384615384	0.00155	0.0	0.06721007896807407	0.8414068159271376
Staphylococcus_vs_other	Prevotella oris	4	0.0015225	0.00046153846153846153	0.0010609615384615384	0.0	0.0	0.6472638029699183	0.8414068159271376
Streptococcus_vs_other	Neisseria macacae	5	0.0011575	0.00010846153846153846	0.0010490384615384615	0.0	0.0	0.6693340144640527	0.8414068159271376
Acinetobacter_vs_other	Prevotella intermedia	5	0.0	0.0010473076923076924	-0.0010473076923076924	0.0	0.0	0.541802935032798	0.8414068159271376
Enterobacterales_vs_other	Prevotella intermedia	5	0.0	0.0010473076923076924	-0.0010473076923076924	0.0	0.0	0.541802935032798	0.8414068159271376
Haemophilus_vs_other	Prevotella intermedia	5	0.0	0.0010473076923076924	-0.0010473076923076924	0.0	0.0	0.541802935032798	0.8414068159271376
Acinetobacter_vs_other	Streptococcus sp. 116-D4	6	0.0	0.0010446153846153845	-0.0010446153846153845	0.0	0.0	0.46410347443092714	0.8414068159271376
Enterobacterales_vs_other	Streptococcus sp. 116-D4	6	0.0	0.0010446153846153845	-0.0010446153846153845	0.0	0.0	0.46410347443092714	0.8414068159271376
Haemophilus_vs_other	Streptococcus sp. 116-D4	6	0.0	0.0010446153846153845	-0.0010446153846153845	0.0	0.0	0.46410347443092714	0.8414068159271376
Mycobacteria_vs_other	Streptococcus sp. 116-D4	6	0.0	0.0010446153846153845	-0.0010446153846153845	0.0	0.0	0.46410347443092714	0.8414068159271376
Mycobacteria_vs_other	Prevotella veroralis	6	0.0014199999999999998	0.00038384615384615383	0.001036153846153846	0.000975	0.0	0.2721346393759747	0.8414068159271376
Acinetobacter_vs_other	Neisseria subflava	5	0.0	0.001001923076923077	-0.001001923076923077	0.0	0.0	0.541802935032798	0.8414068159271376
Haemophilus_vs_other	Neisseria subflava	5	0.0	0.001001923076923077	-0.001001923076923077	0.0	0.0	0.541802935032798	0.8414068159271376
Mycobacteria_vs_other	Neisseria subflava	5	0.0	0.001001923076923077	-0.001001923076923077	0.0	0.0	0.541802935032798	0.8414068159271376
Streptococcus_vs_other	Gemella haemolysans	7	0.00116	0.0001753846153846154	0.0009846153846153846	0.00025	0.0	0.24638736002924655	0.8414068159271376
Streptococcus_vs_other	Streptococcus sp. A12	3	0.0009375	2.692307692307692e-06	0.0009348076923076922	0.00079	0.0	0.12720368763109935	0.8414068159271376
Streptococcus_vs_other	Streptococcus sanguinis	5	0.0009699999999999999	3.961538461538461e-05	0.0009303846153846154	0.000695	0.0	0.16055589143580895	0.8414068159271376
Streptococcus_vs_other	Porphyromonas gingivalis	4	0.00105	0.00012692307692307693	0.000923076923076923	0.0	0.0	0.604056766581538	0.8414068159271376
Staphylococcus_vs_other	Streptococcus parasanguinis	5	0.00114	0.00023615384615384614	0.0009038461538461538	0.00026	0.0	0.20012811767860228	0.8414068159271376
Pseudomonas_vs_other	Prevotella intermedia	5	0.0001325	0.0010269230769230767	-0.0008944230769230767	0.0	0.0	0.8072032868244086	0.8414068159271376
Streptococcus_vs_other	Streptococcus sp. Marseille-Q3533	5	0.0009175	5.538461538461539e-05	0.0008621153846153847	0.000565	0.0	0.17953260630452128	0.8414068159271376
Enterobacterales_vs_other	Escherichia fergusonii	2	0.0008575	0.0	0.0008575	0.000265	0.0	0.11268690036881446	0.8414068159271376
Streptococcus_vs_other	Leptotrichia wadei	4	0.000885	4.3076923076923084e-05	0.0008419230769230769	0.0	0.0	0.604056766581538	0.8414068159271376
Enterobacterales_vs_other	Acinetobacter lwoffii	2	0.0	0.0008403846153846155	-0.0008403846153846155	0.0	0.0	0.8072032868244086	0.8414068159271376
Haemophilus_vs_other	Acinetobacter lwoffii	2	0.0	0.0008403846153846155	-0.0008403846153846155	0.0	0.0	0.8072032868244086	0.8414068159271376
Mycobacteria_vs_other	Acinetobacter lwoffii	2	0.0	0.0008403846153846155	-0.0008403846153846155	0.0	0.0	0.8072032868244086	0.8414068159271376
Pseudomonas_vs_other	Acinetobacter lwoffii	2	0.0	0.0008403846153846155	-0.0008403846153846155	0.0	0.0	0.8072032868244086	0.8414068159271376
Staphylococcus_vs_other	Acinetobacter lwoffii	2	0.0	0.0008403846153846155	-0.0008403846153846155	0.0	0.0	0.8072032868244086	0.8414068159271376
Streptococcus_vs_other	Acinetobacter lwoffii	2	0.0	0.0008403846153846155	-0.0008403846153846155	0.0	0.0	0.8072032868244086	0.8414068159271376
Pseudomonas_vs_other	Neisseria subflava	5	0.0001425	0.00098	-0.0008374999999999999	0.0	0.0	0.8072032868244086	0.8414068159271376
Acinetobacter_vs_other	Haemophilus parainfluenzae	9	0.0	0.0008319230769230769	-0.0008319230769230769	0.0	0.0	0.2721346393759747	0.8414068159271376
Mycobacteria_vs_other	Haemophilus parainfluenzae	9	0.0	0.0008319230769230769	-0.0008319230769230769	0.0	0.0	0.2721346393759747	0.8414068159271376
Streptococcus_vs_other	Veillonella sp. S12025-13	3	0.0008225	9.230769230769232e-06	0.0008132692307692308	0.0	0.0	0.541802935032798	0.8414068159271376
Staphylococcus_vs_other	Prevotella veroralis	6	0.0012225	0.0004142307692307692	0.0008082692307692309	0.000165	0.0	0.2721346393759747	0.8414068159271376
Acinetobacter_vs_other	Gemella sanguinis	5	0.0	0.000795	-0.000795	0.0	0.0	0.541802935032798	0.8414068159271376
Enterobacterales_vs_other	Gemella sanguinis	5	0.0	0.000795	-0.000795	0.0	0.0	0.541802935032798	0.8414068159271376
Haemophilus_vs_other	Gemella sanguinis	5	0.0	0.000795	-0.000795	0.0	0.0	0.541802935032798	0.8414068159271376
Streptococcus_vs_other	Streptococcus anginosus	3	0.00088	8.576923076923076e-05	0.0007942307692307693	0.0	0.0	0.541802935032798	0.8414068159271376
Streptococcus_vs_other	Prevotella veroralis	6	0.00121	0.00041615384615384615	0.0007938461538461538	0.0	0.0	0.7372110773613776	0.8414068159271376
Streptococcus_vs_other	Neisseria subflava	5	0.0002025	0.0009707692307692307	-0.0007682692307692307	0.0	0.0	0.7603323075218762	0.8414068159271376
Streptococcus_vs_other	Capnocytophaga leadbetteri	4	0.000815	5.192307692307693e-05	0.0007630769230769231	0.0	0.0	0.604056766581538	0.8414068159271376
Staphylococcus_vs_other	Streptococcus sp. 116-D4	6	0.00027249999999999996	0.0010026923076923077	-0.0007301923076923078	2.5e-05	0.0	0.36012164775537836	0.8414068159271376
Streptococcus_vs_other	Campylobacter concisus	7	0.0009699999999999999	0.0002430769230769231	0.0007269230769230768	0.00053	0.0	0.24638736002924655	0.8414068159271376
Acinetobacter_vs_other	Prevotella oris	4	0.0	0.0006957692307692307	-0.0006957692307692307	0.0	0.0	0.6254994799810465	0.8414068159271376
Enterobacterales_vs_other	Prevotella oris	4	0.0	0.0006957692307692307	-0.0006957692307692307	0.0	0.0	0.6254994799810465	0.8414068159271376
Haemophilus_vs_other	Prevotella oris	4	0.0	0.0006957692307692307	-0.0006957692307692307	0.0	0.0	0.6254994799810465	0.8414068159271376
Acinetobacter_vs_other	Neisseria flavescens	4	0.0	0.0006900000000000001	-0.0006900000000000001	0.0	0.0	0.6254994799810465	0.8414068159271376
Haemophilus_vs_other	Neisseria flavescens	4	0.0	0.0006900000000000001	-0.0006900000000000001	0.0	0.0	0.6254994799810465	0.8414068159271376
Mycobacteria_vs_other	Neisseria flavescens	4	0.0	0.0006900000000000001	-0.0006900000000000001	0.0	0.0	0.6254994799810465	0.8414068159271376
Streptococcus_vs_other	Neisseria flavescens	4	0.0	0.0006900000000000001	-0.0006900000000000001	0.0	0.0	0.6254994799810465	0.8414068159271376
Mycobacteria_vs_other	Prevotella sp. oral taxon 299	6	0.0008825	0.0001930769230769231	0.000689423076923077	0.0	0.0	0.7372110773613776	0.8414068159271376
Streptococcus_vs_other	Tannerella serpentiformis	2	0.0006725	1.5384615384615385e-06	0.0006709615384615385	0.0	0.0	0.48292727458071427	0.8414068159271376
Staphylococcus_vs_other	Veillonella atypica	6	0.0008225000000000001	0.00016192307692307692	0.0006605769230769232	0.00055	0.0	0.20012811767860228	0.8414068159271376
Pseudomonas_vs_other	Prevotella oris	4	3.5e-05	0.0006903846153846154	-0.0006553846153846154	0.0	0.0	0.7372110773613776	0.8414068159271376
Staphylococcus_vs_other	Filifactor alocis	2	0.0006525	7.692307692307693e-07	0.0006517307692307692	0.0	0.0	0.48292727458071427	0.8414068159271376
Staphylococcus_vs_other	Treponema denticola	2	0.00067	1.9615384615384617e-05	0.0006503846153846154	0.0	0.0	0.48292727458071427	0.8414068159271376
Staphylococcus_vs_other	Prevotella nigrescens	4	0.0008675	0.00021884615384615383	0.0006486538461538461	8e-05	0.0	0.20012811767860228	0.8414068159271376
Staphylococcus_vs_other	Prevotella histicola	5	0.0009675	0.0003246153846153846	0.0006428846153846155	0.00049	0.0	0.22239749878529658	0.8414068159271376
Acinetobacter_vs_other	Fusobacterium nucleatum	4	0.0	0.0006357692307692308	-0.0006357692307692308	0.0	0.0	0.6254994799810465	0.8414068159271376
Haemophilus_vs_other	Fusobacterium nucleatum	4	0.0	0.0006357692307692308	-0.0006357692307692308	0.0	0.0	0.6254994799810465	0.8414068159271376
Mycobacteria_vs_other	Fusobacterium nucleatum	4	0.0	0.0006357692307692308	-0.0006357692307692308	0.0	0.0	0.6254994799810465	0.8414068159271376
Staphylococcus_vs_other	Veillonella dispar	5	0.0007275	9.76923076923077e-05	0.0006298076923076923	0.00022	0.0	0.20012811767860228	0.8414068159271376
Streptococcus_vs_other	Veillonella atypica	6	0.0007925	0.00016653846153846157	0.0006259615384615385	0.0005	0.0	0.24638736002924655	0.8414068159271376
Streptococcus_vs_other	Streptococcus sp. oral taxon 061	4	0.0007125	8.807692307692307e-05	0.000624423076923077	0.0	0.0	0.604056766581538	0.8414068159271376
Pseudomonas_vs_other	Neisseria flavescens	4	6e-05	0.0006807692307692308	-0.0006207692307692307	0.0	0.0	0.6916935994652547	0.8414068159271376
Staphylococcus_vs_other	Porphyromonas gingivalis	4	0.000775	0.0001692307692307692	0.0006057692307692308	0.0	0.0	0.6472638029699183	0.8414068159271376
Acinetobacter_vs_other	Prevotella veroralis	6	0.0	0.0006023076923076924	-0.0006023076923076924	0.0	0.0	0.46410347443092714	0.8414068159271376
Enterobacterales_vs_other	Prevotella veroralis	6	0.0	0.0006023076923076924	-0.0006023076923076924	0.0	0.0	0.46410347443092714	0.8414068159271376
Haemophilus_vs_other	Prevotella veroralis	6	0.0	0.0006023076923076924	-0.0006023076923076924	0.0	0.0	0.46410347443092714	0.8414068159271376
Staphylococcus_vs_other	Haemophilus haemolyticus	3	0.000705	0.00010499999999999999	0.0006000000000000001	0.0	0.0	0.541802935032798	0.8414068159271376
Staphylococcus_vs_other	Neisseria subflava	5	0.00035	0.000948076923076923	-0.000598076923076923	0.00011	0.0	0.24638736002924655	0.8414068159271376
Streptococcus_vs_other	Streptococcus sp. Marseille-Q6470	4	0.0006425	4.653846153846154e-05	0.0005959615384615384	0.0	0.0	0.604056766581538	0.8414068159271376
Enterobacterales_vs_other	Campylobacter showae	2	0.0006275	3.269230769230769e-05	0.0005948076923076923	0.0	0.0	0.48292727458071427	0.8414068159271376
Streptococcus_vs_other	Capnocytophaga sp. FDAARGOS_737	5	0.0008875	0.00030576923076923077	0.0005817307692307693	0.0	0.0	0.7143252846662898	0.8414068159271376
Mycobacteria_vs_other	Gemella morbillorum	4	0.000825	0.0002515384615384615	0.0005734615384615385	0.0	0.0	0.6472638029699183	0.8414068159271376
Mycobacteria_vs_other	Rothia aeria	4	0.0006375	6.576923076923076e-05	0.0005717307692307693	0.0	0.0	0.604056766581538	0.8414068159271376
Enterobacterales_vs_other	Fusobacterium nucleatum	4	6.75e-05	0.0006253846153846154	-0.0005578846153846155	0.0	0.0	0.7372110773613776	0.8414068159271376
Staphylococcus_vs_other	Streptococcus sp. LPB0220	4	0.0008325	0.00028576923076923077	0.0005467307692307692	8e-05	0.0	0.20012811767860228	0.8414068159271376
Streptococcus_vs_other	Enterococcus faecium	3	0.00183	0.0023515384615384613	-0.0005215384615384613	0.0	0.0	0.5829505577618919	0.8414068159271376
Acinetobacter_vs_other	Morococcus cerebrosus	4	0.0	0.0005161538461538461	-0.0005161538461538461	0.0	0.0	0.6254994799810465	0.8414068159271376
Haemophilus_vs_other	Morococcus cerebrosus	4	0.0	0.0005161538461538461	-0.0005161538461538461	0.0	0.0	0.6254994799810465	0.8414068159271376
Mycobacteria_vs_other	Morococcus cerebrosus	4	0.0	0.0005161538461538461	-0.0005161538461538461	0.0	0.0	0.6254994799810465	0.8414068159271376
Staphylococcus_vs_other	Morococcus cerebrosus	4	2.25e-05	0.0005126923076923076	-0.0004901923076923077	0.0	0.0	0.7372110773613776	0.8414068159271376
Acinetobacter_vs_other	Tannerella forsythia	4	0.0	0.0004861538461538461	-0.0004861538461538461	0.0	0.0	0.6254994799810465	0.8414068159271376
Haemophilus_vs_other	Tannerella forsythia	4	0.0	0.0004861538461538461	-0.0004861538461538461	0.0	0.0	0.6254994799810465	0.8414068159271376
Mycobacteria_vs_other	Tannerella forsythia	4	0.0	0.0004861538461538461	-0.0004861538461538461	0.0	0.0	0.6254994799810465	0.8414068159271376
Acinetobacter_vs_other	Human alphaherpesvirus 1	3	0.00082	0.0003388461538461539	0.0004811538461538461	0.0	0.0	0.5829505577618919	0.8414068159271376
Pseudomonas_vs_other	Morococcus cerebrosus	4	3.5e-05	0.0005107692307692308	-0.0004757692307692308	0.0	0.0	0.6916935994652547	0.8414068159271376
Acinetobacter_vs_other	Streptococcus sp. NPS 308	2	0.0	0.00047576923076923073	-0.00047576923076923073	0.0	0.0	0.8072032868244086	0.8414068159271376
Enterobacterales_vs_other	Streptococcus sp. NPS 308	2	0.0	0.00047576923076923073	-0.00047576923076923073	0.0	0.0	0.8072032868244086	0.8414068159271376
Haemophilus_vs_other	Streptococcus sp. NPS 308	2	0.0	0.00047576923076923073	-0.00047576923076923073	0.0	0.0	0.8072032868244086	0.8414068159271376
Mycobacteria_vs_other	Streptococcus sp. NPS 308	2	0.0	0.00047576923076923073	-0.00047576923076923073	0.0	0.0	0.8072032868244086	0.8414068159271376
Pseudomonas_vs_other	Streptococcus sp. NPS 308	2	0.0	0.00047576923076923073	-0.00047576923076923073	0.0	0.0	0.8072032868244086	0.8414068159271376
Staphylococcus_vs_other	Streptococcus sp. NPS 308	2	0.0	0.00047576923076923073	-0.00047576923076923073	0.0	0.0	0.8072032868244086	0.8414068159271376
Streptococcus_vs_other	Veillonella parvula	7	0.0007275	0.00025384615384615387	0.0004736538461538461	0.00023	0.0	0.2721346393759747	0.8414068159271376
Acinetobacter_vs_other	Prevotella histicola	5	0.0	0.00047346153846153843	-0.00047346153846153843	0.0	0.0	0.541802935032798	0.8414068159271376
Enterobacterales_vs_other	Prevotella histicola	5	0.0	0.00047346153846153843	-0.00047346153846153843	0.0	0.0	0.541802935032798	0.8414068159271376
Haemophilus_vs_other	Prevotella histicola	5	0.0	0.00047346153846153843	-0.00047346153846153843	0.0	0.0	0.541802935032798	0.8414068159271376
Mycobacteria_vs_other	Prevotella histicola	5	0.0	0.00047346153846153843	-0.00047346153846153843	0.0	0.0	0.541802935032798	0.8414068159271376
Acinetobacter_vs_other	Porphyromonas endodontalis	3	0.0	0.00047307692307692307	-0.00047307692307692307	0.0	0.0	0.7143252846662898	0.8414068159271376
Enterobacterales_vs_other	Porphyromonas endodontalis	3	0.0	0.00047307692307692307	-0.00047307692307692307	0.0	0.0	0.7143252846662898	0.8414068159271376
Haemophilus_vs_other	Porphyromonas endodontalis	3	0.0	0.00047307692307692307	-0.00047307692307692307	0.0	0.0	0.7143252846662898	0.8414068159271376
Mycobacteria_vs_other	Porphyromonas endodontalis	3	0.0	0.00047307692307692307	-0.00047307692307692307	0.0	0.0	0.7143252846662898	0.8414068159271376
Streptococcus_vs_other	Prevotella sp. oral taxon 299	6	0.000695	0.0002219230769230769	0.00047307692307692307	0.000565	0.0	0.2721346393759747	0.8414068159271376
Streptococcus_vs_other	Neisseria elongata	3	0.0005	2.9230769230769227e-05	0.00047076923076923077	0.0	0.0	0.541802935032798	0.8414068159271376
Staphylococcus_vs_other	Veillonella rogosae	4	0.0004925	2.3846153846153846e-05	0.00046865384615384613	3e-05	0.0	0.16055589143580895	0.8414068159271376
Streptococcus_vs_other	Capnocytophaga gingivalis	5	0.000525	5.6538461538461536e-05	0.0004684615384615384	0.0	0.0	0.6693340144640527	0.8414068159271376
Haemophilus_vs_other	Human alphaherpesvirus 1	3	0.0	0.000465	-0.000465	0.0	0.0	0.7143252846662898	0.8414068159271376
Mycobacteria_vs_other	Human alphaherpesvirus 1	3	0.0	0.000465	-0.000465	0.0	0.0	0.7143252846662898	0.8414068159271376
Pseudomonas_vs_other	Human alphaherpesvirus 1	3	0.0	0.000465	-0.000465	0.0	0.0	0.7143252846662898	0.8414068159271376
Streptococcus_vs_other	Human alphaherpesvirus 1	3	0.0	0.000465	-0.000465	0.0	0.0	0.7143252846662898	0.8414068159271376
Pseudomonas_vs_other	Tannerella forsythia	4	2.5e-05	0.00048230769230769226	-0.00045730769230769224	0.0	0.0	0.7372110773613776	0.8414068159271376
Enterobacterales_vs_other	Human alphaherpesvirus 1	3	1.25e-05	0.0004630769230769231	-0.0004505769230769231	0.0	0.0	0.6254994799810465	0.8414068159271376
Haemophilus_vs_other	Haemophilus haemolyticus	3	0.000575	0.000125	0.00045	0.0	0.0	0.5829505577618919	0.8414068159271376
Streptococcus_vs_other	Candidatus Nanosynbacter sp. HMT-352	4	0.0005	5.423076923076923e-05	0.00044576923076923076	0.0	0.0	0.604056766581538	0.8414068159271376
Acinetobacter_vs_other	Capnocytophaga sp. FDAARGOS_737	5	0.0	0.00044230769230769237	-0.00044230769230769237	0.0	0.0	0.541802935032798	0.8414068159271376
Enterobacterales_vs_other	Capnocytophaga sp. FDAARGOS_737	5	0.0	0.00044230769230769237	-0.00044230769230769237	0.0	0.0	0.541802935032798	0.8414068159271376
Haemophilus_vs_other	Capnocytophaga sp. FDAARGOS_737	5	0.0	0.00044230769230769237	-0.00044230769230769237	0.0	0.0	0.541802935032798	0.8414068159271376
Acinetobacter_vs_other	Streptococcus sp. oral taxon 431	7	0.0	0.00043923076923076923	-0.00043923076923076923	0.0	0.0	0.3930360510185342	0.8414068159271376
Haemophilus_vs_other	Streptococcus sp. oral taxon 431	7	0.0	0.00043923076923076923	-0.00043923076923076923	0.0	0.0	0.3930360510185342	0.8414068159271376
Mycobacteria_vs_other	Streptococcus sp. oral taxon 431	7	0.0	0.00043923076923076923	-0.00043923076923076923	0.0	0.0	0.3930360510185342	0.8414068159271376
Streptococcus_vs_other	Campylobacter rectus	2	0.000455	2.1153846153846154e-05	0.00043384615384615385	0.0	0.0	0.48292727458071427	0.8414068159271376
Pseudomonas_vs_other	Haemophilus parainfluenzae	9	0.0003475	0.0007784615384615385	-0.00043096153846153854	0.00029	0.0	0.6693340144640527	0.8414068159271376
Streptococcus_vs_other	Streptococcus sp. 1643	2	0.0004275	4.9999999999999996e-06	0.00042249999999999997	0.0	0.0	0.48292727458071427	0.8414068159271376
Acinetobacter_vs_other	Streptococcus australis	4	0.0	0.00041846153846153845	-0.00041846153846153845	0.0	0.0	0.6254994799810465	0.8414068159271376
Enterobacterales_vs_other	Streptococcus australis	4	0.0	0.00041846153846153845	-0.00041846153846153845	0.0	0.0	0.6254994799810465	0.8414068159271376
Haemophilus_vs_other	Streptococcus australis	4	0.0	0.00041846153846153845	-0.00041846153846153845	0.0	0.0	0.6254994799810465	0.8414068159271376
Mycobacteria_vs_other	Streptococcus australis	4	0.0	0.00041846153846153845	-0.00041846153846153845	0.0	0.0	0.6254994799810465	0.8414068159271376
Streptococcus_vs_other	Capnocytophaga sputigena	4	0.00047999999999999996	6.230769230769232e-05	0.0004176923076923076	0.00023	0.0	0.17953260630452128	0.8414068159271376
Acinetobacter_vs_other	Streptococcus sp. LPB0220	4	0.0	0.00041384615384615386	-0.00041384615384615386	0.0	0.0	0.6254994799810465	0.8414068159271376
Enterobacterales_vs_other	Streptococcus sp. LPB0220	4	0.0	0.00041384615384615386	-0.00041384615384615386	0.0	0.0	0.6254994799810465	0.8414068159271376
Haemophilus_vs_other	Streptococcus sp. LPB0220	4	0.0	0.00041384615384615386	-0.00041384615384615386	0.0	0.0	0.6254994799810465	0.8414068159271376
Mycobacteria_vs_other	Streptococcus sp. LPB0220	4	0.0	0.00041384615384615386	-0.00041384615384615386	0.0	0.0	0.6254994799810465	0.8414068159271376
Acinetobacter_vs_other	Streptococcus koreensis	2	0.0	0.0004126923076923077	-0.0004126923076923077	0.0	0.0	0.8072032868244086	0.8414068159271376
Enterobacterales_vs_other	Streptococcus koreensis	2	0.0	0.0004126923076923077	-0.0004126923076923077	0.0	0.0	0.8072032868244086	0.8414068159271376
Haemophilus_vs_other	Streptococcus koreensis	2	0.0	0.0004126923076923077	-0.0004126923076923077	0.0	0.0	0.8072032868244086	0.8414068159271376
Mycobacteria_vs_other	Streptococcus koreensis	2	0.0	0.0004126923076923077	-0.0004126923076923077	0.0	0.0	0.8072032868244086	0.8414068159271376
Pseudomonas_vs_other	Streptococcus koreensis	2	0.0	0.0004126923076923077	-0.0004126923076923077	0.0	0.0	0.8072032868244086	0.8414068159271376
Staphylococcus_vs_other	Streptococcus koreensis	2	0.0	0.0004126923076923077	-0.0004126923076923077	0.0	0.0	0.8072032868244086	0.8414068159271376
Staphylococcus_vs_other	Prevotella intermedia	5	0.0012649999999999998	0.0008526923076923077	0.0004123076923076922	2.5e-05	0.0	0.24638736002924655	0.8414068159271376
Acinetobacter_vs_other	Streptococcus parasanguinis	5	0.0	0.0004115384615384615	-0.0004115384615384615	0.0	0.0	0.541802935032798	0.8414068159271376
Enterobacterales_vs_other	Streptococcus parasanguinis	5	0.0	0.0004115384615384615	-0.0004115384615384615	0.0	0.0	0.541802935032798	0.8414068159271376
Haemophilus_vs_other	Streptococcus parasanguinis	5	0.0	0.0004115384615384615	-0.0004115384615384615	0.0	0.0	0.541802935032798	0.8414068159271376
Mycobacteria_vs_other	Streptococcus parasanguinis	5	0.0	0.0004115384615384615	-0.0004115384615384615	0.0	0.0	0.541802935032798	0.8414068159271376
Streptococcus_vs_other	Schaalia odontolytica	4	0.0004775	6.846153846153845e-05	0.00040903846153846155	0.0	0.0	0.604056766581538	0.8414068159271376
Staphylococcus_vs_other	Streptococcus sp. oral taxon 061	4	0.000525	0.00011692307692307694	0.000408076923076923	0.000265	0.0	0.17953260630452128	0.8414068159271376
Staphylococcus_vs_other	Campylobacter concisus	7	0.00069	0.00028615384615384614	0.00040384615384615383	0.000425	0.0	0.3289940006118681	0.8414068159271376
Staphylococcus_vs_other	Mogibacterium diversum	4	0.00047	7.115384615384616e-05	0.0003988461538461538	3.5e-05	0.0	0.17953260630452128	0.8414068159271376
Staphylococcus_vs_other	Fusobacterium pseudoperiodonticum	5	0.0009775	0.0013753846153846153	-0.00039788461538461527	0.00011	0.0	0.2721346393759747	0.8414068159271376
Pseudomonas_vs_other	Streptococcus australis	4	2.25e-05	0.00041499999999999995	-0.00039249999999999995	0.0	0.0	0.7372110773613776	0.8414068159271376
Acinetobacter_vs_other	Campylobacter concisus	7	0.0	0.0003923076923076923	-0.0003923076923076923	0.0	0.0	0.3930360510185342	0.8414068159271376
Haemophilus_vs_other	Campylobacter concisus	7	0.0	0.0003923076923076923	-0.0003923076923076923	0.0	0.0	0.3930360510185342	0.8414068159271376
Staphylococcus_vs_other	Streptococcus anginosus	3	0.00053	0.00013961538461538462	0.00039038461538461536	0.0	0.0	0.5829505577618919	0.8414068159271376
Acinetobacter_vs_other	Gemella morbillorum	4	0.0	0.00037846153846153845	-0.00037846153846153845	0.0	0.0	0.6254994799810465	0.8414068159271376
Enterobacterales_vs_other	Gemella morbillorum	4	0.0	0.00037846153846153845	-0.00037846153846153845	0.0	0.0	0.6254994799810465	0.8414068159271376
Haemophilus_vs_other	Gemella morbillorum	4	0.0	0.00037846153846153845	-0.00037846153846153845	0.0	0.0	0.6254994799810465	0.8414068159271376
Streptococcus_vs_other	Streptococcus lactarius	2	0.00037749999999999996	0.0	0.00037749999999999996	0.000195	0.0	0.11268690036881446	0.8414068159271376
Staphylococcus_vs_other	Parvimonas micra	3	0.0006175	0.000245	0.0003725	0.0	0.0	0.5829505577618919	0.8414068159271376
Staphylococcus_vs_other	Streptococcus sp. oral taxon 431	7	0.0007025	0.00033115384615384615	0.00037134615384615385	0.000325	0.0	0.2996654484343022	0.8414068159271376
Acinetobacter_vs_other	Streptococcus sp. HSISM1	4	0.0	0.00036923076923076927	-0.00036923076923076927	0.0	0.0	0.6254994799810465	0.8414068159271376
Enterobacterales_vs_other	Streptococcus sp. HSISM1	4	0.0	0.00036923076923076927	-0.00036923076923076927	0.0	0.0	0.6254994799810465	0.8414068159271376
Haemophilus_vs_other	Streptococcus sp. HSISM1	4	0.0	0.00036923076923076927	-0.00036923076923076927	0.0	0.0	0.6254994799810465	0.8414068159271376
Mycobacteria_vs_other	Streptococcus sp. HSISM1	4	0.0	0.00036923076923076927	-0.00036923076923076927	0.0	0.0	0.6254994799810465	0.8414068159271376
Acinetobacter_vs_other	Streptococcus infantis	4	0.0	0.0003657692307692308	-0.0003657692307692308	0.0	0.0	0.6254994799810465	0.8414068159271376
Enterobacterales_vs_other	Streptococcus infantis	4	0.0	0.0003657692307692308	-0.0003657692307692308	0.0	0.0	0.6254994799810465	0.8414068159271376
Haemophilus_vs_other	Streptococcus infantis	4	0.0	0.0003657692307692308	-0.0003657692307692308	0.0	0.0	0.6254994799810465	0.8414068159271376
Mycobacteria_vs_other	Streptococcus infantis	4	0.0	0.0003657692307692308	-0.0003657692307692308	0.0	0.0	0.6254994799810465	0.8414068159271376
Acinetobacter_vs_other	Veillonella parvula	7	0.0	0.00036576923076923077	-0.00036576923076923077	0.0	0.0	0.3930360510185342	0.8414068159271376
Haemophilus_vs_other	Veillonella parvula	7	0.0	0.00036576923076923077	-0.00036576923076923077	0.0	0.0	0.3930360510185342	0.8414068159271376
Staphylococcus_vs_other	Streptococcus gordonii	4	0.00041	4.730769230769231e-05	0.0003626923076923077	0.0	0.0	0.604056766581538	0.8414068159271376
Streptococcus_vs_other	Tannerella forsythia	4	0.00011	0.0004692307692307692	-0.0003592307692307692	0.0	0.0	0.6916935994652547	0.8414068159271376
Pseudomonas_vs_other	Streptococcus sp. LPB0220	4	4.75e-05	0.00040653846153846155	-0.00035903846153846153	0.0	0.0	0.6916935994652547	0.8414068159271376
Acinetobacter_vs_other	Gemella haemolysans	7	0.0	0.00035384615384615386	-0.00035384615384615386	0.0	0.0	0.3930360510185342	0.8414068159271376
Haemophilus_vs_other	Gemella haemolysans	7	0.0	0.00035384615384615386	-0.00035384615384615386	0.0	0.0	0.3930360510185342	0.8414068159271376
Acinetobacter_vs_other	Prevotella nigrescens	4	0.0	0.0003523076923076923	-0.0003523076923076923	0.0	0.0	0.6254994799810465	0.8414068159271376
Enterobacterales_vs_other	Prevotella nigrescens	4	0.0	0.0003523076923076923	-0.0003523076923076923	0.0	0.0	0.6254994799810465	0.8414068159271376
Haemophilus_vs_other	Prevotella nigrescens	4	0.0	0.0003523076923076923	-0.0003523076923076923	0.0	0.0	0.6254994799810465	0.8414068159271376
Mycobacteria_vs_other	Prevotella nigrescens	4	0.0	0.0003523076923076923	-0.0003523076923076923	0.0	0.0	0.6254994799810465	0.8414068159271376
Streptococcus_vs_other	Neisseria lactamica	3	0.0004075	5.615384615384615e-05	0.00035134615384615385	0.0	0.0	0.541802935032798	0.8414068159271376
Streptococcus_vs_other	Prevotella scopos	3	0.000355	4.230769230769231e-06	0.0003507692307692308	0.0	0.0	0.541802935032798	0.8414068159271376
Staphylococcus_vs_other	Neisseria flavescens	4	0.000295	0.0006446153846153846	-0.00034961538461538463	0.000105	0.0	0.20012811767860228	0.8414068159271376
Pseudomonas_vs_other	Gemella morbillorum	4	2.75e-05	0.00037423076923076917	-0.00034673076923076915	0.0	0.0	0.7372110773613776	0.8414068159271376
Streptococcus_vs_other	Mogibacterium diversum	4	0.0004225	7.846153846153847e-05	0.00034403846153846154	0.0	0.0	0.6472638029699183	0.8414068159271376
Haemophilus_vs_other	Cutibacterium acnes	4	0.0	0.00034	-0.00034	0.0	0.0	0.6254994799810465	0.8414068159271376
Pseudomonas_vs_other	Cutibacterium acnes	4	0.0	0.00034	-0.00034	0.0	0.0	0.6254994799810465	0.8414068159271376
Streptococcus_vs_other	Cutibacterium acnes	4	0.0	0.00034	-0.00034	0.0	0.0	0.6254994799810465	0.8414068159271376
Acinetobacter_vs_other	Parvimonas micra	3	0.0	0.00033999999999999997	-0.00033999999999999997	0.0	0.0	0.7143252846662898	0.8414068159271376
Enterobacterales_vs_other	Parvimonas micra	3	0.0	0.00033999999999999997	-0.00033999999999999997	0.0	0.0	0.7143252846662898	0.8414068159271376
Haemophilus_vs_other	Parvimonas micra	3	0.0	0.00033999999999999997	-0.00033999999999999997	0.0	0.0	0.7143252846662898	0.8414068159271376
Mycobacteria_vs_other	Parvimonas micra	3	0.0	0.00033999999999999997	-0.00033999999999999997	0.0	0.0	0.7143252846662898	0.8414068159271376
Pseudomonas_vs_other	Capnocytophaga sp. FDAARGOS_737	5	9.5e-05	0.00042769230769230775	-0.0003326923076923077	0.0	0.0	0.8072032868244086	0.8414068159271376
Acinetobacter_vs_other	Prevotella sp. oral taxon 299	6	0.0	0.00032884615384615385	-0.00032884615384615385	0.0	0.0	0.46410347443092714	0.8414068159271376
Haemophilus_vs_other	Prevotella sp. oral taxon 299	6	0.0	0.00032884615384615385	-0.00032884615384615385	0.0	0.0	0.46410347443092714	0.8414068159271376
Enterobacterales_vs_other	Cutibacterium acnes	4	1.5e-05	0.0003376923076923077	-0.0003226923076923077	0.0	0.0	0.7372110773613776	0.8414068159271376
Pseudomonas_vs_other	Parvimonas micra	3	1.5e-05	0.0003376923076923077	-0.0003226923076923077	0.0	0.0	0.6254994799810465	0.8414068159271376
Streptococcus_vs_other	Prevotella multiformis	2	0.0003175	1.5384615384615385e-06	0.0003159615384615385	0.0	0.0	0.48292727458071427	0.8414068159271376
Pseudomonas_vs_other	Fusobacterium nucleatum	4	0.0002775	0.0005930769230769231	-0.00031557692307692303	0.0	0.0	0.6916935994652547	0.8414068159271376
Acinetobacter_vs_other	Granulicatella adiacens	5	0.0	0.00031230769230769235	-0.00031230769230769235	0.0	0.0	0.541802935032798	0.8414068159271376
Haemophilus_vs_other	Granulicatella adiacens	5	0.0	0.00031230769230769235	-0.00031230769230769235	0.0	0.0	0.541802935032798	0.8414068159271376
Mycobacteria_vs_other	Granulicatella adiacens	5	0.0	0.00031230769230769235	-0.00031230769230769235	0.0	0.0	0.541802935032798	0.8414068159271376
Staphylococcus_vs_other	Schaalia odontolytica	4	0.0003875	8.23076923076923e-05	0.0003051923076923077	4.5e-05	0.0	0.20012811767860228	0.8414068159271376
Pseudomonas_vs_other	Streptococcus sp. HSISM1	4	5.75e-05	0.0003603846153846154	-0.0003028846153846154	0.0	0.0	0.6916935994652547	0.8414068159271376
Enterobacterales_vs_other	Capnocytophaga sputigena	4	0.00038	7.76923076923077e-05	0.0003023076923076923	0.0	0.0	0.604056766581538	0.8414068159271376
Pseudomonas_vs_other	Streptococcus parasanguinis	5	9.75e-05	0.0003965384615384615	-0.00029903846153846153	0.0	0.0	0.8072032868244086	0.8414068159271376
Staphylococcus_vs_other	Cutibacterium acnes	4	4e-05	0.00033384615384615386	-0.00029384615384615387	0.0	0.0	0.6916935994652547	0.8414068159271376
Acinetobacter_vs_other	Veillonella atypica	6	0.0	0.0002884615384615385	-0.0002884615384615385	0.0	0.0	0.46410347443092714	0.8414068159271376
Enterobacterales_vs_other	Veillonella atypica	6	0.0	0.0002884615384615385	-0.0002884615384615385	0.0	0.0	0.46410347443092714	0.8414068159271376
Haemophilus_vs_other	Veillonella atypica	6	0.0	0.0002884615384615385	-0.0002884615384615385	0.0	0.0	0.46410347443092714	0.8414068159271376
Mycobacteria_vs_other	Veillonella atypica	6	0.0	0.0002884615384615385	-0.0002884615384615385	0.0	0.0	0.46410347443092714	0.8414068159271376
Acinetobacter_vs_other	Porphyromonas gingivalis	4	0.0	0.00028846153846153843	-0.00028846153846153843	0.0	0.0	0.6254994799810465	0.8414068159271376
Haemophilus_vs_other	Porphyromonas gingivalis	4	0.0	0.00028846153846153843	-0.00028846153846153843	0.0	0.0	0.6254994799810465	0.8414068159271376
Mycobacteria_vs_other	Porphyromonas gingivalis	4	0.0	0.00028846153846153843	-0.00028846153846153843	0.0	0.0	0.6254994799810465	0.8414068159271376
Acinetobacter_vs_other	Neisseria macacae	5	0.0	0.00028653846153846156	-0.00028653846153846156	0.0	0.0	0.541802935032798	0.8414068159271376
Haemophilus_vs_other	Neisseria macacae	5	0.0	0.00028653846153846156	-0.00028653846153846156	0.0	0.0	0.541802935032798	0.8414068159271376
Mycobacteria_vs_other	Neisseria macacae	5	0.0	0.00028653846153846156	-0.00028653846153846156	0.0	0.0	0.541802935032798	0.8414068159271376
Acinetobacter_vs_other	Neisseria meningitidis	4	0.0	0.0002834615384615385	-0.0002834615384615385	0.0	0.0	0.6254994799810465	0.8414068159271376
Haemophilus_vs_other	Neisseria meningitidis	4	0.0	0.0002834615384615385	-0.0002834615384615385	0.0	0.0	0.6254994799810465	0.8414068159271376
Mycobacteria_vs_other	Neisseria meningitidis	4	0.0	0.0002834615384615385	-0.0002834615384615385	0.0	0.0	0.6254994799810465	0.8414068159271376
Pseudomonas_vs_other	Porphyromonas gingivalis	4	5e-06	0.0002876923076923077	-0.0002826923076923077	0.0	0.0	0.7372110773613776	0.8414068159271376
Enterobacterales_vs_other	Morococcus cerebrosus	4	0.0002025	0.00048499999999999997	-0.0002825	0.0	0.0	0.6472638029699183	0.8414068159271376
Enterobacterales_vs_other	Neisseria lactamica	3	0.000345	6.576923076923076e-05	0.00027923076923076925	0.0	0.0	0.5829505577618919	0.8414068159271376
Enterobacterales_vs_other	Granulicatella adiacens	5	3.5e-05	0.000306923076923077	-0.000271923076923077	0.0	0.0	0.8072032868244086	0.8414068159271376
Enterobacterales_vs_other	Fusobacterium hwasookii	2	0.00027	3.846153846153846e-06	0.00026615384615384614	0.0	0.0	0.48292727458071427	0.8414068159271376
Staphylococcus_vs_other	Neisseria meningitidis	4	2e-05	0.0002803846153846154	-0.0002603846153846154	0.0	0.0	0.7372110773613776	0.8414068159271376
Pseudomonas_vs_other	Granulicatella adiacens	5	5e-05	0.0003046153846153846	-0.0002546153846153846	0.0	0.0	0.7603323075218762	0.8414068159271376
Acinetobacter_vs_other	Staphylococcus epidermidis	3	0.0	0.00025423076923076923	-0.00025423076923076923	0.0	0.0	0.7143252846662898	0.8414068159271376
Haemophilus_vs_other	Staphylococcus epidermidis	3	0.0	0.00025423076923076923	-0.00025423076923076923	0.0	0.0	0.7143252846662898	0.8414068159271376
Mycobacteria_vs_other	Staphylococcus epidermidis	3	0.0	0.00025423076923076923	-0.00025423076923076923	0.0	0.0	0.7143252846662898	0.8414068159271376
Pseudomonas_vs_other	Staphylococcus epidermidis	3	0.0	0.00025423076923076923	-0.00025423076923076923	0.0	0.0	0.7143252846662898	0.8414068159271376
Streptococcus_vs_other	Staphylococcus epidermidis	3	0.0	0.00025423076923076923	-0.00025423076923076923	0.0	0.0	0.7143252846662898	0.8414068159271376
Pseudomonas_vs_other	Prevotella nigrescens	4	9e-05	0.00033846153846153846	-0.00024846153846153844	0.0	0.0	0.6916935994652547	0.8414068159271376
Pseudomonas_vs_other	Porphyromonas endodontalis	3	0.000195	0.0004430769230769231	-0.00024807692307692313	0.0	0.0	0.6254994799810465	0.8414068159271376
Enterobacterales_vs_other	Porphyromonas gingivalis	4	4.5e-05	0.0002815384615384615	-0.00023653846153846148	0.0	0.0	0.6916935994652547	0.8414068159271376
Staphylococcus_vs_other	Staphylococcus epidermidis	3	0.0004225	0.00018923076923076923	0.0002332692307692308	9.5e-05	0.0	0.16055589143580895	0.8414068159271376
Acinetobacter_vs_other	Veillonella nakazawae	4	0.0	0.00022576923076923078	-0.00022576923076923078	0.0	0.0	0.6254994799810465	0.8414068159271376
Enterobacterales_vs_other	Veillonella nakazawae	4	0.0	0.00022576923076923078	-0.00022576923076923078	0.0	0.0	0.6254994799810465	0.8414068159271376
Haemophilus_vs_other	Veillonella nakazawae	4	0.0	0.00022576923076923078	-0.00022576923076923078	0.0	0.0	0.6254994799810465	0.8414068159271376
Mycobacteria_vs_other	Veillonella nakazawae	4	0.0	0.00022576923076923078	-0.00022576923076923078	0.0	0.0	0.6254994799810465	0.8414068159271376
Pseudomonas_vs_other	Streptococcus infantis	4	0.0001225	0.0003469230769230769	-0.00022442307692307692	0.0	0.0	0.7372110773613776	0.8414068159271376
Acinetobacter_vs_other	Streptococcus anginosus	3	0.0	0.00022115384615384616	-0.00022115384615384616	0.0	0.0	0.7143252846662898	0.8414068159271376
Enterobacterales_vs_other	Streptococcus anginosus	3	0.0	0.00022115384615384616	-0.00022115384615384616	0.0	0.0	0.7143252846662898	0.8414068159271376
Haemophilus_vs_other	Streptococcus anginosus	3	0.0	0.00022115384615384616	-0.00022115384615384616	0.0	0.0	0.7143252846662898	0.8414068159271376
Mycobacteria_vs_other	Streptococcus anginosus	3	0.0	0.00022115384615384616	-0.00022115384615384616	0.0	0.0	0.7143252846662898	0.8414068159271376
Staphylococcus_vs_other	Treponema vincentii	2	0.0002275	1.1153846153846154e-05	0.00021634615384615385	0.0	0.0	0.48292727458071427	0.8414068159271376
Staphylococcus_vs_other	Neisseria macacae	5	0.000435	0.00021961538461538462	0.0002153846153846154	5e-05	0.0	0.22239749878529658	0.8414068159271376
Staphylococcus_vs_other	Candidatus Nanosynbacter sp. HMT-352	4	0.0003	8.5e-05	0.00021499999999999997	8e-05	0.0	0.20012811767860228	0.8414068159271376
Acinetobacter_vs_other	Haemophilus haemolyticus	3	0.0	0.00021346153846153848	-0.00021346153846153848	0.0	0.0	0.7143252846662898	0.8414068159271376
Enterobacterales_vs_other	Haemophilus haemolyticus	3	0.0	0.00021346153846153848	-0.00021346153846153848	0.0	0.0	0.7143252846662898	0.8414068159271376
Mycobacteria_vs_other	Haemophilus haemolyticus	3	0.0	0.00021346153846153848	-0.00021346153846153848	0.0	0.0	0.7143252846662898	0.8414068159271376
Streptococcus_vs_other	Haemophilus haemolyticus	3	0.0	0.00021346153846153848	-0.00021346153846153848	0.0	0.0	0.7143252846662898	0.8414068159271376
Enterobacterales_vs_other	Prevotella sp. oral taxon 299	6	0.00047	0.00025653846153846153	0.00021346153846153845	0.0	0.0	0.7836696728774568	0.8414068159271376
Streptococcus_vs_other	Streptococcus gordonii	4	0.00028	6.73076923076923e-05	0.00021269230769230767	0.000205	0.0	0.17953260630452128	0.8414068159271376
Staphylococcus_vs_other	Streptococcus sp. HSISM1	4	0.0005025	0.00029192307692307693	0.00021057692307692308	0.0001	0.0	0.20012811767860228	0.8414068159271376
Acinetobacter_vs_other	Klebsiella quasipneumoniae	2	0.0	0.00021038461538461537	-0.00021038461538461537	0.0	0.0	0.8072032868244086	0.8414068159271376
Haemophilus_vs_other	Klebsiella quasipneumoniae	2	0.0	0.00021038461538461537	-0.00021038461538461537	0.0	0.0	0.8072032868244086	0.8414068159271376
Mycobacteria_vs_other	Klebsiella quasipneumoniae	2	0.0	0.00021038461538461537	-0.00021038461538461537	0.0	0.0	0.8072032868244086	0.8414068159271376
Pseudomonas_vs_other	Klebsiella quasipneumoniae	2	0.0	0.00021038461538461537	-0.00021038461538461537	0.0	0.0	0.8072032868244086	0.8414068159271376
Staphylococcus_vs_other	Klebsiella quasipneumoniae	2	0.0	0.00021038461538461537	-0.00021038461538461537	0.0	0.0	0.8072032868244086	0.8414068159271376
Streptococcus_vs_other	Klebsiella quasipneumoniae	2	0.0	0.00021038461538461537	-0.00021038461538461537	0.0	0.0	0.8072032868244086	0.8414068159271376
Acinetobacter_vs_other	Veillonella dispar	5	0.0	0.00020961538461538462	-0.00020961538461538462	0.0	0.0	0.541802935032798	0.8414068159271376
Enterobacterales_vs_other	Veillonella dispar	5	0.0	0.00020961538461538462	-0.00020961538461538462	0.0	0.0	0.541802935032798	0.8414068159271376
Haemophilus_vs_other	Veillonella dispar	5	0.0	0.00020961538461538462	-0.00020961538461538462	0.0	0.0	0.541802935032798	0.8414068159271376
Mycobacteria_vs_other	Veillonella dispar	5	0.0	0.00020961538461538462	-0.00020961538461538462	0.0	0.0	0.541802935032798	0.8414068159271376
Streptococcus_vs_other	Streptococcus suis	2	0.0002075	0.0	0.0002075	0.000145	0.0	0.11268690036881446	0.8414068159271376
Streptococcus_vs_other	Fusobacterium periodonticum	3	0.00024	3.346153846153846e-05	0.00020653846153846154	0.0	0.0	0.541802935032798	0.8414068159271376
Staphylococcus_vs_other	Veillonella parvula	7	0.00014	0.0003442307692307692	-0.0002042307692307692	3.5e-05	0.0	0.3930360510185342	0.8414068159271376
Pseudomonas_vs_other	Veillonella nakazawae	4	2e-05	0.0002226923076923077	-0.0002026923076923077	0.0	0.0	0.7372110773613776	0.8414068159271376
Enterobacterales_vs_other	Escherichia albertii	2	0.00019999999999999998	0.0	0.00019999999999999998	0.000185	0.0	0.11268690036881446	0.8414068159271376
Staphylococcus_vs_other	Streptococcus sp. Marseille-Q3533	5	0.00034250000000000003	0.00014384615384615385	0.00019865384615384618	9.5e-05	0.0	0.22239749878529658	0.8414068159271376
Acinetobacter_vs_other	Streptococcus sp. oral taxon 061	4	0.0	0.0001976923076923077	-0.0001976923076923077	0.0	0.0	0.6254994799810465	0.8414068159271376
Enterobacterales_vs_other	Streptococcus sp. oral taxon 061	4	0.0	0.0001976923076923077	-0.0001976923076923077	0.0	0.0	0.6254994799810465	0.8414068159271376
Haemophilus_vs_other	Streptococcus sp. oral taxon 061	4	0.0	0.0001976923076923077	-0.0001976923076923077	0.0	0.0	0.6254994799810465	0.8414068159271376
Mycobacteria_vs_other	Streptococcus sp. oral taxon 061	4	0.0	0.0001976923076923077	-0.0001976923076923077	0.0	0.0	0.6254994799810465	0.8414068159271376
Acinetobacter_vs_other	Streptococcus sp. Marseille-Q3533	5	0.0	0.00019653846153846154	-0.00019653846153846154	0.0	0.0	0.541802935032798	0.8414068159271376
Enterobacterales_vs_other	Streptococcus sp. Marseille-Q3533	5	0.0	0.00019653846153846154	-0.00019653846153846154	0.0	0.0	0.541802935032798	0.8414068159271376
Haemophilus_vs_other	Streptococcus sp. Marseille-Q3533	5	0.0	0.00019653846153846154	-0.00019653846153846154	0.0	0.0	0.541802935032798	0.8414068159271376
Mycobacteria_vs_other	Streptococcus sp. Marseille-Q3533	5	0.0	0.00019653846153846154	-0.00019653846153846154	0.0	0.0	0.541802935032798	0.8414068159271376
Staphylococcus_vs_other	Gemella sanguinis	5	0.0008575	0.0006630769230769231	0.00019442307692307684	0.000655	0.0	0.24638736002924655	0.8414068159271376
Pseudomonas_vs_other	Streptococcus anginosus	3	2.75e-05	0.00021692307692307693	-0.00018942307692307694	0.0	0.0	0.6254994799810465	0.8414068159271376
Acinetobacter_vs_other	Streptococcus sanguinis	5	0.0	0.00018884615384615386	-0.00018884615384615386	0.0	0.0	0.541802935032798	0.8414068159271376
Haemophilus_vs_other	Streptococcus sanguinis	5	0.0	0.00018884615384615386	-0.00018884615384615386	0.0	0.0	0.541802935032798	0.8414068159271376
Mycobacteria_vs_other	Streptococcus sanguinis	5	0.0	0.00018884615384615386	-0.00018884615384615386	0.0	0.0	0.541802935032798	0.8414068159271376
Pseudomonas_vs_other	Veillonella dispar	5	0.00034500000000000004	0.00015653846153846154	0.0001884615384615385	0.00021	0.0	0.2721346393759747	0.8414068159271376
Streptococcus_vs_other	Porphyromonas endodontalis	3	0.0002525	0.0004342307692307692	-0.0001817307692307692	0.0	0.0	0.5829505577618919	0.8414068159271376
Staphylococcus_vs_other	Camelina sativa	2	0.0001825	1.5384615384615385e-06	0.00018096153846153845	0.0	0.0	0.48292727458071427	0.8414068159271376
Staphylococcus_vs_other	Veillonella nakazawae	4	4e-05	0.00021961538461538462	-0.00017961538461538462	0.0	0.0	0.6916935994652547	0.8414068159271376
Acinetobacter_vs_other	Leptotrichia wadei	4	0.0	0.00017923076923076923	-0.00017923076923076923	0.0	0.0	0.6254994799810465	0.8414068159271376
Enterobacterales_vs_other	Leptotrichia wadei	4	0.0	0.00017923076923076923	-0.00017923076923076923	0.0	0.0	0.6254994799810465	0.8414068159271376
Haemophilus_vs_other	Leptotrichia wadei	4	0.0	0.00017923076923076923	-0.00017923076923076923	0.0	0.0	0.6254994799810465	0.8414068159271376
Mycobacteria_vs_other	Leptotrichia wadei	4	0.0	0.00017923076923076923	-0.00017923076923076923	0.0	0.0	0.6254994799810465	0.8414068159271376
Staphylococcus_vs_other	Streptococcus sp. Marseille-Q6470	4	0.00028000000000000003	0.00010230769230769229	0.00017769230769230774	0.00016	0.0	0.17953260630452128	0.8414068159271376
Acinetobacter_vs_other	Capnocytophaga leadbetteri	4	0.0	0.0001773076923076923	-0.0001773076923076923	0.0	0.0	0.6254994799810465	0.8414068159271376
Enterobacterales_vs_other	Capnocytophaga leadbetteri	4	0.0	0.0001773076923076923	-0.0001773076923076923	0.0	0.0	0.6254994799810465	0.8414068159271376
Haemophilus_vs_other	Capnocytophaga leadbetteri	4	0.0	0.0001773076923076923	-0.0001773076923076923	0.0	0.0	0.6254994799810465	0.8414068159271376
Mycobacteria_vs_other	Capnocytophaga leadbetteri	4	0.0	0.0001773076923076923	-0.0001773076923076923	0.0	0.0	0.6254994799810465	0.8414068159271376
Staphylococcus_vs_other	Gemella morbillorum	4	0.000175	0.00035153846153846156	-0.00017653846153846157	0.0	0.0	0.6916935994652547	0.8414068159271376
Acinetobacter_vs_other	Cutibacterium acnes	4	0.000145	0.0003176923076923077	-0.00017269230769230767	0.0	0.0	0.6472638029699183	0.8414068159271376
Enterobacterales_vs_other	Neisseria gonorrhoeae	2	0.0001675	2.3076923076923077e-06	0.0001651923076923077	0.0	0.0	0.48292727458071427	0.8414068159271376
Acinetobacter_vs_other	Rothia aeria	4	0.0	0.00016384615384615385	-0.00016384615384615385	0.0	0.0	0.6254994799810465	0.8414068159271376
Enterobacterales_vs_other	Rothia aeria	4	0.0	0.00016384615384615385	-0.00016384615384615385	0.0	0.0	0.6254994799810465	0.8414068159271376
Haemophilus_vs_other	Rothia aeria	4	0.0	0.00016384615384615385	-0.00016384615384615385	0.0	0.0	0.6254994799810465	0.8414068159271376
Pseudomonas_vs_other	Leptotrichia wadei	4	1.5e-05	0.00017692307692307693	-0.00016192307692307692	0.0	0.0	0.7372110773613776	0.8414068159271376
Streptococcus_vs_other	Neisseria meningitidis	4	0.0003825	0.0002246153846153846	0.00015788461538461537	0.0	0.0	0.6472638029699183	0.8414068159271376
Pseudomonas_vs_other	Rothia aeria	4	7.5e-06	0.0001626923076923077	-0.0001551923076923077	0.0	0.0	0.7372110773613776	0.8414068159271376
Enterobacterales_vs_other	Fusobacterium periodonticum	3	0.0001925	4.076923076923077e-05	0.00015173076923076924	0.0	0.0	0.5829505577618919	0.8414068159271376
Acinetobacter_vs_other	Streptococcus sp. A12	3	0.0	0.00014692307692307693	-0.00014692307692307693	0.0	0.0	0.7143252846662898	0.8414068159271376
Enterobacterales_vs_other	Streptococcus sp. A12	3	0.0	0.00014692307692307693	-0.00014692307692307693	0.0	0.0	0.7143252846662898	0.8414068159271376
Haemophilus_vs_other	Streptococcus sp. A12	3	0.0	0.00014692307692307693	-0.00014692307692307693	0.0	0.0	0.7143252846662898	0.8414068159271376
Mycobacteria_vs_other	Streptococcus sp. A12	3	0.0	0.00014692307692307693	-0.00014692307692307693	0.0	0.0	0.7143252846662898	0.8414068159271376
Pseudomonas_vs_other	Streptococcus sp. A12	3	0.0	0.00014692307692307693	-0.00014692307692307693	0.0	0.0	0.7143252846662898	0.8414068159271376
Acinetobacter_vs_other	Streptococcus sp. Marseille-Q6470	4	0.0	0.0001453846153846154	-0.0001453846153846154	0.0	0.0	0.6254994799810465	0.8414068159271376
Enterobacterales_vs_other	Streptococcus sp. Marseille-Q6470	4	0.0	0.0001453846153846154	-0.0001453846153846154	0.0	0.0	0.6254994799810465	0.8414068159271376
Haemophilus_vs_other	Streptococcus sp. Marseille-Q6470	4	0.0	0.0001453846153846154	-0.0001453846153846154	0.0	0.0	0.6254994799810465	0.8414068159271376
Mycobacteria_vs_other	Streptococcus sp. Marseille-Q6470	4	0.0	0.0001453846153846154	-0.0001453846153846154	0.0	0.0	0.6254994799810465	0.8414068159271376
Acinetobacter_vs_other	Mogibacterium diversum	4	0.0	0.00014346153846153846	-0.00014346153846153846	0.0	0.0	0.6254994799810465	0.8414068159271376
Enterobacterales_vs_other	Mogibacterium diversum	4	0.0	0.00014346153846153846	-0.00014346153846153846	0.0	0.0	0.6254994799810465	0.8414068159271376
Haemophilus_vs_other	Mogibacterium diversum	4	0.0	0.00014346153846153846	-0.00014346153846153846	0.0	0.0	0.6254994799810465	0.8414068159271376
Mycobacteria_vs_other	Mogibacterium diversum	4	0.0	0.00014346153846153846	-0.00014346153846153846	0.0	0.0	0.6254994799810465	0.8414068159271376
Pseudomonas_vs_other	Streptococcus sp. oral taxon 061	4	4.75e-05	0.0001903846153846154	-0.0001428846153846154	0.0	0.0	0.7372110773613776	0.8414068159271376
Acinetobacter_vs_other	Schaalia odontolytica	4	0.0	0.00014192307692307692	-0.00014192307692307692	0.0	0.0	0.6254994799810465	0.8414068159271376
Enterobacterales_vs_other	Schaalia odontolytica	4	0.0	0.00014192307692307692	-0.00014192307692307692	0.0	0.0	0.6254994799810465	0.8414068159271376
Haemophilus_vs_other	Schaalia odontolytica	4	0.0	0.00014192307692307692	-0.00014192307692307692	0.0	0.0	0.6254994799810465	0.8414068159271376
Mycobacteria_vs_other	Schaalia odontolytica	4	0.0	0.00014192307692307692	-0.00014192307692307692	0.0	0.0	0.6254994799810465	0.8414068159271376
Pseudomonas_vs_other	Prevotella histicola	5	0.00053	0.0003919230769230769	0.00013807692307692306	0.0	0.0	0.7603323075218762	0.8414068159271376
Acinetobacter_vs_other	Capnocytophaga gingivalis	5	0.0	0.0001373076923076923	-0.0001373076923076923	0.0	0.0	0.541802935032798	0.8414068159271376
Haemophilus_vs_other	Capnocytophaga gingivalis	5	0.0	0.0001373076923076923	-0.0001373076923076923	0.0	0.0	0.541802935032798	0.8414068159271376
Mycobacteria_vs_other	Capnocytophaga gingivalis	5	0.0	0.0001373076923076923	-0.0001373076923076923	0.0	0.0	0.541802935032798	0.8414068159271376
Staphylococcus_vs_other	Tannerella forsythia	4	0.00054	0.00040307692307692305	0.00013692307692307696	0.0	0.0	0.6472638029699183	0.8414068159271376
Staphylococcus_vs_other	Granulicatella adiacens	5	0.0001525	0.00028884615384615385	-0.00013634615384615386	2.5e-05	0.0	0.24638736002924655	0.8414068159271376
Acinetobacter_vs_other	Capnocytophaga sputigena	4	0.0	0.00013615384615384615	-0.00013615384615384615	0.0	0.0	0.6254994799810465	0.8414068159271376
Haemophilus_vs_other	Capnocytophaga sputigena	4	0.0	0.00013615384615384615	-0.00013615384615384615	0.0	0.0	0.6254994799810465	0.8414068159271376
Mycobacteria_vs_other	Capnocytophaga sputigena	4	0.0	0.00013615384615384615	-0.00013615384615384615	0.0	0.0	0.6254994799810465	0.8414068159271376
Staphylococcus_vs_other	Capnocytophaga sputigena	4	0.0	0.00013615384615384615	-0.00013615384615384615	0.0	0.0	0.6254994799810465	0.8414068159271376
Acinetobacter_vs_other	Veillonella sp. S12025-13	3	0.0	0.00013576923076923079	-0.00013576923076923079	0.0	0.0	0.7143252846662898	0.8414068159271376
Enterobacterales_vs_other	Veillonella sp. S12025-13	3	0.0	0.00013576923076923079	-0.00013576923076923079	0.0	0.0	0.7143252846662898	0.8414068159271376
Haemophilus_vs_other	Veillonella sp. S12025-13	3	0.0	0.00013576923076923079	-0.00013576923076923079	0.0	0.0	0.7143252846662898	0.8414068159271376
Mycobacteria_vs_other	Veillonella sp. S12025-13	3	0.0	0.00013576923076923079	-0.00013576923076923079	0.0	0.0	0.7143252846662898	0.8414068159271376
Streptococcus_vs_other	Leptotrichia sp. oral taxon 212	2	0.0001475	1.1923076923076923e-05	0.00013557692307692308	0.0	0.0	0.48292727458071427	0.8414068159271376
Acinetobacter_vs_other	Escherichia fergusonii	2	0.0	0.00013192307692307692	-0.00013192307692307692	0.0	0.0	0.8072032868244086	0.8414068159271376
Haemophilus_vs_other	Escherichia fergusonii	2	0.0	0.00013192307692307692	-0.00013192307692307692	0.0	0.0	0.8072032868244086	0.8414068159271376
Mycobacteria_vs_other	Escherichia fergusonii	2	0.0	0.00013192307692307692	-0.00013192307692307692	0.0	0.0	0.8072032868244086	0.8414068159271376
Pseudomonas_vs_other	Escherichia fergusonii	2	0.0	0.00013192307692307692	-0.00013192307692307692	0.0	0.0	0.8072032868244086	0.8414068159271376
Staphylococcus_vs_other	Escherichia fergusonii	2	0.0	0.00013192307692307692	-0.00013192307692307692	0.0	0.0	0.8072032868244086	0.8414068159271376
Streptococcus_vs_other	Escherichia fergusonii	2	0.0	0.00013192307692307692	-0.00013192307692307692	0.0	0.0	0.8072032868244086	0.8414068159271376
Acinetobacter_vs_other	Candidatus Nanosynbacter sp. HMT-352	4	0.0	0.00013115384615384614	-0.00013115384615384614	0.0	0.0	0.6254994799810465	0.8414068159271376
Enterobacterales_vs_other	Candidatus Nanosynbacter sp. HMT-352	4	0.0	0.00013115384615384614	-0.00013115384615384614	0.0	0.0	0.6254994799810465	0.8414068159271376
Haemophilus_vs_other	Candidatus Nanosynbacter sp. HMT-352	4	0.0	0.00013115384615384614	-0.00013115384615384614	0.0	0.0	0.6254994799810465	0.8414068159271376
Mycobacteria_vs_other	Candidatus Nanosynbacter sp. HMT-352	4	0.0	0.00013115384615384614	-0.00013115384615384614	0.0	0.0	0.6254994799810465	0.8414068159271376
Acinetobacter_vs_other	Campylobacter showae	2	0.0	0.00012923076923076923	-0.00012923076923076923	0.0	0.0	0.8072032868244086	0.8414068159271376
Haemophilus_vs_other	Campylobacter showae	2	0.0	0.00012923076923076923	-0.00012923076923076923	0.0	0.0	0.8072032868244086	0.8414068159271376
Mycobacteria_vs_other	Campylobacter showae	2	0.0	0.00012923076923076923	-0.00012923076923076923	0.0	0.0	0.8072032868244086	0.8414068159271376
Pseudomonas_vs_other	Campylobacter showae	2	0.0	0.00012923076923076923	-0.00012923076923076923	0.0	0.0	0.8072032868244086	0.8414068159271376
Staphylococcus_vs_other	Campylobacter showae	2	0.0	0.00012923076923076923	-0.00012923076923076923	0.0	0.0	0.8072032868244086	0.8414068159271376
Enterobacterales_vs_other	Neisseria cinerea	2	0.0001325	3.4615384615384617e-06	0.00012903846153846152	0.0	0.0	0.48292727458071427	0.8414068159271376
Pseudomonas_vs_other	Neisseria meningitidis	4	0.000135	0.0002626923076923077	-0.0001276923076923077	0.0	0.0	0.6916935994652547	0.8414068159271376
Staphylococcus_vs_other	Streptococcus sp. A12	3	1.75e-05	0.00014423076923076922	-0.00012673076923076923	0.0	0.0	0.6254994799810465	0.8414068159271376
Staphylococcus_vs_other	Leptotrichia wadei	4	0.000265	0.00013846153846153847	0.00012653846153846152	0.00018	0.0	0.17953260630452128	0.8414068159271376
Streptococcus_vs_other	Veillonella dispar	5	0.00029	0.00016500000000000003	0.00012499999999999998	0.0	0.0	0.7143252846662898	0.8414068159271376
Acinetobacter_vs_other	Treponema denticola	2	0.0	0.0001226923076923077	-0.0001226923076923077	0.0	0.0	0.8072032868244086	0.8414068159271376
Enterobacterales_vs_other	Treponema denticola	2	0.0	0.0001226923076923077	-0.0001226923076923077	0.0	0.0	0.8072032868244086	0.8414068159271376
Haemophilus_vs_other	Treponema denticola	2	0.0	0.0001226923076923077	-0.0001226923076923077	0.0	0.0	0.8072032868244086	0.8414068159271376
Mycobacteria_vs_other	Treponema denticola	2	0.0	0.0001226923076923077	-0.0001226923076923077	0.0	0.0	0.8072032868244086	0.8414068159271376
Streptococcus_vs_other	Treponema denticola	2	0.0	0.0001226923076923077	-0.0001226923076923077	0.0	0.0	0.8072032868244086	0.8414068159271376
Pseudomonas_vs_other	Streptococcus sp. Marseille-Q6470	4	2.25e-05	0.00014192307692307692	-0.00011942307692307692	0.0	0.0	0.7372110773613776	0.8414068159271376
Acinetobacter_vs_other	Neisseria lactamica	3	0.0	0.00011884615384615384	-0.00011884615384615384	0.0	0.0	0.7143252846662898	0.8414068159271376
Haemophilus_vs_other	Neisseria lactamica	3	0.0	0.00011884615384615384	-0.00011884615384615384	0.0	0.0	0.7143252846662898	0.8414068159271376
Mycobacteria_vs_other	Neisseria lactamica	3	0.0	0.00011884615384615384	-0.00011884615384615384	0.0	0.0	0.7143252846662898	0.8414068159271376
Staphylococcus_vs_other	Neisseria lactamica	3	0.0	0.00011884615384615384	-0.00011884615384615384	0.0	0.0	0.7143252846662898	0.8414068159271376
Streptococcus_vs_other	Streptococcus infantis	4	0.00042	0.0003011538461538462	0.00011884615384615384	0.0	0.0	0.6472638029699183	0.8414068159271376
Streptococcus_vs_other	Campylobacter showae	2	0.0002125	9.653846153846155e-05	0.00011596153846153844	0.0	0.0	0.5217869408209155	0.8414068159271376
Streptococcus_vs_other	Actinomyces sp. oral taxon 414	2	0.000115	1.923076923076923e-06	0.00011307692307692308	0.0	0.0	0.48292727458071427	0.8414068159271376
Pseudomonas_vs_other	Veillonella sp. S12025-13	3	2e-05	0.00013269230769230768	-0.00011269230769230768	0.0	0.0	0.6254994799810465	0.8414068159271376
Acinetobacter_vs_other	Streptococcus gordonii	4	0.0	0.0001103846153846154	-0.0001103846153846154	0.0	0.0	0.6254994799810465	0.8414068159271376
Enterobacterales_vs_other	Streptococcus gordonii	4	0.0	0.0001103846153846154	-0.0001103846153846154	0.0	0.0	0.6254994799810465	0.8414068159271376
Haemophilus_vs_other	Streptococcus gordonii	4	0.0	0.0001103846153846154	-0.0001103846153846154	0.0	0.0	0.6254994799810465	0.8414068159271376
Mycobacteria_vs_other	Streptococcus gordonii	4	0.0	0.0001103846153846154	-0.0001103846153846154	0.0	0.0	0.6254994799810465	0.8414068159271376
Pseudomonas_vs_other	Capnocytophaga sputigena	4	2.5e-05	0.0001323076923076923	-0.00010730769230769231	0.0	0.0	0.7372110773613776	0.8414068159271376
Acinetobacter_vs_other	Neisseria elongata	3	0.0	0.00010615384615384615	-0.00010615384615384615	0.0	0.0	0.7143252846662898	0.8414068159271376
Haemophilus_vs_other	Neisseria elongata	3	0.0	0.00010615384615384615	-0.00010615384615384615	0.0	0.0	0.7143252846662898	0.8414068159271376
Mycobacteria_vs_other	Neisseria elongata	3	0.0	0.00010615384615384615	-0.00010615384615384615	0.0	0.0	0.7143252846662898	0.8414068159271376
Staphylococcus_vs_other	Neisseria elongata	3	0.0	0.00010615384615384615	-0.00010615384615384615	0.0	0.0	0.7143252846662898	0.8414068159271376
Streptococcus_vs_other	Porphyromonas sp. oral taxon 275	3	0.000115	8.846153846153847e-06	0.00010615384615384615	0.0	0.0	0.541802935032798	0.8414068159271376
Acinetobacter_vs_other	Tannerella serpentiformis	2	0.0	0.000105	-0.000105	0.0	0.0	0.8072032868244086	0.8414068159271376
Enterobacterales_vs_other	Tannerella serpentiformis	2	0.0	0.000105	-0.000105	0.0	0.0	0.8072032868244086	0.8414068159271376
Haemophilus_vs_other	Tannerella serpentiformis	2	0.0	0.000105	-0.000105	0.0	0.0	0.8072032868244086	0.8414068159271376
Mycobacteria_vs_other	Tannerella serpentiformis	2	0.0	0.000105	-0.000105	0.0	0.0	0.8072032868244086	0.8414068159271376
Staphylococcus_vs_other	Tannerella serpentiformis	2	0.0	0.000105	-0.000105	0.0	0.0	0.8072032868244086	0.8414068159271376
Staphylococcus_vs_other	Capnocytophaga leadbetteri	4	0.0002425	0.00014	0.00010250000000000002	3e-05	0.0	0.20012811767860228	0.8414068159271376
Acinetobacter_vs_other	Filifactor alocis	2	0.0	0.00010115384615384615	-0.00010115384615384615	0.0	0.0	0.8072032868244086	0.8414068159271376
Enterobacterales_vs_other	Filifactor alocis	2	0.0	0.00010115384615384615	-0.00010115384615384615	0.0	0.0	0.8072032868244086	0.8414068159271376
Haemophilus_vs_other	Filifactor alocis	2	0.0	0.00010115384615384615	-0.00010115384615384615	0.0	0.0	0.8072032868244086	0.8414068159271376
Mycobacteria_vs_other	Filifactor alocis	2	0.0	0.00010115384615384615	-0.00010115384615384615	0.0	0.0	0.8072032868244086	0.8414068159271376
Streptococcus_vs_other	Filifactor alocis	2	0.0	0.00010115384615384615	-0.00010115384615384615	0.0	0.0	0.8072032868244086	0.8414068159271376
Streptococcus_vs_other	Neisseria sp. oral taxon 014	2	0.0001025	2.692307692307692e-06	9.980769230769231e-05	0.0	0.0	0.48292727458071427	0.8414068159271376
Acinetobacter_vs_other	Veillonella rogosae	4	0.0	9.961538461538461e-05	-9.961538461538461e-05	0.0	0.0	0.6254994799810465	0.8414068159271376
Enterobacterales_vs_other	Veillonella rogosae	4	0.0	9.961538461538461e-05	-9.961538461538461e-05	0.0	0.0	0.6254994799810465	0.8414068159271376
Haemophilus_vs_other	Veillonella rogosae	4	0.0	9.961538461538461e-05	-9.961538461538461e-05	0.0	0.0	0.6254994799810465	0.8414068159271376
Mycobacteria_vs_other	Veillonella rogosae	4	0.0	9.961538461538461e-05	-9.961538461538461e-05	0.0	0.0	0.6254994799810465	0.8414068159271376
Streptococcus_vs_other	Streptococcus cristatus	2	0.000105	6.538461538461539e-06	9.846153846153846e-05	0.0	0.0	0.48292727458071427	0.8414068159271376
Enterobacterales_vs_other	Neisseria bacilliformis	2	0.0001	1.923076923076923e-06	9.807692307692309e-05	0.0	0.0	0.48292727458071427	0.8414068159271376
Pseudomonas_vs_other	Mogibacterium diversum	4	4e-05	0.00013730769230769233	-9.730769230769233e-05	0.0	0.0	0.6916935994652547	0.8414068159271376
Streptococcus_vs_other	Dialister pneumosintes	2	9.75e-05	1.1538461538461538e-06	9.634615384615385e-05	0.0	0.0	0.48292727458071427	0.8414068159271376
Pseudomonas_vs_other	Neisseria lactamica	3	2e-05	0.00011576923076923076	-9.576923076923076e-05	0.0	0.0	0.6254994799810465	0.8414068159271376
Pseudomonas_vs_other	Filifactor alocis	2	5e-06	0.00010038461538461538	-9.538461538461538e-05	0.0	0.0	0.5217869408209155	0.8414068159271376
Staphylococcus_vs_other	Neisseria mucosa	5	0.00125	0.001345	-9.500000000000003e-05	0.00102	0.0	0.24638736002924655	0.8414068159271376
Pseudomonas_vs_other	Tannerella serpentiformis	2	1e-05	0.00010346153846153846	-9.346153846153846e-05	0.0	0.0	0.5217869408209155	0.8414068159271376
Acinetobacter_vs_other	Campylobacter rectus	2	0.0	9.115384615384615e-05	-9.115384615384615e-05	0.0	0.0	0.8072032868244086	0.8414068159271376
Haemophilus_vs_other	Campylobacter rectus	2	0.0	9.115384615384615e-05	-9.115384615384615e-05	0.0	0.0	0.8072032868244086	0.8414068159271376
Mycobacteria_vs_other	Campylobacter rectus	2	0.0	9.115384615384615e-05	-9.115384615384615e-05	0.0	0.0	0.8072032868244086	0.8414068159271376
Pseudomonas_vs_other	Campylobacter rectus	2	0.0	9.115384615384615e-05	-9.115384615384615e-05	0.0	0.0	0.8072032868244086	0.8414068159271376
Staphylococcus_vs_other	Campylobacter rectus	2	0.0	9.115384615384615e-05	-9.115384615384615e-05	0.0	0.0	0.8072032868244086	0.8414068159271376
Streptococcus_vs_other	Leptotrichia sp. oral taxon 221	2	9.25e-05	1.5384615384615385e-06	9.096153846153846e-05	0.0	0.0	0.48292727458071427	0.8414068159271376
Mycobacteria_vs_other	Prevotella oris	4	0.000525	0.000615	-9.000000000000002e-05	0.0	0.0	0.6916935994652547	0.8414068159271376
Staphylococcus_vs_other	Veillonella sp. S12025-13	3	4e-05	0.00012961538461538462	-8.961538461538463e-05	0.0	0.0	0.5829505577618919	0.8414068159271376
Pseudomonas_vs_other	Haemophilus haemolyticus	3	0.0001075	0.0001969230769230769	-8.94230769230769e-05	0.0	0.0	0.6254994799810465	0.8414068159271376
Staphylococcus_vs_other	Rothia aeria	4	0.0002175	0.00013038461538461538	8.711538461538462e-05	0.0	0.0	0.6472638029699183	0.8414068159271376
Pseudomonas_vs_other	Veillonella rogosae	4	1.25e-05	9.76923076923077e-05	-8.519230769230769e-05	0.0	0.0	0.7372110773613776	0.8414068159271376
Enterobacterales_vs_other	Neisseria elongata	3	0.0001625	8.115384615384616e-05	8.134615384615384e-05	0.0	0.0	0.5829505577618919	0.8414068159271376
Pseudomonas_vs_other	Streptococcus gordonii	4	2.75e-05	0.00010615384615384615	-7.865384615384615e-05	0.0	0.0	0.7372110773613776	0.8414068159271376
Pseudomonas_vs_other	Schaalia odontolytica	4	5.75e-05	0.00013307692307692307	-7.557692307692307e-05	0.0	0.0	0.6916935994652547	0.8414068159271376
Pseudomonas_vs_other	Neisseria elongata	3	2.75e-05	0.00010192307692307692	-7.442307692307692e-05	0.0	0.0	0.6254994799810465	0.8414068159271376
Acinetobacter_vs_other	Streptococcus sp. 1643	2	0.0	7.076923076923076e-05	-7.076923076923076e-05	0.0	0.0	0.8072032868244086	0.8414068159271376
Enterobacterales_vs_other	Streptococcus sp. 1643	2	0.0	7.076923076923076e-05	-7.076923076923076e-05	0.0	0.0	0.8072032868244086	0.8414068159271376
Haemophilus_vs_other	Streptococcus sp. 1643	2	0.0	7.076923076923076e-05	-7.076923076923076e-05	0.0	0.0	0.8072032868244086	0.8414068159271376
Mycobacteria_vs_other	Streptococcus sp. 1643	2	0.0	7.076923076923076e-05	-7.076923076923076e-05	0.0	0.0	0.8072032868244086	0.8414068159271376
Pseudomonas_vs_other	Streptococcus sp. 1643	2	0.0	7.076923076923076e-05	-7.076923076923076e-05	0.0	0.0	0.8072032868244086	0.8414068159271376
Pseudomonas_vs_other	Candidatus Nanosynbacter sp. HMT-352	4	5.25e-05	0.00012307692307692307	-7.057692307692307e-05	0.0	0.0	0.6916935994652547	0.8414068159271376
Acinetobacter_vs_other	Fusobacterium periodonticum	3	0.0	7.038461538461539e-05	-7.038461538461539e-05	0.0	0.0	0.7143252846662898	0.8414068159271376
Haemophilus_vs_other	Fusobacterium periodonticum	3	0.0	7.038461538461539e-05	-7.038461538461539e-05	0.0	0.0	0.7143252846662898	0.8414068159271376
Mycobacteria_vs_other	Fusobacterium periodonticum	3	0.0	7.038461538461539e-05	-7.038461538461539e-05	0.0	0.0	0.7143252846662898	0.8414068159271376
Pseudomonas_vs_other	Fusobacterium periodonticum	3	0.0	7.038461538461539e-05	-7.038461538461539e-05	0.0	0.0	0.7143252846662898	0.8414068159271376
Streptococcus_vs_other	Rothia aeria	4	0.0002025	0.0001326923076923077	6.980769230769228e-05	0.0	0.0	0.6916935994652547	0.8414068159271376
Pseudomonas_vs_other	Capnocytophaga leadbetteri	4	9.5e-05	0.0001626923076923077	-6.76923076923077e-05	0.0	0.0	0.6916935994652547	0.8414068159271376
Enterobacterales_vs_other	Campylobacter rectus	2	0.0001375	7e-05	6.750000000000001e-05	0.0	0.0	0.5217869408209155	0.8414068159271376
Staphylococcus_vs_other	Capnocytophaga sp. FDAARGOS_737	5	0.00032500000000000004	0.00039230769230769234	-6.73076923076923e-05	6e-05	0.0	0.2721346393759747	0.8414068159271376
Streptococcus_vs_other	Veillonella rogosae	4	0.0001425	7.76923076923077e-05	6.48076923076923e-05	0.0	0.0	0.6472638029699183	0.8414068159271376
Enterobacterales_vs_other	Streptococcus sanguinis	5	0.00011	0.00017192307692307692	-6.192307692307691e-05	0.0	0.0	0.8072032868244086	0.8414068159271376
Acinetobacter_vs_other	Prevotella scopos	3	0.0	5.884615384615385e-05	-5.884615384615385e-05	0.0	0.0	0.7143252846662898	0.8414068159271376
Enterobacterales_vs_other	Prevotella scopos	3	0.0	5.884615384615385e-05	-5.884615384615385e-05	0.0	0.0	0.7143252846662898	0.8414068159271376
Haemophilus_vs_other	Prevotella scopos	3	0.0	5.884615384615385e-05	-5.884615384615385e-05	0.0	0.0	0.7143252846662898	0.8414068159271376
Mycobacteria_vs_other	Prevotella scopos	3	0.0	5.884615384615385e-05	-5.884615384615385e-05	0.0	0.0	0.7143252846662898	0.8414068159271376
Streptococcus_vs_other	Capnocytophaga sp. oral taxon 878	2	6e-05	1.1538461538461538e-06	5.8846153846153846e-05	0.0	0.0	0.48292727458071427	0.8414068159271376
Enterobacterales_vs_other	Aggregatibacter aphrophilus	2	6e-05	1.923076923076923e-06	5.8076923076923076e-05	0.0	0.0	0.48292727458071427	0.8414068159271376
Acinetobacter_vs_other	Streptococcus lactarius	2	0.0	5.807692307692307e-05	-5.807692307692307e-05	0.0	0.0	0.8072032868244086	0.8414068159271376
Enterobacterales_vs_other	Streptococcus lactarius	2	0.0	5.807692307692307e-05	-5.807692307692307e-05	0.0	0.0	0.8072032868244086	0.8414068159271376
Haemophilus_vs_other	Streptococcus lactarius	2	0.0	5.807692307692307e-05	-5.807692307692307e-05	0.0	0.0	0.8072032868244086	0.8414068159271376
Mycobacteria_vs_other	Streptococcus lactarius	2	0.0	5.807692307692307e-05	-5.807692307692307e-05	0.0	0.0	0.8072032868244086	0.8414068159271376
Pseudomonas_vs_other	Streptococcus lactarius	2	0.0	5.807692307692307e-05	-5.807692307692307e-05	0.0	0.0	0.8072032868244086	0.8414068159271376
Staphylococcus_vs_other	Streptococcus lactarius	2	0.0	5.807692307692307e-05	-5.807692307692307e-05	0.0	0.0	0.8072032868244086	0.8414068159271376
Enterobacterales_vs_other	Leptotrichia sp. oral taxon 212	2	7.75e-05	2.2692307692307694e-05	5.4807692307692306e-05	0.0	0.0	0.5217869408209155	0.8414068159271376
Staphylococcus_vs_other	Gemella haemolysans	7	0.00026000000000000003	0.0003138461538461538	-5.384615384615378e-05	1.5e-05	0.0	0.3930360510185342	0.8414068159271376
Acinetobacter_vs_other	Prevotella multiformis	2	0.0	5.0384615384615394e-05	-5.0384615384615394e-05	0.0	0.0	0.8072032868244086	0.8414068159271376
Enterobacterales_vs_other	Prevotella multiformis	2	0.0	5.0384615384615394e-05	-5.0384615384615394e-05	0.0	0.0	0.8072032868244086	0.8414068159271376
Haemophilus_vs_other	Prevotella multiformis	2	0.0	5.0384615384615394e-05	-5.0384615384615394e-05	0.0	0.0	0.8072032868244086	0.8414068159271376
Mycobacteria_vs_other	Prevotella multiformis	2	0.0	5.0384615384615394e-05	-5.0384615384615394e-05	0.0	0.0	0.8072032868244086	0.8414068159271376
Staphylococcus_vs_other	Prevotella multiformis	2	0.0	5.0384615384615394e-05	-5.0384615384615394e-05	0.0	0.0	0.8072032868244086	0.8414068159271376
Pseudomonas_vs_other	Prevotella scopos	3	7.5e-06	5.769230769230769e-05	-5.019230769230769e-05	0.0	0.0	0.6254994799810465	0.8414068159271376
Acinetobacter_vs_other	Treponema vincentii	2	0.0	4.615384615384616e-05	-4.615384615384616e-05	0.0	0.0	0.8072032868244086	0.8414068159271376
Enterobacterales_vs_other	Treponema vincentii	2	0.0	4.615384615384616e-05	-4.615384615384616e-05	0.0	0.0	0.8072032868244086	0.8414068159271376
Haemophilus_vs_other	Treponema vincentii	2	0.0	4.615384615384616e-05	-4.615384615384616e-05	0.0	0.0	0.8072032868244086	0.8414068159271376
Mycobacteria_vs_other	Treponema vincentii	2	0.0	4.615384615384616e-05	-4.615384615384616e-05	0.0	0.0	0.8072032868244086	0.8414068159271376
Streptococcus_vs_other	Treponema vincentii	2	0.0	4.615384615384616e-05	-4.615384615384616e-05	0.0	0.0	0.8072032868244086	0.8414068159271376
Acinetobacter_vs_other	Fusobacterium hwasookii	2	0.0	4.538461538461539e-05	-4.538461538461539e-05	0.0	0.0	0.8072032868244086	0.8414068159271376
Haemophilus_vs_other	Fusobacterium hwasookii	2	0.0	4.538461538461539e-05	-4.538461538461539e-05	0.0	0.0	0.8072032868244086	0.8414068159271376
Mycobacteria_vs_other	Fusobacterium hwasookii	2	0.0	4.538461538461539e-05	-4.538461538461539e-05	0.0	0.0	0.8072032868244086	0.8414068159271376
Staphylococcus_vs_other	Fusobacterium hwasookii	2	0.0	4.538461538461539e-05	-4.538461538461539e-05	0.0	0.0	0.8072032868244086	0.8414068159271376
Streptococcus_vs_other	Fusobacterium hwasookii	2	0.0	4.538461538461539e-05	-4.538461538461539e-05	0.0	0.0	0.8072032868244086	0.8414068159271376
Staphylococcus_vs_other	Fusobacterium periodonticum	3	2.5e-05	6.653846153846153e-05	-4.153846153846154e-05	0.0	0.0	0.6254994799810465	0.8414068159271376
Pseudomonas_vs_other	Prevotella multiformis	2	1e-05	4.884615384615385e-05	-3.884615384615385e-05	0.0	0.0	0.5217869408209155	0.8414068159271376
Pseudomonas_vs_other	Treponema vincentii	2	7.25e-05	3.5e-05	3.7500000000000003e-05	0.0	0.0	0.5217869408209155	0.8414068159271376
Staphylococcus_vs_other	Prevotella scopos	3	2e-05	5.576923076923077e-05	-3.576923076923077e-05	0.0	0.0	0.5829505577618919	0.8414068159271376
Acinetobacter_vs_other	Leptotrichia sp. oral taxon 212	2	0.0	3.461538461538461e-05	-3.461538461538461e-05	0.0	0.0	0.8072032868244086	0.8414068159271376
Haemophilus_vs_other	Leptotrichia sp. oral taxon 212	2	0.0	3.461538461538461e-05	-3.461538461538461e-05	0.0	0.0	0.8072032868244086	0.8414068159271376
Mycobacteria_vs_other	Leptotrichia sp. oral taxon 212	2	0.0	3.461538461538461e-05	-3.461538461538461e-05	0.0	0.0	0.8072032868244086	0.8414068159271376
Pseudomonas_vs_other	Leptotrichia sp. oral taxon 212	2	0.0	3.461538461538461e-05	-3.461538461538461e-05	0.0	0.0	0.8072032868244086	0.8414068159271376
Staphylococcus_vs_other	Leptotrichia sp. oral taxon 212	2	0.0	3.461538461538461e-05	-3.461538461538461e-05	0.0	0.0	0.8072032868244086	0.8414068159271376
Mycobacteria_vs_other	Prevotella intermedia	5	0.0009375	0.0009030769230769231	3.4423076923076855e-05	0.0	0.0	0.7603323075218762	0.8414068159271376
Staphylococcus_vs_other	Streptococcus sp. 1643	2	3.25e-05	6.576923076923076e-05	-3.326923076923077e-05	0.0	0.0	0.5217869408209155	0.8414068159271376
Acinetobacter_vs_other	Streptococcus suis	2	0.0	3.192307692307692e-05	-3.192307692307692e-05	0.0	0.0	0.8072032868244086	0.8414068159271376
Enterobacterales_vs_other	Streptococcus suis	2	0.0	3.192307692307692e-05	-3.192307692307692e-05	0.0	0.0	0.8072032868244086	0.8414068159271376
Haemophilus_vs_other	Streptococcus suis	2	0.0	3.192307692307692e-05	-3.192307692307692e-05	0.0	0.0	0.8072032868244086	0.8414068159271376
Mycobacteria_vs_other	Streptococcus suis	2	0.0	3.192307692307692e-05	-3.192307692307692e-05	0.0	0.0	0.8072032868244086	0.8414068159271376
Pseudomonas_vs_other	Streptococcus suis	2	0.0	3.192307692307692e-05	-3.192307692307692e-05	0.0	0.0	0.8072032868244086	0.8414068159271376
Staphylococcus_vs_other	Streptococcus suis	2	0.0	3.192307692307692e-05	-3.192307692307692e-05	0.0	0.0	0.8072032868244086	0.8414068159271376
Acinetobacter_vs_other	Escherichia albertii	2	0.0	3.076923076923077e-05	-3.076923076923077e-05	0.0	0.0	0.8072032868244086	0.8414068159271376
Haemophilus_vs_other	Escherichia albertii	2	0.0	3.076923076923077e-05	-3.076923076923077e-05	0.0	0.0	0.8072032868244086	0.8414068159271376
Mycobacteria_vs_other	Escherichia albertii	2	0.0	3.076923076923077e-05	-3.076923076923077e-05	0.0	0.0	0.8072032868244086	0.8414068159271376
Pseudomonas_vs_other	Escherichia albertii	2	0.0	3.076923076923077e-05	-3.076923076923077e-05	0.0	0.0	0.8072032868244086	0.8414068159271376
Staphylococcus_vs_other	Escherichia albertii	2	0.0	3.076923076923077e-05	-3.076923076923077e-05	0.0	0.0	0.8072032868244086	0.8414068159271376
Streptococcus_vs_other	Escherichia albertii	2	0.0	3.076923076923077e-05	-3.076923076923077e-05	0.0	0.0	0.8072032868244086	0.8414068159271376
Enterobacterales_vs_other	Capnocytophaga gingivalis	5	0.000145	0.000115	2.9999999999999997e-05	0.0	0.0	0.7143252846662898	0.8414068159271376
Acinetobacter_vs_other	Camelina sativa	2	0.0	2.9615384615384612e-05	-2.9615384615384612e-05	0.0	0.0	0.8072032868244086	0.8414068159271376
Enterobacterales_vs_other	Camelina sativa	2	0.0	2.9615384615384612e-05	-2.9615384615384612e-05	0.0	0.0	0.8072032868244086	0.8414068159271376
Haemophilus_vs_other	Camelina sativa	2	0.0	2.9615384615384612e-05	-2.9615384615384612e-05	0.0	0.0	0.8072032868244086	0.8414068159271376
Mycobacteria_vs_other	Camelina sativa	2	0.0	2.9615384615384612e-05	-2.9615384615384612e-05	0.0	0.0	0.8072032868244086	0.8414068159271376
Streptococcus_vs_other	Camelina sativa	2	0.0	2.9615384615384612e-05	-2.9615384615384612e-05	0.0	0.0	0.8072032868244086	0.8414068159271376
Acinetobacter_vs_other	Neisseria gonorrhoeae	2	0.0	2.807692307692308e-05	-2.807692307692308e-05	0.0	0.0	0.8072032868244086	0.8414068159271376
Haemophilus_vs_other	Neisseria gonorrhoeae	2	0.0	2.807692307692308e-05	-2.807692307692308e-05	0.0	0.0	0.8072032868244086	0.8414068159271376
Mycobacteria_vs_other	Neisseria gonorrhoeae	2	0.0	2.807692307692308e-05	-2.807692307692308e-05	0.0	0.0	0.8072032868244086	0.8414068159271376
Staphylococcus_vs_other	Neisseria gonorrhoeae	2	0.0	2.807692307692308e-05	-2.807692307692308e-05	0.0	0.0	0.8072032868244086	0.8414068159271376
Streptococcus_vs_other	Neisseria gonorrhoeae	2	0.0	2.807692307692308e-05	-2.807692307692308e-05	0.0	0.0	0.8072032868244086	0.8414068159271376
Staphylococcus_vs_other	Streptococcus sanguinis	5	0.00014	0.0001673076923076923	-2.730769230769231e-05	0.0	0.0	0.7603323075218762	0.8414068159271376
Acinetobacter_vs_other	Porphyromonas sp. oral taxon 275	3	0.0	2.653846153846154e-05	-2.653846153846154e-05	0.0	0.0	0.7143252846662898	0.8414068159271376
Haemophilus_vs_other	Porphyromonas sp. oral taxon 275	3	0.0	2.653846153846154e-05	-2.653846153846154e-05	0.0	0.0	0.7143252846662898	0.8414068159271376
Mycobacteria_vs_other	Porphyromonas sp. oral taxon 275	3	0.0	2.653846153846154e-05	-2.653846153846154e-05	0.0	0.0	0.7143252846662898	0.8414068159271376
Pseudomonas_vs_other	Porphyromonas sp. oral taxon 275	3	0.0	2.653846153846154e-05	-2.653846153846154e-05	0.0	0.0	0.7143252846662898	0.8414068159271376
Pseudomonas_vs_other	Streptococcus cristatus	2	4.25e-05	1.6153846153846154e-05	2.634615384615385e-05	0.0	0.0	0.5217869408209155	0.8414068159271376
Enterobacterales_vs_other	Porphyromonas sp. oral taxon 275	3	4.5e-05	1.9615384615384617e-05	2.5384615384615386e-05	0.0	0.0	0.5829505577618919	0.8414068159271376
Pseudomonas_vs_other	Treponema denticola	2	0.0001275	0.00010307692307692309	2.4423076923076924e-05	0.0	0.0	0.5217869408209155	0.8414068159271376
Acinetobacter_vs_other	Neisseria cinerea	2	0.0	2.3846153846153846e-05	-2.3846153846153846e-05	0.0	0.0	0.8072032868244086	0.8414068159271376
Haemophilus_vs_other	Neisseria cinerea	2	0.0	2.3846153846153846e-05	-2.3846153846153846e-05	0.0	0.0	0.8072032868244086	0.8414068159271376
Mycobacteria_vs_other	Neisseria cinerea	2	0.0	2.3846153846153846e-05	-2.3846153846153846e-05	0.0	0.0	0.8072032868244086	0.8414068159271376
Staphylococcus_vs_other	Neisseria cinerea	2	0.0	2.3846153846153846e-05	-2.3846153846153846e-05	0.0	0.0	0.8072032868244086	0.8414068159271376
Streptococcus_vs_other	Neisseria cinerea	2	0.0	2.3846153846153846e-05	-2.3846153846153846e-05	0.0	0.0	0.8072032868244086	0.8414068159271376
Staphylococcus_vs_other	Streptococcus australis	4	0.0003825	0.00035961538461538466	2.2884615384615315e-05	0.0	0.0	0.6916935994652547	0.8414068159271376
Acinetobacter_vs_other	Streptococcus cristatus	2	0.0	2.2692307692307694e-05	-2.2692307692307694e-05	0.0	0.0	0.8072032868244086	0.8414068159271376
Enterobacterales_vs_other	Streptococcus cristatus	2	0.0	2.2692307692307694e-05	-2.2692307692307694e-05	0.0	0.0	0.8072032868244086	0.8414068159271376
Haemophilus_vs_other	Streptococcus cristatus	2	0.0	2.2692307692307694e-05	-2.2692307692307694e-05	0.0	0.0	0.8072032868244086	0.8414068159271376
Mycobacteria_vs_other	Streptococcus cristatus	2	0.0	2.2692307692307694e-05	-2.2692307692307694e-05	0.0	0.0	0.8072032868244086	0.8414068159271376
Staphylococcus_vs_other	Streptococcus cristatus	2	0.0	2.2692307692307694e-05	-2.2692307692307694e-05	0.0	0.0	0.8072032868244086	0.8414068159271376
Acinetobacter_vs_other	Actinomyces sp. oral taxon 414	2	0.0	1.9615384615384617e-05	-1.9615384615384617e-05	0.0	0.0	0.8072032868244086	0.8414068159271376
Enterobacterales_vs_other	Actinomyces sp. oral taxon 414	2	0.0	1.9615384615384617e-05	-1.9615384615384617e-05	0.0	0.0	0.8072032868244086	0.8414068159271376
Haemophilus_vs_other	Actinomyces sp. oral taxon 414	2	0.0	1.9615384615384617e-05	-1.9615384615384617e-05	0.0	0.0	0.8072032868244086	0.8414068159271376
Mycobacteria_vs_other	Actinomyces sp. oral taxon 414	2	0.0	1.9615384615384617e-05	-1.9615384615384617e-05	0.0	0.0	0.8072032868244086	0.8414068159271376
Staphylococcus_vs_other	Actinomyces sp. oral taxon 414	2	0.0	1.9615384615384617e-05	-1.9615384615384617e-05	0.0	0.0	0.8072032868244086	0.8414068159271376
Acinetobacter_vs_other	Neisseria sp. oral taxon 014	2	0.0	1.846153846153846e-05	-1.846153846153846e-05	0.0	0.0	0.8072032868244086	0.8414068159271376
Haemophilus_vs_other	Neisseria sp. oral taxon 014	2	0.0	1.846153846153846e-05	-1.846153846153846e-05	0.0	0.0	0.8072032868244086	0.8414068159271376
Mycobacteria_vs_other	Neisseria sp. oral taxon 014	2	0.0	1.846153846153846e-05	-1.846153846153846e-05	0.0	0.0	0.8072032868244086	0.8414068159271376
Pseudomonas_vs_other	Neisseria sp. oral taxon 014	2	0.0	1.846153846153846e-05	-1.846153846153846e-05	0.0	0.0	0.8072032868244086	0.8414068159271376
Staphylococcus_vs_other	Neisseria sp. oral taxon 014	2	0.0	1.846153846153846e-05	-1.846153846153846e-05	0.0	0.0	0.8072032868244086	0.8414068159271376
Pseudomonas_vs_other	Camelina sativa	2	1e-05	2.8076923076923075e-05	-1.8076923076923073e-05	0.0	0.0	0.5217869408209155	0.8414068159271376
Acinetobacter_vs_other	Neisseria bacilliformis	2	0.0	1.730769230769231e-05	-1.730769230769231e-05	0.0	0.0	0.8072032868244086	0.8414068159271376
Haemophilus_vs_other	Neisseria bacilliformis	2	0.0	1.730769230769231e-05	-1.730769230769231e-05	0.0	0.0	0.8072032868244086	0.8414068159271376
Mycobacteria_vs_other	Neisseria bacilliformis	2	0.0	1.730769230769231e-05	-1.730769230769231e-05	0.0	0.0	0.8072032868244086	0.8414068159271376
Staphylococcus_vs_other	Neisseria bacilliformis	2	0.0	1.730769230769231e-05	-1.730769230769231e-05	0.0	0.0	0.8072032868244086	0.8414068159271376
Streptococcus_vs_other	Neisseria bacilliformis	2	0.0	1.730769230769231e-05	-1.730769230769231e-05	0.0	0.0	0.8072032868244086	0.8414068159271376
Pseudomonas_vs_other	Fusobacterium hwasookii	2	2.5e-05	4.153846153846154e-05	-1.6538461538461536e-05	0.0	0.0	0.5217869408209155	0.8414068159271376
Acinetobacter_vs_other	Dialister pneumosintes	2	0.0	1.6153846153846154e-05	-1.6153846153846154e-05	0.0	0.0	0.8072032868244086	0.8414068159271376
Enterobacterales_vs_other	Dialister pneumosintes	2	0.0	1.6153846153846154e-05	-1.6153846153846154e-05	0.0	0.0	0.8072032868244086	0.8414068159271376
Haemophilus_vs_other	Dialister pneumosintes	2	0.0	1.6153846153846154e-05	-1.6153846153846154e-05	0.0	0.0	0.8072032868244086	0.8414068159271376
Mycobacteria_vs_other	Dialister pneumosintes	2	0.0	1.6153846153846154e-05	-1.6153846153846154e-05	0.0	0.0	0.8072032868244086	0.8414068159271376
Staphylococcus_vs_other	Dialister pneumosintes	2	0.0	1.6153846153846154e-05	-1.6153846153846154e-05	0.0	0.0	0.8072032868244086	0.8414068159271376
Pseudomonas_vs_other	Capnocytophaga gingivalis	5	0.000105	0.00012115384615384615	-1.6153846153846147e-05	0.0	0.0	0.8072032868244086	0.8414068159271376
Acinetobacter_vs_other	Leptotrichia sp. oral taxon 221	2	0.0	1.576923076923077e-05	-1.576923076923077e-05	0.0	0.0	0.8072032868244086	0.8414068159271376
Enterobacterales_vs_other	Leptotrichia sp. oral taxon 221	2	0.0	1.576923076923077e-05	-1.576923076923077e-05	0.0	0.0	0.8072032868244086	0.8414068159271376
Haemophilus_vs_other	Leptotrichia sp. oral taxon 221	2	0.0	1.576923076923077e-05	-1.576923076923077e-05	0.0	0.0	0.8072032868244086	0.8414068159271376
Mycobacteria_vs_other	Leptotrichia sp. oral taxon 221	2	0.0	1.576923076923077e-05	-1.576923076923077e-05	0.0	0.0	0.8072032868244086	0.8414068159271376
Pseudomonas_vs_other	Leptotrichia sp. oral taxon 221	2	0.0	1.576923076923077e-05	-1.576923076923077e-05	0.0	0.0	0.8072032868244086	0.8414068159271376
Pseudomonas_vs_other	Selenomonas sputigena	2	1.5e-05	1.5384615384615385e-06	1.3461538461538462e-05	0.0	0.0	0.48292727458071427	0.8414068159271376
Staphylococcus_vs_other	Porphyromonas sp. oral taxon 275	3	1.25e-05	2.4615384615384616e-05	-1.2115384615384615e-05	0.0	0.0	0.6254994799810465	0.8414068159271376
Staphylococcus_vs_other	Actinomyces pacaensis	2	1.25e-05	7.692307692307693e-07	1.1730769230769232e-05	0.0	0.0	0.48292727458071427	0.8414068159271376
Pseudomonas_vs_other	Veillonella atypica	6	0.00026	0.0002484615384615385	1.1538461538461485e-05	0.000135	0.0	0.3930360510185342	0.8414068159271376
Acinetobacter_vs_other	Aggregatibacter aphrophilus	2	0.0	1.1153846153846154e-05	-1.1153846153846154e-05	0.0	0.0	0.8072032868244086	0.8414068159271376
Haemophilus_vs_other	Aggregatibacter aphrophilus	2	0.0	1.1153846153846154e-05	-1.1153846153846154e-05	0.0	0.0	0.8072032868244086	0.8414068159271376
Mycobacteria_vs_other	Aggregatibacter aphrophilus	2	0.0	1.1153846153846154e-05	-1.1153846153846154e-05	0.0	0.0	0.8072032868244086	0.8414068159271376
Staphylococcus_vs_other	Aggregatibacter aphrophilus	2	0.0	1.1153846153846154e-05	-1.1153846153846154e-05	0.0	0.0	0.8072032868244086	0.8414068159271376
Streptococcus_vs_other	Aggregatibacter aphrophilus	2	0.0	1.1153846153846154e-05	-1.1153846153846154e-05	0.0	0.0	0.8072032868244086	0.8414068159271376
Pseudomonas_vs_other	Neisseria gonorrhoeae	2	1.5e-05	2.576923076923077e-05	-1.0769230769230771e-05	0.0	0.0	0.5217869408209155	0.8414068159271376
Enterobacterales_vs_other	Neisseria macacae	5	0.0002575	0.0002469230769230769	1.05769230769231e-05	0.0	0.0	0.7603323075218762	0.8414068159271376
Acinetobacter_vs_other	Capnocytophaga sp. oral taxon 878	2	0.0	1.0384615384615384e-05	-1.0384615384615384e-05	0.0	0.0	0.8072032868244086	0.8414068159271376
Enterobacterales_vs_other	Capnocytophaga sp. oral taxon 878	2	0.0	1.0384615384615384e-05	-1.0384615384615384e-05	0.0	0.0	0.8072032868244086	0.8414068159271376
Haemophilus_vs_other	Capnocytophaga sp. oral taxon 878	2	0.0	1.0384615384615384e-05	-1.0384615384615384e-05	0.0	0.0	0.8072032868244086	0.8414068159271376
Mycobacteria_vs_other	Capnocytophaga sp. oral taxon 878	2	0.0	1.0384615384615384e-05	-1.0384615384615384e-05	0.0	0.0	0.8072032868244086	0.8414068159271376
Staphylococcus_vs_other	Capnocytophaga sp. oral taxon 878	2	0.0	1.0384615384615384e-05	-1.0384615384615384e-05	0.0	0.0	0.8072032868244086	0.8414068159271376
Staphylococcus_vs_other	Selenomonas sputigena	2	1e-05	2.3076923076923077e-06	7.692307692307694e-06	0.0	0.0	0.5217869408209155	0.8414068159271376
Pseudomonas_vs_other	Dialister pneumosintes	2	7.5e-06	1.5e-05	-7.5e-06	0.0	0.0	0.5217869408209155	0.8414068159271376
Pseudomonas_vs_other	Actinomyces sp. oral taxon 414	2	1.25e-05	1.7692307692307694e-05	-5.192307692307694e-06	0.0	0.0	0.5217869408209155	0.8414068159271376
Staphylococcus_vs_other	Leptotrichia sp. oral taxon 221	2	1e-05	1.423076923076923e-05	-4.230769230769229e-06	0.0	0.0	0.5217869408209155	0.8414068159271376
Acinetobacter_vs_other	Selenomonas sputigena	2	0.0	3.846153846153846e-06	-3.846153846153846e-06	0.0	0.0	0.8072032868244086	0.8414068159271376
Enterobacterales_vs_other	Selenomonas sputigena	2	0.0	3.846153846153846e-06	-3.846153846153846e-06	0.0	0.0	0.8072032868244086	0.8414068159271376
Haemophilus_vs_other	Selenomonas sputigena	2	0.0	3.846153846153846e-06	-3.846153846153846e-06	0.0	0.0	0.8072032868244086	0.8414068159271376
Mycobacteria_vs_other	Selenomonas sputigena	2	0.0	3.846153846153846e-06	-3.846153846153846e-06	0.0	0.0	0.8072032868244086	0.8414068159271376
Streptococcus_vs_other	Selenomonas sputigena	2	0.0	3.846153846153846e-06	-3.846153846153846e-06	0.0	0.0	0.8072032868244086	0.8414068159271376
Pseudomonas_vs_other	Aggregatibacter aphrophilus	2	1.25e-05	9.23076923076923e-06	3.26923076923077e-06	0.0	0.0	0.5217869408209155	0.8414068159271376
Pseudomonas_vs_other	Actinomyces pacaensis	2	5e-06	1.923076923076923e-06	3.0769230769230774e-06	0.0	0.0	0.5217869408209155	0.8414068159271376
Pseudomonas_vs_other	Neisseria bacilliformis	2	1.25e-05	1.5384615384615384e-05	-2.884615384615383e-06	0.0	0.0	0.5217869408209155	0.8414068159271376
Acinetobacter_vs_other	Actinomyces pacaensis	2	0.0	2.6923076923076928e-06	-2.6923076923076928e-06	0.0	0.0	0.8072032868244086	0.8414068159271376
Enterobacterales_vs_other	Actinomyces pacaensis	2	0.0	2.6923076923076928e-06	-2.6923076923076928e-06	0.0	0.0	0.8072032868244086	0.8414068159271376
Haemophilus_vs_other	Actinomyces pacaensis	2	0.0	2.6923076923076928e-06	-2.6923076923076928e-06	0.0	0.0	0.8072032868244086	0.8414068159271376
Mycobacteria_vs_other	Actinomyces pacaensis	2	0.0	2.6923076923076928e-06	-2.6923076923076928e-06	0.0	0.0	0.8072032868244086	0.8414068159271376
Streptococcus_vs_other	Actinomyces pacaensis	2	0.0	2.6923076923076928e-06	-2.6923076923076928e-06	0.0	0.0	0.8072032868244086	0.8414068159271376
Pseudomonas_vs_other	Neisseria cinerea	2	2.25e-05	2.0384615384615383e-05	2.115384615384618e-06	0.0	0.0	0.5217869408209155	0.8414068159271376
Staphylococcus_vs_other	Capnocytophaga gingivalis	5	0.0001175	0.00011923076923076923	-1.7307692307692364e-06	1e-05	0.0	0.2721346393759747	0.8414068159271376
Pseudomonas_vs_other	Capnocytophaga sp. oral taxon 878	2	7.5e-06	9.23076923076923e-06	-1.7307692307692304e-06	0.0	0.0	0.5217869408209155	0.8414068159271376
Enterobacterales_vs_other	Neisseria sp. oral taxon 014	2	1.75e-05	1.576923076923077e-05	1.7307692307692296e-06	0.0	0.0	0.5217869408209155	0.8414068159271376
Mycobacteria_vs_other	Prevotella jejuni	6	0.000525	0.0026180769230769235	-0.0020930769230769236	0.0	0.0	0.8309127289650369	0.8650735908571908
Acinetobacter_vs_other	Streptococcus pneumoniae	9	0.004965	0.0401123076923077	-0.0351473076923077	0.0	0.0	0.854777098065548	0.8761465255171867
Pseudomonas_vs_other	Streptococcus gwangjuense	5	3e-05	0.003975384615384616	-0.003945384615384616	0.0	0.0	0.854777098065548	0.8761465255171867
Pseudomonas_vs_other	Streptococcus toyakuensis	5	3.75e-05	0.0024542307692307693	-0.002416730769230769	0.0	0.0	0.854777098065548	0.8761465255171867
Pseudomonas_vs_other	Streptococcus pseudopneumoniae	5	0.0001625	0.0020423076923076922	-0.0018798076923076923	0.0	0.0	0.854777098065548	0.8761465255171867
Pseudomonas_vs_other	Neisseria mucosa	5	0.0001675	0.0015115384615384615	-0.0013440384615384616	0.0	0.0	0.854777098065548	0.8761465255171867
Pseudomonas_vs_other	Streptococcus salivarius	5	7e-05	0.0012957692307692308	-0.0012257692307692308	0.0	0.0	0.854777098065548	0.8761465255171867
Pseudomonas_vs_other	Gemella sanguinis	5	5.5e-05	0.0007865384615384616	-0.0007315384615384615	0.0	0.0	0.854777098065548	0.8761465255171867
Haemophilus_vs_other	Haemophilus parainfluenzae	9	0.00026	0.000791923076923077	-0.000531923076923077	0.0	0.0	0.854777098065548	0.8761465255171867
Mycobacteria_vs_other	Gemella haemolysans	7	0.000735	0.00024076923076923076	0.0004942307692307692	0.0	0.0	0.854777098065548	0.8761465255171867
Mycobacteria_vs_other	Campylobacter concisus	7	0.0006875	0.00028653846153846156	0.0004009615384615384	0.0	0.0	0.854777098065548	0.8761465255171867
Pseudomonas_vs_other	Neisseria macacae	5	1.25e-05	0.00028461538461538457	-0.0002721153846153846	0.0	0.0	0.854777098065548	0.8761465255171867
Pseudomonas_vs_other	Streptococcus sanguinis	5	7.5e-06	0.00018769230769230769	-0.0001801923076923077	0.0	0.0	0.854777098065548	0.8761465255171867
Pseudomonas_vs_other	Streptococcus sp. Marseille-Q3533	5	1.75e-05	0.00019384615384615385	-0.00017634615384615386	0.0	0.0	0.854777098065548	0.8761465255171867
Mycobacteria_vs_other	Rothia mucilaginosa	10	0.008725	0.009301538461538462	-0.0005765384615384617	0.0	0.0	0.8787750672044699	0.8996734041177747
Pseudomonas_vs_other	Haemophilus influenzae	7	5e-05	0.08689230769230769	-0.08684230769230769	0.0	0.0	0.9028849408697099	0.9178086589006142
Streptococcus_vs_other	Toxoplasma gondii	30	0.06312999999999999	0.10431653846153846	-0.04118653846153847	0.061265	0.04066	0.9028849408697099	0.9178086589006142
Staphylococcus_vs_other	Arabidopsis thaliana	29	0.0482775	0.04703038461538462	0.0012471153846153812	0.00993	0.013155	0.9028849408697099	0.9178086589006142
Mycobacteria_vs_other	Streptococcus oralis	9	0.0041675	0.004661538461538462	-0.0004940384615384616	0.0	0.0	0.9028849408697099	0.9178086589006142
Enterobacterales_vs_other	Streptococcus sp. oral taxon 431	7	4e-05	0.0004330769230769231	-0.00039307692307692313	0.0	0.0	0.9028849408697099	0.9178086589006142
Enterobacterales_vs_other	Campylobacter concisus	7	1.75e-05	0.00038961538461538463	-0.00037211538461538464	0.0	0.0	0.9028849408697099	0.9178086589006142
Pseudomonas_vs_other	Streptococcus sp. 116-D4	6	2e-05	0.0010415384615384616	-0.0010215384615384615	0.0	0.0	0.9270847137498512	0.9401883846155735
Pseudomonas_vs_other	Prevotella sp. oral taxon 299	6	6e-05	0.0003196153846153846	-0.0002596153846153846	0.0	0.0	0.9270847137498512	0.9401883846155735
Pseudomonas_vs_other	Streptococcus mitis	7	0.0002975	0.024985	-0.0246875	0.0	0.0	0.9513521309544037	0.9580282862593469
Pseudomonas_vs_other	Streptococcus sp. oral taxon 431	7	4.75e-05	0.0004319230769230769	-0.0003844230769230769	0.0	0.0	0.9513521309544037	0.9580282862593469
Enterobacterales_vs_other	Veillonella parvula	7	4e-05	0.00035961538461538455	-0.00031961538461538455	0.0	0.0	0.9513521309544037	0.9580282862593469
Pseudomonas_vs_other	Gemella haemolysans	7	7e-05	0.00034307692307692305	-0.0002730769230769231	0.0	0.0	0.9513521309544037	0.9580282862593469
Pseudomonas_vs_other	Campylobacter concisus	7	0.000185	0.00036384615384615383	-0.00017884615384615384	0.0	0.0	0.9513521309544037	0.9580282862593469
Streptococcus_vs_other	Haemophilus parainfluenzae	9	0.0006525	0.0007315384615384616	-7.903846153846166e-05	0.0	0.0	0.9513521309544037	0.9580282862593469
Pseudomonas_vs_other	Prevotella veroralis	6	6.25e-05	0.0005926923076923077	-0.0005301923076923077	0.0	0.0	0.9756647493884927	0.9802186105291625
Staphylococcus_vs_other	Prevotella sp. oral taxon 299	6	3e-05	0.00032423076923076926	-0.00029423076923076923	0.0	0.0	0.9756647493884927	0.9802186105291625
Acinetobacter_vs_other	Toxoplasma gondii	30	0.048424999999999996	0.10657884615384616	-0.05815384615384617	0.04066	0.04105	1.0	1.0
Mycobacteria_vs_other	Streptococcus mitis	7	0.0033825	0.024510384615384614	-0.021127884615384614	0.0	0.0	1.0	1.0
Pseudomonas_vs_other	Veillonella parvula	7	4.75e-05	0.00035846153846153846	-0.00031096153846153844	0.0	0.0	1.0	1.0
Enterobacterales_vs_other	Gemella haemolysans	7	7.5e-05	0.0003423076923076923	-0.00026730769230769234	0.0	0.0	1.0	1.0
