batch	job_id	run	status	total_reads	classified_reads	unclassified_reads	classified_pct	kraken_species_count	bracken_species_count	top_species	top_species_fraction	top_pathogen	top_pathogen_fraction	top_pathogen_reads	clinical_pathogen_hits	second_stage_priority	second_stage_reason	error
20260724T170118Z-prjna1056765-production-descriptive-batch-001	20260724T170118Z-prjna1056765-production-descriptive-batch-001	SRR27343287	done	161236	3953	157283	2.4517	43	13	Arabidopsis thaliana	0.37426	Streptococcus sanguinis	0.02857	111.0	Streptococcus sanguinis;Veillonella parvula;Rothia mucilaginosa;Prevotella melaninogenica;Haemophilus parainfluenzae	1	high_pathogen_fraction	
20260724T170118Z-prjna1056765-production-descriptive-batch-001	20260724T170118Z-prjna1056765-production-descriptive-batch-001	SRR27343292	done	151278	1905	149373	1.2593	28	4	Toxoplasma gondii	0.51063	Acinetobacter nosocomialis	0.03542	65.0	Acinetobacter nosocomialis;Stenotrophomonas maltophilia	1	high_pathogen_fraction	
20260724T170118Z-prjna1056765-production-descriptive-batch-001	20260724T170118Z-prjna1056765-production-descriptive-batch-001	SRR27343320	done	142422	1985	140437	1.3937	13	3	Homo sapiens	0.53455							
20260724T170118Z-prjna1056765-production-descriptive-batch-001	20260724T170118Z-prjna1056765-production-descriptive-batch-001	SRR27343328	done	119816	1398	118418	1.1668	29	3	Homo sapiens	0.61887							
20260724T170118Z-prjna1056765-production-descriptive-batch-001	20260724T170118Z-prjna1056765-production-descriptive-batch-001	SRR27343357	done	167679	3013	164666	1.7969	31	7	Toxoplasma gondii	0.512	Burkholderia cenocepacia	0.0588	174.0	Burkholderia cenocepacia;Stenotrophomonas maltophilia	1	high_pathogen_fraction	
20260724T170118Z-prjna1056765-production-descriptive-batch-001	20260724T170118Z-prjna1056765-production-descriptive-batch-001	SRR27343483	done	155546	1735	153811	1.1154	15	3	Homo sapiens	0.60118							
20260724T170118Z-prjna1056765-production-descriptive-batch-001	20260724T170118Z-prjna1056765-production-descriptive-batch-001	SRR27343528	done	153344	3522	149822	2.2968	31	4	Toxoplasma gondii	0.44269							
20260724T170118Z-prjna1056765-production-descriptive-batch-001	20260724T170118Z-prjna1056765-production-descriptive-batch-001	SRR27343727	done	141040	3154	137886	2.2362	18	4	Homo sapiens	0.39514	Klebsiella pneumoniae	0.20652	646.0	Klebsiella pneumoniae	1	high_pathogen_fraction	
20260724T170118Z-prjna1056765-production-descriptive-batch-001	20260724T170118Z-prjna1056765-production-descriptive-batch-001	SRR27343762	done	152787	1769	151018	1.1578	41	5	Arabidopsis thaliana	0.39502	Rothia mucilaginosa	0.02124	35.0	Rothia mucilaginosa;Prevotella melaninogenica	1	high_pathogen_fraction	
20260724T170118Z-prjna1056765-production-descriptive-batch-001	20260724T170118Z-prjna1056765-production-descriptive-batch-001	SRR27343767	done	157678	2931	154747	1.8589	26	3	Homo sapiens	0.45598							
20260724T170118Z-prjna1056765-production-descriptive-batch-001	20260724T170118Z-prjna1056765-production-descriptive-batch-001	SRR27343773	done	177936	2579	175357	1.4494	116	11	Homo sapiens	0.48705	Prevotella melaninogenica	0.06964	156.0	Prevotella melaninogenica;Streptococcus oralis;Rothia mucilaginosa;Prevotella nigrescens;Prevotella veroralis	1	high_pathogen_fraction	
20260724T170118Z-prjna1056765-production-descriptive-batch-001	20260724T170118Z-prjna1056765-production-descriptive-batch-001	SRR27343780	done	112815	1551	111264	1.3748	31	5	Homo sapiens	0.47984	Klebsiella pneumoniae	0.26815	399.0	Klebsiella pneumoniae	1	high_pathogen_fraction	
20260724T170118Z-prjna1056765-production-descriptive-batch-001	20260724T170118Z-prjna1056765-production-descriptive-batch-001	SRR27343786	done	164091	1880	162211	1.1457	16	2	Homo sapiens	0.54511							
20260724T170118Z-prjna1056765-production-descriptive-batch-001	20260724T170118Z-prjna1056765-production-descriptive-batch-001	SRR27343811	done	150061	3078	146983	2.0512	37	5	Toxoplasma gondii	0.42284	Prevotella melaninogenica	0.01122	33.0	Prevotella melaninogenica;Prevotella jejuni	1	high_pathogen_fraction	
20260724T170118Z-prjna1056765-production-descriptive-batch-001	20260724T170118Z-prjna1056765-production-descriptive-batch-001	SRR27343819	done	159401	2293	157108	1.4385	31	3	Homo sapiens	0.52987							
20260724T170118Z-prjna1056765-production-descriptive-batch-001	20260724T170118Z-prjna1056765-production-descriptive-batch-001	SRR27343859	done	152864	3622	149242	2.3694	18	4	Pseudomonas aeruginosa	0.55608	Pseudomonas aeruginosa	0.55608	1998.0	Pseudomonas aeruginosa	1	high_pathogen_fraction	
20260724T170118Z-prjna1056765-production-descriptive-batch-001	20260724T170118Z-prjna1056765-production-descriptive-batch-001	SRR27343869	done	137865	1595	136270	1.1569	12	3	Homo sapiens	0.66946							
20260724T170118Z-prjna1056765-production-descriptive-batch-001	20260724T170118Z-prjna1056765-production-descriptive-batch-001	SRR27343923	done	147240	2673	144567	1.8154	16	5	Toxoplasma gondii	0.60313							
20260724T170118Z-prjna1056765-production-descriptive-batch-001	20260724T170118Z-prjna1056765-production-descriptive-batch-001	SRR27343937	done	142230	2769	139461	1.9468	19	6	Pseudomonas aeruginosa	0.47016	Pseudomonas aeruginosa	0.47016	1292.0	Pseudomonas aeruginosa;Mycobacteroides abscessus	1	high_pathogen_fraction	
20260724T170118Z-prjna1056765-production-descriptive-batch-001	20260724T170118Z-prjna1056765-production-descriptive-batch-001	SRR27344039	done	114054	2652	111402	2.3252	28	6	Pseudomonas aeruginosa	0.78654	Pseudomonas aeruginosa	0.78654	2045.0	Pseudomonas aeruginosa	1	high_pathogen_fraction	
20260724T170118Z-prjna1056765-production-descriptive-batch-002	20260724T170118Z-prjna1056765-production-descriptive-batch-002	SRR27343271	done	221572	5076	216496	2.2909	82	17	Homo sapiens	0.25812	Rothia mucilaginosa	0.20218	983.0	Rothia mucilaginosa;Streptococcus sp. LPB0220;Haemophilus parainfluenzae;Streptococcus parasanguinis;Streptococcus sp. HSISM1	1	high_pathogen_fraction	
20260724T170118Z-prjna1056765-production-descriptive-batch-002	20260724T170118Z-prjna1056765-production-descriptive-batch-002	SRR27343279	done	174604	3112	171492	1.7823	22	3	Arabidopsis thaliana	0.51831							
20260724T170118Z-prjna1056765-production-descriptive-batch-002	20260724T170118Z-prjna1056765-production-descriptive-batch-002	SRR27343282	done	176525	3147	173378	1.7828	45	4	Homo sapiens	0.35129							
20260724T170118Z-prjna1056765-production-descriptive-batch-002	20260724T170118Z-prjna1056765-production-descriptive-batch-002	SRR27343285	done	204833	5549	199284	2.709	53	4	Arabidopsis thaliana	0.6233	Prevotella melaninogenica	0.00737	40.0	Prevotella melaninogenica	2	moderate_pathogen_fraction	
20260724T170118Z-prjna1056765-production-descriptive-batch-002	20260724T170118Z-prjna1056765-production-descriptive-batch-002	SRR27343295	done	190032	2538	187494	1.3356	19	5	Toxoplasma gondii	0.38856	Staphylococcus aureus	0.00914	23.0	Staphylococcus aureus	2	moderate_pathogen_fraction	
20260724T170118Z-prjna1056765-production-descriptive-batch-002	20260724T170118Z-prjna1056765-production-descriptive-batch-002	SRR27343309	done	207371	3540	203831	1.7071	28	5	Homo sapiens	0.43991	Acinetobacter nosocomialis	0.01274	44.0	Acinetobacter nosocomialis	1	high_pathogen_fraction	
20260724T170118Z-prjna1056765-production-descriptive-batch-002	20260724T170118Z-prjna1056765-production-descriptive-batch-002	SRR27343318	done	191023	2693	188330	1.4098	16	3	Homo sapiens	0.46326							
20260724T170118Z-prjna1056765-production-descriptive-batch-002	20260724T170118Z-prjna1056765-production-descriptive-batch-002	SRR27343423	done	211573	2637	208936	1.2464	42	10	Homo sapiens	0.42924	Prevotella intermedia	0.0175	45.0	Prevotella intermedia	1	high_pathogen_fraction	
20260724T170118Z-prjna1056765-production-descriptive-batch-002	20260724T170118Z-prjna1056765-production-descriptive-batch-002	SRR27343473	done	182861	2165	180696	1.184	22	5	Homo sapiens	0.50375	Prevotella intermedia	0.0403	86.0	Prevotella intermedia;Prevotella melaninogenica	1	high_pathogen_fraction	
20260724T170118Z-prjna1056765-production-descriptive-batch-002	20260724T170118Z-prjna1056765-production-descriptive-batch-002	SRR27343482	done	199145	4253	194892	2.1356	82	18	Homo sapiens	0.32023	Prevotella melaninogenica	0.03932	160.0	Prevotella melaninogenica;Streptococcus mitis;Haemophilus parainfluenzae;Prevotella histicola;Streptococcus sp. LPB0220	1	high_pathogen_fraction	
20260724T170118Z-prjna1056765-production-descriptive-batch-002	20260724T170118Z-prjna1056765-production-descriptive-batch-002	SRR27343487	done	189259	3584	185675	1.8937	37	3	Arabidopsis thaliana	0.42746							
20260724T170118Z-prjna1056765-production-descriptive-batch-002	20260724T170118Z-prjna1056765-production-descriptive-batch-002	SRR27343507	done	178503	1991	176512	1.1154	9	3	Toxoplasma gondii	0.59541							
20260724T170118Z-prjna1056765-production-descriptive-batch-002	20260724T170118Z-prjna1056765-production-descriptive-batch-002	SRR27343511	done	217951	3546	214405	1.627	93	6	Homo sapiens	0.4005	Prevotella nigrescens	0.02347	75.0	Prevotella nigrescens;Prevotella melaninogenica	1	high_pathogen_fraction	
20260724T170118Z-prjna1056765-production-descriptive-batch-002	20260724T170118Z-prjna1056765-production-descriptive-batch-002	SRR27343529	done	195103	4019	191084	2.0599	16	3	Arabidopsis thaliana	0.41209							
20260724T170118Z-prjna1056765-production-descriptive-batch-002	20260724T170118Z-prjna1056765-production-descriptive-batch-002	SRR27343588	done	178480	3151	175329	1.7655	21	3	Toxoplasma gondii	0.53436							
20260724T170118Z-prjna1056765-production-descriptive-batch-002	20260724T170118Z-prjna1056765-production-descriptive-batch-002	SRR27343697	done	205115	2207	202908	1.076	22	3	Homo sapiens	0.44954							
20260724T170118Z-prjna1056765-production-descriptive-batch-002	20260724T170118Z-prjna1056765-production-descriptive-batch-002	SRR27343701	done	194850	5041	189809	2.5871	70	9	Arabidopsis thaliana	0.53949	Streptococcus pseudopneumoniae	0.02913	142.0	Streptococcus pseudopneumoniae;Prevotella melaninogenica;Prevotella intermedia;Prevotella jejuni;Prevotella sp. oral taxon 299	1	high_pathogen_fraction	
20260724T170118Z-prjna1056765-production-descriptive-batch-002	20260724T170118Z-prjna1056765-production-descriptive-batch-002	SRR27343702	done	214016	4131	209885	1.9302	87	14	Toxoplasma gondii	0.40895	Prevotella jejuni	0.03086	120.0	Prevotella jejuni;Streptococcus mitis;Veillonella parvula;Streptococcus sp. oral taxon 061;Streptococcus sp. Marseille-Q6470	1	high_pathogen_fraction	
20260724T170118Z-prjna1056765-production-descriptive-batch-002	20260724T170118Z-prjna1056765-production-descriptive-batch-002	SRR27344010	done	162595	2368	160227	1.4564	21	6	Toxoplasma gondii	0.55993							
20260724T170118Z-prjna1056765-production-descriptive-batch-002	20260724T170118Z-prjna1056765-production-descriptive-batch-002	SRR27344043	done	153364	1912	151452	1.2467	15	3	Homo sapiens	0.5683							
20260724T170118Z-prjna1056765-production-descriptive-batch-003	20260724T170118Z-prjna1056765-production-descriptive-batch-003	SRR27343703	done	176698	3810	172888	2.1562	46	10	Toxoplasma gondii	0.32707	Prevotella intermedia	0.0166	61.0	Prevotella intermedia	1	high_pathogen_fraction	
20260724T170118Z-prjna1056765-production-descriptive-batch-003	20260724T170118Z-prjna1056765-production-descriptive-batch-003	SRR27343710	done	169339	1430	167909	0.8445	19	5	Homo sapiens	0.31361	Candida orthopsilosis	0.10691	150.0	Candida orthopsilosis;Enterococcus faecium	1	high_pathogen_fraction	
20260724T170118Z-prjna1056765-production-descriptive-batch-003	20260724T170118Z-prjna1056765-production-descriptive-batch-003	SRR27343724	done	169131	2004	167127	1.1849	20	4	Homo sapiens	0.50332							
20260724T170118Z-prjna1056765-production-descriptive-batch-003	20260724T170118Z-prjna1056765-production-descriptive-batch-003	SRR27343741	done	175621	2144	173477	1.2208	19	3	Toxoplasma gondii	0.49617							
20260724T170118Z-prjna1056765-production-descriptive-batch-003	20260724T170118Z-prjna1056765-production-descriptive-batch-003	SRR27343746	done	214070	3236	210834	1.5117	72	7	Toxoplasma gondii	0.48082	Prevotella melaninogenica	0.02017	61.0	Prevotella melaninogenica;Prevotella jejuni;Prevotella oris	1	high_pathogen_fraction	
20260724T170118Z-prjna1056765-production-descriptive-batch-003	20260724T170118Z-prjna1056765-production-descriptive-batch-003	SRR27343748	done	222450	3766	218684	1.693	30	5	Toxoplasma gondii	0.53222							
20260724T170118Z-prjna1056765-production-descriptive-batch-003	20260724T170118Z-prjna1056765-production-descriptive-batch-003	SRR27343750	done	185605	3072	182533	1.6551	15	4	Homo sapiens	0.4023	Mycobacterium tuberculosis	0.16787	512.0	Mycobacterium tuberculosis	1	high_pathogen_fraction	
20260724T170118Z-prjna1056765-production-descriptive-batch-003	20260724T170118Z-prjna1056765-production-descriptive-batch-003	SRR27343759	done	198837	3734	195103	1.8779	65	6	Arabidopsis thaliana	0.36671	Prevotella jejuni	0.00721	26.0	Prevotella jejuni	2	moderate_pathogen_fraction	
20260724T170118Z-prjna1056765-production-descriptive-batch-003	20260724T170118Z-prjna1056765-production-descriptive-batch-003	SRR27343763	done	172909	2334	170575	1.3498	14	3	Homo sapiens	0.4653							
20260724T170118Z-prjna1056765-production-descriptive-batch-003	20260724T170118Z-prjna1056765-production-descriptive-batch-003	SRR27343770	done	190829	1894	188935	0.9925	25	4	Homo sapiens	0.56353							
20260724T170118Z-prjna1056765-production-descriptive-batch-003	20260724T170118Z-prjna1056765-production-descriptive-batch-003	SRR27343772	done	180410	4582	175828	2.5398	47	4	Arabidopsis thaliana	0.50918	Prevotella melaninogenica	0.01165	52.0	Prevotella melaninogenica	1	high_pathogen_fraction	
20260724T170118Z-prjna1056765-production-descriptive-batch-003	20260724T170118Z-prjna1056765-production-descriptive-batch-003	SRR27343775	done	187384	2029	185355	1.0828	22	3	Homo sapiens	0.5806							
20260724T170118Z-prjna1056765-production-descriptive-batch-003	20260724T170118Z-prjna1056765-production-descriptive-batch-003	SRR27343783	done	209994	2428	207566	1.1562	56	4	Homo sapiens	0.58716	Prevotella melaninogenica	0.03233	74.0	Prevotella melaninogenica	1	high_pathogen_fraction	
20260724T170118Z-prjna1056765-production-descriptive-batch-003	20260724T170118Z-prjna1056765-production-descriptive-batch-003	SRR27343784	done	196814	2437	194377	1.2382	24	4	Homo sapiens	0.49622							
20260724T170118Z-prjna1056765-production-descriptive-batch-003	20260724T170118Z-prjna1056765-production-descriptive-batch-003	SRR27343785	done	209197	2747	206450	1.3131	34	5	Toxoplasma gondii	0.45724	Enterococcus faecium	0.02369	64.0	Enterococcus faecium;Staphylococcus hominis	1	high_pathogen_fraction	
20260724T170118Z-prjna1056765-production-descriptive-batch-003	20260724T170118Z-prjna1056765-production-descriptive-batch-003	SRR27343788	done	189882	4160	185722	2.1908	24	3	Arabidopsis thaliana	0.50503							
20260724T170118Z-prjna1056765-production-descriptive-batch-003	20260724T170118Z-prjna1056765-production-descriptive-batch-003	SRR27343803	done	163377	1445	161932	0.8845	17	3	Toxoplasma gondii	0.48664							
20260724T170118Z-prjna1056765-production-descriptive-batch-003	20260724T170118Z-prjna1056765-production-descriptive-batch-003	SRR27343812	done	224537	3548	220989	1.5801	41	5	Homo sapiens	0.37983	Staphylococcus aureus	0.05385	188.0	Staphylococcus aureus;Cryptococcus neoformans	1	high_pathogen_fraction	
20260724T170118Z-prjna1056765-production-descriptive-batch-003	20260724T170118Z-prjna1056765-production-descriptive-batch-003	SRR27343813	done	209168	2308	206860	1.1034	22	3	Homo sapiens	0.62776							
20260724T170118Z-prjna1056765-production-descriptive-batch-003	20260724T170118Z-prjna1056765-production-descriptive-batch-003	SRR27343959	done	182461	3446	179015	1.8886	55	10	Toxoplasma gondii	0.57596	Prevotella intermedia	0.01226	41.0	Prevotella intermedia;Prevotella oris;Prevotella nigrescens	1	high_pathogen_fraction	
20260724T170118Z-prjna1056765-production-descriptive-batch-004	20260724T170118Z-prjna1056765-production-descriptive-batch-004	SRR27343278	done	239659	3704	235955	1.5455	21	6	Homo sapiens	0.38704	Klebsiella pneumoniae	0.10849	400.0	Klebsiella pneumoniae;Haemophilus influenzae	1	high_pathogen_fraction	
20260724T170118Z-prjna1056765-production-descriptive-batch-004	20260724T170118Z-prjna1056765-production-descriptive-batch-004	SRR27343300	done	234650	3982	230668	1.697	68	15	Toxoplasma gondii	0.36098	Streptococcus salivarius	0.01904	73.0	Streptococcus salivarius;Streptococcus mitis;Veillonella atypica;Prevotella histicola;Prevotella jejuni	1	high_pathogen_fraction	
20260724T170118Z-prjna1056765-production-descriptive-batch-004	20260724T170118Z-prjna1056765-production-descriptive-batch-004	SRR27343308	done	223230	2982	220248	1.3358	19	3	Homo sapiens	0.43412							
20260724T170118Z-prjna1056765-production-descriptive-batch-004	20260724T170118Z-prjna1056765-production-descriptive-batch-004	SRR27343312	done	230243	5265	224978	2.2867	21	4	Arabidopsis thaliana	0.48277							
20260724T170118Z-prjna1056765-production-descriptive-batch-004	20260724T170118Z-prjna1056765-production-descriptive-batch-004	SRR27343315	done	215819	2894	212925	1.3409	40	7	Toxoplasma gondii	0.46955	Prevotella melaninogenica	0.00531	15.0	Prevotella melaninogenica;Prevotella veroralis	2	moderate_pathogen_fraction	
20260724T170118Z-prjna1056765-production-descriptive-batch-004	20260724T170118Z-prjna1056765-production-descriptive-batch-004	SRR27343329	done	220896	3672	217224	1.6623	34	6	Homo sapiens	0.38725	Prevotella melaninogenica	0.00807	29.0	Prevotella melaninogenica	2	moderate_pathogen_fraction	
20260724T170118Z-prjna1056765-production-descriptive-batch-004	20260724T170118Z-prjna1056765-production-descriptive-batch-004	SRR27343435	done	249041	2119	246922	0.8509	75	7	Homo sapiens	0.48496	Streptococcus oralis	0.03115	58.0	Streptococcus oralis;Streptococcus mitis;Prevotella melaninogenica;Rothia mucilaginosa	1	high_pathogen_fraction	
20260724T170118Z-prjna1056765-production-descriptive-batch-004	20260724T170118Z-prjna1056765-production-descriptive-batch-004	SRR27343470	done	228456	5233	223223	2.2906	21	3	Arabidopsis thaliana	0.50929							
20260724T170118Z-prjna1056765-production-descriptive-batch-004	20260724T170118Z-prjna1056765-production-descriptive-batch-004	SRR27343477	done	225714	2344	223370	1.0385	13	3	Homo sapiens	0.49481							
20260724T170118Z-prjna1056765-production-descriptive-batch-004	20260724T170118Z-prjna1056765-production-descriptive-batch-004	SRR27343496	done	230587	4683	225904	2.0309	28	4	Arabidopsis thaliana	0.45153							
20260724T170118Z-prjna1056765-production-descriptive-batch-004	20260724T170118Z-prjna1056765-production-descriptive-batch-004	SRR27343505	done	245839	4880	240959	1.985	90	15	Homo sapiens	0.32022	Streptococcus pneumoniae	0.05152	237.0	Streptococcus pneumoniae;Streptococcus mitis;Streptococcus pseudopneumoniae;Rothia mucilaginosa;Prevotella melaninogenica	1	high_pathogen_fraction	
20260724T170118Z-prjna1056765-production-descriptive-batch-004	20260724T170118Z-prjna1056765-production-descriptive-batch-004	SRR27343506	done	220366	3130	217236	1.4204	15	3	Toxoplasma gondii	0.61039							
20260724T170118Z-prjna1056765-production-descriptive-batch-004	20260724T170118Z-prjna1056765-production-descriptive-batch-004	SRR27343513	done	240209	8536	231673	3.5536	86	10	Arabidopsis thaliana	0.70429	Veillonella parvula	0.01036	86.0	Veillonella parvula;Streptococcus mitis;Rothia mucilaginosa;Streptococcus pneumoniae	1	high_pathogen_fraction	
20260724T170118Z-prjna1056765-production-descriptive-batch-004	20260724T170118Z-prjna1056765-production-descriptive-batch-004	SRR27343521	done	266429	5685	260744	2.1338	44	4	Toxoplasma gondii	0.40219							
20260724T170118Z-prjna1056765-production-descriptive-batch-004	20260724T170118Z-prjna1056765-production-descriptive-batch-004	SRR27343747	done	233163	3213	229950	1.378	22	4	Toxoplasma gondii	0.50509							
20260724T170118Z-prjna1056765-production-descriptive-batch-004	20260724T170118Z-prjna1056765-production-descriptive-batch-004	SRR27344016	done	212511	3620	208891	1.7034	10	2	Toxoplasma gondii	0.54746							
20260724T170118Z-prjna1056765-production-descriptive-batch-004	20260724T170118Z-prjna1056765-production-descriptive-batch-004	SRR27344018	done	211090	2090	209000	0.9901	31	5	Homo sapiens	0.52629							
20260724T170118Z-prjna1056765-production-descriptive-batch-004	20260724T170118Z-prjna1056765-production-descriptive-batch-004	SRR27344022	done	183377	2727	180650	1.4871	21	3	Arabidopsis thaliana	0.4959							
20260724T170118Z-prjna1056765-production-descriptive-batch-004	20260724T170118Z-prjna1056765-production-descriptive-batch-004	SRR27344038	done	172064	4204	167860	2.4433	27	5	Toxoplasma gondii	0.3999	Pseudomonas aeruginosa	0.3543	1476.0	Pseudomonas aeruginosa	1	high_pathogen_fraction	
20260724T170118Z-prjna1056765-production-descriptive-batch-004	20260724T170118Z-prjna1056765-production-descriptive-batch-004	SRR27344048	done	197379	4235	193144	2.1456	19	5	Homo sapiens	0.37007	Pseudomonas aeruginosa	0.30641	1290.0	Pseudomonas aeruginosa;Mycobacteroides abscessus	1	high_pathogen_fraction	
20260724T170118Z-prjna1056765-production-descriptive-batch-005	20260724T170118Z-prjna1056765-production-descriptive-batch-005	SRR27343749	done	267510	3571	263939	1.3349	47	6	Homo sapiens	0.36292							
20260724T170118Z-prjna1056765-production-descriptive-batch-005	20260724T170118Z-prjna1056765-production-descriptive-batch-005	SRR27343756	done	234216	5202	229014	2.221	44	5	Arabidopsis thaliana	0.41706	Prevotella melaninogenica	0.01255	64.0	Prevotella melaninogenica;Rothia mucilaginosa	1	high_pathogen_fraction	
20260724T170118Z-prjna1056765-production-descriptive-batch-005	20260724T170118Z-prjna1056765-production-descriptive-batch-005	SRR27343764	done	235355	3877	231478	1.6473	35	3	Homo sapiens	0.3946							
20260724T170118Z-prjna1056765-production-descriptive-batch-005	20260724T170118Z-prjna1056765-production-descriptive-batch-005	SRR27343768	done	249241	4423	244818	1.7746	41	6	Toxoplasma gondii	0.47455							
20260724T170118Z-prjna1056765-production-descriptive-batch-005	20260724T170118Z-prjna1056765-production-descriptive-batch-005	SRR27343769	done	234925	6376	228549	2.7141	114	23	Pseudomonas aeruginosa	0.457	Pseudomonas aeruginosa	0.457	2774.0	Pseudomonas aeruginosa;Streptococcus salivarius;Prevotella denticola;Prevotella nigrescens;Streptococcus sp. oral taxon 061	1	high_pathogen_fraction	
20260724T170118Z-prjna1056765-production-descriptive-batch-005	20260724T170118Z-prjna1056765-production-descriptive-batch-005	SRR27343774	done	236709	2989	233720	1.2627	22	6	Homo sapiens	0.51523	Candida albicans	0.03013	89.0	Candida albicans;Stenotrophomonas sp. LM091	1	high_pathogen_fraction	
20260724T170118Z-prjna1056765-production-descriptive-batch-005	20260724T170118Z-prjna1056765-production-descriptive-batch-005	SRR27343781	done	265740	7996	257744	3.009	38	5	Arabidopsis thaliana	0.64486							
20260724T170118Z-prjna1056765-production-descriptive-batch-005	20260724T170118Z-prjna1056765-production-descriptive-batch-005	SRR27343795	done	242640	3340	239300	1.3765	39	5	Homo sapiens	0.50244	Rothia mucilaginosa	0.00611	20.0	Rothia mucilaginosa	2	moderate_pathogen_fraction	
20260724T170118Z-prjna1056765-production-descriptive-batch-005	20260724T170118Z-prjna1056765-production-descriptive-batch-005	SRR27343797	done	245207	1891	243316	0.7712	20	4	Homo sapiens	0.48235	Haemophilus influenzae	0.02064	38.0	Haemophilus influenzae	1	high_pathogen_fraction	
20260724T170118Z-prjna1056765-production-descriptive-batch-005	20260724T170118Z-prjna1056765-production-descriptive-batch-005	SRR27343798	done	240738	3435	237303	1.4269	40	5	Toxoplasma gondii	0.5499	Staphylococcus epidermidis	0.02055	69.0	Staphylococcus epidermidis;Candida albicans;[Candida] glabrata	1	high_pathogen_fraction	
20260724T170118Z-prjna1056765-production-descriptive-batch-005	20260724T170118Z-prjna1056765-production-descriptive-batch-005	SRR27343818	done	233924	5763	228161	2.4636	32	4	Arabidopsis thaliana	0.62208							
20260724T170118Z-prjna1056765-production-descriptive-batch-005	20260724T170118Z-prjna1056765-production-descriptive-batch-005	SRR27343821	done	230227	4891	225336	2.1244	88	15	Arabidopsis thaliana	0.29326	Prevotella intermedia	0.08342	390.0	Prevotella intermedia;Prevotella oris;Prevotella melaninogenica;Prevotella jejuni	1	high_pathogen_fraction	
20260724T170118Z-prjna1056765-production-descriptive-batch-005	20260724T170118Z-prjna1056765-production-descriptive-batch-005	SRR27343828	done	251220	4445	246775	1.7694	23	3	Arabidopsis thaliana	0.50602							
20260724T170118Z-prjna1056765-production-descriptive-batch-005	20260724T170118Z-prjna1056765-production-descriptive-batch-005	SRR27343830	done	248289	4300	243989	1.7319	22	5	Arabidopsis thaliana	0.33577	Cryptococcus neoformans	0.02169	92.0	Cryptococcus neoformans	1	high_pathogen_fraction	
20260724T170118Z-prjna1056765-production-descriptive-batch-005	20260724T170118Z-prjna1056765-production-descriptive-batch-005	SRR27343837	done	229614	3495	226119	1.5221	77	16	Homo sapiens	0.36916	Staphylococcus haemolyticus	0.08443	282.0	Staphylococcus haemolyticus;Streptococcus salivarius;Prevotella melaninogenica;Staphylococcus epidermidis;Streptococcus sanguinis	1	high_pathogen_fraction	
20260724T170118Z-prjna1056765-production-descriptive-batch-005	20260724T170118Z-prjna1056765-production-descriptive-batch-005	SRR27343841	done	240580	3892	236688	1.6178	89	14	Homo sapiens	0.40291	Streptococcus salivarius	0.02936	109.0	Streptococcus salivarius;Streptococcus oralis;Prevotella jejuni;Prevotella melaninogenica;Streptococcus mitis	1	high_pathogen_fraction	
20260724T170118Z-prjna1056765-production-descriptive-batch-005	20260724T170118Z-prjna1056765-production-descriptive-batch-005	SRR27343843	done	245639	3005	242634	1.2233	35	4	Homo sapiens	0.54837							
20260724T170118Z-prjna1056765-production-descriptive-batch-005	20260724T170118Z-prjna1056765-production-descriptive-batch-005	SRR27343851	done	209350	2231	207119	1.0657	21	4	Homo sapiens	0.47745	Haemophilus influenzae	0.06469	142.0	Haemophilus influenzae	1	high_pathogen_fraction	
20260724T170118Z-prjna1056765-production-descriptive-batch-005	20260724T170118Z-prjna1056765-production-descriptive-batch-005	SRR27343856	done	233273	2883	230390	1.2359	20	6	Arabidopsis thaliana	0.42488	Burkholderia multivorans	0.01572	45.0	Burkholderia multivorans	1	high_pathogen_fraction	
20260724T170118Z-prjna1056765-production-descriptive-batch-005	20260724T170118Z-prjna1056765-production-descriptive-batch-005	SRR27343860	done	244117	3941	240176	1.6144	34	5	Toxoplasma gondii	0.46905							
20260724T170118Z-prjna1056765-production-descriptive-batch-006	20260724T170118Z-prjna1056765-production-descriptive-batch-006	SRR27343239	done	313120	6793	306327	2.1695	41	9	Fusobacterium nucleatum	0.39402	Prevotella enoeca	0.00432	29.0	Prevotella enoeca	2	moderate_pathogen_fraction	
20260724T170118Z-prjna1056765-production-descriptive-batch-006	20260724T170118Z-prjna1056765-production-descriptive-batch-006	SRR27343270	done	278273	4921	273352	1.7684	22	3	Arabidopsis thaliana	0.3974							
20260724T170118Z-prjna1056765-production-descriptive-batch-006	20260724T170118Z-prjna1056765-production-descriptive-batch-006	SRR27343274	done	291401	3281	288120	1.1259	27	4	Homo sapiens	0.43276	Haemophilus parainfluenzae	0.02246	72.0	Haemophilus parainfluenzae	1	high_pathogen_fraction	
20260724T170118Z-prjna1056765-production-descriptive-batch-006	20260724T170118Z-prjna1056765-production-descriptive-batch-006	SRR27343283	done	280340	9641	270699	3.439	49	13	Enterococcus faecium	0.43152	Enterococcus faecium	0.43152	4121.0	Enterococcus faecium;Staphylococcus epidermidis;Stenotrophomonas maltophilia;Candida albicans;Staphylococcus haemolyticus	1	high_pathogen_fraction	
20260724T170118Z-prjna1056765-production-descriptive-batch-006	20260724T170118Z-prjna1056765-production-descriptive-batch-006	SRR27343290	done	293614	3167	290447	1.0786	29	7	Homo sapiens	0.4465	Haemophilus influenzae	0.07601	238.0	Haemophilus influenzae;Prevotella melaninogenica;Rothia mucilaginosa	1	high_pathogen_fraction	
20260724T170118Z-prjna1056765-production-descriptive-batch-006	20260724T170118Z-prjna1056765-production-descriptive-batch-006	SRR27343303	done	273713	3416	270297	1.248	29	4	Arabidopsis thaliana	0.40588							
20260724T170118Z-prjna1056765-production-descriptive-batch-006	20260724T170118Z-prjna1056765-production-descriptive-batch-006	SRR27343305	done	271029	3915	267114	1.4445	20	5	Toxoplasma gondii	0.41207	Haemophilus influenzae	0.14917	581.0	Haemophilus influenzae;Streptococcus pneumoniae	1	high_pathogen_fraction	
20260724T170118Z-prjna1056765-production-descriptive-batch-006	20260724T170118Z-prjna1056765-production-descriptive-batch-006	SRR27343316	done	277228	8066	269162	2.9095	9	3	Arabidopsis thaliana	0.69828							
20260724T170118Z-prjna1056765-production-descriptive-batch-006	20260724T170118Z-prjna1056765-production-descriptive-batch-006	SRR27343319	done	290914	4875	286039	1.6758	60	3	Arabidopsis thaliana	0.61102							
20260724T170118Z-prjna1056765-production-descriptive-batch-006	20260724T170118Z-prjna1056765-production-descriptive-batch-006	SRR27343326	done	271219	3681	267538	1.3572	38	9	Toxoplasma gondii	0.47672	Prevotella nigrescens	0.13553	489.0	Prevotella nigrescens;Prevotella sp. oral taxon 475;Prevotella denticola	1	high_pathogen_fraction	
20260724T170118Z-prjna1056765-production-descriptive-batch-006	20260724T170118Z-prjna1056765-production-descriptive-batch-006	SRR27343333	done	282600	3425	279175	1.212	30	3	Homo sapiens	0.56376							
20260724T170118Z-prjna1056765-production-descriptive-batch-006	20260724T170118Z-prjna1056765-production-descriptive-batch-006	SRR27343412	done	278107	3157	274950	1.1352	45	7	Homo sapiens	0.50658							
20260724T170118Z-prjna1056765-production-descriptive-batch-006	20260724T170118Z-prjna1056765-production-descriptive-batch-006	SRR27343480	done	261148	2708	258440	1.037	18	4	Homo sapiens	0.48747							
20260724T170118Z-prjna1056765-production-descriptive-batch-006	20260724T170118Z-prjna1056765-production-descriptive-batch-006	SRR27343481	done	294563	7240	287323	2.4579	28	4	Arabidopsis thaliana	0.64215							
20260724T170118Z-prjna1056765-production-descriptive-batch-006	20260724T170118Z-prjna1056765-production-descriptive-batch-006	SRR27343486	done	280909	5140	275769	1.8298	100	19	Homo sapiens	0.3002	Streptococcus salivarius	0.07923	389.0	Streptococcus salivarius;Rothia mucilaginosa;Streptococcus mitis;Prevotella histicola;Prevotella melaninogenica	1	high_pathogen_fraction	
20260724T170118Z-prjna1056765-production-descriptive-batch-006	20260724T170118Z-prjna1056765-production-descriptive-batch-006	SRR27344015	done	216021	2953	213068	1.367	54	5	Toxoplasma gondii	0.52379	Prevotella melaninogenica	0.02644	75.0	Prevotella melaninogenica;Prevotella jejuni	1	high_pathogen_fraction	
20260724T170118Z-prjna1056765-production-descriptive-batch-006	20260724T170118Z-prjna1056765-production-descriptive-batch-006	SRR27344017	done	244880	4602	240278	1.8793	46	7	Arabidopsis thaliana	0.43075							
20260724T170118Z-prjna1056765-production-descriptive-batch-006	20260724T170118Z-prjna1056765-production-descriptive-batch-006	SRR27344027	done	260668	8742	251926	3.3537	79	16	Arabidopsis thaliana	0.36284	Prevotella melaninogenica	0.0046	39.0	Prevotella melaninogenica;Prevotella nigrescens;Prevotella intermedia;Prevotella jejuni	2	moderate_pathogen_fraction	
20260724T170118Z-prjna1056765-production-descriptive-batch-006	20260724T170118Z-prjna1056765-production-descriptive-batch-006	SRR27344037	done	238495	4105	234390	1.7212	23	5	Toxoplasma gondii	0.38885	Pseudomonas aeruginosa	0.19111	778.0	Pseudomonas aeruginosa;Streptococcus pneumoniae	1	high_pathogen_fraction	
20260724T170118Z-prjna1056765-production-descriptive-batch-006	20260724T170118Z-prjna1056765-production-descriptive-batch-006	SRR27344042	done	237130	10126	227004	4.2702	60	12	Pseudomonas aeruginosa	0.50828	Pseudomonas aeruginosa	0.50828	5094.0	Pseudomonas aeruginosa;Streptococcus anginosus	1	high_pathogen_fraction	
20260724T170118Z-prjna1056765-production-descriptive-batch-007	20260724T170118Z-prjna1056765-production-descriptive-batch-007	SRR27343492	done	283943	2523	281420	0.8886	34	3	Homo sapiens	0.55476							
20260724T170118Z-prjna1056765-production-descriptive-batch-007	20260724T170118Z-prjna1056765-production-descriptive-batch-007	SRR27343498	done	276470	7600	268870	2.7489	21	4	Arabidopsis thaliana	0.75179							
20260724T170118Z-prjna1056765-production-descriptive-batch-007	20260724T170118Z-prjna1056765-production-descriptive-batch-007	SRR27343501	done	255718	3401	252317	1.33	17	3	Toxoplasma gondii	0.46874							
20260724T170118Z-prjna1056765-production-descriptive-batch-007	20260724T170118Z-prjna1056765-production-descriptive-batch-007	SRR27343502	done	301772	4628	297144	1.5336	89	8	Arabidopsis thaliana	0.49976	Prevotella nigrescens	0.00616	26.0	Prevotella nigrescens	2	moderate_pathogen_fraction	
20260724T170118Z-prjna1056765-production-descriptive-batch-007	20260724T170118Z-prjna1056765-production-descriptive-batch-007	SRR27343509	done	283879	4435	279444	1.5623	27	3	Arabidopsis thaliana	0.43238							
20260724T170118Z-prjna1056765-production-descriptive-batch-007	20260724T170118Z-prjna1056765-production-descriptive-batch-007	SRR27343520	done	299746	5502	294244	1.8356	95	19	Toxoplasma gondii	0.35678	Mycobacterium tuberculosis	0.18737	991.0	Mycobacterium tuberculosis;Rothia mucilaginosa;Streptococcus ilei;Streptococcus oralis;Streptococcus mitis	1	high_pathogen_fraction	
20260724T170118Z-prjna1056765-production-descriptive-batch-007	20260724T170118Z-prjna1056765-production-descriptive-batch-007	SRR27343522	done	276255	5830	270425	2.1104	17	6	Homo sapiens	0.30222	Mycobacterium tuberculosis	0.22456	1304.0	Mycobacterium tuberculosis;Candida albicans;Prevotella melaninogenica	1	high_pathogen_fraction	
20260724T170118Z-prjna1056765-production-descriptive-batch-007	20260724T170118Z-prjna1056765-production-descriptive-batch-007	SRR27343526	done	254654	2626	252028	1.0312	37	5	Arabidopsis thaliana	0.43447							
20260724T170118Z-prjna1056765-production-descriptive-batch-007	20260724T170118Z-prjna1056765-production-descriptive-batch-007	SRR27343527	done	278789	3547	275242	1.2723	101	9	Homo sapiens	0.35785	Prevotella melaninogenica	0.01938	63.0	Prevotella melaninogenica;Staphylococcus hominis;Prevotella nigrescens;Prevotella intermedia	1	high_pathogen_fraction	
20260724T170118Z-prjna1056765-production-descriptive-batch-007	20260724T170118Z-prjna1056765-production-descriptive-batch-007	SRR27343696	done	287466	4729	282737	1.6451	64	9	Homo sapiens	0.38824	Streptococcus mitis	0.01721	79.0	Streptococcus mitis;Prevotella melaninogenica	1	high_pathogen_fraction	
20260724T170118Z-prjna1056765-production-descriptive-batch-007	20260724T170118Z-prjna1056765-production-descriptive-batch-007	SRR27343708	done	295107	6895	288212	2.3364	48	9	Klebsiella pneumoniae	0.30385	Klebsiella pneumoniae	0.30385	2068.0	Klebsiella pneumoniae;Acinetobacter baumannii	1	high_pathogen_fraction	
20260724T170118Z-prjna1056765-production-descriptive-batch-007	20260724T170118Z-prjna1056765-production-descriptive-batch-007	SRR27343717	done	294752	2420	292332	0.821	34	5	Homo sapiens	0.55315	Prevotella nigrescens	0.01658	39.0	Prevotella nigrescens;Prevotella denticola	1	high_pathogen_fraction	
20260724T170118Z-prjna1056765-production-descriptive-batch-007	20260724T170118Z-prjna1056765-production-descriptive-batch-007	SRR27343730	done	269616	3267	266349	1.2117	23	3	Homo sapiens	0.37574	Staphylococcus aureus	0.25379	820.0	Staphylococcus aureus	1	high_pathogen_fraction	
20260724T170118Z-prjna1056765-production-descriptive-batch-007	20260724T170118Z-prjna1056765-production-descriptive-batch-007	SRR27343735	done	266085	5578	260507	2.0963	82	16	Arabidopsis thaliana	0.39355	Rothia mucilaginosa	0.0563	297.0	Rothia mucilaginosa;Streptococcus sp. 116-D4;Streptococcus mitis;Streptococcus oralis;Streptococcus toyakuensis	1	high_pathogen_fraction	
20260724T170118Z-prjna1056765-production-descriptive-batch-007	20260724T170118Z-prjna1056765-production-descriptive-batch-007	SRR27343736	done	316749	4180	312569	1.3197	34	4	Homo sapiens	0.54077							
20260724T170118Z-prjna1056765-production-descriptive-batch-007	20260724T170118Z-prjna1056765-production-descriptive-batch-007	SRR27343742	done	263953	4322	259631	1.6374	40	6	Homo sapiens	0.43633	Mycobacterium tuberculosis	0.23003	979.0	Mycobacterium tuberculosis	1	high_pathogen_fraction	
20260724T170118Z-prjna1056765-production-descriptive-batch-007	20260724T170118Z-prjna1056765-production-descriptive-batch-007	SRR27343743	done	271190	4974	266216	1.8341	54	7	Arabidopsis thaliana	0.37903							
20260724T170118Z-prjna1056765-production-descriptive-batch-007	20260724T170118Z-prjna1056765-production-descriptive-batch-007	SRR27343745	done	298264	4521	293743	1.5158	67	7	Arabidopsis thaliana	0.47847	Klebsiella aerogenes	0.0268	117.0	Klebsiella aerogenes;Prevotella jejuni	1	high_pathogen_fraction	
20260724T170118Z-prjna1056765-production-descriptive-batch-007	20260724T170118Z-prjna1056765-production-descriptive-batch-007	SRR27343758	done	276400	9781	266619	3.5387	36	4	Arabidopsis thaliana	0.75304	Prevotella melaninogenica	0.00382	37.0	Prevotella melaninogenica	2	moderate_pathogen_fraction	
20260724T170118Z-prjna1056765-production-descriptive-batch-007	20260724T170118Z-prjna1056765-production-descriptive-batch-007	SRR27343789	done	281348	3352	277996	1.1914	23	4	Homo sapiens	0.48237							
20260724T170118Z-prjna1056765-production-descriptive-batch-008	20260724T170118Z-prjna1056765-production-descriptive-batch-008	SRR27343275	done	335886	2422	333464	0.7211	26	3	Homo sapiens	0.76655							
20260724T170118Z-prjna1056765-production-descriptive-batch-008	20260724T170118Z-prjna1056765-production-descriptive-batch-008	SRR27343276	done	329376	18937	310439	5.7494	41	5	Pseudomonas aeruginosa	0.91283	Pseudomonas aeruginosa	0.91283	17226.0	Pseudomonas aeruginosa;Pseudomonas putida	1	high_pathogen_fraction	
20260724T170118Z-prjna1056765-production-descriptive-batch-008	20260724T170118Z-prjna1056765-production-descriptive-batch-008	SRR27343281	done	302634	3513	299121	1.1608	21	3	Toxoplasma gondii	0.54389							
20260724T170118Z-prjna1056765-production-descriptive-batch-008	20260724T170118Z-prjna1056765-production-descriptive-batch-008	SRR27343306	done	311515	4276	307239	1.3726	80	6	Arabidopsis thaliana	0.36911	Prevotella melaninogenica	0.00957	38.0	Prevotella melaninogenica;Prevotella intermedia;Rothia mucilaginosa	2	moderate_pathogen_fraction	
20260724T170118Z-prjna1056765-production-descriptive-batch-008	20260724T170118Z-prjna1056765-production-descriptive-batch-008	SRR27343317	done	291210	3479	287731	1.1947	18	5	Toxoplasma gondii	0.42521							
20260724T170118Z-prjna1056765-production-descriptive-batch-008	20260724T170118Z-prjna1056765-production-descriptive-batch-008	SRR27343321	done	297448	6614	290834	2.2236	59	5	Toxoplasma gondii	0.68009	Rothia mucilaginosa	0.00418	27.0	Rothia mucilaginosa	2	moderate_pathogen_fraction	
20260724T170118Z-prjna1056765-production-descriptive-batch-008	20260724T170118Z-prjna1056765-production-descriptive-batch-008	SRR27343322	done	289964	3208	286756	1.1063	12	3	Homo sapiens	0.48378							
20260724T170118Z-prjna1056765-production-descriptive-batch-008	20260724T170118Z-prjna1056765-production-descriptive-batch-008	SRR27343330	done	325981	4763	321218	1.4611	31	5	Homo sapiens	0.40933	Mycobacterium tuberculosis	0.14401	679.0	Mycobacterium tuberculosis	1	high_pathogen_fraction	
20260724T170118Z-prjna1056765-production-descriptive-batch-008	20260724T170118Z-prjna1056765-production-descriptive-batch-008	SRR27343331	done	346336	6099	340237	1.761	31	4	Homo sapiens	0.35989							
20260724T170118Z-prjna1056765-production-descriptive-batch-008	20260724T170118Z-prjna1056765-production-descriptive-batch-008	SRR27343791	done	298092	6740	291352	2.261	18	4	Toxoplasma gondii	0.35698	Haemophilus influenzae	0.31247	2092.0	Haemophilus influenzae	1	high_pathogen_fraction	
20260724T170118Z-prjna1056765-production-descriptive-batch-008	20260724T170118Z-prjna1056765-production-descriptive-batch-008	SRR27343796	done	254264	6462	247802	2.5415	62	8	Toxoplasma gondii	0.30946	Stenotrophomonas maltophilia	0.15687	990.0	Stenotrophomonas maltophilia;Prevotella melaninogenica;Streptococcus sanguinis	1	high_pathogen_fraction	
20260724T170118Z-prjna1056765-production-descriptive-batch-008	20260724T170118Z-prjna1056765-production-descriptive-batch-008	SRR27343836	done	252059	5014	247045	1.9892	14	3	Arabidopsis thaliana	0.42949							
20260724T170118Z-prjna1056765-production-descriptive-batch-008	20260724T170118Z-prjna1056765-production-descriptive-batch-008	SRR27343846	done	290139	4796	285343	1.653	32	7	Arabidopsis thaliana	0.34868							
20260724T170118Z-prjna1056765-production-descriptive-batch-008	20260724T170118Z-prjna1056765-production-descriptive-batch-008	SRR27343852	done	272603	2705	269898	0.9923	44	4	Homo sapiens	0.53403							
20260724T170118Z-prjna1056765-production-descriptive-batch-008	20260724T170118Z-prjna1056765-production-descriptive-batch-008	SRR27343857	done	252277	3087	249190	1.2237	64	11	Homo sapiens	0.41261	Prevotella jejuni	0.01942	57.0	Prevotella jejuni;Prevotella melaninogenica;Streptococcus sanguinis;Prevotella veroralis;Veillonella parvula	1	high_pathogen_fraction	
20260724T170118Z-prjna1056765-production-descriptive-batch-008	20260724T170118Z-prjna1056765-production-descriptive-batch-008	SRR27343898	done	292445	3796	288649	1.298	22	4	Homo sapiens	0.44569							
20260724T170118Z-prjna1056765-production-descriptive-batch-008	20260724T170118Z-prjna1056765-production-descriptive-batch-008	SRR27344024	done	288331	3171	285160	1.0998	55	10	Homo sapiens	0.51366	Prevotella intermedia	0.04541	138.0	Prevotella intermedia;Prevotella oris;Prevotella melaninogenica	1	high_pathogen_fraction	
20260724T170118Z-prjna1056765-production-descriptive-batch-008	20260724T170118Z-prjna1056765-production-descriptive-batch-008	SRR27344026	done	270601	6659	263942	2.4608	62	7	Arabidopsis thaliana	0.59571	Rothia mucilaginosa	0.02796	181.0	Rothia mucilaginosa;Streptococcus mitis;Prevotella melaninogenica	1	high_pathogen_fraction	
20260724T170118Z-prjna1056765-production-descriptive-batch-008	20260724T170118Z-prjna1056765-production-descriptive-batch-008	SRR27344030	done	253008	4596	248412	1.8165	47	4	Toxoplasma gondii	0.35512	Prevotella melaninogenica	0.00625	28.0	Prevotella melaninogenica	2	moderate_pathogen_fraction	
20260724T170118Z-prjna1056765-production-descriptive-batch-008	20260724T170118Z-prjna1056765-production-descriptive-batch-008	SRR27344040	done	268773	14089	254684	5.242	101	6	Pseudomonas aeruginosa	0.87347	Pseudomonas aeruginosa	0.87347	12046.0	Pseudomonas aeruginosa;Pseudomonas putida;Rothia mucilaginosa	1	high_pathogen_fraction	
20260724T170118Z-prjna1056765-production-descriptive-batch-009	20260724T170118Z-prjna1056765-production-descriptive-batch-009	SRR27343462	done	308104	4089	304015	1.3271	31	5	Toxoplasma gondii	0.37457	Streptococcus mitis	0.02251	91.0	Streptococcus mitis;Candida albicans	1	high_pathogen_fraction	
20260724T170118Z-prjna1056765-production-descriptive-batch-009	20260724T170118Z-prjna1056765-production-descriptive-batch-009	SRR27343466	done	301078	4284	296794	1.4229	22	3	Toxoplasma gondii	0.41113							
20260724T170118Z-prjna1056765-production-descriptive-batch-009	20260724T170118Z-prjna1056765-production-descriptive-batch-009	SRR27343474	done	354124	8062	346062	2.2766	90	11	Arabidopsis thaliana	0.25269	Staphylococcus epidermidis	0.00621	49.0	Staphylococcus epidermidis;Prevotella melaninogenica	2	moderate_pathogen_fraction	
20260724T170118Z-prjna1056765-production-descriptive-batch-009	20260724T170118Z-prjna1056765-production-descriptive-batch-009	SRR27343476	done	319341	7691	311650	2.4084	37	4	Arabidopsis thaliana	0.594							
20260724T170118Z-prjna1056765-production-descriptive-batch-009	20260724T170118Z-prjna1056765-production-descriptive-batch-009	SRR27343478	done	328144	4626	323518	1.4097	16	4	Homo sapiens	0.39657	Pseudomonas aeruginosa	0.10604	488.0	Pseudomonas aeruginosa	1	high_pathogen_fraction	
20260724T170118Z-prjna1056765-production-descriptive-batch-009	20260724T170118Z-prjna1056765-production-descriptive-batch-009	SRR27343493	done	333158	7310	325848	2.1942	96	6	Arabidopsis thaliana	0.65093	Rothia mucilaginosa	0.00799	56.0	Rothia mucilaginosa;Veillonella parvula	2	moderate_pathogen_fraction	
20260724T170118Z-prjna1056765-production-descriptive-batch-009	20260724T170118Z-prjna1056765-production-descriptive-batch-009	SRR27343514	done	338310	4851	333459	1.4339	21	4	Homo sapiens	0.60912	Mycobacterium tuberculosis	0.12497	603.0	Mycobacterium tuberculosis	1	high_pathogen_fraction	
20260724T170118Z-prjna1056765-production-descriptive-batch-009	20260724T170118Z-prjna1056765-production-descriptive-batch-009	SRR27343602	done	337360	5542	331818	1.6428	41	7	Arabidopsis thaliana	0.47875	Streptococcus mitis	0.01337	73.0	Streptococcus mitis;Rothia mucilaginosa;Legionella pneumophila	1	high_pathogen_fraction	
20260724T170118Z-prjna1056765-production-descriptive-batch-009	20260724T170118Z-prjna1056765-production-descriptive-batch-009	SRR27343664	done	343023	5692	337331	1.6594	67	15	Toxoplasma gondii	0.26854	Prevotella melaninogenica	0.00922	51.0	Prevotella melaninogenica;Prevotella intermedia;Rothia mucilaginosa	2	moderate_pathogen_fraction	
20260724T170118Z-prjna1056765-production-descriptive-batch-009	20260724T170118Z-prjna1056765-production-descriptive-batch-009	SRR27343714	done	306431	6489	299942	2.1176	55	4	Arabidopsis thaliana	0.50958							
20260724T170118Z-prjna1056765-production-descriptive-batch-009	20260724T170118Z-prjna1056765-production-descriptive-batch-009	SRR27343716	done	304786	5493	299293	1.8022	55	11	Toxoplasma gondii	0.39306	Prevotella enoeca	0.08726	470.0	Prevotella enoeca;Prevotella melaninogenica;Prevotella nigrescens;Prevotella denticola;Prevotella intermedia	1	high_pathogen_fraction	
20260724T170118Z-prjna1056765-production-descriptive-batch-009	20260724T170118Z-prjna1056765-production-descriptive-batch-009	SRR27343737	done	345829	7385	338444	2.1354	40	5	Arabidopsis thaliana	0.69222							
20260724T170118Z-prjna1056765-production-descriptive-batch-009	20260724T170118Z-prjna1056765-production-descriptive-batch-009	SRR27343751	done	301416	3555	297861	1.1794	25	3	Homo sapiens	0.54088							
20260724T170118Z-prjna1056765-production-descriptive-batch-009	20260724T170118Z-prjna1056765-production-descriptive-batch-009	SRR27343766	done	328285	12255	316030	3.733	74	6	Arabidopsis thaliana	0.77675							
20260724T170118Z-prjna1056765-production-descriptive-batch-009	20260724T170118Z-prjna1056765-production-descriptive-batch-009	SRR27343771	done	341358	9538	331820	2.7941	58	4	Arabidopsis thaliana	0.66328							
20260724T170118Z-prjna1056765-production-descriptive-batch-009	20260724T170118Z-prjna1056765-production-descriptive-batch-009	SRR27343782	done	346595	4480	342115	1.2926	52	7	Homo sapiens	0.41757							
20260724T170118Z-prjna1056765-production-descriptive-batch-009	20260724T170118Z-prjna1056765-production-descriptive-batch-009	SRR27343794	done	304798	8903	295895	2.921	29	5	Arabidopsis thaliana	0.70584							
20260724T170118Z-prjna1056765-production-descriptive-batch-009	20260724T170118Z-prjna1056765-production-descriptive-batch-009	SRR27343816	done	305640	7281	298359	2.3822	31	3	Arabidopsis thaliana	0.72281							
20260724T170118Z-prjna1056765-production-descriptive-batch-009	20260724T170118Z-prjna1056765-production-descriptive-batch-009	SRR27343825	done	314755	4271	310484	1.3569	37	5	Homo sapiens	0.3559	Cryptococcus neoformans	0.00502	21.0	Cryptococcus neoformans	2	moderate_pathogen_fraction	
20260724T170118Z-prjna1056765-production-descriptive-batch-009	20260724T170118Z-prjna1056765-production-descriptive-batch-009	SRR27343827	done	337415	3866	333549	1.1458	26	4	Arabidopsis thaliana	0.41717							
20260724T170118Z-prjna1056765-production-descriptive-batch-010	20260724T170118Z-prjna1056765-production-descriptive-batch-010	SRR27343200	done	352268	4958	347310	1.4075	63	5	Homo sapiens	0.48151	Prevotella melaninogenica	0.0048	23.0	Prevotella melaninogenica	2	moderate_pathogen_fraction	
20260724T170118Z-prjna1056765-production-descriptive-batch-010	20260724T170118Z-prjna1056765-production-descriptive-batch-010	SRR27343223	done	343961	3156	340805	0.9175	19	4	Homo sapiens	0.50678							
20260724T170118Z-prjna1056765-production-descriptive-batch-010	20260724T170118Z-prjna1056765-production-descriptive-batch-010	SRR27343261	done	337062	8116	328946	2.4079	150	34	Arabidopsis thaliana	0.30301	Staphylococcus aureus	0.06966	543.0	Staphylococcus aureus;Prevotella intermedia;Haemophilus haemolyticus;Streptococcus oralis;Streptococcus pneumoniae	1	high_pathogen_fraction	
20260724T170118Z-prjna1056765-production-descriptive-batch-010	20260724T170118Z-prjna1056765-production-descriptive-batch-010	SRR27343273	done	389533	6755	382778	1.7341	126	19	Homo sapiens	0.36254	Rothia mucilaginosa	0.08561	549.0	Rothia mucilaginosa;Veillonella parvula;Prevotella melaninogenica	1	high_pathogen_fraction	
20260724T170118Z-prjna1056765-production-descriptive-batch-010	20260724T170118Z-prjna1056765-production-descriptive-batch-010	SRR27343291	done	399432	13467	385965	3.3715	36	6	Stenotrophomonas maltophilia	0.30131	Stenotrophomonas maltophilia	0.30131	4036.0	Stenotrophomonas maltophilia;Candida albicans;Candida dubliniensis	1	high_pathogen_fraction	
20260724T170118Z-prjna1056765-production-descriptive-batch-010	20260724T170118Z-prjna1056765-production-descriptive-batch-010	SRR27343296	done	368961	6859	362102	1.859	44	9	Staphylococcus haemolyticus	0.45383	Staphylococcus haemolyticus	0.45383	3067.0	Staphylococcus haemolyticus;Enterococcus faecium	1	high_pathogen_fraction	
20260724T170118Z-prjna1056765-production-descriptive-batch-010	20260724T170118Z-prjna1056765-production-descriptive-batch-010	SRR27343302	done	380231	2583	377648	0.6793	26	3	Homo sapiens	0.52986							
20260724T170118Z-prjna1056765-production-descriptive-batch-010	20260724T170118Z-prjna1056765-production-descriptive-batch-010	SRR27343383	done	343180	6743	336437	1.9649	149	20	Arabidopsis thaliana	0.54515	Klebsiella pneumoniae	0.11889	757.0	Klebsiella pneumoniae;Streptococcus mitis;Streptococcus oralis;Streptococcus gwangjuense;Streptococcus pneumoniae	1	high_pathogen_fraction	
20260724T170118Z-prjna1056765-production-descriptive-batch-010	20260724T170118Z-prjna1056765-production-descriptive-batch-010	SRR27343394	done	404855	15153	389702	3.7428	45	7	Arabidopsis thaliana	0.76081							
20260724T170118Z-prjna1056765-production-descriptive-batch-010	20260724T170118Z-prjna1056765-production-descriptive-batch-010	SRR27343436	done	348125	2546	345579	0.7313	20	3	Homo sapiens	0.41573							
20260724T170118Z-prjna1056765-production-descriptive-batch-010	20260724T170118Z-prjna1056765-production-descriptive-batch-010	SRR27343503	done	360364	4613	355751	1.2801	90	9	Arabidopsis thaliana	0.48066	Staphylococcus hominis	0.01138	50.0	Staphylococcus hominis;Acinetobacter johnsonii;Staphylococcus epidermidis	1	high_pathogen_fraction	
20260724T170118Z-prjna1056765-production-descriptive-batch-010	20260724T170118Z-prjna1056765-production-descriptive-batch-010	SRR27343512	done	342267	6161	336106	1.8001	99	10	Toxoplasma gondii	0.57798	Prevotella melaninogenica	0.01294	75.0	Prevotella melaninogenica;Rothia mucilaginosa;Prevotella jejuni;Veillonella atypica;Prevotella histicola	1	high_pathogen_fraction	
20260724T170118Z-prjna1056765-production-descriptive-batch-010	20260724T170118Z-prjna1056765-production-descriptive-batch-010	SRR27343519	done	374362	4943	369419	1.3204	19	2	Homo sapiens	0.74719							
20260724T170118Z-prjna1056765-production-descriptive-batch-010	20260724T170118Z-prjna1056765-production-descriptive-batch-010	SRR27343831	done	329571	2923	326648	0.8869	23	4	Homo sapiens	0.49199							
20260724T170118Z-prjna1056765-production-descriptive-batch-010	20260724T170118Z-prjna1056765-production-descriptive-batch-010	SRR27343864	done	282106	3391	278715	1.202	50	9	Toxoplasma gondii	0.42515	Pseudomonas aeruginosa	0.14394	475.0	Pseudomonas aeruginosa;Streptococcus salivarius;Prevotella jejuni;Rothia mucilaginosa;Veillonella atypica	1	high_pathogen_fraction	
20260724T170118Z-prjna1056765-production-descriptive-batch-010	20260724T170118Z-prjna1056765-production-descriptive-batch-010	SRR27343866	done	342334	16323	326011	4.7682	63	16	Tannerella forsythia	0.45249	Prevotella intermedia	0.00583	94.0	Prevotella intermedia	2	moderate_pathogen_fraction	
20260724T170118Z-prjna1056765-production-descriptive-batch-010	20260724T170118Z-prjna1056765-production-descriptive-batch-010	SRR27344012	done	336532	14323	322209	4.2561	37	4	Pseudomonas aeruginosa	0.78688	Pseudomonas aeruginosa	0.78688	11213.0	Pseudomonas aeruginosa	1	high_pathogen_fraction	
20260724T170118Z-prjna1056765-production-descriptive-batch-010	20260724T170118Z-prjna1056765-production-descriptive-batch-010	SRR27344031	done	314684	5790	308894	1.8399	50	5	Arabidopsis thaliana	0.49225	Prevotella nigrescens	0.00387	22.0	Prevotella nigrescens	2	moderate_pathogen_fraction	
20260724T170118Z-prjna1056765-production-descriptive-batch-010	20260724T170118Z-prjna1056765-production-descriptive-batch-010	SRR27344033	done	318527	4549	313978	1.4281	130	29	Homo sapiens	0.23292	Streptococcus mitis	0.0508	200.0	Streptococcus mitis;Rothia mucilaginosa;Streptococcus oralis;Prevotella melaninogenica;Staphylococcus epidermidis	1	high_pathogen_fraction	
20260724T170118Z-prjna1056765-production-descriptive-batch-010	20260724T170118Z-prjna1056765-production-descriptive-batch-010	SRR27344044	done	310865	5480	305385	1.7628	42	5	Toxoplasma gondii	0.36276	Pseudomonas aeruginosa	0.29933	1614.0	Pseudomonas aeruginosa	1	high_pathogen_fraction	
20260724T170118Z-prjna1056765-production-descriptive-batch-011	20260724T170118Z-prjna1056765-production-descriptive-batch-011	SRR27343554	done	364516	5002	359514	1.3722	26	4	Homo sapiens	0.38648							
20260724T170118Z-prjna1056765-production-descriptive-batch-011	20260724T170118Z-prjna1056765-production-descriptive-batch-011	SRR27343636	done	338499	5711	332788	1.6872	46	5	Homo sapiens	0.35875	Prevotella intermedia	0.00481	27.0	Prevotella intermedia	2	moderate_pathogen_fraction	
20260724T170118Z-prjna1056765-production-descriptive-batch-011	20260724T170118Z-prjna1056765-production-descriptive-batch-011	SRR27343686	done	355452	4123	351329	1.1599	53	7	Homo sapiens	0.34601							
20260724T170118Z-prjna1056765-production-descriptive-batch-011	20260724T170118Z-prjna1056765-production-descriptive-batch-011	SRR27343709	done	359766	5672	354094	1.5766	26	4	Homo sapiens	0.34397							
20260724T170118Z-prjna1056765-production-descriptive-batch-011	20260724T170118Z-prjna1056765-production-descriptive-batch-011	SRR27343711	done	369933	6702	363231	1.8117	39	7	Toxoplasma gondii	0.44987	Prevotella melaninogenica	0.19644	1303.0	Prevotella melaninogenica;Prevotella intermedia;Prevotella jejuni	1	high_pathogen_fraction	
20260724T170118Z-prjna1056765-production-descriptive-batch-011	20260724T170118Z-prjna1056765-production-descriptive-batch-011	SRR27343713	done	338720	5565	333155	1.6429	44	4	Arabidopsis thaliana	0.53828							
20260724T170118Z-prjna1056765-production-descriptive-batch-011	20260724T170118Z-prjna1056765-production-descriptive-batch-011	SRR27343718	done	342869	2883	339986	0.8408	46	7	Homo sapiens	0.47434	Streptococcus sanguinis	0.01238	34.0	Streptococcus sanguinis;Veillonella parvula;Rothia mucilaginosa	1	high_pathogen_fraction	
20260724T170118Z-prjna1056765-production-descriptive-batch-011	20260724T170118Z-prjna1056765-production-descriptive-batch-011	SRR27343721	done	349989	11612	338377	3.3178	22	4	Pseudomonas aeruginosa	0.75639	Pseudomonas aeruginosa	0.75639	8765.0	Pseudomonas aeruginosa	1	high_pathogen_fraction	
20260724T170118Z-prjna1056765-production-descriptive-batch-011	20260724T170118Z-prjna1056765-production-descriptive-batch-011	SRR27343722	done	340437	4982	335455	1.4634	38	6	Arabidopsis thaliana	0.33537	Klebsiella pneumoniae	0.04945	243.0	Klebsiella pneumoniae;Rothia mucilaginosa	1	high_pathogen_fraction	
20260724T170118Z-prjna1056765-production-descriptive-batch-011	20260724T170118Z-prjna1056765-production-descriptive-batch-011	SRR27343728	done	366866	6684	360182	1.8219	33	3	Arabidopsis thaliana	0.62821							
20260724T170118Z-prjna1056765-production-descriptive-batch-011	20260724T170118Z-prjna1056765-production-descriptive-batch-011	SRR27343732	done	379525	8658	370867	2.2813	124	30	Toxoplasma gondii	0.21304	Streptococcus mitis	0.12613	1058.0	Streptococcus mitis;Streptococcus oralis;Streptococcus pneumoniae;Streptococcus toyakuensis;Streptococcus gwangjuense	1	high_pathogen_fraction	
20260724T170118Z-prjna1056765-production-descriptive-batch-011	20260724T170118Z-prjna1056765-production-descriptive-batch-011	SRR27343740	done	352085	5755	346330	1.6345	31	3	Arabidopsis thaliana	0.46208							
20260724T170118Z-prjna1056765-production-descriptive-batch-011	20260724T170118Z-prjna1056765-production-descriptive-batch-011	SRR27343754	done	342996	10142	332854	2.9569	64	6	Arabidopsis thaliana	0.74061	Prevotella melaninogenica	0.00644	64.0	Prevotella melaninogenica;Rothia mucilaginosa	2	moderate_pathogen_fraction	
20260724T170118Z-prjna1056765-production-descriptive-batch-011	20260724T170118Z-prjna1056765-production-descriptive-batch-011	SRR27343755	done	367461	4693	362768	1.2771	31	4	Arabidopsis thaliana	0.49498							
20260724T170118Z-prjna1056765-production-descriptive-batch-011	20260724T170118Z-prjna1056765-production-descriptive-batch-011	SRR27343760	done	392265	7457	384808	1.901	37	4	Arabidopsis thaliana	0.39364							
20260724T170118Z-prjna1056765-production-descriptive-batch-011	20260724T170118Z-prjna1056765-production-descriptive-batch-011	SRR27343779	done	394663	9363	385300	2.3724	135	10	Arabidopsis thaliana	0.63468	Acinetobacter baumannii	0.02294	208.0	Acinetobacter baumannii;Acinetobacter nosocomialis	1	high_pathogen_fraction	
20260724T170118Z-prjna1056765-production-descriptive-batch-011	20260724T170118Z-prjna1056765-production-descriptive-batch-011	SRR27343787	done	393131	4754	388377	1.2093	35	4	Arabidopsis thaliana	0.34973							
20260724T170118Z-prjna1056765-production-descriptive-batch-011	20260724T170118Z-prjna1056765-production-descriptive-batch-011	SRR27343800	done	365532	3732	361800	1.021	22	5	Homo sapiens	0.36275							
20260724T170118Z-prjna1056765-production-descriptive-batch-011	20260724T170118Z-prjna1056765-production-descriptive-batch-011	SRR27343822	done	371090	5516	365574	1.4864	26	4	Toxoplasma gondii	0.41377							
20260724T170118Z-prjna1056765-production-descriptive-batch-011	20260724T170118Z-prjna1056765-production-descriptive-batch-011	SRR27343934	done	356531	5107	351424	1.4324	72	12	Homo sapiens	0.41884	Klebsiella variicola	0.00424	21.0	Klebsiella variicola	2	moderate_pathogen_fraction	
20260724T170118Z-prjna1056765-production-descriptive-batch-012	20260724T170118Z-prjna1056765-production-descriptive-batch-012	SRR27343313	done	405489	9081	396408	2.2395	34	5	Arabidopsis thaliana	0.45371	Prevotella melaninogenica	0.00355	32.0	Prevotella melaninogenica	2	moderate_pathogen_fraction	
20260724T170118Z-prjna1056765-production-descriptive-batch-012	20260724T170118Z-prjna1056765-production-descriptive-batch-012	SRR27343458	done	432380	4665	427715	1.0789	81	17	Homo sapiens	0.23804	Prevotella intermedia	0.1692	757.0	Prevotella intermedia;Prevotella oris;Prevotella enoeca;Rothia mucilaginosa;Prevotella nigrescens	1	high_pathogen_fraction	
20260724T170118Z-prjna1056765-production-descriptive-batch-012	20260724T170118Z-prjna1056765-production-descriptive-batch-012	SRR27343468	done	373043	8141	364902	2.1823	117	26	Pyramidobacter piscolens	0.23892	Prevotella fusca	0.05292	418.0	Prevotella fusca;Prevotella intermedia;Streptococcus anginosus;Prevotella nigrescens;Streptococcus equi	1	high_pathogen_fraction	
20260724T170118Z-prjna1056765-production-descriptive-batch-012	20260724T170118Z-prjna1056765-production-descriptive-batch-012	SRR27343516	done	432452	16157	416295	3.7361	22	4	Arabidopsis thaliana	0.85295							
20260724T170118Z-prjna1056765-production-descriptive-batch-012	20260724T170118Z-prjna1056765-production-descriptive-batch-012	SRR27343577	done	444648	31193	413455	7.0152	71	14	Corynebacterium striatum	0.52112	Staphylococcus aureus	0.10826	3362.0	Staphylococcus aureus	1	high_pathogen_fraction	
20260724T170118Z-prjna1056765-production-descriptive-batch-012	20260724T170118Z-prjna1056765-production-descriptive-batch-012	SRR27343601	done	357014	4647	352367	1.3016	41	4	Haemophilus influenzae	0.41463	Haemophilus influenzae	0.41463	1899.0	Haemophilus influenzae	1	high_pathogen_fraction	
20260724T170118Z-prjna1056765-production-descriptive-batch-012	20260724T170118Z-prjna1056765-production-descriptive-batch-012	SRR27343704	done	376468	6736	369732	1.7893	55	7	Arabidopsis thaliana	0.62132	Streptococcus salivarius	0.02646	175.0	Streptococcus salivarius;Veillonella parvula;Veillonella atypica	1	high_pathogen_fraction	
20260724T170118Z-prjna1056765-production-descriptive-batch-012	20260724T170118Z-prjna1056765-production-descriptive-batch-012	SRR27343705	done	404729	7805	396924	1.9285	64	11	Homo sapiens	0.45985							
20260724T170118Z-prjna1056765-production-descriptive-batch-012	20260724T170118Z-prjna1056765-production-descriptive-batch-012	SRR27343707	done	408547	12348	396199	3.0224	67	8	Arabidopsis thaliana	0.69002	Rothia mucilaginosa	0.00617	75.0	Rothia mucilaginosa;Streptococcus infantis;Cryptococcus neoformans	2	moderate_pathogen_fraction	
20260724T170118Z-prjna1056765-production-descriptive-batch-012	20260724T170118Z-prjna1056765-production-descriptive-batch-012	SRR27343719	done	403293	13796	389497	3.4208	59	7	Haemophilus influenzae	0.54664	Haemophilus influenzae	0.54664	7449.0	Haemophilus influenzae;Rothia mucilaginosa;Haemophilus parainfluenzae	1	high_pathogen_fraction	
20260724T170118Z-prjna1056765-production-descriptive-batch-012	20260724T170118Z-prjna1056765-production-descriptive-batch-012	SRR27343720	done	360076	4550	355526	1.2636	29	3	Toxoplasma gondii	0.37539							
20260724T170118Z-prjna1056765-production-descriptive-batch-012	20260724T170118Z-prjna1056765-production-descriptive-batch-012	SRR27343731	done	377860	6954	370906	1.8404	66	8	Arabidopsis thaliana	0.37871	Rothia mucilaginosa	0.0124	84.0	Rothia mucilaginosa;Haemophilus parainfluenzae;Prevotella nigrescens	1	high_pathogen_fraction	
20260724T170118Z-prjna1056765-production-descriptive-batch-012	20260724T170118Z-prjna1056765-production-descriptive-batch-012	SRR27343739	done	435878	5504	430374	1.2627	99	15	Homo sapiens	0.31901	Streptococcus mitis	0.0147	78.0	Streptococcus mitis;Acinetobacter junii;Haemophilus parainfluenzae;Rothia mucilaginosa;Staphylococcus hominis	1	high_pathogen_fraction	
20260724T170118Z-prjna1056765-production-descriptive-batch-012	20260724T170118Z-prjna1056765-production-descriptive-batch-012	SRR27343744	done	410543	5532	405011	1.3475	48	11	Burkholderia cenocepacia	0.45745	Burkholderia cenocepacia	0.45745	2494.0	Burkholderia cenocepacia;Burkholderia aenigmatica;Burkholderia cepacia;Burkholderia contaminans	1	high_pathogen_fraction	
20260724T170118Z-prjna1056765-production-descriptive-batch-012	20260724T170118Z-prjna1056765-production-descriptive-batch-012	SRR27343804	done	405355	6697	398658	1.6521	78	16	Homo sapiens	0.28149	Rothia mucilaginosa	0.01531	100.0	Rothia mucilaginosa;Veillonella parvula;Prevotella jejuni;Candida albicans;Prevotella melaninogenica	1	high_pathogen_fraction	
20260724T170118Z-prjna1056765-production-descriptive-batch-012	20260724T170118Z-prjna1056765-production-descriptive-batch-012	SRR27343807	done	378411	6772	371639	1.7896	16	4	Arabidopsis thaliana	0.61015	Cryptococcus neoformans	0.00282	19.0	Cryptococcus neoformans	2	moderate_pathogen_fraction	
20260724T170118Z-prjna1056765-production-descriptive-batch-012	20260724T170118Z-prjna1056765-production-descriptive-batch-012	SRR27344029	done	368981	4896	364085	1.3269	25	7	Arabidopsis thaliana	0.43623	Staphylococcus haemolyticus	0.01294	62.0	Staphylococcus haemolyticus;Cryptococcus neoformans	1	high_pathogen_fraction	
20260724T170118Z-prjna1056765-production-descriptive-batch-012	20260724T170118Z-prjna1056765-production-descriptive-batch-012	SRR27344035	done	335884	7129	328755	2.1225	28	5	Haemophilus influenzae	0.68527	Haemophilus influenzae	0.68527	4851.0	Haemophilus influenzae;Haemophilus haemolyticus	1	high_pathogen_fraction	
20260724T170118Z-prjna1056765-production-descriptive-batch-012	20260724T170118Z-prjna1056765-production-descriptive-batch-012	SRR27344041	done	335357	4206	331151	1.2542	25	5	Haemophilus influenzae	0.40441	Haemophilus influenzae	0.40441	1686.0	Haemophilus influenzae	1	high_pathogen_fraction	
20260724T170118Z-prjna1056765-production-descriptive-batch-012	20260724T170118Z-prjna1056765-production-descriptive-batch-012	SRR27344045	done	370064	2000	368064	0.5404	30	4	Homo sapiens	0.44615	Haemophilus influenzae	0.08627	169.0	Haemophilus influenzae	1	high_pathogen_fraction	
20260724T170118Z-prjna1056765-production-descriptive-batch-013	20260724T170118Z-prjna1056765-production-descriptive-batch-013	SRR27343304	done	410283	5654	404629	1.3781	24	4	Toxoplasma gondii	0.52789							
20260724T170118Z-prjna1056765-production-descriptive-batch-013	20260724T170118Z-prjna1056765-production-descriptive-batch-013	SRR27343307	done	419897	6020	413877	1.4337	29	3	Homo sapiens	0.39594							
20260724T170118Z-prjna1056765-production-descriptive-batch-013	20260724T170118Z-prjna1056765-production-descriptive-batch-013	SRR27343471	done	476290	9883	466407	2.075	171	44	Arabidopsis thaliana	0.29229	Rothia mucilaginosa	0.04153	395.0	Rothia mucilaginosa;Streptococcus mitis;Haemophilus parainfluenzae;Streptococcus parasanguinis;Streptococcus salivarius	1	high_pathogen_fraction	
20260724T170118Z-prjna1056765-production-descriptive-batch-013	20260724T170118Z-prjna1056765-production-descriptive-batch-013	SRR27343491	done	477007	8011	468996	1.6794	80	8	Homo sapiens	0.37769	Prevotella jejuni	0.00331	26.0	Prevotella jejuni;Rothia mucilaginosa	2	moderate_pathogen_fraction	
20260724T170118Z-prjna1056765-production-descriptive-batch-013	20260724T170118Z-prjna1056765-production-descriptive-batch-013	SRR27343706	done	447529	9362	438167	2.0919	79	10	Arabidopsis thaliana	0.59369	Prevotella melaninogenica	0.00675	62.0	Prevotella melaninogenica;Rothia mucilaginosa;Veillonella rogosae;Haemophilus parainfluenzae;Prevotella jejuni	2	moderate_pathogen_fraction	
20260724T170118Z-prjna1056765-production-descriptive-batch-013	20260724T170118Z-prjna1056765-production-descriptive-batch-013	SRR27343723	done	411120	4256	406864	1.0352	23	3	Homo sapiens	0.4751							
20260724T170118Z-prjna1056765-production-descriptive-batch-013	20260724T170118Z-prjna1056765-production-descriptive-batch-013	SRR27343733	done	446993	5897	441096	1.3193	35	5	Homo sapiens	0.38512							
20260724T170118Z-prjna1056765-production-descriptive-batch-013	20260724T170118Z-prjna1056765-production-descriptive-batch-013	SRR27343777	done	470924	5876	465048	1.2478	113	15	Arabidopsis thaliana	0.43099	Acinetobacter baumannii	0.02675	150.0	Acinetobacter baumannii;Streptococcus intermedius;Acinetobacter nosocomialis;Prevotella melaninogenica;Haemophilus parainfluenzae	1	high_pathogen_fraction	
20260724T170118Z-prjna1056765-production-descriptive-batch-013	20260724T170118Z-prjna1056765-production-descriptive-batch-013	SRR27343790	done	465427	7333	458094	1.5755	30	7	Homo sapiens	0.36891	Cryptococcus neoformans	0.0273	199.0	Cryptococcus neoformans	1	high_pathogen_fraction	
20260724T170118Z-prjna1056765-production-descriptive-batch-013	20260724T170118Z-prjna1056765-production-descriptive-batch-013	SRR27343814	done	402674	9330	393344	2.317	41	4	Arabidopsis thaliana	0.67666							
20260724T170118Z-prjna1056765-production-descriptive-batch-013	20260724T170118Z-prjna1056765-production-descriptive-batch-013	SRR27343826	done	466893	6113	460780	1.3093	78	18	Arabidopsis thaliana	0.76318	Prevotella melaninogenica	0.02535	149.0	Prevotella melaninogenica;Rothia mucilaginosa;Streptococcus rubneri;Streptococcus ilei;Haemophilus parainfluenzae	1	high_pathogen_fraction	
20260724T170118Z-prjna1056765-production-descriptive-batch-013	20260724T170118Z-prjna1056765-production-descriptive-batch-013	SRR27343829	done	445850	5355	440495	1.2011	17	4	Homo sapiens	0.50799							
20260724T170118Z-prjna1056765-production-descriptive-batch-013	20260724T170118Z-prjna1056765-production-descriptive-batch-013	SRR27343832	done	404103	6714	397389	1.6615	19	3	Toxoplasma gondii	0.38242							
20260724T170118Z-prjna1056765-production-descriptive-batch-013	20260724T170118Z-prjna1056765-production-descriptive-batch-013	SRR27343839	done	469700	24466	445234	5.2089	94	33	Streptococcus mitis	0.35363	Streptococcus mitis	0.35363	8601.0	Streptococcus mitis;Rothia mucilaginosa;Streptococcus pneumoniae;Streptococcus gwangjuense;Streptococcus oralis	1	high_pathogen_fraction	
20260724T170118Z-prjna1056765-production-descriptive-batch-013	20260724T170118Z-prjna1056765-production-descriptive-batch-013	SRR27343844	done	455815	2666	453149	0.5849	20	4	Homo sapiens	0.61506							
20260724T170118Z-prjna1056765-production-descriptive-batch-013	20260724T170118Z-prjna1056765-production-descriptive-batch-013	SRR27343847	done	491316	4775	486541	0.9719	43	6	Homo sapiens	0.43152	Stenotrophomonas maltophilia	0.25261	1186.0	Stenotrophomonas maltophilia	1	high_pathogen_fraction	
20260724T170118Z-prjna1056765-production-descriptive-batch-013	20260724T170118Z-prjna1056765-production-descriptive-batch-013	SRR27343861	done	414322	9369	404953	2.2613	27	4	Pseudomonas aeruginosa	0.73339	Pseudomonas aeruginosa	0.73339	6844.0	Pseudomonas aeruginosa	1	high_pathogen_fraction	
20260724T170118Z-prjna1056765-production-descriptive-batch-013	20260724T170118Z-prjna1056765-production-descriptive-batch-013	SRR27343912	done	395661	5269	390392	1.3317	53	6	Homo sapiens	0.35601	Prevotella melaninogenica	0.0154	79.0	Prevotella melaninogenica	1	high_pathogen_fraction	
20260724T170118Z-prjna1056765-production-descriptive-batch-013	20260724T170118Z-prjna1056765-production-descriptive-batch-013	SRR27344023	done	466754	13671	453083	2.929	241	72	Prevotella intermedia	0.12771	Prevotella intermedia	0.12771	1684.0	Prevotella intermedia;Prevotella melaninogenica;Haemophilus parainfluenzae;Streptococcus mitis;Prevotella nigrescens	1	high_pathogen_fraction	
20260724T170118Z-prjna1056765-production-descriptive-batch-013	20260724T170118Z-prjna1056765-production-descriptive-batch-013	SRR27344034	done	386423	4056	382367	1.0496	51	11	Toxoplasma gondii	0.46048	Prevotella jejuni	0.01372	54.0	Prevotella jejuni;Prevotella intermedia	1	high_pathogen_fraction	
20260724T170118Z-prjna1056765-production-descriptive-batch-014	20260724T170118Z-prjna1056765-production-descriptive-batch-014	SRR27343267	done	494228	18138	476090	3.67	138	15	Arabidopsis thaliana	0.76072	Streptococcus salivarius	0.00388	69.0	Streptococcus salivarius;Prevotella jejuni;Streptococcus mitis;Prevotella melaninogenica;Veillonella parvula	2	moderate_pathogen_fraction	
20260724T170118Z-prjna1056765-production-descriptive-batch-014	20260724T170118Z-prjna1056765-production-descriptive-batch-014	SRR27343288	done	512597	7608	504989	1.4842	190	41	Homo sapiens	0.24528	Streptococcus mitis	0.08375	603.0	Streptococcus mitis;Streptococcus pneumoniae;Prevotella jejuni;Streptococcus oralis;Prevotella melaninogenica	1	high_pathogen_fraction	
20260724T170118Z-prjna1056765-production-descriptive-batch-014	20260724T170118Z-prjna1056765-production-descriptive-batch-014	SRR27343401	done	478718	7042	471676	1.471	77	16	Homo sapiens	0.31464	Streptococcus constellatus	0.05548	380.0	Streptococcus constellatus	1	high_pathogen_fraction	
20260724T170118Z-prjna1056765-production-descriptive-batch-014	20260724T170118Z-prjna1056765-production-descriptive-batch-014	SRR27343467	done	471852	7113	464739	1.5075	41	5	Arabidopsis thaliana	0.42501	Haemophilus parahaemolyticus	0.01097	77.0	Haemophilus parahaemolyticus	1	high_pathogen_fraction	
20260724T170118Z-prjna1056765-production-descriptive-batch-014	20260724T170118Z-prjna1056765-production-descriptive-batch-014	SRR27343497	done	543543	15566	527977	2.8638	284	37	Arabidopsis thaliana	0.41377	Mycobacterium tuberculosis	0.16112	2401.0	Mycobacterium tuberculosis;Acinetobacter sp. NyZ410;Staphylococcus epidermidis;Acinetobacter guillouiae;Acinetobacter johnsonii	1	high_pathogen_fraction	
20260724T170118Z-prjna1056765-production-descriptive-batch-014	20260724T170118Z-prjna1056765-production-descriptive-batch-014	SRR27343523	done	516671	27425	489246	5.308	40	8	Streptococcus pneumoniae	0.60404	Streptococcus pneumoniae	0.60404	16517.0	Streptococcus pneumoniae;Haemophilus influenzae;Streptococcus mitis	1	high_pathogen_fraction	
20260724T170118Z-prjna1056765-production-descriptive-batch-014	20260724T170118Z-prjna1056765-production-descriptive-batch-014	SRR27343624	done	482426	7449	474977	1.5441	26	5	Toxoplasma gondii	0.42955	Staphylococcus aureus	0.10233	759.0	Staphylococcus aureus	1	high_pathogen_fraction	
20260724T170118Z-prjna1056765-production-descriptive-batch-014	20260724T170118Z-prjna1056765-production-descriptive-batch-014	SRR27343699	done	496393	17942	478451	3.6145	40	6	Arabidopsis thaliana	0.78348	Streptococcus pseudopneumoniae	0.00437	78.0	Streptococcus pseudopneumoniae	2	moderate_pathogen_fraction	
20260724T170118Z-prjna1056765-production-descriptive-batch-014	20260724T170118Z-prjna1056765-production-descriptive-batch-014	SRR27343734	done	508725	15520	493205	3.0508	104	23	Streptococcus pneumoniae	0.23604	Streptococcus pneumoniae	0.23604	3613.0	Streptococcus pneumoniae;Streptococcus mitis;Streptococcus pseudopneumoniae;Streptococcus oralis;Streptococcus gwangjuense	1	high_pathogen_fraction	
20260724T170118Z-prjna1056765-production-descriptive-batch-014	20260724T170118Z-prjna1056765-production-descriptive-batch-014	SRR27343806	done	492998	4426	488572	0.8978	63	12	Homo sapiens	0.52303	Acinetobacter sp. C32I	0.04027	174.0	Acinetobacter sp. C32I;Acinetobacter dispersus;Acinetobacter gyllenbergii;Staphylococcus epidermidis;Acinetobacter colistiniresistens	1	high_pathogen_fraction	
20260724T170118Z-prjna1056765-production-descriptive-batch-014	20260724T170118Z-prjna1056765-production-descriptive-batch-014	SRR27343850	done	431207	19376	411831	4.4934	45	5	Arabidopsis thaliana	0.89324							
20260724T170118Z-prjna1056765-production-descriptive-batch-014	20260724T170118Z-prjna1056765-production-descriptive-batch-014	SRR27343854	done	433661	7295	426366	1.6822	27	6	Arabidopsis thaliana	0.43458	Staphylococcus aureus	0.10782	782.0	Staphylococcus aureus;Stenotrophomonas maltophilia	1	high_pathogen_fraction	
20260724T170118Z-prjna1056765-production-descriptive-batch-014	20260724T170118Z-prjna1056765-production-descriptive-batch-014	SRR27343862	done	431201	3579	427622	0.83	33	5	Homo sapiens	0.44128	Pseudomonas aeruginosa	0.13797	484.0	Pseudomonas aeruginosa;Rothia mucilaginosa	1	high_pathogen_fraction	
20260724T170118Z-prjna1056765-production-descriptive-batch-014	20260724T170118Z-prjna1056765-production-descriptive-batch-014	SRR27343865	done	425260	5816	419444	1.3676	34	7	Arabidopsis thaliana	0.42636	Haemophilus influenzae	0.02469	142.0	Haemophilus influenzae;Prevotella melaninogenica	1	high_pathogen_fraction	
20260724T170118Z-prjna1056765-production-descriptive-batch-014	20260724T170118Z-prjna1056765-production-descriptive-batch-014	SRR27343867	done	450392	21172	429220	4.7008	84	10	Pseudomonas aeruginosa	0.87305	Pseudomonas aeruginosa	0.87305	18341.0	Pseudomonas aeruginosa;Prevotella melaninogenica;Prevotella histicola;Prevotella jejuni;Rothia mucilaginosa	1	high_pathogen_fraction	
20260724T170118Z-prjna1056765-production-descriptive-batch-014	20260724T170118Z-prjna1056765-production-descriptive-batch-014	SRR27343868	done	455408	20394	435014	4.4782	39	6	Acinetobacter baumannii	0.80919	Acinetobacter baumannii	0.80919	16454.0	Acinetobacter baumannii;Acinetobacter lwoffii	1	high_pathogen_fraction	
20260724T170118Z-prjna1056765-production-descriptive-batch-014	20260724T170118Z-prjna1056765-production-descriptive-batch-014	SRR27343887	done	465919	5102	460817	1.095	52	11	Homo sapiens	0.46968	Prevotella intermedia	0.00889	44.0	Prevotella intermedia	2	moderate_pathogen_fraction	
20260724T170118Z-prjna1056765-production-descriptive-batch-014	20260724T170118Z-prjna1056765-production-descriptive-batch-014	SRR27343982	done	481647	18925	462722	3.9292	71	17	Porphyromonas endodontalis	0.78389	Prevotella nigrescens	0.00935	176.0	Prevotella nigrescens;Prevotella intermedia;Streptococcus equi	2	moderate_pathogen_fraction	
20260724T170118Z-prjna1056765-production-descriptive-batch-014	20260724T170118Z-prjna1056765-production-descriptive-batch-014	SRR27344021	done	486917	20474	466443	4.2048	38	5	Arabidopsis thaliana	0.83447							
20260724T170118Z-prjna1056765-production-descriptive-batch-014	20260724T170118Z-prjna1056765-production-descriptive-batch-014	SRR27344046	done	439809	5117	434692	1.1635	28	5	Homo sapiens	0.33623	Burkholderia multivorans	0.08623	437.0	Burkholderia multivorans	1	high_pathogen_fraction	
20260724T170118Z-prjna1056765-production-descriptive-batch-015	20260724T170118Z-prjna1056765-production-descriptive-batch-015	SRR27343191	done	548527	5160	543367	0.9407	33	4	Homo sapiens	0.50527							
20260724T170118Z-prjna1056765-production-descriptive-batch-015	20260724T170118Z-prjna1056765-production-descriptive-batch-015	SRR27343192	done	534646	9198	525448	1.7204	65	10	Homo sapiens	0.39665	Streptococcus pseudopneumoniae	0.10748	976.0	Streptococcus pseudopneumoniae;Streptococcus pneumoniae;Pseudomonas aeruginosa;Streptococcus mitis;Streptococcus toyakuensis	1	high_pathogen_fraction	
20260724T170118Z-prjna1056765-production-descriptive-batch-015	20260724T170118Z-prjna1056765-production-descriptive-batch-015	SRR27343289	done	613907	28315	585592	4.6123	161	29	Arabidopsis thaliana	0.84227	Streptococcus mitis	0.0094	263.0	Streptococcus mitis;Prevotella melaninogenica;Streptococcus oralis;Prevotella denticola;Haemophilus parainfluenzae	2	moderate_pathogen_fraction	
20260724T170118Z-prjna1056765-production-descriptive-batch-015	20260724T170118Z-prjna1056765-production-descriptive-batch-015	SRR27343298	done	524548	6122	518426	1.1671	31	4	Homo sapiens	0.58278							
20260724T170118Z-prjna1056765-production-descriptive-batch-015	20260724T170118Z-prjna1056765-production-descriptive-batch-015	SRR27343299	done	591366	4891	586475	0.8271	31	4	Homo sapiens	0.67785							
20260724T170118Z-prjna1056765-production-descriptive-batch-015	20260724T170118Z-prjna1056765-production-descriptive-batch-015	SRR27343301	done	590604	8034	582570	1.3603	43	4	Arabidopsis thaliana	0.4036							
20260724T170118Z-prjna1056765-production-descriptive-batch-015	20260724T170118Z-prjna1056765-production-descriptive-batch-015	SRR27343311	done	550937	14215	536722	2.5801	151	37	Arabidopsis thaliana	0.45183	Rothia mucilaginosa	0.06579	913.0	Rothia mucilaginosa;Prevotella melaninogenica;Prevotella oris;Streptococcus mitis;Haemophilus parainfluenzae	1	high_pathogen_fraction	
20260724T170118Z-prjna1056765-production-descriptive-batch-015	20260724T170118Z-prjna1056765-production-descriptive-batch-015	SRR27343508	done	585487	23922	561565	4.0858	200	60	Arabidopsis thaliana	0.27905	Streptococcus mitis	0.12732	3000.0	Streptococcus mitis;Prevotella jejuni;Streptococcus pneumoniae;Rothia aeria;Streptococcus gwangjuense	1	high_pathogen_fraction	
20260724T170118Z-prjna1056765-production-descriptive-batch-015	20260724T170118Z-prjna1056765-production-descriptive-batch-015	SRR27343517	done	578288	7646	570642	1.3222	66	5	Homo sapiens	0.74422	Prevotella melaninogenica	0.00884	65.0	Prevotella melaninogenica	2	moderate_pathogen_fraction	
20260724T170118Z-prjna1056765-production-descriptive-batch-015	20260724T170118Z-prjna1056765-production-descriptive-batch-015	SRR27343525	done	527790	14183	513607	2.6872	97	20	Arabidopsis thaliana	0.74763	Streptococcus pneumoniae	0.01131	156.0	Streptococcus pneumoniae;Prevotella melaninogenica;Staphylococcus epidermidis;Veillonella dispar;Veillonella parvula	1	high_pathogen_fraction	
20260724T170118Z-prjna1056765-production-descriptive-batch-015	20260724T170118Z-prjna1056765-production-descriptive-batch-015	SRR27343543	done	547605	12056	535549	2.2016	34	6	Pseudomonas aeruginosa	0.79386	Pseudomonas aeruginosa	0.79386	9493.0	Pseudomonas aeruginosa;Pseudomonas putida	1	high_pathogen_fraction	
20260724T170118Z-prjna1056765-production-descriptive-batch-015	20260724T170118Z-prjna1056765-production-descriptive-batch-015	SRR27343726	done	522159	14852	507307	2.8443	81	9	Arabidopsis thaliana	0.82953	Streptococcus mitis	0.01242	182.0	Streptococcus mitis;Streptococcus pseudopneumoniae;Streptococcus pneumoniae;Prevotella melaninogenica;Rothia dentocariosa	1	high_pathogen_fraction	
20260724T170118Z-prjna1056765-production-descriptive-batch-015	20260724T170118Z-prjna1056765-production-descriptive-batch-015	SRR27343738	done	656518	33261	623257	5.0663	63	9	Acinetobacter baumannii	0.68751	Acinetobacter baumannii	0.68751	22802.0	Acinetobacter baumannii;Klebsiella pneumoniae;Acinetobacter lwoffii;Stenotrophomonas maltophilia	1	high_pathogen_fraction	
20260724T170118Z-prjna1056765-production-descriptive-batch-015	20260724T170118Z-prjna1056765-production-descriptive-batch-015	SRR27343799	done	583283	10608	572675	1.8187	123	24	Arabidopsis thaliana	0.56582	Rothia mucilaginosa	0.03206	331.0	Rothia mucilaginosa;Candida dubliniensis;Candida albicans;Streptococcus sp. LPB0220;Streptococcus parasanguinis	1	high_pathogen_fraction	
20260724T170118Z-prjna1056765-production-descriptive-batch-015	20260724T170118Z-prjna1056765-production-descriptive-batch-015	SRR27343817	done	487015	7687	479328	1.5784	102	23	Homo sapiens	0.35509	Prevotella melaninogenica	0.04539	340.0	Prevotella melaninogenica;Streptococcus mitis;Prevotella jejuni;Streptococcus pseudopneumoniae;Streptococcus pneumoniae	1	high_pathogen_fraction	
20260724T170118Z-prjna1056765-production-descriptive-batch-015	20260724T170118Z-prjna1056765-production-descriptive-batch-015	SRR27343823	done	505081	12645	492436	2.5036	105	12	Arabidopsis thaliana	0.78913	Acinetobacter johnsonii	0.009	112.0	Acinetobacter johnsonii;Staphylococcus epidermidis;Staphylococcus haemolyticus;Staphylococcus hominis;Cryptococcus neoformans	2	moderate_pathogen_fraction	
20260724T170118Z-prjna1056765-production-descriptive-batch-015	20260724T170118Z-prjna1056765-production-descriptive-batch-015	SRR27343842	done	514622	7803	506819	1.5163	41	4	Arabidopsis thaliana	0.44258							
20260724T170118Z-prjna1056765-production-descriptive-batch-015	20260724T170118Z-prjna1056765-production-descriptive-batch-015	SRR27343855	done	446414	5875	440539	1.316	33	4	Pseudomonas aeruginosa	0.4429	Pseudomonas aeruginosa	0.4429	2579.0	Pseudomonas aeruginosa	1	high_pathogen_fraction	
20260724T170118Z-prjna1056765-production-descriptive-batch-015	20260724T170118Z-prjna1056765-production-descriptive-batch-015	SRR27343948	done	455691	11548	444143	2.5342	144	43	Arabidopsis thaliana	0.37813	Rothia mucilaginosa	0.07102	798.0	Rothia mucilaginosa;Streptococcus ilei;Streptococcus mitis;Streptococcus koreensis;Streptococcus pneumoniae	1	high_pathogen_fraction	
20260724T170118Z-prjna1056765-production-descriptive-batch-015	20260724T170118Z-prjna1056765-production-descriptive-batch-015	SRR27344047	done	565208	12439	552769	2.2008	65	10	Arabidopsis thaliana	0.69436	Pseudomonas aeruginosa	0.01493	184.0	Pseudomonas aeruginosa;Prevotella oris	1	high_pathogen_fraction	
20260724T170118Z-prjna1056765-production-descriptive-batch-016	20260724T170118Z-prjna1056765-production-descriptive-batch-016	SRR27343222	done	629326	13612	615714	2.1629	203	61	Arabidopsis thaliana	0.21742	Prevotella melaninogenica	0.12888	1690.0	Prevotella melaninogenica;Prevotella fusca;Haemophilus influenzae;Rothia mucilaginosa;Streptococcus intermedius	1	high_pathogen_fraction	
20260724T170118Z-prjna1056765-production-descriptive-batch-016	20260724T170118Z-prjna1056765-production-descriptive-batch-016	SRR27343269	done	658519	19400	639119	2.946	202	26	Arabidopsis thaliana	0.75435	Prevotella melaninogenica	0.02134	402.0	Prevotella melaninogenica;Acinetobacter johnsonii;Streptococcus mitis;Streptococcus oralis;Streptococcus pseudopneumoniae	1	high_pathogen_fraction	
20260724T170118Z-prjna1056765-production-descriptive-batch-016	20260724T170118Z-prjna1056765-production-descriptive-batch-016	SRR27343332	done	665944	33295	632649	4.9997	76	9	Arabidopsis thaliana	0.83313	Staphylococcus haemolyticus	0.01225	406.0	Staphylococcus haemolyticus;Staphylococcus epidermidis	1	high_pathogen_fraction	
20260724T170118Z-prjna1056765-production-descriptive-batch-016	20260724T170118Z-prjna1056765-production-descriptive-batch-016	SRR27343335	done	630209	13183	617026	2.0918	156	19	Arabidopsis thaliana	0.62659	Staphylococcus hominis	0.01373	175.0	Staphylococcus hominis;Acinetobacter johnsonii;Staphylococcus epidermidis;Staphylococcus haemolyticus	1	high_pathogen_fraction	
20260724T170118Z-prjna1056765-production-descriptive-batch-016	20260724T170118Z-prjna1056765-production-descriptive-batch-016	SRR27343479	done	682328	23303	659025	3.4152	315	76	Arabidopsis thaliana	0.61271	Prevotella melaninogenica	0.04032	910.0	Prevotella melaninogenica;Streptococcus mitis;Haemophilus parainfluenzae;Prevotella nigrescens;Acinetobacter johnsonii	1	high_pathogen_fraction	
20260724T170118Z-prjna1056765-production-descriptive-batch-016	20260724T170118Z-prjna1056765-production-descriptive-batch-016	SRR27343499	done	626665	14132	612533	2.2551	168	35	Arabidopsis thaliana	0.44737	Prevotella jejuni	0.06969	962.0	Prevotella jejuni;Streptococcus mitis;Prevotella melaninogenica;Rothia mucilaginosa;Streptococcus sanguinis	1	high_pathogen_fraction	
20260724T170118Z-prjna1056765-production-descriptive-batch-016	20260724T170118Z-prjna1056765-production-descriptive-batch-016	SRR27343500	done	650099	10283	639816	1.5818	69	12	Homo sapiens	0.74373	Streptococcus pneumoniae	0.00981	99.0	Streptococcus pneumoniae;Rothia mucilaginosa;Streptococcus pseudopneumoniae;Haemophilus parainfluenzae;Streptococcus oralis	2	moderate_pathogen_fraction	
20260724T170118Z-prjna1056765-production-descriptive-batch-016	20260724T170118Z-prjna1056765-production-descriptive-batch-016	SRR27343515	done	627552	5801	621751	0.9244	83	11	Homo sapiens	0.38089	Prevotella melaninogenica	0.05126	272.0	Prevotella melaninogenica;Rothia mucilaginosa;Streptococcus sp. oral taxon 431;Veillonella parvula	1	high_pathogen_fraction	
20260724T170118Z-prjna1056765-production-descriptive-batch-016	20260724T170118Z-prjna1056765-production-descriptive-batch-016	SRR27343518	done	631832	6999	624833	1.1077	71	11	Homo sapiens	0.35048	Mycobacterium tuberculosis	0.22821	1566.0	Mycobacterium tuberculosis;Prevotella melaninogenica;Prevotella intermedia;Prevotella oris;Prevotella jejuni	1	high_pathogen_fraction	
20260724T170118Z-prjna1056765-production-descriptive-batch-016	20260724T170118Z-prjna1056765-production-descriptive-batch-016	SRR27343761	done	623562	6510	617052	1.044	35	5	Toxoplasma gondii	0.43008	Mycobacterium tuberculosis	0.16633	1074.0	Mycobacterium tuberculosis	1	high_pathogen_fraction	
20260724T170118Z-prjna1056765-production-descriptive-batch-016	20260724T170118Z-prjna1056765-production-descriptive-batch-016	SRR27343765	done	664058	15188	648870	2.2871	52	5	Arabidopsis thaliana	0.76215							
20260724T170118Z-prjna1056765-production-descriptive-batch-016	20260724T170118Z-prjna1056765-production-descriptive-batch-016	SRR27343776	done	681768	12683	669085	1.8603	203	26	Arabidopsis thaliana	0.50126	Candida albicans	0.14223	1747.0	Candida albicans;Acinetobacter baumannii;Acinetobacter nosocomialis;Acinetobacter lwoffii;Staphylococcus hominis	1	high_pathogen_fraction	
20260724T170118Z-prjna1056765-production-descriptive-batch-016	20260724T170118Z-prjna1056765-production-descriptive-batch-016	SRR27343815	done	547274	7581	539693	1.3852	31	4	Arabidopsis thaliana	0.55462							
20260724T170118Z-prjna1056765-production-descriptive-batch-016	20260724T170118Z-prjna1056765-production-descriptive-batch-016	SRR27343820	done	584452	8984	575468	1.5372	126	26	Arabidopsis thaliana	0.42626	Streptococcus mitis	0.04427	386.0	Streptococcus mitis;Prevotella melaninogenica;Streptococcus pneumoniae;Streptococcus gwangjuense;Streptococcus toyakuensis	1	high_pathogen_fraction	
20260724T170118Z-prjna1056765-production-descriptive-batch-016	20260724T170118Z-prjna1056765-production-descriptive-batch-016	SRR27343824	done	592248	8073	584175	1.3631	39	10	Toxoplasma gondii	0.3812							
20260724T170118Z-prjna1056765-production-descriptive-batch-016	20260724T170118Z-prjna1056765-production-descriptive-batch-016	SRR27343834	done	644432	21848	622584	3.3903	115	26	Arabidopsis thaliana	0.79248	Prevotella jejuni	0.01286	278.0	Prevotella jejuni;Streptococcus mitis;Rothia mucilaginosa;Streptococcus pneumoniae;Streptococcus sanguinis	1	high_pathogen_fraction	
20260724T170118Z-prjna1056765-production-descriptive-batch-016	20260724T170118Z-prjna1056765-production-descriptive-batch-016	SRR27343840	done	558447	8347	550100	1.4947	141	29	Arabidopsis thaliana	0.30811	Prevotella melaninogenica	0.0536	430.0	Prevotella melaninogenica;Streptococcus mitis;Streptococcus oralis;Haemophilus parainfluenzae;Streptococcus sp. Marseille-Q3533	1	high_pathogen_fraction	
20260724T170118Z-prjna1056765-production-descriptive-batch-016	20260724T170118Z-prjna1056765-production-descriptive-batch-016	SRR27343848	done	551203	17951	533252	3.2567	89	8	Arabidopsis thaliana	0.79995	Staphylococcus epidermidis	0.00163	29.0	Staphylococcus epidermidis	2	moderate_pathogen_fraction	
20260724T170118Z-prjna1056765-production-descriptive-batch-016	20260724T170118Z-prjna1056765-production-descriptive-batch-016	SRR27343870	done	577574	13177	564397	2.2814	99	14	Arabidopsis thaliana	0.45312	Streptococcus pseudopneumoniae	0.14157	1824.0	Streptococcus pseudopneumoniae;Streptococcus pneumoniae;Streptococcus mitis;Pseudomonas aeruginosa;Streptococcus oralis	1	high_pathogen_fraction	
20260724T170118Z-prjna1056765-production-descriptive-batch-016	20260724T170118Z-prjna1056765-production-descriptive-batch-016	SRR27343993	done	664745	29328	635417	4.4119	226	74	Staphylococcus aureus	0.46253	Staphylococcus aureus	0.46253	13382.0	Staphylococcus aureus;Prevotella jejuni;Prevotella melaninogenica;Rothia mucilaginosa;Streptococcus mitis	1	high_pathogen_fraction	
20260724T170118Z-prjna1056765-production-descriptive-batch-017	20260724T170118Z-prjna1056765-production-descriptive-batch-017	SRR27343277	done	862201	33850	828351	3.926	67	8	Arabidopsis thaliana	0.8674	Klebsiella variicola	0.00271	91.0	Klebsiella variicola	2	moderate_pathogen_fraction	
20260724T170118Z-prjna1056765-production-descriptive-batch-017	20260724T170118Z-prjna1056765-production-descriptive-batch-017	SRR27343280	done	775049	6786	768263	0.8756	40	4	Homo sapiens	0.42638	Legionella longbeachae	0.1377	923.0	Legionella longbeachae	1	high_pathogen_fraction	
20260724T170118Z-prjna1056765-production-descriptive-batch-017	20260724T170118Z-prjna1056765-production-descriptive-batch-017	SRR27343286	done	665312	35281	630031	5.3029	58	6	Arabidopsis thaliana	0.92047	Rothia mucilaginosa	0.00111	39.0	Rothia mucilaginosa	2	moderate_pathogen_fraction	
20260724T170118Z-prjna1056765-production-descriptive-batch-017	20260724T170118Z-prjna1056765-production-descriptive-batch-017	SRR27343293	done	768675	9403	759272	1.2233	65	6	Homo sapiens	0.74118	Streptococcus sp. oral taxon 431	0.00564	52.0	Streptococcus sp. oral taxon 431;Prevotella melaninogenica	2	moderate_pathogen_fraction	
20260724T170118Z-prjna1056765-production-descriptive-batch-017	20260724T170118Z-prjna1056765-production-descriptive-batch-017	SRR27343324	done	644156	17817	626339	2.7659	131	31	Arabidopsis thaliana	0.64161	Prevotella histicola	0.01099	192.0	Prevotella histicola;Streptococcus mitis;Haemophilus parainfluenzae;Prevotella melaninogenica;Streptococcus salivarius	1	high_pathogen_fraction	
20260724T170118Z-prjna1056765-production-descriptive-batch-017	20260724T170118Z-prjna1056765-production-descriptive-batch-017	SRR27343464	done	738807	18065	720742	2.4452	180	44	Arabidopsis thaliana	0.59299	Prevotella jejuni	0.01605	283.0	Prevotella jejuni;Streptococcus pneumoniae;Prevotella melaninogenica;Streptococcus mitis;Streptococcus oralis	1	high_pathogen_fraction	
20260724T170118Z-prjna1056765-production-descriptive-batch-017	20260724T170118Z-prjna1056765-production-descriptive-batch-017	SRR27343475	done	755148	48831	706317	6.4664	37	5	Candida albicans	0.78161	Candida albicans	0.78161	38116.0	Candida albicans;Candida dubliniensis	1	high_pathogen_fraction	
20260724T170118Z-prjna1056765-production-descriptive-batch-017	20260724T170118Z-prjna1056765-production-descriptive-batch-017	SRR27343510	done	770800	13277	757523	1.7225	61	9	Arabidopsis thaliana	0.44575	Klebsiella pneumoniae	0.02424	319.0	Klebsiella pneumoniae;Veillonella parvula;Candida albicans	1	high_pathogen_fraction	
20260724T170118Z-prjna1056765-production-descriptive-batch-017	20260724T170118Z-prjna1056765-production-descriptive-batch-017	SRR27343524	done	767510	54103	713407	7.0492	135	21	Arabidopsis thaliana	0.95949	Prevotella jejuni	0.00242	130.0	Prevotella jejuni;Prevotella melaninogenica;Haemophilus parainfluenzae;Streptococcus sanguinis;Rothia aeria	2	moderate_pathogen_fraction	
20260724T170118Z-prjna1056765-production-descriptive-batch-017	20260724T170118Z-prjna1056765-production-descriptive-batch-017	SRR27343712	done	808268	42901	765367	5.3078	129	38	Morganella morganii	0.71663	Prevotella melaninogenica	0.06595	2813.0	Prevotella melaninogenica;Streptococcus sp. oral taxon 431;Streptococcus oralis;Rothia mucilaginosa;Streptococcus mitis	1	high_pathogen_fraction	
20260724T170118Z-prjna1056765-production-descriptive-batch-017	20260724T170118Z-prjna1056765-production-descriptive-batch-017	SRR27343725	done	714512	42251	672261	5.9133	64	5	Staphylococcus aureus	0.91836	Staphylococcus aureus	0.91836	38718.0	Staphylococcus aureus;Haemophilus parainfluenzae	1	high_pathogen_fraction	
20260724T170118Z-prjna1056765-production-descriptive-batch-017	20260724T170118Z-prjna1056765-production-descriptive-batch-017	SRR27343793	done	794982	23137	771845	2.9104	62	10	Arabidopsis thaliana	0.72618	Rothia mucilaginosa	0.02083	479.0	Rothia mucilaginosa;Staphylococcus epidermidis;Prevotella jejuni;Candida albicans	1	high_pathogen_fraction	
20260724T170118Z-prjna1056765-production-descriptive-batch-017	20260724T170118Z-prjna1056765-production-descriptive-batch-017	SRR27343805	done	684749	11839	672910	1.729	204	30	Arabidopsis thaliana	0.52794	Prevotella jejuni	0.03596	408.0	Prevotella jejuni;Prevotella melaninogenica;Rothia mucilaginosa;Streptococcus infantis;Staphylococcus hominis	1	high_pathogen_fraction	
20260724T170118Z-prjna1056765-production-descriptive-batch-017	20260724T170118Z-prjna1056765-production-descriptive-batch-017	SRR27343808	done	644633	11503	633130	1.7844	111	20	Toxoplasma gondii	0.33286	Streptococcus salivarius	0.02078	234.0	Streptococcus salivarius;Rothia mucilaginosa;Haemophilus parainfluenzae;Streptococcus ilei;Streptococcus oralis	1	high_pathogen_fraction	
20260724T170118Z-prjna1056765-production-descriptive-batch-017	20260724T170118Z-prjna1056765-production-descriptive-batch-017	SRR27343833	done	729991	8846	721145	1.2118	35	5	Arabidopsis thaliana	0.49738							
20260724T170118Z-prjna1056765-production-descriptive-batch-017	20260724T170118Z-prjna1056765-production-descriptive-batch-017	SRR27343853	done	904111	35209	868902	3.8943	55	7	Acinetobacter baumannii	0.75056	Acinetobacter baumannii	0.75056	26352.0	Acinetobacter baumannii;Streptococcus pneumoniae;Acinetobacter pittii	1	high_pathogen_fraction	
20260724T170118Z-prjna1056765-production-descriptive-batch-017	20260724T170118Z-prjna1056765-production-descriptive-batch-017	SRR27343971	done	848713	30549	818164	3.5994	373	117	Arabidopsis thaliana	0.07659	Prevotella melaninogenica	0.07402	2217.0	Prevotella melaninogenica;Prevotella jejuni;Prevotella nigrescens;Haemophilus parainfluenzae;Prevotella intermedia	1	high_pathogen_fraction	
20260724T170118Z-prjna1056765-production-descriptive-batch-017	20260724T170118Z-prjna1056765-production-descriptive-batch-017	SRR27344011	done	782198	29009	753189	3.7087	99	15	Arabidopsis thaliana	0.59782	Streptococcus pneumoniae	0.00167	48.0	Streptococcus pneumoniae;Streptococcus mitis;Staphylococcus epidermidis	2	moderate_pathogen_fraction	
20260724T170118Z-prjna1056765-production-descriptive-batch-017	20260724T170118Z-prjna1056765-production-descriptive-batch-017	SRR27344014	done	846821	27834	818987	3.2869	276	94	Rothia mucilaginosa	0.21115	Rothia mucilaginosa	0.21115	5780.0	Rothia mucilaginosa;Prevotella melaninogenica;Streptococcus mitis;Streptococcus pneumoniae;Haemophilus parainfluenzae	1	high_pathogen_fraction	
20260724T170118Z-prjna1056765-production-descriptive-batch-017	20260724T170118Z-prjna1056765-production-descriptive-batch-017	SRR27344032	done	678629	27177	651452	4.0047	240	63	Arabidopsis thaliana	0.42344	Prevotella jejuni	0.11326	3009.0	Prevotella jejuni;Prevotella melaninogenica;Streptococcus mitis;Streptococcus salivarius;Veillonella atypica	1	high_pathogen_fraction	
20260724T170118Z-prjna1056765-production-descriptive-batch-018	20260724T170118Z-prjna1056765-production-descriptive-batch-018	SRR27343250	done	1125601	58286	1067315	5.1782	233	28	Arabidopsis thaliana	0.85876	Acinetobacter johnsonii	0.00451	260.0	Acinetobacter johnsonii;Acinetobacter sp. NyZ410;Acinetobacter guillouiae;Staphylococcus hominis;Acinetobacter sp. MYb10	2	moderate_pathogen_fraction	
20260724T170118Z-prjna1056765-production-descriptive-batch-018	20260724T170118Z-prjna1056765-production-descriptive-batch-018	SRR27343266	done	1185032	79621	1105411	6.7189	77	11	Stenotrophomonas maltophilia	0.91228	Stenotrophomonas maltophilia	0.91228	72515.0	Stenotrophomonas maltophilia;Stenotrophomonas sp. PAMC25021;Stenotrophomonas sp. pho;Stenotrophomonas sp. SAU14A_NAIMI4_8;Stenotrophomonas sp. ZAC14D2_NAIMI4_7	1	high_pathogen_fraction	
20260724T170118Z-prjna1056765-production-descriptive-batch-018	20260724T170118Z-prjna1056765-production-descriptive-batch-018	SRR27343297	done	932259	16062	916197	1.7229	192	48	Homo sapiens	0.38331	Prevotella melaninogenica	0.06669	1043.0	Prevotella melaninogenica;Prevotella jejuni;Prevotella intermedia;Streptococcus mitis;Streptococcus salivarius	1	high_pathogen_fraction	
20260724T170118Z-prjna1056765-production-descriptive-batch-018	20260724T170118Z-prjna1056765-production-descriptive-batch-018	SRR27343314	done	1238772	13259	1225513	1.0703	68	8	Homo sapiens	0.74465	Prevotella jejuni	0.00502	65.0	Prevotella jejuni;Veillonella atypica	2	moderate_pathogen_fraction	
20260724T170118Z-prjna1056765-production-descriptive-batch-018	20260724T170118Z-prjna1056765-production-descriptive-batch-018	SRR27343325	done	1039824	50152	989672	4.8231	304	85	Arabidopsis thaliana	0.28959	Prevotella melaninogenica	0.11159	5526.0	Prevotella melaninogenica;Streptococcus mitis;Streptococcus pneumoniae;Prevotella jejuni;Rothia mucilaginosa	1	high_pathogen_fraction	
20260724T170118Z-prjna1056765-production-descriptive-batch-018	20260724T170118Z-prjna1056765-production-descriptive-batch-018	SRR27343327	done	976702	26208	950494	2.6833	170	24	Arabidopsis thaliana	0.64626	Prevotella melaninogenica	0.00962	248.0	Prevotella melaninogenica;Prevotella scopos;Prevotella histicola;Haemophilus parainfluenzae;Rothia mucilaginosa	2	moderate_pathogen_fraction	
20260724T170118Z-prjna1056765-production-descriptive-batch-018	20260724T170118Z-prjna1056765-production-descriptive-batch-018	SRR27343447	done	1022233	47176	975057	4.615	262	33	Arabidopsis thaliana	0.83662	Pseudomonas aeruginosa	0.01157	537.0	Pseudomonas aeruginosa;Pseudomonas oleovorans;Acinetobacter sp. NyZ410;Pseudomonas sp. phDV1;Acinetobacter johnsonii	1	high_pathogen_fraction	
20260724T170118Z-prjna1056765-production-descriptive-batch-018	20260724T170118Z-prjna1056765-production-descriptive-batch-018	SRR27343465	done	996312	43936	952376	4.4099	220	61	Arabidopsis thaliana	0.80074	Haemophilus parainfluenzae	0.01257	547.0	Haemophilus parainfluenzae;Prevotella melaninogenica;Streptococcus mitis;Streptococcus pneumoniae;Rothia mucilaginosa	1	high_pathogen_fraction	
20260724T170118Z-prjna1056765-production-descriptive-batch-018	20260724T170118Z-prjna1056765-production-descriptive-batch-018	SRR27343469	done	951205	35593	915612	3.7419	291	91	Arabidopsis thaliana	0.49677	Rothia mucilaginosa	0.05583	1959.0	Rothia mucilaginosa;Prevotella melaninogenica;Prevotella jejuni;Haemophilus parainfluenzae;Streptococcus mitis	1	high_pathogen_fraction	
20260724T170118Z-prjna1056765-production-descriptive-batch-018	20260724T170118Z-prjna1056765-production-descriptive-batch-018	SRR27343472	done	1083143	48780	1034363	4.5036	70	8	Arabidopsis thaliana	0.92803	Prevotella jejuni	0.00041	20.0	Prevotella jejuni	4	low_fraction_clinical_pathogen	
20260724T170118Z-prjna1056765-production-descriptive-batch-018	20260724T170118Z-prjna1056765-production-descriptive-batch-018	SRR27343484	done	982792	43481	939311	4.4242	77	11	Arabidopsis thaliana	0.90736	Candida albicans	0.00076	33.0	Candida albicans;Veillonella parvula	4	low_fraction_clinical_pathogen	
20260724T170118Z-prjna1056765-production-descriptive-batch-018	20260724T170118Z-prjna1056765-production-descriptive-batch-018	SRR27343488	done	993428	77940	915488	7.8456	80	9	Arabidopsis thaliana	0.95114					3	high_classified_fraction	
20260724T170118Z-prjna1056765-production-descriptive-batch-018	20260724T170118Z-prjna1056765-production-descriptive-batch-018	SRR27343494	done	998992	77660	921332	7.7738	77	15	Klebsiella pneumoniae	0.63548	Klebsiella pneumoniae	0.63548	49276.0	Klebsiella pneumoniae;Klebsiella virus PMBT1;Klebsiella quasipneumoniae;Klebsiella virus Miro	1	high_pathogen_fraction	
20260724T170118Z-prjna1056765-production-descriptive-batch-018	20260724T170118Z-prjna1056765-production-descriptive-batch-018	SRR27343532	done	1081041	42720	1038321	3.9517	61	7	Acinetobacter baumannii	0.85917	Acinetobacter baumannii	0.85917	36606.0	Acinetobacter baumannii;Enterococcus faecium	1	high_pathogen_fraction	
20260724T170118Z-prjna1056765-production-descriptive-batch-018	20260724T170118Z-prjna1056765-production-descriptive-batch-018	SRR27343555	done	1109285	55985	1053300	5.0469	64	7	Arabidopsis thaliana	0.96321					3	high_classified_fraction	
20260724T170118Z-prjna1056765-production-descriptive-batch-018	20260724T170118Z-prjna1056765-production-descriptive-batch-018	SRR27343752	done	1144178	37371	1106807	3.2662	295	86	Arabidopsis thaliana	0.24334	Haemophilus parainfluenzae	0.09922	3658.0	Haemophilus parainfluenzae;Prevotella melaninogenica;Prevotella intermedia;Rothia mucilaginosa;Streptococcus mitis	1	high_pathogen_fraction	
20260724T170118Z-prjna1056765-production-descriptive-batch-018	20260724T170118Z-prjna1056765-production-descriptive-batch-018	SRR27343778	done	896251	20703	875548	2.31	296	33	Arabidopsis thaliana	0.63964	Prevotella nigrescens	0.04198	844.0	Prevotella nigrescens;Acinetobacter baumannii;Acinetobacter nosocomialis;Haemophilus influenzae;Staphylococcus epidermidis	1	high_pathogen_fraction	
20260724T170118Z-prjna1056765-production-descriptive-batch-018	20260724T170118Z-prjna1056765-production-descriptive-batch-018	SRR27343838	done	1051565	46839	1004726	4.4542	160	18	Arabidopsis thaliana	0.89597	Acinetobacter johnsonii	0.00203	94.0	Acinetobacter johnsonii;Enterococcus casseliflavus;Burkholderia stabilis	2	moderate_pathogen_fraction	
20260724T170118Z-prjna1056765-production-descriptive-batch-018	20260724T170118Z-prjna1056765-production-descriptive-batch-018	SRR27344019	done	1107469	16272	1091197	1.4693	277	67	Arabidopsis thaliana	0.13269	Prevotella melaninogenica	0.12639	1984.0	Prevotella melaninogenica;Streptococcus mitis;Rothia aeria;Rothia mucilaginosa;Streptococcus salivarius	1	high_pathogen_fraction	
20260724T170118Z-prjna1056765-production-descriptive-batch-018	20260724T170118Z-prjna1056765-production-descriptive-batch-018	SRR27344028	done	973643	60883	912760	6.2531	88	12	Arabidopsis thaliana	0.98212	Staphylococcus epidermidis	0.00628	381.0	Staphylococcus epidermidis;Acinetobacter johnsonii;Staphylococcus warneri;Staphylococcus hominis;Staphylococcus haemolyticus	2	moderate_pathogen_fraction	
20260724T170118Z-prjna1056765-production-descriptive-batch-019	20260724T170118Z-prjna1056765-production-descriptive-batch-019	SRR27343272	done	1966006	205002	1761004	10.4273	142	16	Klebsiella pneumoniae	0.93081	Klebsiella pneumoniae	0.93081	190556.0	Klebsiella pneumoniae;Klebsiella aerogenes;Streptococcus oralis;Klebsiella variicola;Klebsiella quasipneumoniae	1	high_pathogen_fraction	
20260724T170118Z-prjna1056765-production-descriptive-batch-019	20260724T170118Z-prjna1056765-production-descriptive-batch-019	SRR27343284	done	1408715	46132	1362583	3.2748	444	102	Arabidopsis thaliana	0.52735	Acinetobacter johnsonii	0.04472	1998.0	Acinetobacter johnsonii;Staphylococcus hominis;Staphylococcus haemolyticus;Staphylococcus sp. M0911;Staphylococcus epidermidis	1	high_pathogen_fraction	
20260724T170118Z-prjna1056765-production-descriptive-batch-019	20260724T170118Z-prjna1056765-production-descriptive-batch-019	SRR27343294	done	2109397	101508	2007889	4.8122	330	159	Arabidopsis thaliana	0.6477	Staphylococcus haemolyticus	0.03258	3271.0	Staphylococcus haemolyticus;Staphylococcus warneri;Acinetobacter johnsonii;Staphylococcus epidermidis;Staphylococcus hominis	1	high_pathogen_fraction	
20260724T170118Z-prjna1056765-production-descriptive-batch-019	20260724T170118Z-prjna1056765-production-descriptive-batch-019	SRR27343310	done	1855904	60832	1795072	3.2778	460	150	Arabidopsis thaliana	0.08675	Prevotella melaninogenica	0.06927	4165.0	Prevotella melaninogenica;Prevotella intermedia;Streptococcus mitis;Haemophilus parahaemolyticus;Streptococcus pneumoniae	1	high_pathogen_fraction	
20260724T170118Z-prjna1056765-production-descriptive-batch-019	20260724T170118Z-prjna1056765-production-descriptive-batch-019	SRR27343485	done	1419458	70417	1349041	4.9608	88	11	Arabidopsis thaliana	0.9638							
20260724T170118Z-prjna1056765-production-descriptive-batch-019	20260724T170118Z-prjna1056765-production-descriptive-batch-019	SRR27343504	done	1273360	65165	1208195	5.1176	114	11	Arabidopsis thaliana	0.94381	Prevotella melaninogenica	0.0004	26.0	Prevotella melaninogenica	3	high_classified_fraction	
20260724T170118Z-prjna1056765-production-descriptive-batch-019	20260724T170118Z-prjna1056765-production-descriptive-batch-019	SRR27343566	done	1844926	140753	1704173	7.6292	108	11	Escherichia coli	0.92124	Escherichia coli	0.92124	129498.0	Escherichia coli;Klebsiella pneumoniae	1	high_pathogen_fraction	
20260724T170118Z-prjna1056765-production-descriptive-batch-019	20260724T170118Z-prjna1056765-production-descriptive-batch-019	SRR27343613	done	1310552	52444	1258108	4.0017	294	81	Arabidopsis thaliana	0.46702	Streptococcus mitis	0.0728	3782.0	Streptococcus mitis;Streptococcus pneumoniae;Rothia mucilaginosa;Prevotella melaninogenica;Prevotella jejuni	1	high_pathogen_fraction	
20260724T170118Z-prjna1056765-production-descriptive-batch-019	20260724T170118Z-prjna1056765-production-descriptive-batch-019	SRR27343647	done	1186135	48600	1137535	4.0973	327	101	Arabidopsis thaliana	0.23104	Streptococcus oralis	0.0933	4490.0	Streptococcus oralis;Streptococcus mitis;Streptococcus pneumoniae;Streptococcus salivarius;Haemophilus parainfluenzae	1	high_pathogen_fraction	
20260724T170118Z-prjna1056765-production-descriptive-batch-019	20260724T170118Z-prjna1056765-production-descriptive-batch-019	SRR27343675	done	1497526	53776	1443750	3.591	313	169	Cupriavidus sp. EM10	0.17231	Streptococcus mitis	0.07536	3975.0	Streptococcus mitis;Prevotella melaninogenica;Veillonella parvula;Streptococcus pneumoniae;Veillonella rogosae	1	high_pathogen_fraction	
20260724T170118Z-prjna1056765-production-descriptive-batch-019	20260724T170118Z-prjna1056765-production-descriptive-batch-019	SRR27343700	done	1250437	19669	1230768	1.573	124	22	Homo sapiens	0.60888	Streptococcus oralis	0.00713	138.0	Streptococcus oralis;Prevotella melaninogenica;Prevotella veroralis;Veillonella parvula;Prevotella intermedia	2	moderate_pathogen_fraction	
20260724T170118Z-prjna1056765-production-descriptive-batch-019	20260724T170118Z-prjna1056765-production-descriptive-batch-019	SRR27343715	done	1199102	5121	1193981	0.4271	52	5	Pseudomonas aeruginosa	0.45045	Pseudomonas aeruginosa	0.45045	2259.0	Pseudomonas aeruginosa;Stenotrophomonas maltophilia	1	high_pathogen_fraction	
20260724T170118Z-prjna1056765-production-descriptive-batch-019	20260724T170118Z-prjna1056765-production-descriptive-batch-019	SRR27343792	done	1527294	34028	1493266	2.228	156	26	Rothia mucilaginosa	0.26149	Rothia mucilaginosa	0.26149	8821.0	Rothia mucilaginosa;Streptococcus mitis;Streptococcus oralis;Streptococcus pneumoniae;Streptococcus toyakuensis	1	high_pathogen_fraction	
20260724T170118Z-prjna1056765-production-descriptive-batch-019	20260724T170118Z-prjna1056765-production-descriptive-batch-019	SRR27343802	done	1302199	44011	1258188	3.3797	342	109	Arabidopsis thaliana	0.19148	Streptococcus mitis	0.10494	4565.0	Streptococcus mitis;Rothia mucilaginosa;Streptococcus pneumoniae;Prevotella intermedia;Prevotella nigrescens	1	high_pathogen_fraction	
20260724T170118Z-prjna1056765-production-descriptive-batch-019	20260724T170118Z-prjna1056765-production-descriptive-batch-019	SRR27343835	done	1486054	62269	1423785	4.1902	328	102	Streptococcus intermedius	0.18214	Streptococcus intermedius	0.18214	11241.0	Streptococcus intermedius;Prevotella denticola;Streptococcus mitis;Rothia mucilaginosa;Streptococcus pneumoniae	1	high_pathogen_fraction	
20260724T170118Z-prjna1056765-production-descriptive-batch-019	20260724T170118Z-prjna1056765-production-descriptive-batch-019	SRR27343845	done	2096539	8761	2087778	0.4179	61	9	Arabidopsis thaliana	0.47569							
20260724T170118Z-prjna1056765-production-descriptive-batch-019	20260724T170118Z-prjna1056765-production-descriptive-batch-019	SRR27343863	done	1826249	37274	1788975	2.041	97	11	Arabidopsis thaliana	0.39217	Pseudomonas aeruginosa	0.01835	680.0	Pseudomonas aeruginosa;Streptococcus salivarius;[Candida] glabrata;Klebsiella variicola	1	high_pathogen_fraction	
20260724T170118Z-prjna1056765-production-descriptive-batch-019	20260724T170118Z-prjna1056765-production-descriptive-batch-019	SRR27344009	done	1238505	85106	1153399	6.8717	55	7	Arabidopsis thaliana	0.93247					3	high_classified_fraction	
20260724T170118Z-prjna1056765-production-descriptive-batch-019	20260724T170118Z-prjna1056765-production-descriptive-batch-019	SRR27344020	done	1559422	93126	1466296	5.9718	309	78	Arabidopsis thaliana	0.7994	Rothia mucilaginosa	0.02007	1857.0	Rothia mucilaginosa;Streptococcus infantis;Prevotella veroralis;Prevotella melaninogenica;Prevotella jejuni	1	high_pathogen_fraction	
20260724T170118Z-prjna1056765-production-descriptive-batch-019	20260724T170118Z-prjna1056765-production-descriptive-batch-019	SRR27344036	done	1734195	93827	1640368	5.4104	320	65	Arabidopsis thaliana	0.73924	Acinetobacter johnsonii	0.00998	925.0	Acinetobacter johnsonii;Staphylococcus hominis;Staphylococcus haemolyticus;Staphylococcus epidermidis;Acinetobacter lwoffii	2	moderate_pathogen_fraction	
20260724T170118Z-prjna1056765-production-descriptive-batch-020	20260724T170118Z-prjna1056765-production-descriptive-batch-020	SRR27343211	done	7735191	148373	7586818	1.9182	566	319	Arabidopsis thaliana	0.7359	Acinetobacter johnsonii	0.03446	5061.0	Acinetobacter johnsonii;Staphylococcus warneri;Staphylococcus hominis;Paraburkholderia fungorum;Acinetobacter lwoffii	1	high_pathogen_fraction	
20260724T170118Z-prjna1056765-production-descriptive-batch-020	20260724T170118Z-prjna1056765-production-descriptive-batch-020	SRR27343268	done	2611695	95769	2515926	3.6669	216	29	Arabidopsis thaliana	0.93604	Acinetobacter johnsonii	0.00226	215.0	Acinetobacter johnsonii;Acinetobacter sp. NyZ410	2	moderate_pathogen_fraction	
20260724T170118Z-prjna1056765-production-descriptive-batch-020	20260724T170118Z-prjna1056765-production-descriptive-batch-020	SRR27343323	done	2160399	183874	1976525	8.5111	105	10	Arabidopsis thaliana	0.97786	Acinetobacter johnsonii	0.00028	51.0	Acinetobacter johnsonii	3	high_classified_fraction	
20260724T170118Z-prjna1056765-production-descriptive-batch-020	20260724T170118Z-prjna1056765-production-descriptive-batch-020	SRR27343346	done	2545835	192107	2353728	7.5459	338	73	Escherichia coli	0.4975	Escherichia coli	0.4975	95251.0	Escherichia coli;Haemophilus parainfluenzae;Stenotrophomonas maltophilia;Staphylococcus epidermidis;Citrobacter sp. CRE-46	1	high_pathogen_fraction	
20260724T170118Z-prjna1056765-production-descriptive-batch-020	20260724T170118Z-prjna1056765-production-descriptive-batch-020	SRR27343372	done	4698089	276226	4421863	5.8795	430	221	Arabidopsis thaliana	0.78279	Klebsiella pneumoniae	0.04167	11458.0	Klebsiella pneumoniae;Prevotella melaninogenica;Streptococcus intermedius;Acinetobacter johnsonii;Acinetobacter sp. NyZ410	1	high_pathogen_fraction	
20260724T170118Z-prjna1056765-production-descriptive-batch-020	20260724T170118Z-prjna1056765-production-descriptive-batch-020	SRR27343489	done	5777519	290654	5486865	5.0308	208	16	Arabidopsis thaliana	0.98916	Staphylococcus epidermidis	0.00074	214.0	Staphylococcus epidermidis;Acinetobacter sp. NyZ410;Acinetobacter johnsonii;Staphylococcus hominis	3	high_classified_fraction	
20260724T170118Z-prjna1056765-production-descriptive-batch-020	20260724T170118Z-prjna1056765-production-descriptive-batch-020	SRR27343490	done	4985677	471499	4514178	9.4571	474	81	Staphylococcus aureus	0.94962	Staphylococcus aureus	0.94962	446805.0	Staphylococcus aureus;Rothia mucilaginosa;Prevotella melaninogenica;Streptococcus salivarius;Haemophilus parainfluenzae	1	high_pathogen_fraction	
20260724T170118Z-prjna1056765-production-descriptive-batch-020	20260724T170118Z-prjna1056765-production-descriptive-batch-020	SRR27343495	done	5878104	585573	5292531	9.9619	586	125	Pseudomonas aeruginosa	0.91284	Pseudomonas aeruginosa	0.91284	533677.0	Pseudomonas aeruginosa;Pseudomonas sp. FDAARGOS_761;Rothia mucilaginosa;Streptococcus mitis;Streptococcus pneumoniae	1	high_pathogen_fraction	
20260724T170118Z-prjna1056765-production-descriptive-batch-020	20260724T170118Z-prjna1056765-production-descriptive-batch-020	SRR27343698	done	2809797	119430	2690367	4.2505	567	146	Prevotella melaninogenica	0.11622	Prevotella melaninogenica	0.11622	13756.0	Prevotella melaninogenica;Haemophilus parainfluenzae;Rothia mucilaginosa;Prevotella intermedia;Prevotella jejuni	1	high_pathogen_fraction	
20260724T170118Z-prjna1056765-production-descriptive-batch-020	20260724T170118Z-prjna1056765-production-descriptive-batch-020	SRR27343729	done	4353814	309312	4044502	7.1044	205	25	Arabidopsis thaliana	0.98081	Acinetobacter johnsonii	0.0003	94.0	Acinetobacter johnsonii;Rhodopseudomonas palustris;Staphylococcus epidermidis	3	high_classified_fraction	
20260724T170118Z-prjna1056765-production-descriptive-batch-020	20260724T170118Z-prjna1056765-production-descriptive-batch-020	SRR27343753	done	5544891	164241	5380650	2.962	481	126	Prevotella melaninogenica	0.27262	Prevotella melaninogenica	0.27262	44505.0	Prevotella melaninogenica;Streptococcus mitis;Veillonella parvula;Streptococcus pneumoniae;Streptococcus sanguinis	1	high_pathogen_fraction	
20260724T170118Z-prjna1056765-production-descriptive-batch-020	20260724T170118Z-prjna1056765-production-descriptive-batch-020	SRR27343757	done	11397662	732860	10664802	6.4299	429	38	Arabidopsis thaliana	0.99219	Acinetobacter johnsonii	0.00059	432.0	Acinetobacter johnsonii;Staphylococcus epidermidis;Staphylococcus hominis;Staphylococcus capitis;Candida albicans	3	high_classified_fraction	
20260724T170118Z-prjna1056765-production-descriptive-batch-020	20260724T170118Z-prjna1056765-production-descriptive-batch-020	SRR27343801	done	3083530	85264	2998266	2.7651	258	92	Arabidopsis thaliana	0.8474	Staphylococcus hominis	0.01051	887.0	Staphylococcus hominis;Acinetobacter johnsonii;Streptococcus mitis;Pseudomonas putida;Staphylococcus sp. M0911	1	high_pathogen_fraction	
20260724T170118Z-prjna1056765-production-descriptive-batch-020	20260724T170118Z-prjna1056765-production-descriptive-batch-020	SRR27343809	done	5685371	255902	5429469	4.5011	764	188	Arabidopsis thaliana	0.35572	Prevotella melaninogenica	0.08291	21114.0	Prevotella melaninogenica;Haemophilus parainfluenzae;Prevotella intermedia;Streptococcus pneumoniae;Streptococcus mitis	1	high_pathogen_fraction	
20260724T170118Z-prjna1056765-production-descriptive-batch-020	20260724T170118Z-prjna1056765-production-descriptive-batch-020	SRR27343849	done	2896368	162305	2734063	5.6037	346	89	Arabidopsis thaliana	0.64514	Rothia mucilaginosa	0.08885	14365.0	Rothia mucilaginosa;Prevotella melaninogenica;Streptococcus rubneri;Streptococcus ilei;Streptococcus sp. oral taxon 061	1	high_pathogen_fraction	
20260724T170118Z-prjna1056765-production-descriptive-batch-020	20260724T170118Z-prjna1056765-production-descriptive-batch-020	SRR27343858	done	26209894	1064762	25145132	4.0624	1618	318	Prevotella melaninogenica	0.13508	Prevotella melaninogenica	0.13508	143396.0	Prevotella melaninogenica;Rothia mucilaginosa;Streptococcus parasanguinis;Streptococcus pneumoniae;Haemophilus parainfluenzae	1	high_pathogen_fraction	
20260724T170118Z-prjna1056765-production-descriptive-batch-020	20260724T170118Z-prjna1056765-production-descriptive-batch-020	SRR27343876	done	2037986	102087	1935899	5.0092	146	17	Arabidopsis thaliana	0.97011	Streptococcus mitis	0.00117	119.0	Streptococcus mitis;Prevotella melaninogenica;Haemophilus influenzae;Staphylococcus epidermidis;Staphylococcus hominis	2	moderate_pathogen_fraction	
20260724T170118Z-prjna1056765-production-descriptive-batch-020	20260724T170118Z-prjna1056765-production-descriptive-batch-020	SRR27344000	done	2351136	73693	2277443	3.1344	473	41	Arabidopsis thaliana	0.68166	Nocardia wallacei	0.16321	11835.0	Nocardia wallacei;Pseudomonas synxantha;Nocardia terpenica;Nocardia asteroides;Streptococcus salivarius	1	high_pathogen_fraction	
20260724T170118Z-prjna1056765-production-descriptive-batch-020	20260724T170118Z-prjna1056765-production-descriptive-batch-020	SRR27344013	done	2247601	158388	2089213	7.047	382	87	Arabidopsis thaliana	0.9018	Prevotella nigrescens	0.01313	2069.0	Prevotella nigrescens;Prevotella melaninogenica;Streptococcus pneumoniae;Prevotella intermedia;Veillonella parvula	1	high_pathogen_fraction	
20260724T170118Z-prjna1056765-production-descriptive-batch-020	20260724T170118Z-prjna1056765-production-descriptive-batch-020	SRR27344025	done	31660727	1532475	30128252	4.8403	1319	525	Neisseria mucosa	0.16336	Rothia mucilaginosa	0.11464	175312.0	Rothia mucilaginosa;Prevotella histicola;Streptococcus infantis;Prevotella melaninogenica;Prevotella jejuni	1	high_pathogen_fraction	
