run_accession	experiment_accession	ena_biosample	secondary_sample	ngdc_biosample	submitted_sample_name	subject_id	published_group	group_evidence	specimen	site	platform	layout	read_length	compressed_bytes	md5	fastq_ftp	host_depletion_provenance	pilot_biological_eligibility
DRR770615	DRX749593	SAMD01673359	DRS538170	SAMC5008464	BALF_002	UNRESOLVED	UNRESOLVED	No direct run/BioSample-to-clinical-row key in public metadata	BALF	Zengcheng Branch of Nanfang Hospital, Southern Medical University	NextSeq 550	SINGLE	40	1979337	f909f4e5554131c8be77a3bc51d915e9	ftp.sra.ebi.ac.uk/vol1/fastq/DRR770/DRR770615/DRR770615.fastq.gz	Specimen nuclease depletion and paper-level hg38 subtraction reported; deposited-file state unresolved	NO
DRR770616	DRX749594	SAMD01673360	DRS538171	SAMC5008465	BALF_003	UNRESOLVED	UNRESOLVED	No direct run/BioSample-to-clinical-row key in public metadata	BALF	Zengcheng Branch of Nanfang Hospital, Southern Medical University	NextSeq 550	SINGLE	40	43830418	dea3473df75339b4511ed827a9e0e576	ftp.sra.ebi.ac.uk/vol1/fastq/DRR770/DRR770616/DRR770616.fastq.gz	Specimen nuclease depletion and paper-level hg38 subtraction reported; deposited-file state unresolved	NO
DRR770617	DRX749595	SAMD01673361	DRS538172	SAMC5008466	BALF_004	UNRESOLVED	UNRESOLVED	No direct run/BioSample-to-clinical-row key in public metadata	BALF	Zengcheng Branch of Nanfang Hospital, Southern Medical University	NextSeq 550	SINGLE	40	13890903	21fbd421576955b5f32affd6196cbbe9	ftp.sra.ebi.ac.uk/vol1/fastq/DRR770/DRR770617/DRR770617.fastq.gz	Specimen nuclease depletion and paper-level hg38 subtraction reported; deposited-file state unresolved	NO
DRR770619	DRX749597	SAMD01673363	DRS538174	SAMC5008468	BALF_006	UNRESOLVED	UNRESOLVED	No direct run/BioSample-to-clinical-row key in public metadata	BALF	Zengcheng Branch of Nanfang Hospital, Southern Medical University	NextSeq 550	SINGLE	40	75287541	70e03fcc110fde02a20cca7190223bdf	ftp.sra.ebi.ac.uk/vol1/fastq/DRR770/DRR770619/DRR770619.fastq.gz	Specimen nuclease depletion and paper-level hg38 subtraction reported; deposited-file state unresolved	NO
DRR770620	DRX749598	SAMD01673364	DRS538175	SAMC5008469	BALF_007	UNRESOLVED	UNRESOLVED	No direct run/BioSample-to-clinical-row key in public metadata	BALF	Zengcheng Branch of Nanfang Hospital, Southern Medical University	NextSeq 550	SINGLE	40	99396385	292178808609471ecf6c20994aa7df57	ftp.sra.ebi.ac.uk/vol1/fastq/DRR770/DRR770620/DRR770620.fastq.gz	Specimen nuclease depletion and paper-level hg38 subtraction reported; deposited-file state unresolved	NO
DRR770622	DRX749600	SAMD01673366	DRS538177	SAMC5008471	BALF_009	UNRESOLVED	UNRESOLVED	No direct run/BioSample-to-clinical-row key in public metadata	BALF	Zengcheng Branch of Nanfang Hospital, Southern Medical University	NextSeq 550	SINGLE	40	82902482	1ba88cdce7ec0a5e018c5c1c0258a434	ftp.sra.ebi.ac.uk/vol1/fastq/DRR770/DRR770622/DRR770622.fastq.gz	Specimen nuclease depletion and paper-level hg38 subtraction reported; deposited-file state unresolved	NO
DRR770627	DRX749605	SAMD01673371	DRS538182	SAMC5008476	BALF_014	UNRESOLVED	UNRESOLVED	No direct run/BioSample-to-clinical-row key in public metadata	BALF	Zengcheng Branch of Nanfang Hospital, Southern Medical University	NextSeq 550	SINGLE	40	25160939	a8915fb85f1f759d77daabc83ee73d6c	ftp.sra.ebi.ac.uk/vol1/fastq/DRR770/DRR770627/DRR770627.fastq.gz	Specimen nuclease depletion and paper-level hg38 subtraction reported; deposited-file state unresolved	NO
DRR770630	DRX749608	SAMD01673374	DRS538185	SAMC5008479	BALF_017	UNRESOLVED	UNRESOLVED	No direct run/BioSample-to-clinical-row key in public metadata	BALF	Zengcheng Branch of Nanfang Hospital, Southern Medical University	NextSeq 550	SINGLE	40	51498928	71ec4faab7a7c5140923a20c7c61b5c0	ftp.sra.ebi.ac.uk/vol1/fastq/DRR770/DRR770630/DRR770630.fastq.gz	Specimen nuclease depletion and paper-level hg38 subtraction reported; deposited-file state unresolved	NO
DRR770631	DRX749609	SAMD01673375	DRS538186	SAMC5008480	BALF_018	UNRESOLVED	UNRESOLVED	No direct run/BioSample-to-clinical-row key in public metadata	BALF	Zengcheng Branch of Nanfang Hospital, Southern Medical University	NextSeq 550	SINGLE	40	79755994	1a2880cb81e7c5d2e94f7776e86edd50	ftp.sra.ebi.ac.uk/vol1/fastq/DRR770/DRR770631/DRR770631.fastq.gz	Specimen nuclease depletion and paper-level hg38 subtraction reported; deposited-file state unresolved	NO
DRR770634	DRX749612	SAMD01673378	DRS538189	SAMC5008483	BALF_021	UNRESOLVED	UNRESOLVED	No direct run/BioSample-to-clinical-row key in public metadata	BALF	Zengcheng Branch of Nanfang Hospital, Southern Medical University	NextSeq 550	SINGLE	40	51294219	884f119b77ebe629e441ae7135d8da80	ftp.sra.ebi.ac.uk/vol1/fastq/DRR770/DRR770634/DRR770634.fastq.gz	Specimen nuclease depletion and paper-level hg38 subtraction reported; deposited-file state unresolved	NO
DRR770639	DRX749617	SAMD01673383	DRS538194	SAMC5008488	BALF_026	UNRESOLVED	UNRESOLVED	No direct run/BioSample-to-clinical-row key in public metadata	BALF	Zengcheng Branch of Nanfang Hospital, Southern Medical University	NextSeq 550	SINGLE	40	10398829	d27bbe943165da09093967b86e647536	ftp.sra.ebi.ac.uk/vol1/fastq/DRR770/DRR770639/DRR770639.fastq.gz	Specimen nuclease depletion and paper-level hg38 subtraction reported; deposited-file state unresolved	NO
DRR770642	DRX749620	SAMD01673386	DRS538197	SAMC5008491	BALF_029	UNRESOLVED	UNRESOLVED	No direct run/BioSample-to-clinical-row key in public metadata	BALF	Zengcheng Branch of Nanfang Hospital, Southern Medical University	NextSeq 550	SINGLE	40	66323010	e2cdfba0212de992c3030b64773889b6	ftp.sra.ebi.ac.uk/vol1/fastq/DRR770/DRR770642/DRR770642.fastq.gz	Specimen nuclease depletion and paper-level hg38 subtraction reported; deposited-file state unresolved	NO
DRR770644	DRX749622	SAMD01673388	DRS538199	SAMC5008493	BALF_031	UNRESOLVED	UNRESOLVED	No direct run/BioSample-to-clinical-row key in public metadata	BALF	Zengcheng Branch of Nanfang Hospital, Southern Medical University	NextSeq 550	SINGLE	40	99338534	3b6d516a94da61a586c1f7f064ea8933	ftp.sra.ebi.ac.uk/vol1/fastq/DRR770/DRR770644/DRR770644.fastq.gz	Specimen nuclease depletion and paper-level hg38 subtraction reported; deposited-file state unresolved	NO
DRR770646	DRX749624	SAMD01673390	DRS538201	SAMC5008495	BALF_033	UNRESOLVED	UNRESOLVED	No direct run/BioSample-to-clinical-row key in public metadata	BALF	Zengcheng Branch of Nanfang Hospital, Southern Medical University	NextSeq 550	SINGLE	40	62849592	b6774d2414435148aad9524eafb37127	ftp.sra.ebi.ac.uk/vol1/fastq/DRR770/DRR770646/DRR770646.fastq.gz	Specimen nuclease depletion and paper-level hg38 subtraction reported; deposited-file state unresolved	NO
DRR770647	DRX749625	SAMD01673391	DRS538202	SAMC5008496	BALF_034	UNRESOLVED	UNRESOLVED	No direct run/BioSample-to-clinical-row key in public metadata	BALF	Zengcheng Branch of Nanfang Hospital, Southern Medical University	NextSeq 550	SINGLE	40	196378310	fed0a3cbcbf4a85a63697a7d88fe240d	ftp.sra.ebi.ac.uk/vol1/fastq/DRR770/DRR770647/DRR770647.fastq.gz	Specimen nuclease depletion and paper-level hg38 subtraction reported; deposited-file state unresolved	NO
DRR770651	DRX749629	SAMD01673395	DRS538206	SAMC5008500	BALF_038	UNRESOLVED	UNRESOLVED	No direct run/BioSample-to-clinical-row key in public metadata	BALF	Zengcheng Branch of Nanfang Hospital, Southern Medical University	NextSeq 550	SINGLE	40	58948776	577b89546aff6e04accf8454bdc1cd39	ftp.sra.ebi.ac.uk/vol1/fastq/DRR770/DRR770651/DRR770651.fastq.gz	Specimen nuclease depletion and paper-level hg38 subtraction reported; deposited-file state unresolved	NO
DRR770656	DRX749634	SAMD01673400	DRS538211	SAMC5008505	BALF_043	UNRESOLVED	UNRESOLVED	No direct run/BioSample-to-clinical-row key in public metadata	BALF	Zengcheng Branch of Nanfang Hospital, Southern Medical University	NextSeq 550	SINGLE	40	116027192	514f76f4e02c5447ceb4f77d2b417e43	ftp.sra.ebi.ac.uk/vol1/fastq/DRR770/DRR770656/DRR770656.fastq.gz	Specimen nuclease depletion and paper-level hg38 subtraction reported; deposited-file state unresolved	NO
DRR770658	DRX749636	SAMD01673402	DRS538213	SAMC5008507	BALF_045	UNRESOLVED	UNRESOLVED	No direct run/BioSample-to-clinical-row key in public metadata	BALF	Zengcheng Branch of Nanfang Hospital, Southern Medical University	NextSeq 550	SINGLE	40	21914088	3b6eadb704695ffe49f0c4e992215eab	ftp.sra.ebi.ac.uk/vol1/fastq/DRR770/DRR770658/DRR770658.fastq.gz	Specimen nuclease depletion and paper-level hg38 subtraction reported; deposited-file state unresolved	NO
DRR770662	DRX749640	SAMD01673406	DRS538217	SAMC5008511	BALF_049	UNRESOLVED	UNRESOLVED	No direct run/BioSample-to-clinical-row key in public metadata	BALF	Zengcheng Branch of Nanfang Hospital, Southern Medical University	NextSeq 550	SINGLE	40	14380853	bc730a8c7c311dca1c1a0096b5da3222	ftp.sra.ebi.ac.uk/vol1/fastq/DRR770/DRR770662/DRR770662.fastq.gz	Specimen nuclease depletion and paper-level hg38 subtraction reported; deposited-file state unresolved	NO
DRR770668	DRX749646	SAMD01673412	DRS538223	SAMC5008517	BALF_055	UNRESOLVED	UNRESOLVED	No direct run/BioSample-to-clinical-row key in public metadata	BALF	Zengcheng Branch of Nanfang Hospital, Southern Medical University	NextSeq 550	SINGLE	40	12360044	938ed2c9cde7f90d299f096599c1096a	ftp.sra.ebi.ac.uk/vol1/fastq/DRR770/DRR770668/DRR770668.fastq.gz	Specimen nuclease depletion and paper-level hg38 subtraction reported; deposited-file state unresolved	NO
DRR770669	DRX749647	SAMD01673413	DRS538224	SAMC5008518	BALF_056	UNRESOLVED	UNRESOLVED	No direct run/BioSample-to-clinical-row key in public metadata	BALF	Zengcheng Branch of Nanfang Hospital, Southern Medical University	NextSeq 550	SINGLE	40	28024162	899e1e0e8659249e73a2e157b9191153	ftp.sra.ebi.ac.uk/vol1/fastq/DRR770/DRR770669/DRR770669.fastq.gz	Specimen nuclease depletion and paper-level hg38 subtraction reported; deposited-file state unresolved	NO
DRR770672	DRX749650	SAMD01673416	DRS538227	SAMC5008521	BALF_059	UNRESOLVED	UNRESOLVED	No direct run/BioSample-to-clinical-row key in public metadata	BALF	Zengcheng Branch of Nanfang Hospital, Southern Medical University	NextSeq 550	SINGLE	40	15559072	6e3ea0bff5458b8911a175a5df94c3d7	ftp.sra.ebi.ac.uk/vol1/fastq/DRR770/DRR770672/DRR770672.fastq.gz	Specimen nuclease depletion and paper-level hg38 subtraction reported; deposited-file state unresolved	NO
DRR770673	DRX749651	SAMD01673417	DRS538228	SAMC5008522	BALF_060	UNRESOLVED	UNRESOLVED	No direct run/BioSample-to-clinical-row key in public metadata	BALF	Zengcheng Branch of Nanfang Hospital, Southern Medical University	NextSeq 550	SINGLE	40	12913256	800c1f9d3a5b8c5d835e1b7be0524c5b	ftp.sra.ebi.ac.uk/vol1/fastq/DRR770/DRR770673/DRR770673.fastq.gz	Specimen nuclease depletion and paper-level hg38 subtraction reported; deposited-file state unresolved	NO
DRR770676	DRX749654	SAMD01673420	DRS538231	SAMC5008525	BALF_063	UNRESOLVED	UNRESOLVED	No direct run/BioSample-to-clinical-row key in public metadata	BALF	Zengcheng Branch of Nanfang Hospital, Southern Medical University	NextSeq 550	SINGLE	40	26208016	18a26967cedd97fd7f150f04f05711ab	ftp.sra.ebi.ac.uk/vol1/fastq/DRR770/DRR770676/DRR770676.fastq.gz	Specimen nuclease depletion and paper-level hg38 subtraction reported; deposited-file state unresolved	NO
DRR770677	DRX749655	SAMD01673421	DRS538232	SAMC5008526	BALF_064	UNRESOLVED	UNRESOLVED	No direct run/BioSample-to-clinical-row key in public metadata	BALF	Zengcheng Branch of Nanfang Hospital, Southern Medical University	NextSeq 550	SINGLE	40	67509092	2e42822f6f42fcf6fc5ce88071d35097	ftp.sra.ebi.ac.uk/vol1/fastq/DRR770/DRR770677/DRR770677.fastq.gz	Specimen nuclease depletion and paper-level hg38 subtraction reported; deposited-file state unresolved	NO
DRR770685	DRX749663	SAMD01673429	DRS538240	SAMC5008534	BALF_072	UNRESOLVED	UNRESOLVED	No direct run/BioSample-to-clinical-row key in public metadata	BALF	Zengcheng Branch of Nanfang Hospital, Southern Medical University	NextSeq 550	SINGLE	40	107325517	b72029534463193ad3047cf569036623	ftp.sra.ebi.ac.uk/vol1/fastq/DRR770/DRR770685/DRR770685.fastq.gz	Specimen nuclease depletion and paper-level hg38 subtraction reported; deposited-file state unresolved	NO
DRR770686	DRX749664	SAMD01673430	DRS538241	SAMC5008535	BALF_073	UNRESOLVED	UNRESOLVED	No direct run/BioSample-to-clinical-row key in public metadata	BALF	Zengcheng Branch of Nanfang Hospital, Southern Medical University	NextSeq 550	SINGLE	40	212942232	5e3654e6c37d94a864d1c654df708060	ftp.sra.ebi.ac.uk/vol1/fastq/DRR770/DRR770686/DRR770686.fastq.gz	Specimen nuclease depletion and paper-level hg38 subtraction reported; deposited-file state unresolved	NO
DRR770687	DRX749665	SAMD01673431	DRS538242	SAMC5008536	BALF_074	UNRESOLVED	UNRESOLVED	No direct run/BioSample-to-clinical-row key in public metadata	BALF	Zengcheng Branch of Nanfang Hospital, Southern Medical University	NextSeq 550	SINGLE	40	80176782	e10666061c8c89d2f3d5541da5cd6450	ftp.sra.ebi.ac.uk/vol1/fastq/DRR770/DRR770687/DRR770687.fastq.gz	Specimen nuclease depletion and paper-level hg38 subtraction reported; deposited-file state unresolved	NO
DRR770688	DRX749666	SAMD01673432	DRS538243	SAMC5008537	BALF_075	UNRESOLVED	UNRESOLVED	No direct run/BioSample-to-clinical-row key in public metadata	BALF	Zengcheng Branch of Nanfang Hospital, Southern Medical University	NextSeq 550	SINGLE	40	83738468	0639a80a764cd3671fbf888c99462a53	ftp.sra.ebi.ac.uk/vol1/fastq/DRR770/DRR770688/DRR770688.fastq.gz	Specimen nuclease depletion and paper-level hg38 subtraction reported; deposited-file state unresolved	NO
DRR770690	DRX749668	SAMD01673434	DRS538245	SAMC5008539	BALF_077	UNRESOLVED	UNRESOLVED	No direct run/BioSample-to-clinical-row key in public metadata	BALF	Zengcheng Branch of Nanfang Hospital, Southern Medical University	NextSeq 550	SINGLE	40	22044552	21cae7f499d37ae09eefa21993c7fdaa	ftp.sra.ebi.ac.uk/vol1/fastq/DRR770/DRR770690/DRR770690.fastq.gz	Specimen nuclease depletion and paper-level hg38 subtraction reported; deposited-file state unresolved	NO
DRR770693	DRX749671	SAMD01673437	DRS538248	SAMC5008542	BALF_080	UNRESOLVED	UNRESOLVED	No direct run/BioSample-to-clinical-row key in public metadata	BALF	Zengcheng Branch of Nanfang Hospital, Southern Medical University	NextSeq 550	SINGLE	40	90472027	fd0c028a7a3c6767f9c21ffd80104c32	ftp.sra.ebi.ac.uk/vol1/fastq/DRR770/DRR770693/DRR770693.fastq.gz	Specimen nuclease depletion and paper-level hg38 subtraction reported; deposited-file state unresolved	NO
DRR770697	DRX749675	SAMD01673441	DRS538252	SAMC5008546	BALF_084	UNRESOLVED	UNRESOLVED	No direct run/BioSample-to-clinical-row key in public metadata	BALF	Zengcheng Branch of Nanfang Hospital, Southern Medical University	NextSeq 550	SINGLE	40	14970493	97c2bf268ba19bf98789d43336314c66	ftp.sra.ebi.ac.uk/vol1/fastq/DRR770/DRR770697/DRR770697.fastq.gz	Specimen nuclease depletion and paper-level hg38 subtraction reported; deposited-file state unresolved	NO
DRR770698	DRX749676	SAMD01673442	DRS538253	SAMC5008547	BALF_085	UNRESOLVED	UNRESOLVED	No direct run/BioSample-to-clinical-row key in public metadata	BALF	Zengcheng Branch of Nanfang Hospital, Southern Medical University	NextSeq 550	SINGLE	40	33882450	650f4f51397c96ee06af4feedbaa578b	ftp.sra.ebi.ac.uk/vol1/fastq/DRR770/DRR770698/DRR770698.fastq.gz	Specimen nuclease depletion and paper-level hg38 subtraction reported; deposited-file state unresolved	NO
DRR770701	DRX749679	SAMD01673445	DRS538256	SAMC5008550	BALF_088	UNRESOLVED	UNRESOLVED	No direct run/BioSample-to-clinical-row key in public metadata	BALF	Zengcheng Branch of Nanfang Hospital, Southern Medical University	NextSeq 550	SINGLE	40	16950854	3c80923bdb5f7cf96e45c05f2f5df404	ftp.sra.ebi.ac.uk/vol1/fastq/DRR770/DRR770701/DRR770701.fastq.gz	Specimen nuclease depletion and paper-level hg38 subtraction reported; deposited-file state unresolved	NO
DRR770708	DRX749686	SAMD01673452	DRS538263	SAMC5008557	BALF_095	UNRESOLVED	UNRESOLVED	No direct run/BioSample-to-clinical-row key in public metadata	BALF	Zengcheng Branch of Nanfang Hospital, Southern Medical University	NextSeq 550	SINGLE	40	228599811	17414d20ad76b3795c32217935b90a4a	ftp.sra.ebi.ac.uk/vol1/fastq/DRR770/DRR770708/DRR770708.fastq.gz	Specimen nuclease depletion and paper-level hg38 subtraction reported; deposited-file state unresolved	NO
DRR770712	DRX749690	SAMD01673456	DRS538267	SAMC5008561	BALF_099	UNRESOLVED	UNRESOLVED	No direct run/BioSample-to-clinical-row key in public metadata	BALF	Zengcheng Branch of Nanfang Hospital, Southern Medical University	NextSeq 550	SINGLE	40	52420769	fa9bfd684df5a5c4ada450f73c6c73a7	ftp.sra.ebi.ac.uk/vol1/fastq/DRR770/DRR770712/DRR770712.fastq.gz	Specimen nuclease depletion and paper-level hg38 subtraction reported; deposited-file state unresolved	NO
DRR770715	DRX749693	SAMD01673459	DRS538270	SAMC5008564	BALF_102	UNRESOLVED	UNRESOLVED	No direct run/BioSample-to-clinical-row key in public metadata	BALF	Zengcheng Branch of Nanfang Hospital, Southern Medical University	NextSeq 550	SINGLE	40	31330359	6db669c867687f416e92beb497c4d795	ftp.sra.ebi.ac.uk/vol1/fastq/DRR770/DRR770715/DRR770715.fastq.gz	Specimen nuclease depletion and paper-level hg38 subtraction reported; deposited-file state unresolved	NO
DRR770718	DRX749696	SAMD01673462	DRS538273	SAMC5008567	BALF_105	UNRESOLVED	UNRESOLVED	No direct run/BioSample-to-clinical-row key in public metadata	BALF	Zengcheng Branch of Nanfang Hospital, Southern Medical University	NextSeq 550	SINGLE	40	5911660	70bdbfb5fdce4fe4480fa1aed74e4014	ftp.sra.ebi.ac.uk/vol1/fastq/DRR770/DRR770718/DRR770718.fastq.gz	Specimen nuclease depletion and paper-level hg38 subtraction reported; deposited-file state unresolved	NO
DRR770722	DRX749700	SAMD01673466	DRS538277	SAMC5008571	BALF_109	UNRESOLVED	UNRESOLVED	No direct run/BioSample-to-clinical-row key in public metadata	BALF	Zengcheng Branch of Nanfang Hospital, Southern Medical University	NextSeq 550	SINGLE	40	6847449	6d4a3e86819e101e1313c3018b662abe	ftp.sra.ebi.ac.uk/vol1/fastq/DRR770/DRR770722/DRR770722.fastq.gz	Specimen nuclease depletion and paper-level hg38 subtraction reported; deposited-file state unresolved	NO
DRR770728	DRX749706	SAMD01673472	DRS538283	SAMC5008577	BALF_115	UNRESOLVED	UNRESOLVED	No direct run/BioSample-to-clinical-row key in public metadata	BALF	Zengcheng Branch of Nanfang Hospital, Southern Medical University	NextSeq 550	SINGLE	40	39403800	b55f5a3e91ae96e97c965f84c9222190	ftp.sra.ebi.ac.uk/vol1/fastq/DRR770/DRR770728/DRR770728.fastq.gz	Specimen nuclease depletion and paper-level hg38 subtraction reported; deposited-file state unresolved	NO
DRR770729	DRX749707	SAMD01673473	DRS538284	SAMC5008578	BALF_116	UNRESOLVED	UNRESOLVED	No direct run/BioSample-to-clinical-row key in public metadata	BALF	Zengcheng Branch of Nanfang Hospital, Southern Medical University	NextSeq 550	SINGLE	40	517310051	4d509a9b06353c1b359c7bbad85f0362	ftp.sra.ebi.ac.uk/vol1/fastq/DRR770/DRR770729/DRR770729.fastq.gz	Specimen nuclease depletion and paper-level hg38 subtraction reported; deposited-file state unresolved	NO
DRR770732	DRX749710	SAMD01673476	DRS538287	SAMC5008581	BALF_119	UNRESOLVED	UNRESOLVED	No direct run/BioSample-to-clinical-row key in public metadata	BALF	Zengcheng Branch of Nanfang Hospital, Southern Medical University	NextSeq 550	SINGLE	40	105051017	d4cfd0bc7348715d97dfbb40eaf38611	ftp.sra.ebi.ac.uk/vol1/fastq/DRR770/DRR770732/DRR770732.fastq.gz	Specimen nuclease depletion and paper-level hg38 subtraction reported; deposited-file state unresolved	NO
DRR770734	DRX749712	SAMD01673478	DRS538289	SAMC5008583	BALF_121	UNRESOLVED	UNRESOLVED	No direct run/BioSample-to-clinical-row key in public metadata	BALF	Zengcheng Branch of Nanfang Hospital, Southern Medical University	NextSeq 550	SINGLE	40	12370506	e22c7a33a7cd227ead91794719953022	ftp.sra.ebi.ac.uk/vol1/fastq/DRR770/DRR770734/DRR770734.fastq.gz	Specimen nuclease depletion and paper-level hg38 subtraction reported; deposited-file state unresolved	NO
DRR770735	DRX749713	SAMD01673479	DRS538290	SAMC5008584	BALF_122	UNRESOLVED	UNRESOLVED	No direct run/BioSample-to-clinical-row key in public metadata	BALF	Zengcheng Branch of Nanfang Hospital, Southern Medical University	NextSeq 550	SINGLE	40	8890147	c4a82d5356b4221e6602d26fdf5b4d8d	ftp.sra.ebi.ac.uk/vol1/fastq/DRR770/DRR770735/DRR770735.fastq.gz	Specimen nuclease depletion and paper-level hg38 subtraction reported; deposited-file state unresolved	NO
DRR770736	DRX749714	SAMD01673480	DRS538291	SAMC5008585	BALF_123	UNRESOLVED	UNRESOLVED	No direct run/BioSample-to-clinical-row key in public metadata	BALF	Zengcheng Branch of Nanfang Hospital, Southern Medical University	NextSeq 550	SINGLE	40	8629892	2dd733f6c01343a34fea75d6c5f5bca2	ftp.sra.ebi.ac.uk/vol1/fastq/DRR770/DRR770736/DRR770736.fastq.gz	Specimen nuclease depletion and paper-level hg38 subtraction reported; deposited-file state unresolved	NO
DRR770738	DRX749716	SAMD01673482	DRS538293	SAMC5008587	BALF_125	UNRESOLVED	UNRESOLVED	No direct run/BioSample-to-clinical-row key in public metadata	BALF	Zengcheng Branch of Nanfang Hospital, Southern Medical University	NextSeq 550	SINGLE	40	233378589	0758d456ef5dcdc8a5be91d7e4cad085	ftp.sra.ebi.ac.uk/vol1/fastq/DRR770/DRR770738/DRR770738.fastq.gz	Specimen nuclease depletion and paper-level hg38 subtraction reported; deposited-file state unresolved	NO
DRR770739	DRX749717	SAMD01673483	DRS538294	SAMC5008588	BALF_126	UNRESOLVED	UNRESOLVED	No direct run/BioSample-to-clinical-row key in public metadata	BALF	Zengcheng Branch of Nanfang Hospital, Southern Medical University	NextSeq 550	SINGLE	40	10082078	bac3230802426ee6e339ab024f317f17	ftp.sra.ebi.ac.uk/vol1/fastq/DRR770/DRR770739/DRR770739.fastq.gz	Specimen nuclease depletion and paper-level hg38 subtraction reported; deposited-file state unresolved	NO
DRR770743	DRX749721	SAMD01673487	DRS538298	SAMC5008592	BALF_130	UNRESOLVED	UNRESOLVED	No direct run/BioSample-to-clinical-row key in public metadata	BALF	Zengcheng Branch of Nanfang Hospital, Southern Medical University	NextSeq 550	SINGLE	40	71712296	56aa6d4c1390275b79b9f21001446ab6	ftp.sra.ebi.ac.uk/vol1/fastq/DRR770/DRR770743/DRR770743.fastq.gz	Specimen nuclease depletion and paper-level hg38 subtraction reported; deposited-file state unresolved	NO
DRR770750	DRX749728	SAMD01673494	DRS538305	SAMC5008599	BALF_137	UNRESOLVED	UNRESOLVED	No direct run/BioSample-to-clinical-row key in public metadata	BALF	Zengcheng Branch of Nanfang Hospital, Southern Medical University	NextSeq 550	SINGLE	40	19252201	b2ebcdd2e62143fe6ce9d0679b94a28d	ftp.sra.ebi.ac.uk/vol1/fastq/DRR770/DRR770750/DRR770750.fastq.gz	Specimen nuclease depletion and paper-level hg38 subtraction reported; deposited-file state unresolved	NO
DRR770753	DRX749731	SAMD01673497	DRS538308	SAMC5008602	BALF_140	UNRESOLVED	UNRESOLVED	No direct run/BioSample-to-clinical-row key in public metadata	BALF	Zengcheng Branch of Nanfang Hospital, Southern Medical University	NextSeq 550	SINGLE	40	41176827	e65b183ba8b2f316ce3df9bfa1fe2c74	ftp.sra.ebi.ac.uk/vol1/fastq/DRR770/DRR770753/DRR770753.fastq.gz	Specimen nuclease depletion and paper-level hg38 subtraction reported; deposited-file state unresolved	NO
DRR770754	DRX749732	SAMD01673498	DRS538309	SAMC5008603	BALF_141	UNRESOLVED	UNRESOLVED	No direct run/BioSample-to-clinical-row key in public metadata	BALF	Zengcheng Branch of Nanfang Hospital, Southern Medical University	NextSeq 550	SINGLE	40	18991748	10ba776363f74709376d74b043d6f9de	ftp.sra.ebi.ac.uk/vol1/fastq/DRR770/DRR770754/DRR770754.fastq.gz	Specimen nuclease depletion and paper-level hg38 subtraction reported; deposited-file state unresolved	NO
DRR770755	DRX749733	SAMD01673499	DRS538310	SAMC5008604	BALF_142	UNRESOLVED	UNRESOLVED	No direct run/BioSample-to-clinical-row key in public metadata	BALF	Zengcheng Branch of Nanfang Hospital, Southern Medical University	NextSeq 550	SINGLE	40	65087729	cef463cff4f74e4e61ccf8220d693a41	ftp.sra.ebi.ac.uk/vol1/fastq/DRR770/DRR770755/DRR770755.fastq.gz	Specimen nuclease depletion and paper-level hg38 subtraction reported; deposited-file state unresolved	NO
DRR770757	DRX749735	SAMD01673501	DRS538312	SAMC5008606	BALF_144	UNRESOLVED	UNRESOLVED	No direct run/BioSample-to-clinical-row key in public metadata	BALF	Zengcheng Branch of Nanfang Hospital, Southern Medical University	NextSeq 550	SINGLE	40	56502105	1abbbd785f93d392b9573965d53104d6	ftp.sra.ebi.ac.uk/vol1/fastq/DRR770/DRR770757/DRR770757.fastq.gz	Specimen nuclease depletion and paper-level hg38 subtraction reported; deposited-file state unresolved	NO
DRR770758	DRX749736	SAMD01673502	DRS538313	SAMC5008607	BALF_145	UNRESOLVED	UNRESOLVED	No direct run/BioSample-to-clinical-row key in public metadata	BALF	Zengcheng Branch of Nanfang Hospital, Southern Medical University	NextSeq 550	SINGLE	40	18141302	b4ce10b9a1a61d9e3b2d59f10e777f23	ftp.sra.ebi.ac.uk/vol1/fastq/DRR770/DRR770758/DRR770758.fastq.gz	Specimen nuclease depletion and paper-level hg38 subtraction reported; deposited-file state unresolved	NO
DRR770760	DRX749738	SAMD01673504	DRS538315	SAMC5008609	BALF_147	UNRESOLVED	UNRESOLVED	No direct run/BioSample-to-clinical-row key in public metadata	BALF	Zengcheng Branch of Nanfang Hospital, Southern Medical University	NextSeq 550	SINGLE	40	18618230	411a1862e7d823332ca995b17fb2dfb9	ftp.sra.ebi.ac.uk/vol1/fastq/DRR770/DRR770760/DRR770760.fastq.gz	Specimen nuclease depletion and paper-level hg38 subtraction reported; deposited-file state unresolved	NO
DRR770761	DRX749739	SAMD01673505	DRS538316	SAMC5008610	BALF_148	UNRESOLVED	UNRESOLVED	No direct run/BioSample-to-clinical-row key in public metadata	BALF	Zengcheng Branch of Nanfang Hospital, Southern Medical University	NextSeq 550	SINGLE	40	18618222	81ec7328c4e310533ceabad90ffd59c5	ftp.sra.ebi.ac.uk/vol1/fastq/DRR770/DRR770761/DRR770761.fastq.gz	Specimen nuclease depletion and paper-level hg38 subtraction reported; deposited-file state unresolved	NO
DRR770763	DRX749741	SAMD01673507	DRS538318	SAMC5008612	BALF_150	UNRESOLVED	UNRESOLVED	No direct run/BioSample-to-clinical-row key in public metadata	BALF	Zengcheng Branch of Nanfang Hospital, Southern Medical University	NextSeq 550	SINGLE	40	97847513	e42bf766978ef248ab1224a29c212bcd	ftp.sra.ebi.ac.uk/vol1/fastq/DRR770/DRR770763/DRR770763.fastq.gz	Specimen nuclease depletion and paper-level hg38 subtraction reported; deposited-file state unresolved	NO
DRR770768	DRX749746	SAMD01673512	DRS538323	SAMC5008617	BALF_155	UNRESOLVED	UNRESOLVED	No direct run/BioSample-to-clinical-row key in public metadata	BALF	Zengcheng Branch of Nanfang Hospital, Southern Medical University	NextSeq 550	SINGLE	40	45695004	026a620368ea88f2086b4d102212e0cc	ftp.sra.ebi.ac.uk/vol1/fastq/DRR770/DRR770768/DRR770768.fastq.gz	Specimen nuclease depletion and paper-level hg38 subtraction reported; deposited-file state unresolved	NO
DRR770771	DRX749749	SAMD01673515	DRS538326	SAMC5008620	BALF_158	UNRESOLVED	UNRESOLVED	No direct run/BioSample-to-clinical-row key in public metadata	BALF	Zengcheng Branch of Nanfang Hospital, Southern Medical University	NextSeq 550	SINGLE	40	30485705	053bf5faf01aadfa20badded5c01a9ae	ftp.sra.ebi.ac.uk/vol1/fastq/DRR770/DRR770771/DRR770771.fastq.gz	Specimen nuclease depletion and paper-level hg38 subtraction reported; deposited-file state unresolved	NO
DRR770773	DRX749751	SAMD01673517	DRS538328	SAMC5008622	BALF_160	UNRESOLVED	UNRESOLVED	No direct run/BioSample-to-clinical-row key in public metadata	BALF	Zengcheng Branch of Nanfang Hospital, Southern Medical University	NextSeq 550	SINGLE	40	13806512	af564020d77f290aaa56d21e852564fb	ftp.sra.ebi.ac.uk/vol1/fastq/DRR770/DRR770773/DRR770773.fastq.gz	Specimen nuclease depletion and paper-level hg38 subtraction reported; deposited-file state unresolved	NO
DRR770776	DRX749754	SAMD01673520	DRS538331	SAMC5008625	BALF_163	UNRESOLVED	UNRESOLVED	No direct run/BioSample-to-clinical-row key in public metadata	BALF	Zengcheng Branch of Nanfang Hospital, Southern Medical University	NextSeq 550	SINGLE	40	31238558	778c517c115c69c6d14d6c593bb7f367	ftp.sra.ebi.ac.uk/vol1/fastq/DRR770/DRR770776/DRR770776.fastq.gz	Specimen nuclease depletion and paper-level hg38 subtraction reported; deposited-file state unresolved	NO
DRR770783	DRX749761	SAMD01673527	DRS538338	SAMC5008632	BALF_170	UNRESOLVED	UNRESOLVED	No direct run/BioSample-to-clinical-row key in public metadata	BALF	Zengcheng Branch of Nanfang Hospital, Southern Medical University	NextSeq 550	SINGLE	40	36012465	98fab6789179baf3e92fce700a126910	ftp.sra.ebi.ac.uk/vol1/fastq/DRR770/DRR770783/DRR770783.fastq.gz	Specimen nuclease depletion and paper-level hg38 subtraction reported; deposited-file state unresolved	NO
DRR770785	DRX749763	SAMD01673529	DRS538340	SAMC5008634	BALF_172	UNRESOLVED	UNRESOLVED	No direct run/BioSample-to-clinical-row key in public metadata	BALF	Zengcheng Branch of Nanfang Hospital, Southern Medical University	NextSeq 550	SINGLE	40	284020280	54643e6db3e15a003fbc15a6c1839a37	ftp.sra.ebi.ac.uk/vol1/fastq/DRR770/DRR770785/DRR770785.fastq.gz	Specimen nuclease depletion and paper-level hg38 subtraction reported; deposited-file state unresolved	NO
DRR770787	DRX749765	SAMD01673531	DRS538342	SAMC5008636	BALF_174	UNRESOLVED	UNRESOLVED	No direct run/BioSample-to-clinical-row key in public metadata	BALF	Zengcheng Branch of Nanfang Hospital, Southern Medical University	NextSeq 550	SINGLE	40	65660373	b72bec00c28191f61447351e81b5473d	ftp.sra.ebi.ac.uk/vol1/fastq/DRR770/DRR770787/DRR770787.fastq.gz	Specimen nuclease depletion and paper-level hg38 subtraction reported; deposited-file state unresolved	NO
DRR770793	DRX749771	SAMD01673537	DRS538348	SAMC5008642	BALF_180	UNRESOLVED	UNRESOLVED	No direct run/BioSample-to-clinical-row key in public metadata	BALF	Zengcheng Branch of Nanfang Hospital, Southern Medical University	NextSeq 550	SINGLE	40	344545075	8e7f124b723bd69a9808ab026012acca	ftp.sra.ebi.ac.uk/vol1/fastq/DRR770/DRR770793/DRR770793.fastq.gz	Specimen nuclease depletion and paper-level hg38 subtraction reported; deposited-file state unresolved	NO
DRR770794	DRX749772	SAMD01673538	DRS538349	SAMC5008643	BALF_181	UNRESOLVED	UNRESOLVED	No direct run/BioSample-to-clinical-row key in public metadata	BALF	Zengcheng Branch of Nanfang Hospital, Southern Medical University	NextSeq 550	SINGLE	40	1155503	07dad54e686a259c0e2e26574cd37fa8	ftp.sra.ebi.ac.uk/vol1/fastq/DRR770/DRR770794/DRR770794.fastq.gz	Specimen nuclease depletion and paper-level hg38 subtraction reported; deposited-file state unresolved	NO
DRR770795	DRX749773	SAMD01673539	DRS538350	SAMC5008644	BALF_182	UNRESOLVED	UNRESOLVED	No direct run/BioSample-to-clinical-row key in public metadata	BALF	Zengcheng Branch of Nanfang Hospital, Southern Medical University	NextSeq 550	SINGLE	40	32783171	d951fd9f739eefa0fcdeb59707275adf	ftp.sra.ebi.ac.uk/vol1/fastq/DRR770/DRR770795/DRR770795.fastq.gz	Specimen nuclease depletion and paper-level hg38 subtraction reported; deposited-file state unresolved	NO
DRR770796	DRX749774	SAMD01673540	DRS538351	SAMC5008645	BALF_183	UNRESOLVED	UNRESOLVED	No direct run/BioSample-to-clinical-row key in public metadata	BALF	Zengcheng Branch of Nanfang Hospital, Southern Medical University	NextSeq 550	SINGLE	40	20720890	98e97c17c674e224946c692ed9478379	ftp.sra.ebi.ac.uk/vol1/fastq/DRR770/DRR770796/DRR770796.fastq.gz	Specimen nuclease depletion and paper-level hg38 subtraction reported; deposited-file state unresolved	NO
DRR770797	DRX749775	SAMD01673541	DRS538352	SAMC5008646	BALF_184	UNRESOLVED	UNRESOLVED	No direct run/BioSample-to-clinical-row key in public metadata	BALF	Zengcheng Branch of Nanfang Hospital, Southern Medical University	NextSeq 550	SINGLE	40	712699475	bbd45c4b0b20ad1eeb75b3dbbe6b1490	ftp.sra.ebi.ac.uk/vol1/fastq/DRR770/DRR770797/DRR770797.fastq.gz	Specimen nuclease depletion and paper-level hg38 subtraction reported; deposited-file state unresolved	NO
DRR770801	DRX749779	SAMD01673545	DRS538356	SAMC5008650	BALF_188	UNRESOLVED	UNRESOLVED	No direct run/BioSample-to-clinical-row key in public metadata	BALF	Zengcheng Branch of Nanfang Hospital, Southern Medical University	NextSeq 550	SINGLE	40	41342445	02181f55c5c58ed0f3baba399d3c87d5	ftp.sra.ebi.ac.uk/vol1/fastq/DRR770/DRR770801/DRR770801.fastq.gz	Specimen nuclease depletion and paper-level hg38 subtraction reported; deposited-file state unresolved	NO
DRR770803	DRX749781	SAMD01673547	DRS538358	SAMC5008652	BALF_190	UNRESOLVED	UNRESOLVED	No direct run/BioSample-to-clinical-row key in public metadata	BALF	Zengcheng Branch of Nanfang Hospital, Southern Medical University	NextSeq 550	SINGLE	40	24559026	971ffb6ff75cc4a24bec6cb9c743e63b	ftp.sra.ebi.ac.uk/vol1/fastq/DRR770/DRR770803/DRR770803.fastq.gz	Specimen nuclease depletion and paper-level hg38 subtraction reported; deposited-file state unresolved	NO
DRR770804	DRX749782	SAMD01673548	DRS538359	SAMC5008653	BALF_191	UNRESOLVED	UNRESOLVED	No direct run/BioSample-to-clinical-row key in public metadata	BALF	Zengcheng Branch of Nanfang Hospital, Southern Medical University	NextSeq 550	SINGLE	40	12207507	21bfb229c5c2cb7896d3df306411795d	ftp.sra.ebi.ac.uk/vol1/fastq/DRR770/DRR770804/DRR770804.fastq.gz	Specimen nuclease depletion and paper-level hg38 subtraction reported; deposited-file state unresolved	NO
DRR770807	DRX749785	SAMD01673551	DRS538362	SAMC5008656	BALF_194	UNRESOLVED	UNRESOLVED	No direct run/BioSample-to-clinical-row key in public metadata	BALF	Zengcheng Branch of Nanfang Hospital, Southern Medical University	NextSeq 550	SINGLE	40	18782292	9623efd1a8e0078c01e3df98f4e18614	ftp.sra.ebi.ac.uk/vol1/fastq/DRR770/DRR770807/DRR770807.fastq.gz	Specimen nuclease depletion and paper-level hg38 subtraction reported; deposited-file state unresolved	NO
DRR770808	DRX749786	SAMD01673552	DRS538363	SAMC5008657	BALF_195	UNRESOLVED	UNRESOLVED	No direct run/BioSample-to-clinical-row key in public metadata	BALF	Zengcheng Branch of Nanfang Hospital, Southern Medical University	NextSeq 550	SINGLE	40	72764230	35de321bbd82927d2b95470acc3779c7	ftp.sra.ebi.ac.uk/vol1/fastq/DRR770/DRR770808/DRR770808.fastq.gz	Specimen nuclease depletion and paper-level hg38 subtraction reported; deposited-file state unresolved	NO
DRR770810	DRX749788	SAMD01673554	DRS538365	SAMC5008659	BALF_197	UNRESOLVED	UNRESOLVED	No direct run/BioSample-to-clinical-row key in public metadata	BALF	Zengcheng Branch of Nanfang Hospital, Southern Medical University	NextSeq 550	SINGLE	40	10636141	9ee7690e9f201a27ad2c282fc54bde44	ftp.sra.ebi.ac.uk/vol1/fastq/DRR770/DRR770810/DRR770810.fastq.gz	Specimen nuclease depletion and paper-level hg38 subtraction reported; deposited-file state unresolved	NO
DRR770812	DRX749790	SAMD01673556	DRS538367	SAMC5008661	BALF_199	UNRESOLVED	UNRESOLVED	No direct run/BioSample-to-clinical-row key in public metadata	BALF	Zengcheng Branch of Nanfang Hospital, Southern Medical University	NextSeq 550	SINGLE	40	18583464	90043995ba14289452ea50e6fbfdb97d	ftp.sra.ebi.ac.uk/vol1/fastq/DRR770/DRR770812/DRR770812.fastq.gz	Specimen nuclease depletion and paper-level hg38 subtraction reported; deposited-file state unresolved	NO
DRR770815	DRX749793	SAMD01673559	DRS538370	SAMC5008664	BALF_202	UNRESOLVED	UNRESOLVED	No direct run/BioSample-to-clinical-row key in public metadata	BALF	Zengcheng Branch of Nanfang Hospital, Southern Medical University	NextSeq 550	SINGLE	40	5813442	0557cc47df71584efe1fb54e2c6bc0e8	ftp.sra.ebi.ac.uk/vol1/fastq/DRR770/DRR770815/DRR770815.fastq.gz	Specimen nuclease depletion and paper-level hg38 subtraction reported; deposited-file state unresolved	NO
DRR770823	DRX749801	SAMD01673567	DRS538378	SAMC5008672	BALF_210	UNRESOLVED	UNRESOLVED	No direct run/BioSample-to-clinical-row key in public metadata	BALF	Zengcheng Branch of Nanfang Hospital, Southern Medical University	NextSeq 550	SINGLE	40	97091203	ad541c84d0c58757872094ba6be6e3e5	ftp.sra.ebi.ac.uk/vol1/fastq/DRR770/DRR770823/DRR770823.fastq.gz	Specimen nuclease depletion and paper-level hg38 subtraction reported; deposited-file state unresolved	NO
DRR770824	DRX749802	SAMD01673568	DRS538379	SAMC5008673	BALF_211	UNRESOLVED	UNRESOLVED	No direct run/BioSample-to-clinical-row key in public metadata	BALF	Zengcheng Branch of Nanfang Hospital, Southern Medical University	NextSeq 550	SINGLE	40	113282275	7cc7ac0fcbc7f94de913a0ee44bab6f0	ftp.sra.ebi.ac.uk/vol1/fastq/DRR770/DRR770824/DRR770824.fastq.gz	Specimen nuclease depletion and paper-level hg38 subtraction reported; deposited-file state unresolved	NO
DRR770826	DRX749804	SAMD01673570	DRS538381	SAMC5008675	BALF_213	UNRESOLVED	UNRESOLVED	No direct run/BioSample-to-clinical-row key in public metadata	BALF	Zengcheng Branch of Nanfang Hospital, Southern Medical University	NextSeq 550	SINGLE	40	86970309	c1a3ec258e30cdf80e0e30763022cc5e	ftp.sra.ebi.ac.uk/vol1/fastq/DRR770/DRR770826/DRR770826.fastq.gz	Specimen nuclease depletion and paper-level hg38 subtraction reported; deposited-file state unresolved	NO
DRR770827	DRX749805	SAMD01673571	DRS538382	SAMC5008676	BALF_214	UNRESOLVED	UNRESOLVED	No direct run/BioSample-to-clinical-row key in public metadata	BALF	Zengcheng Branch of Nanfang Hospital, Southern Medical University	NextSeq 550	SINGLE	40	75367752	fa725008debca76a173e5077260f1717	ftp.sra.ebi.ac.uk/vol1/fastq/DRR770/DRR770827/DRR770827.fastq.gz	Specimen nuclease depletion and paper-level hg38 subtraction reported; deposited-file state unresolved	NO
DRR770836	DRX749814	SAMD01673580	DRS538391	SAMC5008685	BALF_223	UNRESOLVED	UNRESOLVED	No direct run/BioSample-to-clinical-row key in public metadata	BALF	Zengcheng Branch of Nanfang Hospital, Southern Medical University	NextSeq 550	SINGLE	40	34402477	10363fc222d517197aa0710648b8fc8b	ftp.sra.ebi.ac.uk/vol1/fastq/DRR770/DRR770836/DRR770836.fastq.gz	Specimen nuclease depletion and paper-level hg38 subtraction reported; deposited-file state unresolved	NO
DRR770840	DRX749818	SAMD01673584	DRS538395	SAMC5008689	BALF_227	UNRESOLVED	UNRESOLVED	No direct run/BioSample-to-clinical-row key in public metadata	BALF	Zengcheng Branch of Nanfang Hospital, Southern Medical University	NextSeq 550	SINGLE	40	80062634	1b87a5df6f89d6649ed3af23f8bb21de	ftp.sra.ebi.ac.uk/vol1/fastq/DRR770/DRR770840/DRR770840.fastq.gz	Specimen nuclease depletion and paper-level hg38 subtraction reported; deposited-file state unresolved	NO
DRR770842	DRX749820	SAMD01673586	DRS538397	SAMC5008691	BALF_229	UNRESOLVED	UNRESOLVED	No direct run/BioSample-to-clinical-row key in public metadata	BALF	Zengcheng Branch of Nanfang Hospital, Southern Medical University	NextSeq 550	SINGLE	40	62722671	04b12efa4e4ae80f7cc27c8c2962876f	ftp.sra.ebi.ac.uk/vol1/fastq/DRR770/DRR770842/DRR770842.fastq.gz	Specimen nuclease depletion and paper-level hg38 subtraction reported; deposited-file state unresolved	NO
DRR770844	DRX749822	SAMD01673588	DRS538399	SAMC5008693	BALF_231	UNRESOLVED	UNRESOLVED	No direct run/BioSample-to-clinical-row key in public metadata	BALF	Zengcheng Branch of Nanfang Hospital, Southern Medical University	NextSeq 550	SINGLE	40	49052388	e917838dcd535bb25f39bd3a2e2097f4	ftp.sra.ebi.ac.uk/vol1/fastq/DRR770/DRR770844/DRR770844.fastq.gz	Specimen nuclease depletion and paper-level hg38 subtraction reported; deposited-file state unresolved	NO
DRR770845	DRX749823	SAMD01673589	DRS538400	SAMC5008694	BALF_232	UNRESOLVED	UNRESOLVED	No direct run/BioSample-to-clinical-row key in public metadata	BALF	Zengcheng Branch of Nanfang Hospital, Southern Medical University	NextSeq 550	SINGLE	40	195282118	6212ae1f73a6f3768c3e983de221129c	ftp.sra.ebi.ac.uk/vol1/fastq/DRR770/DRR770845/DRR770845.fastq.gz	Specimen nuclease depletion and paper-level hg38 subtraction reported; deposited-file state unresolved	NO
DRR770846	DRX749824	SAMD01673590	DRS538401	SAMC5008695	BALF_233	UNRESOLVED	UNRESOLVED	No direct run/BioSample-to-clinical-row key in public metadata	BALF	Zengcheng Branch of Nanfang Hospital, Southern Medical University	NextSeq 550	SINGLE	40	66426458	c816b2c1659a845595dbcc7f244f6f5d	ftp.sra.ebi.ac.uk/vol1/fastq/DRR770/DRR770846/DRR770846.fastq.gz	Specimen nuclease depletion and paper-level hg38 subtraction reported; deposited-file state unresolved	NO
DRR770625	DRX749603	SAMD01673369	DRS538180	SAMC5008474	BALF_012	UNRESOLVED	UNRESOLVED	No direct run/BioSample-to-clinical-row key in public metadata	BALF	Zengcheng Branch of Nanfang Hospital, Southern Medical University	NextSeq 550	SINGLE	40	62194524	283ea1bc3cdf34217521710d6d09bd5d	ftp.sra.ebi.ac.uk/vol1/fastq/DRR770/DRR770625/DRR770625.fastq.gz	Specimen nuclease depletion and paper-level hg38 subtraction reported; deposited-file state unresolved	NO
DRR770626	DRX749604	SAMD01673370	DRS538181	SAMC5008475	BALF_013	UNRESOLVED	UNRESOLVED	No direct run/BioSample-to-clinical-row key in public metadata	BALF	Zengcheng Branch of Nanfang Hospital, Southern Medical University	NextSeq 550	SINGLE	40	133868982	d44d8927af93a8585210150d0b9258ab	ftp.sra.ebi.ac.uk/vol1/fastq/DRR770/DRR770626/DRR770626.fastq.gz	Specimen nuclease depletion and paper-level hg38 subtraction reported; deposited-file state unresolved	NO
DRR770636	DRX749614	SAMD01673380	DRS538191	SAMC5008485	BALF_023	UNRESOLVED	UNRESOLVED	No direct run/BioSample-to-clinical-row key in public metadata	BALF	Zengcheng Branch of Nanfang Hospital, Southern Medical University	NextSeq 550	SINGLE	40	66820343	8a9d97e117a4a926dd511930c8640fed	ftp.sra.ebi.ac.uk/vol1/fastq/DRR770/DRR770636/DRR770636.fastq.gz	Specimen nuclease depletion and paper-level hg38 subtraction reported; deposited-file state unresolved	NO
DRR770638	DRX749616	SAMD01673382	DRS538193	SAMC5008487	BALF_025	UNRESOLVED	UNRESOLVED	No direct run/BioSample-to-clinical-row key in public metadata	BALF	Zengcheng Branch of Nanfang Hospital, Southern Medical University	NextSeq 550	SINGLE	40	18968074	e478b11fecfb52d2e52b5644ecc9e5da	ftp.sra.ebi.ac.uk/vol1/fastq/DRR770/DRR770638/DRR770638.fastq.gz	Specimen nuclease depletion and paper-level hg38 subtraction reported; deposited-file state unresolved	NO
DRR770640	DRX749618	SAMD01673384	DRS538195	SAMC5008489	BALF_027	UNRESOLVED	UNRESOLVED	No direct run/BioSample-to-clinical-row key in public metadata	BALF	Zengcheng Branch of Nanfang Hospital, Southern Medical University	NextSeq 550	SINGLE	40	144935391	63db9b31dfc345509a4cf12c640a1dc0	ftp.sra.ebi.ac.uk/vol1/fastq/DRR770/DRR770640/DRR770640.fastq.gz	Specimen nuclease depletion and paper-level hg38 subtraction reported; deposited-file state unresolved	NO
DRR770614	DRX749592	SAMD01673358	DRS538169	SAMC5008463	BALF_001	UNRESOLVED	UNRESOLVED	No direct run/BioSample-to-clinical-row key in public metadata	BALF	Zengcheng Branch of Nanfang Hospital, Southern Medical University	NextSeq 550	SINGLE	40	23654423	83f4b342896b34b7f7ce66abb8bb678a	ftp.sra.ebi.ac.uk/vol1/fastq/DRR770/DRR770614/DRR770614.fastq.gz	Specimen nuclease depletion and paper-level hg38 subtraction reported; deposited-file state unresolved	NO
DRR770643	DRX749621	SAMD01673387	DRS538198	SAMC5008492	BALF_030	UNRESOLVED	UNRESOLVED	No direct run/BioSample-to-clinical-row key in public metadata	BALF	Zengcheng Branch of Nanfang Hospital, Southern Medical University	NextSeq 550	SINGLE	40	203629344	03dad1495bd0208e21b800435da57de3	ftp.sra.ebi.ac.uk/vol1/fastq/DRR770/DRR770643/DRR770643.fastq.gz	Specimen nuclease depletion and paper-level hg38 subtraction reported; deposited-file state unresolved	NO
DRR770618	DRX749596	SAMD01673362	DRS538173	SAMC5008467	BALF_005	UNRESOLVED	UNRESOLVED	No direct run/BioSample-to-clinical-row key in public metadata	BALF	Zengcheng Branch of Nanfang Hospital, Southern Medical University	NextSeq 550	SINGLE	40	8922444	9fa86219805338a9a7ea69d4068453a8	ftp.sra.ebi.ac.uk/vol1/fastq/DRR770/DRR770618/DRR770618.fastq.gz	Specimen nuclease depletion and paper-level hg38 subtraction reported; deposited-file state unresolved	NO
DRR770621	DRX749599	SAMD01673365	DRS538176	SAMC5008470	BALF_008	UNRESOLVED	UNRESOLVED	No direct run/BioSample-to-clinical-row key in public metadata	BALF	Zengcheng Branch of Nanfang Hospital, Southern Medical University	NextSeq 550	SINGLE	40	42122533	4de46f704fd74f2f32f140494f4b5361	ftp.sra.ebi.ac.uk/vol1/fastq/DRR770/DRR770621/DRR770621.fastq.gz	Specimen nuclease depletion and paper-level hg38 subtraction reported; deposited-file state unresolved	NO
DRR770645	DRX749623	SAMD01673389	DRS538200	SAMC5008494	BALF_032	UNRESOLVED	UNRESOLVED	No direct run/BioSample-to-clinical-row key in public metadata	BALF	Zengcheng Branch of Nanfang Hospital, Southern Medical University	NextSeq 550	SINGLE	40	55316687	7187fb6e1e3c46dcf00a262eb4bd0293	ftp.sra.ebi.ac.uk/vol1/fastq/DRR770/DRR770645/DRR770645.fastq.gz	Specimen nuclease depletion and paper-level hg38 subtraction reported; deposited-file state unresolved	NO
DRR770648	DRX749626	SAMD01673392	DRS538203	SAMC5008497	BALF_035	UNRESOLVED	UNRESOLVED	No direct run/BioSample-to-clinical-row key in public metadata	BALF	Zengcheng Branch of Nanfang Hospital, Southern Medical University	NextSeq 550	SINGLE	40	34494647	0af3f3379510000277f8693f1b8e2670	ftp.sra.ebi.ac.uk/vol1/fastq/DRR770/DRR770648/DRR770648.fastq.gz	Specimen nuclease depletion and paper-level hg38 subtraction reported; deposited-file state unresolved	NO
DRR770623	DRX749601	SAMD01673367	DRS538178	SAMC5008472	BALF_010	UNRESOLVED	UNRESOLVED	No direct run/BioSample-to-clinical-row key in public metadata	BALF	Zengcheng Branch of Nanfang Hospital, Southern Medical University	NextSeq 550	SINGLE	40	265729338	7604e9ad22b65d9b4f44b974f1a4160f	ftp.sra.ebi.ac.uk/vol1/fastq/DRR770/DRR770623/DRR770623.fastq.gz	Specimen nuclease depletion and paper-level hg38 subtraction reported; deposited-file state unresolved	NO
DRR770649	DRX749627	SAMD01673393	DRS538204	SAMC5008498	BALF_036	UNRESOLVED	UNRESOLVED	No direct run/BioSample-to-clinical-row key in public metadata	BALF	Zengcheng Branch of Nanfang Hospital, Southern Medical University	NextSeq 550	SINGLE	40	81692431	6e3bdc2393f08859b05a0d50643bc601	ftp.sra.ebi.ac.uk/vol1/fastq/DRR770/DRR770649/DRR770649.fastq.gz	Specimen nuclease depletion and paper-level hg38 subtraction reported; deposited-file state unresolved	NO
DRR770650	DRX749628	SAMD01673394	DRS538205	SAMC5008499	BALF_037	UNRESOLVED	UNRESOLVED	No direct run/BioSample-to-clinical-row key in public metadata	BALF	Zengcheng Branch of Nanfang Hospital, Southern Medical University	NextSeq 550	SINGLE	40	64831284	7b2131166a4e578a3ddb79ddb72df40b	ftp.sra.ebi.ac.uk/vol1/fastq/DRR770/DRR770650/DRR770650.fastq.gz	Specimen nuclease depletion and paper-level hg38 subtraction reported; deposited-file state unresolved	NO
DRR770624	DRX749602	SAMD01673368	DRS538179	SAMC5008473	BALF_011	UNRESOLVED	UNRESOLVED	No direct run/BioSample-to-clinical-row key in public metadata	BALF	Zengcheng Branch of Nanfang Hospital, Southern Medical University	NextSeq 550	SINGLE	40	122263089	69ccb632cd4a1eb0f344e93a8d4daca7	ftp.sra.ebi.ac.uk/vol1/fastq/DRR770/DRR770624/DRR770624.fastq.gz	Specimen nuclease depletion and paper-level hg38 subtraction reported; deposited-file state unresolved	NO
DRR770652	DRX749630	SAMD01673396	DRS538207	SAMC5008501	BALF_039	UNRESOLVED	UNRESOLVED	No direct run/BioSample-to-clinical-row key in public metadata	BALF	Zengcheng Branch of Nanfang Hospital, Southern Medical University	NextSeq 550	SINGLE	40	40886544	09b6f97ad0fdbc1fbc0d550ee01ae179	ftp.sra.ebi.ac.uk/vol1/fastq/DRR770/DRR770652/DRR770652.fastq.gz	Specimen nuclease depletion and paper-level hg38 subtraction reported; deposited-file state unresolved	NO
DRR770628	DRX749606	SAMD01673372	DRS538183	SAMC5008477	BALF_015	UNRESOLVED	UNRESOLVED	No direct run/BioSample-to-clinical-row key in public metadata	BALF	Zengcheng Branch of Nanfang Hospital, Southern Medical University	NextSeq 550	SINGLE	40	31576552	97086c49dd57e24bbb878b50437f2dc6	ftp.sra.ebi.ac.uk/vol1/fastq/DRR770/DRR770628/DRR770628.fastq.gz	Specimen nuclease depletion and paper-level hg38 subtraction reported; deposited-file state unresolved	NO
DRR770653	DRX749631	SAMD01673397	DRS538208	SAMC5008502	BALF_040	UNRESOLVED	UNRESOLVED	No direct run/BioSample-to-clinical-row key in public metadata	BALF	Zengcheng Branch of Nanfang Hospital, Southern Medical University	NextSeq 550	SINGLE	40	90417255	c6ba2785196f1bb4b3eecf7ec89c4831	ftp.sra.ebi.ac.uk/vol1/fastq/DRR770/DRR770653/DRR770653.fastq.gz	Specimen nuclease depletion and paper-level hg38 subtraction reported; deposited-file state unresolved	NO
DRR770629	DRX749607	SAMD01673373	DRS538184	SAMC5008478	BALF_016	UNRESOLVED	UNRESOLVED	No direct run/BioSample-to-clinical-row key in public metadata	BALF	Zengcheng Branch of Nanfang Hospital, Southern Medical University	NextSeq 550	SINGLE	40	37253712	70339e8243a4d314a559daeca00f7167	ftp.sra.ebi.ac.uk/vol1/fastq/DRR770/DRR770629/DRR770629.fastq.gz	Specimen nuclease depletion and paper-level hg38 subtraction reported; deposited-file state unresolved	NO
DRR770655	DRX749633	SAMD01673399	DRS538210	SAMC5008504	BALF_042	UNRESOLVED	UNRESOLVED	No direct run/BioSample-to-clinical-row key in public metadata	BALF	Zengcheng Branch of Nanfang Hospital, Southern Medical University	NextSeq 550	SINGLE	40	86711170	aa0fd19c057621bcb7db06d017abad2d	ftp.sra.ebi.ac.uk/vol1/fastq/DRR770/DRR770655/DRR770655.fastq.gz	Specimen nuclease depletion and paper-level hg38 subtraction reported; deposited-file state unresolved	NO
DRR770632	DRX749610	SAMD01673376	DRS538187	SAMC5008481	BALF_019	UNRESOLVED	UNRESOLVED	No direct run/BioSample-to-clinical-row key in public metadata	BALF	Zengcheng Branch of Nanfang Hospital, Southern Medical University	NextSeq 550	SINGLE	40	109441447	1a7a35270f8f4e5e72d114c6fe5c4d27	ftp.sra.ebi.ac.uk/vol1/fastq/DRR770/DRR770632/DRR770632.fastq.gz	Specimen nuclease depletion and paper-level hg38 subtraction reported; deposited-file state unresolved	NO
DRR770657	DRX749635	SAMD01673401	DRS538212	SAMC5008506	BALF_044	UNRESOLVED	UNRESOLVED	No direct run/BioSample-to-clinical-row key in public metadata	BALF	Zengcheng Branch of Nanfang Hospital, Southern Medical University	NextSeq 550	SINGLE	40	23072072	a4a6b7fc8078583b26fee432d3be2237	ftp.sra.ebi.ac.uk/vol1/fastq/DRR770/DRR770657/DRR770657.fastq.gz	Specimen nuclease depletion and paper-level hg38 subtraction reported; deposited-file state unresolved	NO
DRR770633	DRX749611	SAMD01673377	DRS538188	SAMC5008482	BALF_020	UNRESOLVED	UNRESOLVED	No direct run/BioSample-to-clinical-row key in public metadata	BALF	Zengcheng Branch of Nanfang Hospital, Southern Medical University	NextSeq 550	SINGLE	40	17512787	d577c6a166b0c232bcbe21b5a2e030c0	ftp.sra.ebi.ac.uk/vol1/fastq/DRR770/DRR770633/DRR770633.fastq.gz	Specimen nuclease depletion and paper-level hg38 subtraction reported; deposited-file state unresolved	NO
DRR770660	DRX749638	SAMD01673404	DRS538215	SAMC5008509	BALF_047	UNRESOLVED	UNRESOLVED	No direct run/BioSample-to-clinical-row key in public metadata	BALF	Zengcheng Branch of Nanfang Hospital, Southern Medical University	NextSeq 550	SINGLE	40	16324106	c78d92eea92c2457670c72cd07580052	ftp.sra.ebi.ac.uk/vol1/fastq/DRR770/DRR770660/DRR770660.fastq.gz	Specimen nuclease depletion and paper-level hg38 subtraction reported; deposited-file state unresolved	NO
DRR770635	DRX749613	SAMD01673379	DRS538190	SAMC5008484	BALF_022	UNRESOLVED	UNRESOLVED	No direct run/BioSample-to-clinical-row key in public metadata	BALF	Zengcheng Branch of Nanfang Hospital, Southern Medical University	NextSeq 550	SINGLE	40	37751870	f549d1de2c44215262bb4cc0fb825f65	ftp.sra.ebi.ac.uk/vol1/fastq/DRR770/DRR770635/DRR770635.fastq.gz	Specimen nuclease depletion and paper-level hg38 subtraction reported; deposited-file state unresolved	NO
DRR770661	DRX749639	SAMD01673405	DRS538216	SAMC5008510	BALF_048	UNRESOLVED	UNRESOLVED	No direct run/BioSample-to-clinical-row key in public metadata	BALF	Zengcheng Branch of Nanfang Hospital, Southern Medical University	NextSeq 550	SINGLE	40	89666331	75af1fe320fbbd8cbd7c2fa7b3893651	ftp.sra.ebi.ac.uk/vol1/fastq/DRR770/DRR770661/DRR770661.fastq.gz	Specimen nuclease depletion and paper-level hg38 subtraction reported; deposited-file state unresolved	NO
DRR770637	DRX749615	SAMD01673381	DRS538192	SAMC5008486	BALF_024	UNRESOLVED	UNRESOLVED	No direct run/BioSample-to-clinical-row key in public metadata	BALF	Zengcheng Branch of Nanfang Hospital, Southern Medical University	NextSeq 550	SINGLE	40	41636700	fe68e20c242409a122eba027edc1ca8a	ftp.sra.ebi.ac.uk/vol1/fastq/DRR770/DRR770637/DRR770637.fastq.gz	Specimen nuclease depletion and paper-level hg38 subtraction reported; deposited-file state unresolved	NO
DRR770641	DRX749619	SAMD01673385	DRS538196	SAMC5008490	BALF_028	UNRESOLVED	UNRESOLVED	No direct run/BioSample-to-clinical-row key in public metadata	BALF	Zengcheng Branch of Nanfang Hospital, Southern Medical University	NextSeq 550	SINGLE	40	44298991	5d0056b0b40ef627291748e48e51d0eb	ftp.sra.ebi.ac.uk/vol1/fastq/DRR770/DRR770641/DRR770641.fastq.gz	Specimen nuclease depletion and paper-level hg38 subtraction reported; deposited-file state unresolved	NO
DRR770664	DRX749642	SAMD01673408	DRS538219	SAMC5008513	BALF_051	UNRESOLVED	UNRESOLVED	No direct run/BioSample-to-clinical-row key in public metadata	BALF	Zengcheng Branch of Nanfang Hospital, Southern Medical University	NextSeq 550	SINGLE	40	37998671	aefdc0557a90ee4bc078c173d228d522	ftp.sra.ebi.ac.uk/vol1/fastq/DRR770/DRR770664/DRR770664.fastq.gz	Specimen nuclease depletion and paper-level hg38 subtraction reported; deposited-file state unresolved	NO
DRR770654	DRX749632	SAMD01673398	DRS538209	SAMC5008503	BALF_041	UNRESOLVED	UNRESOLVED	No direct run/BioSample-to-clinical-row key in public metadata	BALF	Zengcheng Branch of Nanfang Hospital, Southern Medical University	NextSeq 550	SINGLE	40	115547534	028e58ad3f86effb9477eae93d0181ba	ftp.sra.ebi.ac.uk/vol1/fastq/DRR770/DRR770654/DRR770654.fastq.gz	Specimen nuclease depletion and paper-level hg38 subtraction reported; deposited-file state unresolved	NO
DRR770670	DRX749648	SAMD01673414	DRS538225	SAMC5008519	BALF_057	UNRESOLVED	UNRESOLVED	No direct run/BioSample-to-clinical-row key in public metadata	BALF	Zengcheng Branch of Nanfang Hospital, Southern Medical University	NextSeq 550	SINGLE	40	61560436	163a6743b0f5f7b33f576522af37399c	ftp.sra.ebi.ac.uk/vol1/fastq/DRR770/DRR770670/DRR770670.fastq.gz	Specimen nuclease depletion and paper-level hg38 subtraction reported; deposited-file state unresolved	NO
DRR770659	DRX749637	SAMD01673403	DRS538214	SAMC5008508	BALF_046	UNRESOLVED	UNRESOLVED	No direct run/BioSample-to-clinical-row key in public metadata	BALF	Zengcheng Branch of Nanfang Hospital, Southern Medical University	NextSeq 550	SINGLE	40	16026256	dea19700c175116cbfa2a84b9963b59a	ftp.sra.ebi.ac.uk/vol1/fastq/DRR770/DRR770659/DRR770659.fastq.gz	Specimen nuclease depletion and paper-level hg38 subtraction reported; deposited-file state unresolved	NO
DRR770671	DRX749649	SAMD01673415	DRS538226	SAMC5008520	BALF_058	UNRESOLVED	UNRESOLVED	No direct run/BioSample-to-clinical-row key in public metadata	BALF	Zengcheng Branch of Nanfang Hospital, Southern Medical University	NextSeq 550	SINGLE	40	2416657	2e0b9414b4ca007f59b163b816068e43	ftp.sra.ebi.ac.uk/vol1/fastq/DRR770/DRR770671/DRR770671.fastq.gz	Specimen nuclease depletion and paper-level hg38 subtraction reported; deposited-file state unresolved	NO
DRR770663	DRX749641	SAMD01673407	DRS538218	SAMC5008512	BALF_050	UNRESOLVED	UNRESOLVED	No direct run/BioSample-to-clinical-row key in public metadata	BALF	Zengcheng Branch of Nanfang Hospital, Southern Medical University	NextSeq 550	SINGLE	40	15161258	9ba657150e9e5ec66a828f363c07276e	ftp.sra.ebi.ac.uk/vol1/fastq/DRR770/DRR770663/DRR770663.fastq.gz	Specimen nuclease depletion and paper-level hg38 subtraction reported; deposited-file state unresolved	NO
DRR770674	DRX749652	SAMD01673418	DRS538229	SAMC5008523	BALF_061	UNRESOLVED	UNRESOLVED	No direct run/BioSample-to-clinical-row key in public metadata	BALF	Zengcheng Branch of Nanfang Hospital, Southern Medical University	NextSeq 550	SINGLE	40	70444245	da777ece7fd65d5bf72b5967d5c0a8b0	ftp.sra.ebi.ac.uk/vol1/fastq/DRR770/DRR770674/DRR770674.fastq.gz	Specimen nuclease depletion and paper-level hg38 subtraction reported; deposited-file state unresolved	NO
DRR770665	DRX749643	SAMD01673409	DRS538220	SAMC5008514	BALF_052	UNRESOLVED	UNRESOLVED	No direct run/BioSample-to-clinical-row key in public metadata	BALF	Zengcheng Branch of Nanfang Hospital, Southern Medical University	NextSeq 550	SINGLE	40	15197510	ccb44d6a6439669735363d2cdc0d5898	ftp.sra.ebi.ac.uk/vol1/fastq/DRR770/DRR770665/DRR770665.fastq.gz	Specimen nuclease depletion and paper-level hg38 subtraction reported; deposited-file state unresolved	NO
DRR770675	DRX749653	SAMD01673419	DRS538230	SAMC5008524	BALF_062	UNRESOLVED	UNRESOLVED	No direct run/BioSample-to-clinical-row key in public metadata	BALF	Zengcheng Branch of Nanfang Hospital, Southern Medical University	NextSeq 550	SINGLE	40	52517522	185e58f2ea7a7a372fde5bb77d2947dc	ftp.sra.ebi.ac.uk/vol1/fastq/DRR770/DRR770675/DRR770675.fastq.gz	Specimen nuclease depletion and paper-level hg38 subtraction reported; deposited-file state unresolved	NO
DRR770666	DRX749644	SAMD01673410	DRS538221	SAMC5008515	BALF_053	UNRESOLVED	UNRESOLVED	No direct run/BioSample-to-clinical-row key in public metadata	BALF	Zengcheng Branch of Nanfang Hospital, Southern Medical University	NextSeq 550	SINGLE	40	15868106	45b3f07627a8bc787ba3e83e6d1ee870	ftp.sra.ebi.ac.uk/vol1/fastq/DRR770/DRR770666/DRR770666.fastq.gz	Specimen nuclease depletion and paper-level hg38 subtraction reported; deposited-file state unresolved	NO
DRR770678	DRX749656	SAMD01673422	DRS538233	SAMC5008527	BALF_065	UNRESOLVED	UNRESOLVED	No direct run/BioSample-to-clinical-row key in public metadata	BALF	Zengcheng Branch of Nanfang Hospital, Southern Medical University	NextSeq 550	SINGLE	40	117756391	10bd92ad8d0181257c193b5455991915	ftp.sra.ebi.ac.uk/vol1/fastq/DRR770/DRR770678/DRR770678.fastq.gz	Specimen nuclease depletion and paper-level hg38 subtraction reported; deposited-file state unresolved	NO
DRR770667	DRX749645	SAMD01673411	DRS538222	SAMC5008516	BALF_054	UNRESOLVED	UNRESOLVED	No direct run/BioSample-to-clinical-row key in public metadata	BALF	Zengcheng Branch of Nanfang Hospital, Southern Medical University	NextSeq 550	SINGLE	40	40894533	25f004f19eec11a0fa8d27a5bb9c10fd	ftp.sra.ebi.ac.uk/vol1/fastq/DRR770/DRR770667/DRR770667.fastq.gz	Specimen nuclease depletion and paper-level hg38 subtraction reported; deposited-file state unresolved	NO
DRR770679	DRX749657	SAMD01673423	DRS538234	SAMC5008528	BALF_066	UNRESOLVED	UNRESOLVED	No direct run/BioSample-to-clinical-row key in public metadata	BALF	Zengcheng Branch of Nanfang Hospital, Southern Medical University	NextSeq 550	SINGLE	40	42086360	05d78be6beb0c0c48d3a82f8faa3d6be	ftp.sra.ebi.ac.uk/vol1/fastq/DRR770/DRR770679/DRR770679.fastq.gz	Specimen nuclease depletion and paper-level hg38 subtraction reported; deposited-file state unresolved	NO
DRR770680	DRX749658	SAMD01673424	DRS538235	SAMC5008529	BALF_067	UNRESOLVED	UNRESOLVED	No direct run/BioSample-to-clinical-row key in public metadata	BALF	Zengcheng Branch of Nanfang Hospital, Southern Medical University	NextSeq 550	SINGLE	40	53379308	ec9c60c6952766dff16d2c53a87b6e55	ftp.sra.ebi.ac.uk/vol1/fastq/DRR770/DRR770680/DRR770680.fastq.gz	Specimen nuclease depletion and paper-level hg38 subtraction reported; deposited-file state unresolved	NO
DRR770681	DRX749659	SAMD01673425	DRS538236	SAMC5008530	BALF_068	UNRESOLVED	UNRESOLVED	No direct run/BioSample-to-clinical-row key in public metadata	BALF	Zengcheng Branch of Nanfang Hospital, Southern Medical University	NextSeq 550	SINGLE	40	65535985	c99eca362f7d077e9b3e0be49b8dd3d5	ftp.sra.ebi.ac.uk/vol1/fastq/DRR770/DRR770681/DRR770681.fastq.gz	Specimen nuclease depletion and paper-level hg38 subtraction reported; deposited-file state unresolved	NO
DRR770682	DRX749660	SAMD01673426	DRS538237	SAMC5008531	BALF_069	UNRESOLVED	UNRESOLVED	No direct run/BioSample-to-clinical-row key in public metadata	BALF	Zengcheng Branch of Nanfang Hospital, Southern Medical University	NextSeq 550	SINGLE	40	56714427	7c40c83c6860b5b9ada3551ebdd530b4	ftp.sra.ebi.ac.uk/vol1/fastq/DRR770/DRR770682/DRR770682.fastq.gz	Specimen nuclease depletion and paper-level hg38 subtraction reported; deposited-file state unresolved	NO
DRR770683	DRX749661	SAMD01673427	DRS538238	SAMC5008532	BALF_070	UNRESOLVED	UNRESOLVED	No direct run/BioSample-to-clinical-row key in public metadata	BALF	Zengcheng Branch of Nanfang Hospital, Southern Medical University	NextSeq 550	SINGLE	40	37913280	ae01e992fcb8cdfbe0cbdd7a1978c27c	ftp.sra.ebi.ac.uk/vol1/fastq/DRR770/DRR770683/DRR770683.fastq.gz	Specimen nuclease depletion and paper-level hg38 subtraction reported; deposited-file state unresolved	NO
DRR770691	DRX749669	SAMD01673435	DRS538246	SAMC5008540	BALF_078	UNRESOLVED	UNRESOLVED	No direct run/BioSample-to-clinical-row key in public metadata	BALF	Zengcheng Branch of Nanfang Hospital, Southern Medical University	NextSeq 550	SINGLE	40	75030089	38a71e4886413a02874a8bb7449d33e7	ftp.sra.ebi.ac.uk/vol1/fastq/DRR770/DRR770691/DRR770691.fastq.gz	Specimen nuclease depletion and paper-level hg38 subtraction reported; deposited-file state unresolved	NO
DRR770684	DRX749662	SAMD01673428	DRS538239	SAMC5008533	BALF_071	UNRESOLVED	UNRESOLVED	No direct run/BioSample-to-clinical-row key in public metadata	BALF	Zengcheng Branch of Nanfang Hospital, Southern Medical University	NextSeq 550	SINGLE	40	135905305	0231584180719a4079c0b530b5b24380	ftp.sra.ebi.ac.uk/vol1/fastq/DRR770/DRR770684/DRR770684.fastq.gz	Specimen nuclease depletion and paper-level hg38 subtraction reported; deposited-file state unresolved	NO
DRR770692	DRX749670	SAMD01673436	DRS538247	SAMC5008541	BALF_079	UNRESOLVED	UNRESOLVED	No direct run/BioSample-to-clinical-row key in public metadata	BALF	Zengcheng Branch of Nanfang Hospital, Southern Medical University	NextSeq 550	SINGLE	40	30528091	0d26c50cb616a4470b4f00c31573028c	ftp.sra.ebi.ac.uk/vol1/fastq/DRR770/DRR770692/DRR770692.fastq.gz	Specimen nuclease depletion and paper-level hg38 subtraction reported; deposited-file state unresolved	NO
DRR770689	DRX749667	SAMD01673433	DRS538244	SAMC5008538	BALF_076	UNRESOLVED	UNRESOLVED	No direct run/BioSample-to-clinical-row key in public metadata	BALF	Zengcheng Branch of Nanfang Hospital, Southern Medical University	NextSeq 550	SINGLE	40	26185644	5b116a1d2c7200550fe3aec43c2ce5bb	ftp.sra.ebi.ac.uk/vol1/fastq/DRR770/DRR770689/DRR770689.fastq.gz	Specimen nuclease depletion and paper-level hg38 subtraction reported; deposited-file state unresolved	NO
DRR770694	DRX749672	SAMD01673438	DRS538249	SAMC5008543	BALF_081	UNRESOLVED	UNRESOLVED	No direct run/BioSample-to-clinical-row key in public metadata	BALF	Zengcheng Branch of Nanfang Hospital, Southern Medical University	NextSeq 550	SINGLE	40	18603418	b39d472eb53d28e50f41ee6c86a8593a	ftp.sra.ebi.ac.uk/vol1/fastq/DRR770/DRR770694/DRR770694.fastq.gz	Specimen nuclease depletion and paper-level hg38 subtraction reported; deposited-file state unresolved	NO
DRR770696	DRX749674	SAMD01673440	DRS538251	SAMC5008545	BALF_083	UNRESOLVED	UNRESOLVED	No direct run/BioSample-to-clinical-row key in public metadata	BALF	Zengcheng Branch of Nanfang Hospital, Southern Medical University	NextSeq 550	SINGLE	40	19627476	5ea054117da5f4a3a480593ce7eebe8c	ftp.sra.ebi.ac.uk/vol1/fastq/DRR770/DRR770696/DRR770696.fastq.gz	Specimen nuclease depletion and paper-level hg38 subtraction reported; deposited-file state unresolved	NO
DRR770695	DRX749673	SAMD01673439	DRS538250	SAMC5008544	BALF_082	UNRESOLVED	UNRESOLVED	No direct run/BioSample-to-clinical-row key in public metadata	BALF	Zengcheng Branch of Nanfang Hospital, Southern Medical University	NextSeq 550	SINGLE	40	256294833	61c86d1ec8dae148fb4dc44691795337	ftp.sra.ebi.ac.uk/vol1/fastq/DRR770/DRR770695/DRR770695.fastq.gz	Specimen nuclease depletion and paper-level hg38 subtraction reported; deposited-file state unresolved	NO
DRR770699	DRX749677	SAMD01673443	DRS538254	SAMC5008548	BALF_086	UNRESOLVED	UNRESOLVED	No direct run/BioSample-to-clinical-row key in public metadata	BALF	Zengcheng Branch of Nanfang Hospital, Southern Medical University	NextSeq 550	SINGLE	40	71358648	1d71864b01f7acb5f47a294d880e323b	ftp.sra.ebi.ac.uk/vol1/fastq/DRR770/DRR770699/DRR770699.fastq.gz	Specimen nuclease depletion and paper-level hg38 subtraction reported; deposited-file state unresolved	NO
DRR770700	DRX749678	SAMD01673444	DRS538255	SAMC5008549	BALF_087	UNRESOLVED	UNRESOLVED	No direct run/BioSample-to-clinical-row key in public metadata	BALF	Zengcheng Branch of Nanfang Hospital, Southern Medical University	NextSeq 550	SINGLE	40	47320941	8bad45eff1024c28ecfc438591219c08	ftp.sra.ebi.ac.uk/vol1/fastq/DRR770/DRR770700/DRR770700.fastq.gz	Specimen nuclease depletion and paper-level hg38 subtraction reported; deposited-file state unresolved	NO
DRR770702	DRX749680	SAMD01673446	DRS538257	SAMC5008551	BALF_089	UNRESOLVED	UNRESOLVED	No direct run/BioSample-to-clinical-row key in public metadata	BALF	Zengcheng Branch of Nanfang Hospital, Southern Medical University	NextSeq 550	SINGLE	40	18616622	87ca3ac4d8172457092d872cfffc4f62	ftp.sra.ebi.ac.uk/vol1/fastq/DRR770/DRR770702/DRR770702.fastq.gz	Specimen nuclease depletion and paper-level hg38 subtraction reported; deposited-file state unresolved	NO
DRR770704	DRX749682	SAMD01673448	DRS538259	SAMC5008553	BALF_091	UNRESOLVED	UNRESOLVED	No direct run/BioSample-to-clinical-row key in public metadata	BALF	Zengcheng Branch of Nanfang Hospital, Southern Medical University	NextSeq 550	SINGLE	40	111910069	26e61344812b50ca3435a42e8adef4da	ftp.sra.ebi.ac.uk/vol1/fastq/DRR770/DRR770704/DRR770704.fastq.gz	Specimen nuclease depletion and paper-level hg38 subtraction reported; deposited-file state unresolved	NO
DRR770703	DRX749681	SAMD01673447	DRS538258	SAMC5008552	BALF_090	UNRESOLVED	UNRESOLVED	No direct run/BioSample-to-clinical-row key in public metadata	BALF	Zengcheng Branch of Nanfang Hospital, Southern Medical University	NextSeq 550	SINGLE	40	87040408	2c822ee8cb3cd31df06e1214f8310943	ftp.sra.ebi.ac.uk/vol1/fastq/DRR770/DRR770703/DRR770703.fastq.gz	Specimen nuclease depletion and paper-level hg38 subtraction reported; deposited-file state unresolved	NO
DRR770705	DRX749683	SAMD01673449	DRS538260	SAMC5008554	BALF_092	UNRESOLVED	UNRESOLVED	No direct run/BioSample-to-clinical-row key in public metadata	BALF	Zengcheng Branch of Nanfang Hospital, Southern Medical University	NextSeq 550	SINGLE	40	42181720	e1ff7b1300965f8272b6efb8fa1abca1	ftp.sra.ebi.ac.uk/vol1/fastq/DRR770/DRR770705/DRR770705.fastq.gz	Specimen nuclease depletion and paper-level hg38 subtraction reported; deposited-file state unresolved	NO
DRR770707	DRX749685	SAMD01673451	DRS538262	SAMC5008556	BALF_094	UNRESOLVED	UNRESOLVED	No direct run/BioSample-to-clinical-row key in public metadata	BALF	Zengcheng Branch of Nanfang Hospital, Southern Medical University	NextSeq 550	SINGLE	40	7067701	d7372fdf0fce4d5d64e681a6cf75e21a	ftp.sra.ebi.ac.uk/vol1/fastq/DRR770/DRR770707/DRR770707.fastq.gz	Specimen nuclease depletion and paper-level hg38 subtraction reported; deposited-file state unresolved	NO
DRR770710	DRX749688	SAMD01673454	DRS538265	SAMC5008559	BALF_097	UNRESOLVED	UNRESOLVED	No direct run/BioSample-to-clinical-row key in public metadata	BALF	Zengcheng Branch of Nanfang Hospital, Southern Medical University	NextSeq 550	SINGLE	40	26904189	3522a9d435306239101860ba7cc9c8a6	ftp.sra.ebi.ac.uk/vol1/fastq/DRR770/DRR770710/DRR770710.fastq.gz	Specimen nuclease depletion and paper-level hg38 subtraction reported; deposited-file state unresolved	NO
DRR770706	DRX749684	SAMD01673450	DRS538261	SAMC5008555	BALF_093	UNRESOLVED	UNRESOLVED	No direct run/BioSample-to-clinical-row key in public metadata	BALF	Zengcheng Branch of Nanfang Hospital, Southern Medical University	NextSeq 550	SINGLE	40	61924616	074934ae9c3b4a2fb81511c5b3e59c09	ftp.sra.ebi.ac.uk/vol1/fastq/DRR770/DRR770706/DRR770706.fastq.gz	Specimen nuclease depletion and paper-level hg38 subtraction reported; deposited-file state unresolved	NO
DRR770713	DRX749691	SAMD01673457	DRS538268	SAMC5008562	BALF_100	UNRESOLVED	UNRESOLVED	No direct run/BioSample-to-clinical-row key in public metadata	BALF	Zengcheng Branch of Nanfang Hospital, Southern Medical University	NextSeq 550	SINGLE	40	52462520	4ac9cade3b8eda91c98fb448b63a6f47	ftp.sra.ebi.ac.uk/vol1/fastq/DRR770/DRR770713/DRR770713.fastq.gz	Specimen nuclease depletion and paper-level hg38 subtraction reported; deposited-file state unresolved	NO
DRR770709	DRX749687	SAMD01673453	DRS538264	SAMC5008558	BALF_096	UNRESOLVED	UNRESOLVED	No direct run/BioSample-to-clinical-row key in public metadata	BALF	Zengcheng Branch of Nanfang Hospital, Southern Medical University	NextSeq 550	SINGLE	40	327224659	a794bd1728de46439c39c6e77ad7bfc7	ftp.sra.ebi.ac.uk/vol1/fastq/DRR770/DRR770709/DRR770709.fastq.gz	Specimen nuclease depletion and paper-level hg38 subtraction reported; deposited-file state unresolved	NO
DRR770716	DRX749694	SAMD01673460	DRS538271	SAMC5008565	BALF_103	UNRESOLVED	UNRESOLVED	No direct run/BioSample-to-clinical-row key in public metadata	BALF	Zengcheng Branch of Nanfang Hospital, Southern Medical University	NextSeq 550	SINGLE	40	31693227	8198f3f59eec03e131edd4d5c61d8693	ftp.sra.ebi.ac.uk/vol1/fastq/DRR770/DRR770716/DRR770716.fastq.gz	Specimen nuclease depletion and paper-level hg38 subtraction reported; deposited-file state unresolved	NO
DRR770711	DRX749689	SAMD01673455	DRS538266	SAMC5008560	BALF_098	UNRESOLVED	UNRESOLVED	No direct run/BioSample-to-clinical-row key in public metadata	BALF	Zengcheng Branch of Nanfang Hospital, Southern Medical University	NextSeq 550	SINGLE	40	123318090	6791402ec8be2cbb5edbd54314f6e74e	ftp.sra.ebi.ac.uk/vol1/fastq/DRR770/DRR770711/DRR770711.fastq.gz	Specimen nuclease depletion and paper-level hg38 subtraction reported; deposited-file state unresolved	NO
DRR770717	DRX749695	SAMD01673461	DRS538272	SAMC5008566	BALF_104	UNRESOLVED	UNRESOLVED	No direct run/BioSample-to-clinical-row key in public metadata	BALF	Zengcheng Branch of Nanfang Hospital, Southern Medical University	NextSeq 550	SINGLE	40	13835980	06b378d37d44d3a22e9dabe39d4876f8	ftp.sra.ebi.ac.uk/vol1/fastq/DRR770/DRR770717/DRR770717.fastq.gz	Specimen nuclease depletion and paper-level hg38 subtraction reported; deposited-file state unresolved	NO
DRR770714	DRX749692	SAMD01673458	DRS538269	SAMC5008563	BALF_101	UNRESOLVED	UNRESOLVED	No direct run/BioSample-to-clinical-row key in public metadata	BALF	Zengcheng Branch of Nanfang Hospital, Southern Medical University	NextSeq 550	SINGLE	40	41350116	5e7b781c37dee04b031ce2b1e0034951	ftp.sra.ebi.ac.uk/vol1/fastq/DRR770/DRR770714/DRR770714.fastq.gz	Specimen nuclease depletion and paper-level hg38 subtraction reported; deposited-file state unresolved	NO
DRR770720	DRX749698	SAMD01673464	DRS538275	SAMC5008569	BALF_107	UNRESOLVED	UNRESOLVED	No direct run/BioSample-to-clinical-row key in public metadata	BALF	Zengcheng Branch of Nanfang Hospital, Southern Medical University	NextSeq 550	SINGLE	40	53461653	71ce35e842b0768aaff01207092acc3d	ftp.sra.ebi.ac.uk/vol1/fastq/DRR770/DRR770720/DRR770720.fastq.gz	Specimen nuclease depletion and paper-level hg38 subtraction reported; deposited-file state unresolved	NO
DRR770719	DRX749697	SAMD01673463	DRS538274	SAMC5008568	BALF_106	UNRESOLVED	UNRESOLVED	No direct run/BioSample-to-clinical-row key in public metadata	BALF	Zengcheng Branch of Nanfang Hospital, Southern Medical University	NextSeq 550	SINGLE	40	44943492	abeeddc362a5b42265ee6e0897929ab2	ftp.sra.ebi.ac.uk/vol1/fastq/DRR770/DRR770719/DRR770719.fastq.gz	Specimen nuclease depletion and paper-level hg38 subtraction reported; deposited-file state unresolved	NO
DRR770723	DRX749701	SAMD01673467	DRS538278	SAMC5008572	BALF_110	UNRESOLVED	UNRESOLVED	No direct run/BioSample-to-clinical-row key in public metadata	BALF	Zengcheng Branch of Nanfang Hospital, Southern Medical University	NextSeq 550	SINGLE	40	14599289	5d16695da120a4be4357233823808015	ftp.sra.ebi.ac.uk/vol1/fastq/DRR770/DRR770723/DRR770723.fastq.gz	Specimen nuclease depletion and paper-level hg38 subtraction reported; deposited-file state unresolved	NO
DRR770721	DRX749699	SAMD01673465	DRS538276	SAMC5008570	BALF_108	UNRESOLVED	UNRESOLVED	No direct run/BioSample-to-clinical-row key in public metadata	BALF	Zengcheng Branch of Nanfang Hospital, Southern Medical University	NextSeq 550	SINGLE	40	151019881	4379c48cc4cd264ac31b9491bce3b308	ftp.sra.ebi.ac.uk/vol1/fastq/DRR770/DRR770721/DRR770721.fastq.gz	Specimen nuclease depletion and paper-level hg38 subtraction reported; deposited-file state unresolved	NO
DRR770726	DRX749704	SAMD01673470	DRS538281	SAMC5008575	BALF_113	UNRESOLVED	UNRESOLVED	No direct run/BioSample-to-clinical-row key in public metadata	BALF	Zengcheng Branch of Nanfang Hospital, Southern Medical University	NextSeq 550	SINGLE	40	137278884	652b2bd3d7058ec20cbd27142fdfe84c	ftp.sra.ebi.ac.uk/vol1/fastq/DRR770/DRR770726/DRR770726.fastq.gz	Specimen nuclease depletion and paper-level hg38 subtraction reported; deposited-file state unresolved	NO
DRR770727	DRX749705	SAMD01673471	DRS538282	SAMC5008576	BALF_114	UNRESOLVED	UNRESOLVED	No direct run/BioSample-to-clinical-row key in public metadata	BALF	Zengcheng Branch of Nanfang Hospital, Southern Medical University	NextSeq 550	SINGLE	40	14261526	b2bed66040a7718babcfafd3ab5ff774	ftp.sra.ebi.ac.uk/vol1/fastq/DRR770/DRR770727/DRR770727.fastq.gz	Specimen nuclease depletion and paper-level hg38 subtraction reported; deposited-file state unresolved	NO
DRR770724	DRX749702	SAMD01673468	DRS538279	SAMC5008573	BALF_111	UNRESOLVED	UNRESOLVED	No direct run/BioSample-to-clinical-row key in public metadata	BALF	Zengcheng Branch of Nanfang Hospital, Southern Medical University	NextSeq 550	SINGLE	40	168835494	7064a93ae674f71a2f107ab589091fe6	ftp.sra.ebi.ac.uk/vol1/fastq/DRR770/DRR770724/DRR770724.fastq.gz	Specimen nuclease depletion and paper-level hg38 subtraction reported; deposited-file state unresolved	NO
DRR770731	DRX749709	SAMD01673475	DRS538286	SAMC5008580	BALF_118	UNRESOLVED	UNRESOLVED	No direct run/BioSample-to-clinical-row key in public metadata	BALF	Zengcheng Branch of Nanfang Hospital, Southern Medical University	NextSeq 550	SINGLE	40	85250766	1ca4ca1eecf6546ff88cdda0b61629ea	ftp.sra.ebi.ac.uk/vol1/fastq/DRR770/DRR770731/DRR770731.fastq.gz	Specimen nuclease depletion and paper-level hg38 subtraction reported; deposited-file state unresolved	NO
DRR770733	DRX749711	SAMD01673477	DRS538288	SAMC5008582	BALF_120	UNRESOLVED	UNRESOLVED	No direct run/BioSample-to-clinical-row key in public metadata	BALF	Zengcheng Branch of Nanfang Hospital, Southern Medical University	NextSeq 550	SINGLE	40	131153966	3c59f3efd5c3a58b86d73108e1b42b33	ftp.sra.ebi.ac.uk/vol1/fastq/DRR770/DRR770733/DRR770733.fastq.gz	Specimen nuclease depletion and paper-level hg38 subtraction reported; deposited-file state unresolved	NO
DRR770725	DRX749703	SAMD01673469	DRS538280	SAMC5008574	BALF_112	UNRESOLVED	UNRESOLVED	No direct run/BioSample-to-clinical-row key in public metadata	BALF	Zengcheng Branch of Nanfang Hospital, Southern Medical University	NextSeq 550	SINGLE	40	7164493	55f009436ab1fa361352ba8f66a4a65e	ftp.sra.ebi.ac.uk/vol1/fastq/DRR770/DRR770725/DRR770725.fastq.gz	Specimen nuclease depletion and paper-level hg38 subtraction reported; deposited-file state unresolved	NO
DRR770740	DRX749718	SAMD01673484	DRS538295	SAMC5008589	BALF_127	UNRESOLVED	UNRESOLVED	No direct run/BioSample-to-clinical-row key in public metadata	BALF	Zengcheng Branch of Nanfang Hospital, Southern Medical University	NextSeq 550	SINGLE	40	62599513	2bdaa019833fabc87edee33b792528e6	ftp.sra.ebi.ac.uk/vol1/fastq/DRR770/DRR770740/DRR770740.fastq.gz	Specimen nuclease depletion and paper-level hg38 subtraction reported; deposited-file state unresolved	NO
DRR770730	DRX749708	SAMD01673474	DRS538285	SAMC5008579	BALF_117	UNRESOLVED	UNRESOLVED	No direct run/BioSample-to-clinical-row key in public metadata	BALF	Zengcheng Branch of Nanfang Hospital, Southern Medical University	NextSeq 550	SINGLE	40	30593515	81a01ba680cedc24d338a203ca7aa48c	ftp.sra.ebi.ac.uk/vol1/fastq/DRR770/DRR770730/DRR770730.fastq.gz	Specimen nuclease depletion and paper-level hg38 subtraction reported; deposited-file state unresolved	NO
DRR770741	DRX749719	SAMD01673485	DRS538296	SAMC5008590	BALF_128	UNRESOLVED	UNRESOLVED	No direct run/BioSample-to-clinical-row key in public metadata	BALF	Zengcheng Branch of Nanfang Hospital, Southern Medical University	NextSeq 550	SINGLE	40	61174734	6ee7310b13a21e32fac577cb738d3665	ftp.sra.ebi.ac.uk/vol1/fastq/DRR770/DRR770741/DRR770741.fastq.gz	Specimen nuclease depletion and paper-level hg38 subtraction reported; deposited-file state unresolved	NO
DRR770744	DRX749722	SAMD01673488	DRS538299	SAMC5008593	BALF_131	UNRESOLVED	UNRESOLVED	No direct run/BioSample-to-clinical-row key in public metadata	BALF	Zengcheng Branch of Nanfang Hospital, Southern Medical University	NextSeq 550	SINGLE	40	80749268	6c79b7e09391cb7a2670f56db583c155	ftp.sra.ebi.ac.uk/vol1/fastq/DRR770/DRR770744/DRR770744.fastq.gz	Specimen nuclease depletion and paper-level hg38 subtraction reported; deposited-file state unresolved	NO
DRR770737	DRX749715	SAMD01673481	DRS538292	SAMC5008586	BALF_124	UNRESOLVED	UNRESOLVED	No direct run/BioSample-to-clinical-row key in public metadata	BALF	Zengcheng Branch of Nanfang Hospital, Southern Medical University	NextSeq 550	SINGLE	40	5980358	df76b02e86dd5bb0fbadcb1c93859bf4	ftp.sra.ebi.ac.uk/vol1/fastq/DRR770/DRR770737/DRR770737.fastq.gz	Specimen nuclease depletion and paper-level hg38 subtraction reported; deposited-file state unresolved	NO
DRR770745	DRX749723	SAMD01673489	DRS538300	SAMC5008594	BALF_132	UNRESOLVED	UNRESOLVED	No direct run/BioSample-to-clinical-row key in public metadata	BALF	Zengcheng Branch of Nanfang Hospital, Southern Medical University	NextSeq 550	SINGLE	40	101072437	9ac2435ed9d3ecec9c6c50a09eaf5ca2	ftp.sra.ebi.ac.uk/vol1/fastq/DRR770/DRR770745/DRR770745.fastq.gz	Specimen nuclease depletion and paper-level hg38 subtraction reported; deposited-file state unresolved	NO
DRR770742	DRX749720	SAMD01673486	DRS538297	SAMC5008591	BALF_129	UNRESOLVED	UNRESOLVED	No direct run/BioSample-to-clinical-row key in public metadata	BALF	Zengcheng Branch of Nanfang Hospital, Southern Medical University	NextSeq 550	SINGLE	40	161587766	a6f41e9293ca1eb10acdeea5f8df2ac2	ftp.sra.ebi.ac.uk/vol1/fastq/DRR770/DRR770742/DRR770742.fastq.gz	Specimen nuclease depletion and paper-level hg38 subtraction reported; deposited-file state unresolved	NO
DRR770747	DRX749725	SAMD01673491	DRS538302	SAMC5008596	BALF_134	UNRESOLVED	UNRESOLVED	No direct run/BioSample-to-clinical-row key in public metadata	BALF	Zengcheng Branch of Nanfang Hospital, Southern Medical University	NextSeq 550	SINGLE	40	36025879	692772bb5f4d5f00dbfdec55ead1ec9d	ftp.sra.ebi.ac.uk/vol1/fastq/DRR770/DRR770747/DRR770747.fastq.gz	Specimen nuclease depletion and paper-level hg38 subtraction reported; deposited-file state unresolved	NO
DRR770748	DRX749726	SAMD01673492	DRS538303	SAMC5008597	BALF_135	UNRESOLVED	UNRESOLVED	No direct run/BioSample-to-clinical-row key in public metadata	BALF	Zengcheng Branch of Nanfang Hospital, Southern Medical University	NextSeq 550	SINGLE	40	76458335	98e23fa8ffe71d59180c378a502b1a9a	ftp.sra.ebi.ac.uk/vol1/fastq/DRR770/DRR770748/DRR770748.fastq.gz	Specimen nuclease depletion and paper-level hg38 subtraction reported; deposited-file state unresolved	NO
DRR770746	DRX749724	SAMD01673490	DRS538301	SAMC5008595	BALF_133	UNRESOLVED	UNRESOLVED	No direct run/BioSample-to-clinical-row key in public metadata	BALF	Zengcheng Branch of Nanfang Hospital, Southern Medical University	NextSeq 550	SINGLE	40	421696931	09819c4427fb624afb3a6608e9a5a1ae	ftp.sra.ebi.ac.uk/vol1/fastq/DRR770/DRR770746/DRR770746.fastq.gz	Specimen nuclease depletion and paper-level hg38 subtraction reported; deposited-file state unresolved	NO
DRR770751	DRX749729	SAMD01673495	DRS538306	SAMC5008600	BALF_138	UNRESOLVED	UNRESOLVED	No direct run/BioSample-to-clinical-row key in public metadata	BALF	Zengcheng Branch of Nanfang Hospital, Southern Medical University	NextSeq 550	SINGLE	40	7260326	226a85ae8756768934fffec3622ce938	ftp.sra.ebi.ac.uk/vol1/fastq/DRR770/DRR770751/DRR770751.fastq.gz	Specimen nuclease depletion and paper-level hg38 subtraction reported; deposited-file state unresolved	NO
DRR770749	DRX749727	SAMD01673493	DRS538304	SAMC5008598	BALF_136	UNRESOLVED	UNRESOLVED	No direct run/BioSample-to-clinical-row key in public metadata	BALF	Zengcheng Branch of Nanfang Hospital, Southern Medical University	NextSeq 550	SINGLE	40	92667075	baafd4555bb45e6be0303bda7f72e2f5	ftp.sra.ebi.ac.uk/vol1/fastq/DRR770/DRR770749/DRR770749.fastq.gz	Specimen nuclease depletion and paper-level hg38 subtraction reported; deposited-file state unresolved	NO
DRR770762	DRX749740	SAMD01673506	DRS538317	SAMC5008611	BALF_149	UNRESOLVED	UNRESOLVED	No direct run/BioSample-to-clinical-row key in public metadata	BALF	Zengcheng Branch of Nanfang Hospital, Southern Medical University	NextSeq 550	SINGLE	40	97847624	aa7b42b341b69baf89ef1923614215bd	ftp.sra.ebi.ac.uk/vol1/fastq/DRR770/DRR770762/DRR770762.fastq.gz	Specimen nuclease depletion and paper-level hg38 subtraction reported; deposited-file state unresolved	NO
DRR770765	DRX749743	SAMD01673509	DRS538320	SAMC5008614	BALF_152	UNRESOLVED	UNRESOLVED	No direct run/BioSample-to-clinical-row key in public metadata	BALF	Zengcheng Branch of Nanfang Hospital, Southern Medical University	NextSeq 550	SINGLE	40	1067744	0ec048e7cfdb2219758c2f72aeaf7aa4	ftp.sra.ebi.ac.uk/vol1/fastq/DRR770/DRR770765/DRR770765.fastq.gz	Specimen nuclease depletion and paper-level hg38 subtraction reported; deposited-file state unresolved	NO
DRR770752	DRX749730	SAMD01673496	DRS538307	SAMC5008601	BALF_139	UNRESOLVED	UNRESOLVED	No direct run/BioSample-to-clinical-row key in public metadata	BALF	Zengcheng Branch of Nanfang Hospital, Southern Medical University	NextSeq 550	SINGLE	40	11464930	ae1315481eeed6e5d6fdc9c8bfa5dc2f	ftp.sra.ebi.ac.uk/vol1/fastq/DRR770/DRR770752/DRR770752.fastq.gz	Specimen nuclease depletion and paper-level hg38 subtraction reported; deposited-file state unresolved	NO
DRR770769	DRX749747	SAMD01673513	DRS538324	SAMC5008618	BALF_156	UNRESOLVED	UNRESOLVED	No direct run/BioSample-to-clinical-row key in public metadata	BALF	Zengcheng Branch of Nanfang Hospital, Southern Medical University	NextSeq 550	SINGLE	40	13016337	4b676e1c031fb99b7854baee83174941	ftp.sra.ebi.ac.uk/vol1/fastq/DRR770/DRR770769/DRR770769.fastq.gz	Specimen nuclease depletion and paper-level hg38 subtraction reported; deposited-file state unresolved	NO
DRR770756	DRX749734	SAMD01673500	DRS538311	SAMC5008605	BALF_143	UNRESOLVED	UNRESOLVED	No direct run/BioSample-to-clinical-row key in public metadata	BALF	Zengcheng Branch of Nanfang Hospital, Southern Medical University	NextSeq 550	SINGLE	40	2115718	205a7419af2047aab905c1099b0c9775	ftp.sra.ebi.ac.uk/vol1/fastq/DRR770/DRR770756/DRR770756.fastq.gz	Specimen nuclease depletion and paper-level hg38 subtraction reported; deposited-file state unresolved	NO
DRR770774	DRX749752	SAMD01673518	DRS538329	SAMC5008623	BALF_161	UNRESOLVED	UNRESOLVED	No direct run/BioSample-to-clinical-row key in public metadata	BALF	Zengcheng Branch of Nanfang Hospital, Southern Medical University	NextSeq 550	SINGLE	40	84903173	a0efbdb6b215ac565d4bfeab89fa2ccb	ftp.sra.ebi.ac.uk/vol1/fastq/DRR770/DRR770774/DRR770774.fastq.gz	Specimen nuclease depletion and paper-level hg38 subtraction reported; deposited-file state unresolved	NO
DRR770759	DRX749737	SAMD01673503	DRS538314	SAMC5008608	BALF_146	UNRESOLVED	UNRESOLVED	No direct run/BioSample-to-clinical-row key in public metadata	BALF	Zengcheng Branch of Nanfang Hospital, Southern Medical University	NextSeq 550	SINGLE	40	14383993	f7b98d7daf1da396d7cb366e83c496ec	ftp.sra.ebi.ac.uk/vol1/fastq/DRR770/DRR770759/DRR770759.fastq.gz	Specimen nuclease depletion and paper-level hg38 subtraction reported; deposited-file state unresolved	NO
DRR770775	DRX749753	SAMD01673519	DRS538330	SAMC5008624	BALF_162	UNRESOLVED	UNRESOLVED	No direct run/BioSample-to-clinical-row key in public metadata	BALF	Zengcheng Branch of Nanfang Hospital, Southern Medical University	NextSeq 550	SINGLE	40	47166204	f4a8712e3a14393bcac374194c1551c5	ftp.sra.ebi.ac.uk/vol1/fastq/DRR770/DRR770775/DRR770775.fastq.gz	Specimen nuclease depletion and paper-level hg38 subtraction reported; deposited-file state unresolved	NO
DRR770764	DRX749742	SAMD01673508	DRS538319	SAMC5008613	BALF_151	UNRESOLVED	UNRESOLVED	No direct run/BioSample-to-clinical-row key in public metadata	BALF	Zengcheng Branch of Nanfang Hospital, Southern Medical University	NextSeq 550	SINGLE	40	434196	1ecb628c220478142506058f890c8384	ftp.sra.ebi.ac.uk/vol1/fastq/DRR770/DRR770764/DRR770764.fastq.gz	Specimen nuclease depletion and paper-level hg38 subtraction reported; deposited-file state unresolved	NO
DRR770778	DRX749756	SAMD01673522	DRS538333	SAMC5008627	BALF_165	UNRESOLVED	UNRESOLVED	No direct run/BioSample-to-clinical-row key in public metadata	BALF	Zengcheng Branch of Nanfang Hospital, Southern Medical University	NextSeq 550	SINGLE	40	27195308	97f1e3d89a4bb1f293d9a4bbf3779c9f	ftp.sra.ebi.ac.uk/vol1/fastq/DRR770/DRR770778/DRR770778.fastq.gz	Specimen nuclease depletion and paper-level hg38 subtraction reported; deposited-file state unresolved	NO
DRR770779	DRX749757	SAMD01673523	DRS538334	SAMC5008628	BALF_166	UNRESOLVED	UNRESOLVED	No direct run/BioSample-to-clinical-row key in public metadata	BALF	Zengcheng Branch of Nanfang Hospital, Southern Medical University	NextSeq 550	SINGLE	40	31009686	a27dcb3776fe8107303adc668d27c871	ftp.sra.ebi.ac.uk/vol1/fastq/DRR770/DRR770779/DRR770779.fastq.gz	Specimen nuclease depletion and paper-level hg38 subtraction reported; deposited-file state unresolved	NO
DRR770766	DRX749744	SAMD01673510	DRS538321	SAMC5008615	BALF_153	UNRESOLVED	UNRESOLVED	No direct run/BioSample-to-clinical-row key in public metadata	BALF	Zengcheng Branch of Nanfang Hospital, Southern Medical University	NextSeq 550	SINGLE	40	1826211	4bb94ec8e297a133b575ff27041759a7	ftp.sra.ebi.ac.uk/vol1/fastq/DRR770/DRR770766/DRR770766.fastq.gz	Specimen nuclease depletion and paper-level hg38 subtraction reported; deposited-file state unresolved	NO
DRR770781	DRX749759	SAMD01673525	DRS538336	SAMC5008630	BALF_168	UNRESOLVED	UNRESOLVED	No direct run/BioSample-to-clinical-row key in public metadata	BALF	Zengcheng Branch of Nanfang Hospital, Southern Medical University	NextSeq 550	SINGLE	40	67535297	0933657acdbb2593ca5d1c2aa1e73b1a	ftp.sra.ebi.ac.uk/vol1/fastq/DRR770/DRR770781/DRR770781.fastq.gz	Specimen nuclease depletion and paper-level hg38 subtraction reported; deposited-file state unresolved	NO
DRR770767	DRX749745	SAMD01673511	DRS538322	SAMC5008616	BALF_154	UNRESOLVED	UNRESOLVED	No direct run/BioSample-to-clinical-row key in public metadata	BALF	Zengcheng Branch of Nanfang Hospital, Southern Medical University	NextSeq 550	SINGLE	40	393869114	8ed1485add89903fe1377965fb1902e0	ftp.sra.ebi.ac.uk/vol1/fastq/DRR770/DRR770767/DRR770767.fastq.gz	Specimen nuclease depletion and paper-level hg38 subtraction reported; deposited-file state unresolved	NO
DRR770782	DRX749760	SAMD01673526	DRS538337	SAMC5008631	BALF_169	UNRESOLVED	UNRESOLVED	No direct run/BioSample-to-clinical-row key in public metadata	BALF	Zengcheng Branch of Nanfang Hospital, Southern Medical University	NextSeq 550	SINGLE	40	19441528	30de834ffb0c9cf44acff6c144e50c9c	ftp.sra.ebi.ac.uk/vol1/fastq/DRR770/DRR770782/DRR770782.fastq.gz	Specimen nuclease depletion and paper-level hg38 subtraction reported; deposited-file state unresolved	NO
DRR770770	DRX749748	SAMD01673514	DRS538325	SAMC5008619	BALF_157	UNRESOLVED	UNRESOLVED	No direct run/BioSample-to-clinical-row key in public metadata	BALF	Zengcheng Branch of Nanfang Hospital, Southern Medical University	NextSeq 550	SINGLE	40	9631901	293ea3ee76c53b613572bd5ec3cddec0	ftp.sra.ebi.ac.uk/vol1/fastq/DRR770/DRR770770/DRR770770.fastq.gz	Specimen nuclease depletion and paper-level hg38 subtraction reported; deposited-file state unresolved	NO
DRR770784	DRX749762	SAMD01673528	DRS538339	SAMC5008633	BALF_171	UNRESOLVED	UNRESOLVED	No direct run/BioSample-to-clinical-row key in public metadata	BALF	Zengcheng Branch of Nanfang Hospital, Southern Medical University	NextSeq 550	SINGLE	40	61091243	3f22c61e49c58eb4efc8f0db6c38f1f5	ftp.sra.ebi.ac.uk/vol1/fastq/DRR770/DRR770784/DRR770784.fastq.gz	Specimen nuclease depletion and paper-level hg38 subtraction reported; deposited-file state unresolved	NO
DRR770772	DRX749750	SAMD01673516	DRS538327	SAMC5008621	BALF_159	UNRESOLVED	UNRESOLVED	No direct run/BioSample-to-clinical-row key in public metadata	BALF	Zengcheng Branch of Nanfang Hospital, Southern Medical University	NextSeq 550	SINGLE	40	5519383	3581e874e5e3bb91e30deb49163dc4bf	ftp.sra.ebi.ac.uk/vol1/fastq/DRR770/DRR770772/DRR770772.fastq.gz	Specimen nuclease depletion and paper-level hg38 subtraction reported; deposited-file state unresolved	NO
DRR770790	DRX749768	SAMD01673534	DRS538345	SAMC5008639	BALF_177	UNRESOLVED	UNRESOLVED	No direct run/BioSample-to-clinical-row key in public metadata	BALF	Zengcheng Branch of Nanfang Hospital, Southern Medical University	NextSeq 550	SINGLE	40	85119360	444842722de37c090bfcb6073652856c	ftp.sra.ebi.ac.uk/vol1/fastq/DRR770/DRR770790/DRR770790.fastq.gz	Specimen nuclease depletion and paper-level hg38 subtraction reported; deposited-file state unresolved	NO
DRR770777	DRX749755	SAMD01673521	DRS538332	SAMC5008626	BALF_164	UNRESOLVED	UNRESOLVED	No direct run/BioSample-to-clinical-row key in public metadata	BALF	Zengcheng Branch of Nanfang Hospital, Southern Medical University	NextSeq 550	SINGLE	40	24982902	d103a04abbd6b07ec7eec76efd576c72	ftp.sra.ebi.ac.uk/vol1/fastq/DRR770/DRR770777/DRR770777.fastq.gz	Specimen nuclease depletion and paper-level hg38 subtraction reported; deposited-file state unresolved	NO
DRR770792	DRX749770	SAMD01673536	DRS538347	SAMC5008641	BALF_179	UNRESOLVED	UNRESOLVED	No direct run/BioSample-to-clinical-row key in public metadata	BALF	Zengcheng Branch of Nanfang Hospital, Southern Medical University	NextSeq 550	SINGLE	40	76348964	51517f4e851fa02aa6bc43f5328a82f6	ftp.sra.ebi.ac.uk/vol1/fastq/DRR770/DRR770792/DRR770792.fastq.gz	Specimen nuclease depletion and paper-level hg38 subtraction reported; deposited-file state unresolved	NO
DRR770780	DRX749758	SAMD01673524	DRS538335	SAMC5008629	BALF_167	UNRESOLVED	UNRESOLVED	No direct run/BioSample-to-clinical-row key in public metadata	BALF	Zengcheng Branch of Nanfang Hospital, Southern Medical University	NextSeq 550	SINGLE	40	34907086	bfc84cb6f6151d1f02d15f431dd597cd	ftp.sra.ebi.ac.uk/vol1/fastq/DRR770/DRR770780/DRR770780.fastq.gz	Specimen nuclease depletion and paper-level hg38 subtraction reported; deposited-file state unresolved	NO
DRR770798	DRX749776	SAMD01673542	DRS538353	SAMC5008647	BALF_185	UNRESOLVED	UNRESOLVED	No direct run/BioSample-to-clinical-row key in public metadata	BALF	Zengcheng Branch of Nanfang Hospital, Southern Medical University	NextSeq 550	SINGLE	40	46659598	40a6c5194ae777732695ac8723a4b7cb	ftp.sra.ebi.ac.uk/vol1/fastq/DRR770/DRR770798/DRR770798.fastq.gz	Specimen nuclease depletion and paper-level hg38 subtraction reported; deposited-file state unresolved	NO
DRR770786	DRX749764	SAMD01673530	DRS538341	SAMC5008635	BALF_173	UNRESOLVED	UNRESOLVED	No direct run/BioSample-to-clinical-row key in public metadata	BALF	Zengcheng Branch of Nanfang Hospital, Southern Medical University	NextSeq 550	SINGLE	40	108119320	40667325b63365b8c9c76ba9e5bfe1ea	ftp.sra.ebi.ac.uk/vol1/fastq/DRR770/DRR770786/DRR770786.fastq.gz	Specimen nuclease depletion and paper-level hg38 subtraction reported; deposited-file state unresolved	NO
DRR770800	DRX749778	SAMD01673544	DRS538355	SAMC5008649	BALF_187	UNRESOLVED	UNRESOLVED	No direct run/BioSample-to-clinical-row key in public metadata	BALF	Zengcheng Branch of Nanfang Hospital, Southern Medical University	NextSeq 550	SINGLE	40	46549035	ca6a3cbdf2be7f18410910378150bfd5	ftp.sra.ebi.ac.uk/vol1/fastq/DRR770/DRR770800/DRR770800.fastq.gz	Specimen nuclease depletion and paper-level hg38 subtraction reported; deposited-file state unresolved	NO
DRR770802	DRX749780	SAMD01673546	DRS538357	SAMC5008651	BALF_189	UNRESOLVED	UNRESOLVED	No direct run/BioSample-to-clinical-row key in public metadata	BALF	Zengcheng Branch of Nanfang Hospital, Southern Medical University	NextSeq 550	SINGLE	40	29382321	74c522d216d78d2b9d4c51c318f7d1c1	ftp.sra.ebi.ac.uk/vol1/fastq/DRR770/DRR770802/DRR770802.fastq.gz	Specimen nuclease depletion and paper-level hg38 subtraction reported; deposited-file state unresolved	NO
DRR770788	DRX749766	SAMD01673532	DRS538343	SAMC5008637	BALF_175	UNRESOLVED	UNRESOLVED	No direct run/BioSample-to-clinical-row key in public metadata	BALF	Zengcheng Branch of Nanfang Hospital, Southern Medical University	NextSeq 550	SINGLE	40	65660364	195b24aa3a743c415549ed85c2686386	ftp.sra.ebi.ac.uk/vol1/fastq/DRR770/DRR770788/DRR770788.fastq.gz	Specimen nuclease depletion and paper-level hg38 subtraction reported; deposited-file state unresolved	NO
DRR770805	DRX749783	SAMD01673549	DRS538360	SAMC5008654	BALF_192	UNRESOLVED	UNRESOLVED	No direct run/BioSample-to-clinical-row key in public metadata	BALF	Zengcheng Branch of Nanfang Hospital, Southern Medical University	NextSeq 550	SINGLE	40	71591586	7fa18f624c0813916972c3f1bd16962f	ftp.sra.ebi.ac.uk/vol1/fastq/DRR770/DRR770805/DRR770805.fastq.gz	Specimen nuclease depletion and paper-level hg38 subtraction reported; deposited-file state unresolved	NO
DRR770789	DRX749767	SAMD01673533	DRS538344	SAMC5008638	BALF_176	UNRESOLVED	UNRESOLVED	No direct run/BioSample-to-clinical-row key in public metadata	BALF	Zengcheng Branch of Nanfang Hospital, Southern Medical University	NextSeq 550	SINGLE	40	210702	e082d1a6051b8a57806a9c0e8f14e5da	ftp.sra.ebi.ac.uk/vol1/fastq/DRR770/DRR770789/DRR770789.fastq.gz	Specimen nuclease depletion and paper-level hg38 subtraction reported; deposited-file state unresolved	NO
DRR770806	DRX749784	SAMD01673550	DRS538361	SAMC5008655	BALF_193	UNRESOLVED	UNRESOLVED	No direct run/BioSample-to-clinical-row key in public metadata	BALF	Zengcheng Branch of Nanfang Hospital, Southern Medical University	NextSeq 550	SINGLE	40	11998928	ebaeefd95cfe854d436e9d5748f4a835	ftp.sra.ebi.ac.uk/vol1/fastq/DRR770/DRR770806/DRR770806.fastq.gz	Specimen nuclease depletion and paper-level hg38 subtraction reported; deposited-file state unresolved	NO
DRR770791	DRX749769	SAMD01673535	DRS538346	SAMC5008640	BALF_178	UNRESOLVED	UNRESOLVED	No direct run/BioSample-to-clinical-row key in public metadata	BALF	Zengcheng Branch of Nanfang Hospital, Southern Medical University	NextSeq 550	SINGLE	40	155379008	ceecb610b3e6482e2b805ce1173c6fe6	ftp.sra.ebi.ac.uk/vol1/fastq/DRR770/DRR770791/DRR770791.fastq.gz	Specimen nuclease depletion and paper-level hg38 subtraction reported; deposited-file state unresolved	NO
DRR770809	DRX749787	SAMD01673553	DRS538364	SAMC5008658	BALF_196	UNRESOLVED	UNRESOLVED	No direct run/BioSample-to-clinical-row key in public metadata	BALF	Zengcheng Branch of Nanfang Hospital, Southern Medical University	NextSeq 550	SINGLE	40	47148813	592ae910d317daff866dab6bf36d6d54	ftp.sra.ebi.ac.uk/vol1/fastq/DRR770/DRR770809/DRR770809.fastq.gz	Specimen nuclease depletion and paper-level hg38 subtraction reported; deposited-file state unresolved	NO
DRR770799	DRX749777	SAMD01673543	DRS538354	SAMC5008648	BALF_186	UNRESOLVED	UNRESOLVED	No direct run/BioSample-to-clinical-row key in public metadata	BALF	Zengcheng Branch of Nanfang Hospital, Southern Medical University	NextSeq 550	SINGLE	40	32230571	3f8100f989d407f71f2a50322fd64bd3	ftp.sra.ebi.ac.uk/vol1/fastq/DRR770/DRR770799/DRR770799.fastq.gz	Specimen nuclease depletion and paper-level hg38 subtraction reported; deposited-file state unresolved	NO
DRR770811	DRX749789	SAMD01673555	DRS538366	SAMC5008660	BALF_198	UNRESOLVED	UNRESOLVED	No direct run/BioSample-to-clinical-row key in public metadata	BALF	Zengcheng Branch of Nanfang Hospital, Southern Medical University	NextSeq 550	SINGLE	40	10151114	5f1db3dec1c991f71eca8cf867e179df	ftp.sra.ebi.ac.uk/vol1/fastq/DRR770/DRR770811/DRR770811.fastq.gz	Specimen nuclease depletion and paper-level hg38 subtraction reported; deposited-file state unresolved	NO
DRR770813	DRX749791	SAMD01673557	DRS538368	SAMC5008662	BALF_200	UNRESOLVED	UNRESOLVED	No direct run/BioSample-to-clinical-row key in public metadata	BALF	Zengcheng Branch of Nanfang Hospital, Southern Medical University	NextSeq 550	SINGLE	40	1752491	64b554c7252a6e92a65c4a32abc75c4b	ftp.sra.ebi.ac.uk/vol1/fastq/DRR770/DRR770813/DRR770813.fastq.gz	Specimen nuclease depletion and paper-level hg38 subtraction reported; deposited-file state unresolved	NO
DRR770814	DRX749792	SAMD01673558	DRS538369	SAMC5008663	BALF_201	UNRESOLVED	UNRESOLVED	No direct run/BioSample-to-clinical-row key in public metadata	BALF	Zengcheng Branch of Nanfang Hospital, Southern Medical University	NextSeq 550	SINGLE	40	26177223	0263872edd4790822fb1ddf0a931773a	ftp.sra.ebi.ac.uk/vol1/fastq/DRR770/DRR770814/DRR770814.fastq.gz	Specimen nuclease depletion and paper-level hg38 subtraction reported; deposited-file state unresolved	NO
DRR770816	DRX749794	SAMD01673560	DRS538371	SAMC5008665	BALF_203	UNRESOLVED	UNRESOLVED	No direct run/BioSample-to-clinical-row key in public metadata	BALF	Zengcheng Branch of Nanfang Hospital, Southern Medical University	NextSeq 550	SINGLE	40	13818740	920f905ae9574e0deaf8df63ffa7707c	ftp.sra.ebi.ac.uk/vol1/fastq/DRR770/DRR770816/DRR770816.fastq.gz	Specimen nuclease depletion and paper-level hg38 subtraction reported; deposited-file state unresolved	NO
DRR770817	DRX749795	SAMD01673561	DRS538372	SAMC5008666	BALF_204	UNRESOLVED	UNRESOLVED	No direct run/BioSample-to-clinical-row key in public metadata	BALF	Zengcheng Branch of Nanfang Hospital, Southern Medical University	NextSeq 550	SINGLE	40	8477326	e72240ff754eddd66e58ef05615e1cba	ftp.sra.ebi.ac.uk/vol1/fastq/DRR770/DRR770817/DRR770817.fastq.gz	Specimen nuclease depletion and paper-level hg38 subtraction reported; deposited-file state unresolved	NO
DRR770818	DRX749796	SAMD01673562	DRS538373	SAMC5008667	BALF_205	UNRESOLVED	UNRESOLVED	No direct run/BioSample-to-clinical-row key in public metadata	BALF	Zengcheng Branch of Nanfang Hospital, Southern Medical University	NextSeq 550	SINGLE	40	124167558	a1344ab92fe610f1f82b987ddd26650e	ftp.sra.ebi.ac.uk/vol1/fastq/DRR770/DRR770818/DRR770818.fastq.gz	Specimen nuclease depletion and paper-level hg38 subtraction reported; deposited-file state unresolved	NO
DRR770819	DRX749797	SAMD01673563	DRS538374	SAMC5008668	BALF_206	UNRESOLVED	UNRESOLVED	No direct run/BioSample-to-clinical-row key in public metadata	BALF	Zengcheng Branch of Nanfang Hospital, Southern Medical University	NextSeq 550	SINGLE	40	86546466	a6946102aa02099c807f0e17f47f770f	ftp.sra.ebi.ac.uk/vol1/fastq/DRR770/DRR770819/DRR770819.fastq.gz	Specimen nuclease depletion and paper-level hg38 subtraction reported; deposited-file state unresolved	NO
DRR770822	DRX749800	SAMD01673566	DRS538377	SAMC5008671	BALF_209	UNRESOLVED	UNRESOLVED	No direct run/BioSample-to-clinical-row key in public metadata	BALF	Zengcheng Branch of Nanfang Hospital, Southern Medical University	NextSeq 550	SINGLE	40	109589477	f25eaec0defb17b2699c9cca516052ab	ftp.sra.ebi.ac.uk/vol1/fastq/DRR770/DRR770822/DRR770822.fastq.gz	Specimen nuclease depletion and paper-level hg38 subtraction reported; deposited-file state unresolved	NO
DRR770820	DRX749798	SAMD01673564	DRS538375	SAMC5008669	BALF_207	UNRESOLVED	UNRESOLVED	No direct run/BioSample-to-clinical-row key in public metadata	BALF	Zengcheng Branch of Nanfang Hospital, Southern Medical University	NextSeq 550	SINGLE	40	95585155	90ab14ea20b6422694f3cba2517a1209	ftp.sra.ebi.ac.uk/vol1/fastq/DRR770/DRR770820/DRR770820.fastq.gz	Specimen nuclease depletion and paper-level hg38 subtraction reported; deposited-file state unresolved	NO
DRR770825	DRX749803	SAMD01673569	DRS538380	SAMC5008674	BALF_212	UNRESOLVED	UNRESOLVED	No direct run/BioSample-to-clinical-row key in public metadata	BALF	Zengcheng Branch of Nanfang Hospital, Southern Medical University	NextSeq 550	SINGLE	40	112689057	95ebc17a9ae95d6129a77748e172765d	ftp.sra.ebi.ac.uk/vol1/fastq/DRR770/DRR770825/DRR770825.fastq.gz	Specimen nuclease depletion and paper-level hg38 subtraction reported; deposited-file state unresolved	NO
DRR770821	DRX749799	SAMD01673565	DRS538376	SAMC5008670	BALF_208	UNRESOLVED	UNRESOLVED	No direct run/BioSample-to-clinical-row key in public metadata	BALF	Zengcheng Branch of Nanfang Hospital, Southern Medical University	NextSeq 550	SINGLE	40	45287266	dab3795a61ea4a9821c2324459509878	ftp.sra.ebi.ac.uk/vol1/fastq/DRR770/DRR770821/DRR770821.fastq.gz	Specimen nuclease depletion and paper-level hg38 subtraction reported; deposited-file state unresolved	NO
DRR770829	DRX749807	SAMD01673573	DRS538384	SAMC5008678	BALF_216	UNRESOLVED	UNRESOLVED	No direct run/BioSample-to-clinical-row key in public metadata	BALF	Zengcheng Branch of Nanfang Hospital, Southern Medical University	NextSeq 550	SINGLE	40	134267552	969878d2afebf1ae987be7803f7ba6d8	ftp.sra.ebi.ac.uk/vol1/fastq/DRR770/DRR770829/DRR770829.fastq.gz	Specimen nuclease depletion and paper-level hg38 subtraction reported; deposited-file state unresolved	NO
DRR770828	DRX749806	SAMD01673572	DRS538383	SAMC5008677	BALF_215	UNRESOLVED	UNRESOLVED	No direct run/BioSample-to-clinical-row key in public metadata	BALF	Zengcheng Branch of Nanfang Hospital, Southern Medical University	NextSeq 550	SINGLE	40	58736027	38cc9bda56825ec81837447cab9c9969	ftp.sra.ebi.ac.uk/vol1/fastq/DRR770/DRR770828/DRR770828.fastq.gz	Specimen nuclease depletion and paper-level hg38 subtraction reported; deposited-file state unresolved	NO
DRR770830	DRX749808	SAMD01673574	DRS538385	SAMC5008679	BALF_217	UNRESOLVED	UNRESOLVED	No direct run/BioSample-to-clinical-row key in public metadata	BALF	Zengcheng Branch of Nanfang Hospital, Southern Medical University	NextSeq 550	SINGLE	40	108764165	a924d8b4e4a3d430585f2e15b51065f8	ftp.sra.ebi.ac.uk/vol1/fastq/DRR770/DRR770830/DRR770830.fastq.gz	Specimen nuclease depletion and paper-level hg38 subtraction reported; deposited-file state unresolved	NO
DRR770831	DRX749809	SAMD01673575	DRS538386	SAMC5008680	BALF_218	UNRESOLVED	UNRESOLVED	No direct run/BioSample-to-clinical-row key in public metadata	BALF	Zengcheng Branch of Nanfang Hospital, Southern Medical University	NextSeq 550	SINGLE	40	184097544	dc005dfae0197dddaea248eb24cfe247	ftp.sra.ebi.ac.uk/vol1/fastq/DRR770/DRR770831/DRR770831.fastq.gz	Specimen nuclease depletion and paper-level hg38 subtraction reported; deposited-file state unresolved	NO
DRR770833	DRX749811	SAMD01673577	DRS538388	SAMC5008682	BALF_220	UNRESOLVED	UNRESOLVED	No direct run/BioSample-to-clinical-row key in public metadata	BALF	Zengcheng Branch of Nanfang Hospital, Southern Medical University	NextSeq 550	SINGLE	40	57383042	612d4f44823b00d17def214e62ddc1aa	ftp.sra.ebi.ac.uk/vol1/fastq/DRR770/DRR770833/DRR770833.fastq.gz	Specimen nuclease depletion and paper-level hg38 subtraction reported; deposited-file state unresolved	NO
DRR770832	DRX749810	SAMD01673576	DRS538387	SAMC5008681	BALF_219	UNRESOLVED	UNRESOLVED	No direct run/BioSample-to-clinical-row key in public metadata	BALF	Zengcheng Branch of Nanfang Hospital, Southern Medical University	NextSeq 550	SINGLE	40	239502373	0037b60c1ae7fd169345bcc053ae3774	ftp.sra.ebi.ac.uk/vol1/fastq/DRR770/DRR770832/DRR770832.fastq.gz	Specimen nuclease depletion and paper-level hg38 subtraction reported; deposited-file state unresolved	NO
DRR770834	DRX749812	SAMD01673578	DRS538389	SAMC5008683	BALF_221	UNRESOLVED	UNRESOLVED	No direct run/BioSample-to-clinical-row key in public metadata	BALF	Zengcheng Branch of Nanfang Hospital, Southern Medical University	NextSeq 550	SINGLE	40	27809835	9fd1824ec770304a8fdf436deb5e1d60	ftp.sra.ebi.ac.uk/vol1/fastq/DRR770/DRR770834/DRR770834.fastq.gz	Specimen nuclease depletion and paper-level hg38 subtraction reported; deposited-file state unresolved	NO
DRR770837	DRX749815	SAMD01673581	DRS538392	SAMC5008686	BALF_224	UNRESOLVED	UNRESOLVED	No direct run/BioSample-to-clinical-row key in public metadata	BALF	Zengcheng Branch of Nanfang Hospital, Southern Medical University	NextSeq 550	SINGLE	40	59888049	4d6983fa9c9e7a7c696d378edb7c19ba	ftp.sra.ebi.ac.uk/vol1/fastq/DRR770/DRR770837/DRR770837.fastq.gz	Specimen nuclease depletion and paper-level hg38 subtraction reported; deposited-file state unresolved	NO
DRR770835	DRX749813	SAMD01673579	DRS538390	SAMC5008684	BALF_222	UNRESOLVED	UNRESOLVED	No direct run/BioSample-to-clinical-row key in public metadata	BALF	Zengcheng Branch of Nanfang Hospital, Southern Medical University	NextSeq 550	SINGLE	40	48732657	64b93786989005aa19274728f7b8d80d	ftp.sra.ebi.ac.uk/vol1/fastq/DRR770/DRR770835/DRR770835.fastq.gz	Specimen nuclease depletion and paper-level hg38 subtraction reported; deposited-file state unresolved	NO
DRR770838	DRX749816	SAMD01673582	DRS538393	SAMC5008687	BALF_225	UNRESOLVED	UNRESOLVED	No direct run/BioSample-to-clinical-row key in public metadata	BALF	Zengcheng Branch of Nanfang Hospital, Southern Medical University	NextSeq 550	SINGLE	40	45709806	827ff4e03610ab0a4582a804ee257bdf	ftp.sra.ebi.ac.uk/vol1/fastq/DRR770/DRR770838/DRR770838.fastq.gz	Specimen nuclease depletion and paper-level hg38 subtraction reported; deposited-file state unresolved	NO
DRR770839	DRX749817	SAMD01673583	DRS538394	SAMC5008688	BALF_226	UNRESOLVED	UNRESOLVED	No direct run/BioSample-to-clinical-row key in public metadata	BALF	Zengcheng Branch of Nanfang Hospital, Southern Medical University	NextSeq 550	SINGLE	40	47008516	edfe6d85083b384bcfe3e9e9aeda9080	ftp.sra.ebi.ac.uk/vol1/fastq/DRR770/DRR770839/DRR770839.fastq.gz	Specimen nuclease depletion and paper-level hg38 subtraction reported; deposited-file state unresolved	NO
DRR770841	DRX749819	SAMD01673585	DRS538396	SAMC5008690	BALF_228	UNRESOLVED	UNRESOLVED	No direct run/BioSample-to-clinical-row key in public metadata	BALF	Zengcheng Branch of Nanfang Hospital, Southern Medical University	NextSeq 550	SINGLE	40	57840757	cf57f64e53ca14a29d3f1234559aa1fb	ftp.sra.ebi.ac.uk/vol1/fastq/DRR770/DRR770841/DRR770841.fastq.gz	Specimen nuclease depletion and paper-level hg38 subtraction reported; deposited-file state unresolved	NO
DRR770843	DRX749821	SAMD01673587	DRS538398	SAMC5008692	BALF_230	UNRESOLVED	UNRESOLVED	No direct run/BioSample-to-clinical-row key in public metadata	BALF	Zengcheng Branch of Nanfang Hospital, Southern Medical University	NextSeq 550	SINGLE	40	84488017	6792627ff50df68c1782f6b24bee8ac3	ftp.sra.ebi.ac.uk/vol1/fastq/DRR770/DRR770843/DRR770843.fastq.gz	Specimen nuclease depletion and paper-level hg38 subtraction reported; deposited-file state unresolved	NO
