run_accession	experiment_accession	biosample	subject_id	sample_name	library_name	hiv_group	group_evidence	platform	layout	read_length	compressed_bytes	md5	fastq_ftp	center_repository	host_depletion_status	repository_filename_signal	analysis_eligibility
SRR24784952	SRX20557553	SAMN35536406	UNRESOLVED	2234042054488_C1D.unhost.fq.gz	L156	UNRESOLVED	No HIV field or accession-linked clinical table in public record	Illumina NovaSeq 6000	SINGLE	40	669734081	84b848de526f7ac2f1e5abd4535c8807	ftp.sra.ebi.ac.uk/vol1/fastq/SRR247/052/SRR24784952/SRR24784952.fastq.gz	ZHONGNAN HOSPITAL, WUHAN UNIVERSITY	UNRESOLVED_AT_FILE_LEVEL	unhost	METADATA_ONLY
SRR24784951	SRX20557554	SAMN35536407	UNRESOLVED	2234042071768_C1D.unhost.fq.gz	L157	UNRESOLVED	No HIV field or accession-linked clinical table in public record	Illumina NovaSeq 6000	SINGLE	40	16788037	2d104ff8b0f201ff4e23f95672a97dc3	ftp.sra.ebi.ac.uk/vol1/fastq/SRR247/051/SRR24784951/SRR24784951.fastq.gz	ZHONGNAN HOSPITAL, WUHAN UNIVERSITY	UNRESOLVED_AT_FILE_LEVEL	unhost	METADATA_ONLY
SRR24784950	SRX20557555	SAMN35536408	UNRESOLVED	2234042071775_C1D.unhost.fq.gz	L158	UNRESOLVED	No HIV field or accession-linked clinical table in public record	Illumina NovaSeq 6000	SINGLE	40	8513805	262b4aa284df1cddb41e590ea3b6452e	ftp.sra.ebi.ac.uk/vol1/fastq/SRR247/050/SRR24784950/SRR24784950.fastq.gz	ZHONGNAN HOSPITAL, WUHAN UNIVERSITY	UNRESOLVED_AT_FILE_LEVEL	unhost	METADATA_ONLY
SRR24784949	SRX20557556	SAMN35536409	UNRESOLVED	2234042150142_C1D.unhost.fq.gz	L159	UNRESOLVED	No HIV field or accession-linked clinical table in public record	Illumina NovaSeq 6000	SINGLE	40	1237489990	848f80498b25be033c77202a7e42f223	ftp.sra.ebi.ac.uk/vol1/fastq/SRR247/049/SRR24784949/SRR24784949.fastq.gz	ZHONGNAN HOSPITAL, WUHAN UNIVERSITY	UNRESOLVED_AT_FILE_LEVEL	unhost	METADATA_ONLY
SRR24784948	SRX20557557	SAMN35536410	UNRESOLVED	2234042150296_C1D.unhost.fq.gz	L160	UNRESOLVED	No HIV field or accession-linked clinical table in public record	Illumina NovaSeq 6000	SINGLE	40	51933382	b3adb01785a36fb13353dc78580bbd44	ftp.sra.ebi.ac.uk/vol1/fastq/SRR247/048/SRR24784948/SRR24784948.fastq.gz	ZHONGNAN HOSPITAL, WUHAN UNIVERSITY	UNRESOLVED_AT_FILE_LEVEL	unhost	METADATA_ONLY
SRR24784946	SRX20557559	SAMN35536411	UNRESOLVED	2234042151583_C1D.unhost.fq.gz	L161	UNRESOLVED	No HIV field or accession-linked clinical table in public record	Illumina NovaSeq 6000	SINGLE	40	18193157	42b2b430594bec2ea2f8967432f38719	ftp.sra.ebi.ac.uk/vol1/fastq/SRR247/046/SRR24784946/SRR24784946.fastq.gz	ZHONGNAN HOSPITAL, WUHAN UNIVERSITY	UNRESOLVED_AT_FILE_LEVEL	unhost	METADATA_ONLY
SRR24784945	SRX20557560	SAMN35536412	UNRESOLVED	2234042151590_C1D.unhost.fq.gz	L162	UNRESOLVED	No HIV field or accession-linked clinical table in public record	Illumina NovaSeq 6000	SINGLE	40	42691467	5099bb51fbfb8bbff70e2acfbd251043	ftp.sra.ebi.ac.uk/vol1/fastq/SRR247/045/SRR24784945/SRR24784945.fastq.gz	ZHONGNAN HOSPITAL, WUHAN UNIVERSITY	UNRESOLVED_AT_FILE_LEVEL	unhost	METADATA_ONLY
SRR24784944	SRX20557561	SAMN35536413	UNRESOLVED	2234042151606_C1D.unhost.fq.gz	L163	UNRESOLVED	No HIV field or accession-linked clinical table in public record	Illumina NovaSeq 6000	SINGLE	40	69287892	39be5c7fe97e5ed6d25ef152ff2a89da	ftp.sra.ebi.ac.uk/vol1/fastq/SRR247/044/SRR24784944/SRR24784944.fastq.gz	ZHONGNAN HOSPITAL, WUHAN UNIVERSITY	UNRESOLVED_AT_FILE_LEVEL	unhost	METADATA_ONLY
SRR24784943	SRX20557562	SAMN35536414	UNRESOLVED	2234042151613_C1D.unhost.fq.gz	L164	UNRESOLVED	No HIV field or accession-linked clinical table in public record	Illumina NovaSeq 6000	SINGLE	40	10364085	938ba7e497be819695d0666f78824311	ftp.sra.ebi.ac.uk/vol1/fastq/SRR247/043/SRR24784943/SRR24784943.fastq.gz	ZHONGNAN HOSPITAL, WUHAN UNIVERSITY	UNRESOLVED_AT_FILE_LEVEL	unhost	METADATA_ONLY
SRR24784942	SRX20557563	SAMN35536415	UNRESOLVED	2234042151620_C1D.unhost.fq.gz	L165	UNRESOLVED	No HIV field or accession-linked clinical table in public record	Illumina NovaSeq 6000	SINGLE	40	771738973	62f0393e1fc250862d80da5522ff7cfa	ftp.sra.ebi.ac.uk/vol1/fastq/SRR247/042/SRR24784942/SRR24784942.fastq.gz	ZHONGNAN HOSPITAL, WUHAN UNIVERSITY	UNRESOLVED_AT_FILE_LEVEL	unhost	METADATA_ONLY
SRR24784941	SRX20557564	SAMN35536416	UNRESOLVED	2234042152436_C1D.unhost.fq.gz	L166	UNRESOLVED	No HIV field or accession-linked clinical table in public record	Illumina NovaSeq 6000	SINGLE	40	706363702	1a87de6fcffdaefb3de7cf5ca36a1f4d	ftp.sra.ebi.ac.uk/vol1/fastq/SRR247/041/SRR24784941/SRR24784941.fastq.gz	ZHONGNAN HOSPITAL, WUHAN UNIVERSITY	UNRESOLVED_AT_FILE_LEVEL	unhost	METADATA_ONLY
SRR24784940	SRX20557565	SAMN35536417	UNRESOLVED	2234042152504_C1D.unhost.fq.gz	L167	UNRESOLVED	No HIV field or accession-linked clinical table in public record	Illumina NovaSeq 6000	SINGLE	40	10558026	682787ea957d593a7b88b25401097f41	ftp.sra.ebi.ac.uk/vol1/fastq/SRR247/040/SRR24784940/SRR24784940.fastq.gz	ZHONGNAN HOSPITAL, WUHAN UNIVERSITY	UNRESOLVED_AT_FILE_LEVEL	unhost	METADATA_ONLY
SRR24784657	SRX20557566	SAMN35536418	UNRESOLVED	2234042152511_C1T.unhost.fq.gz	L168	UNRESOLVED	No HIV field or accession-linked clinical table in public record	Illumina NovaSeq 6000	SINGLE	40	134681147	1eca22d341c158e20e432c4dba0a7af0	ftp.sra.ebi.ac.uk/vol1/fastq/SRR247/057/SRR24784657/SRR24784657.fastq.gz	ZHONGNAN HOSPITAL, WUHAN UNIVERSITY	UNRESOLVED_AT_FILE_LEVEL	unhost	METADATA_ONLY
SRR24784656	SRX20557848	SAMN35536419	UNRESOLVED	2234042152528_C1T.unhost.fq.gz	L169	UNRESOLVED	No HIV field or accession-linked clinical table in public record	Illumina NovaSeq 6000	SINGLE	40	241376571	3af3fc24fb16e6acc60309c226a3af8e	ftp.sra.ebi.ac.uk/vol1/fastq/SRR247/056/SRR24784656/SRR24784656.fastq.gz	ZHONGNAN HOSPITAL, WUHAN UNIVERSITY	UNRESOLVED_AT_FILE_LEVEL	unhost	METADATA_ONLY
SRR24784655	SRX20557849	SAMN35536420	UNRESOLVED	2234042152535_C1T.unhost.fq.gz	L170	UNRESOLVED	No HIV field or accession-linked clinical table in public record	Illumina NovaSeq 6000	SINGLE	40	126680103	3a7b6fcd91e5503a540d1d8f44690e27	ftp.sra.ebi.ac.uk/vol1/fastq/SRR247/055/SRR24784655/SRR24784655.fastq.gz	ZHONGNAN HOSPITAL, WUHAN UNIVERSITY	UNRESOLVED_AT_FILE_LEVEL	unhost	METADATA_ONLY
SRR24784653	SRX20557851	SAMN35536421	UNRESOLVED	2234042152559_C1T.unhost.fq.gz	L171	UNRESOLVED	No HIV field or accession-linked clinical table in public record	Illumina NovaSeq 6000	SINGLE	40	95644001	0eba4958835a8922932f8518afb2a1f2	ftp.sra.ebi.ac.uk/vol1/fastq/SRR247/053/SRR24784653/SRR24784653.fastq.gz	ZHONGNAN HOSPITAL, WUHAN UNIVERSITY	UNRESOLVED_AT_FILE_LEVEL	unhost	METADATA_ONLY
SRR24784652	SRX20557852	SAMN35536422	UNRESOLVED	2234042152771_C1D.unhost.fq.gz	L172	UNRESOLVED	No HIV field or accession-linked clinical table in public record	Illumina NovaSeq 6000	SINGLE	40	163275202	2aaedc55d3094d7ed66e5b4b9df89394	ftp.sra.ebi.ac.uk/vol1/fastq/SRR247/052/SRR24784652/SRR24784652.fastq.gz	ZHONGNAN HOSPITAL, WUHAN UNIVERSITY	UNRESOLVED_AT_FILE_LEVEL	unhost	METADATA_ONLY
SRR24784651	SRX20557853	SAMN35536423	UNRESOLVED	2234042152788_C1D.unhost.fq.gz	L173	UNRESOLVED	No HIV field or accession-linked clinical table in public record	Illumina NovaSeq 6000	SINGLE	40	38411663	2f1ff1cdc6ec20ee5f0dfff0d1255e61	ftp.sra.ebi.ac.uk/vol1/fastq/SRR247/051/SRR24784651/SRR24784651.fastq.gz	ZHONGNAN HOSPITAL, WUHAN UNIVERSITY	UNRESOLVED_AT_FILE_LEVEL	unhost	METADATA_ONLY
SRR24784650	SRX20557854	SAMN35536424	UNRESOLVED	2234042152870_C1D.unhost.fq.gz	L174	UNRESOLVED	No HIV field or accession-linked clinical table in public record	Illumina NovaSeq 6000	SINGLE	40	17772396	b9af525c9e88447e8062b0312880117a	ftp.sra.ebi.ac.uk/vol1/fastq/SRR247/050/SRR24784650/SRR24784650.fastq.gz	ZHONGNAN HOSPITAL, WUHAN UNIVERSITY	UNRESOLVED_AT_FILE_LEVEL	unhost	METADATA_ONLY
SRR24784649	SRX20557855	SAMN35536425	UNRESOLVED	2234042380013_C1T.unhost.fq.gz	L175	UNRESOLVED	No HIV field or accession-linked clinical table in public record	Illumina NovaSeq 6000	SINGLE	40	64677982	a5158c0fd0843b2a5bf56c5bec0825f4	ftp.sra.ebi.ac.uk/vol1/fastq/SRR247/049/SRR24784649/SRR24784649.fastq.gz	ZHONGNAN HOSPITAL, WUHAN UNIVERSITY	UNRESOLVED_AT_FILE_LEVEL	unhost	METADATA_ONLY
SRR24784648	SRX20557856	SAMN35536426	UNRESOLVED	2234042380068_C1T.unhost.fq.gz	L176	UNRESOLVED	No HIV field or accession-linked clinical table in public record	Illumina NovaSeq 6000	SINGLE	40	28067744	033928cd41f0230eb8cad114893b5487	ftp.sra.ebi.ac.uk/vol1/fastq/SRR247/048/SRR24784648/SRR24784648.fastq.gz	ZHONGNAN HOSPITAL, WUHAN UNIVERSITY	UNRESOLVED_AT_FILE_LEVEL	unhost	METADATA_ONLY
SRR24784647	SRX20557857	SAMN35536427	UNRESOLVED	2234042380075_C1T.unhost.fq.gz	L177	UNRESOLVED	No HIV field or accession-linked clinical table in public record	Illumina NovaSeq 6000	SINGLE	40	39163339	2019ccbdc97594d98692864a8f8e677b	ftp.sra.ebi.ac.uk/vol1/fastq/SRR247/047/SRR24784647/SRR24784647.fastq.gz	ZHONGNAN HOSPITAL, WUHAN UNIVERSITY	UNRESOLVED_AT_FILE_LEVEL	unhost	METADATA_ONLY
SRR24784646	SRX20557858	SAMN35536428	UNRESOLVED	2234042380099_C1T.unhost.fq.gz	L178	UNRESOLVED	No HIV field or accession-linked clinical table in public record	Illumina NovaSeq 6000	SINGLE	40	25284759	430b90e6d840ade78235804df281c07c	ftp.sra.ebi.ac.uk/vol1/fastq/SRR247/046/SRR24784646/SRR24784646.fastq.gz	ZHONGNAN HOSPITAL, WUHAN UNIVERSITY	UNRESOLVED_AT_FILE_LEVEL	unhost	METADATA_ONLY
SRR24784645	SRX20557859	SAMN35536429	UNRESOLVED	2234042380105_C1T.unhost.fq.gz	L179	UNRESOLVED	No HIV field or accession-linked clinical table in public record	Illumina NovaSeq 6000	SINGLE	40	17805851	d972dacfc8d3fe290dc711ac667d2cda	ftp.sra.ebi.ac.uk/vol1/fastq/SRR247/045/SRR24784645/SRR24784645.fastq.gz	ZHONGNAN HOSPITAL, WUHAN UNIVERSITY	UNRESOLVED_AT_FILE_LEVEL	unhost	METADATA_ONLY
SRR24784644	SRX20557860	SAMN35536430	UNRESOLVED	2234042380112_C1T.unhost.fq.gz	L180	UNRESOLVED	No HIV field or accession-linked clinical table in public record	Illumina NovaSeq 6000	SINGLE	40	554495924	e2e85714eb682fdfab63bdd34e2d188c	ftp.sra.ebi.ac.uk/vol1/fastq/SRR247/044/SRR24784644/SRR24784644.fastq.gz	ZHONGNAN HOSPITAL, WUHAN UNIVERSITY	UNRESOLVED_AT_FILE_LEVEL	unhost	METADATA_ONLY
SRR24785360	SRX20557862	SAMN35536431	UNRESOLVED	2234042380136_C1T.unhost.fq.gz	L181	UNRESOLVED	No HIV field or accession-linked clinical table in public record	Illumina NovaSeq 6000	SINGLE	40	103339667	95955b3588a20fb81a1d2e97d6f7721f	ftp.sra.ebi.ac.uk/vol1/fastq/SRR247/060/SRR24785360/SRR24785360.fastq.gz	ZHONGNAN HOSPITAL, WUHAN UNIVERSITY	UNRESOLVED_AT_FILE_LEVEL	unhost	METADATA_ONLY
SRR24785359	SRX20557863	SAMN35536432	UNRESOLVED	2234042380150_C1T.unhost.fq.gz	L182	UNRESOLVED	No HIV field or accession-linked clinical table in public record	Illumina NovaSeq 6000	SINGLE	40	34965682	c2ef3afdcec864eded08657e50d4a478	ftp.sra.ebi.ac.uk/vol1/fastq/SRR247/059/SRR24785359/SRR24785359.fastq.gz	ZHONGNAN HOSPITAL, WUHAN UNIVERSITY	UNRESOLVED_AT_FILE_LEVEL	unhost	METADATA_ONLY
SRR24785358	SRX20557864	SAMN35536433	UNRESOLVED	2234042380181_C1T.unhost.fq.gz	L183	UNRESOLVED	No HIV field or accession-linked clinical table in public record	Illumina NovaSeq 6000	SINGLE	40	68715131	38db5f17c84962a6a6d50ade3c392c76	ftp.sra.ebi.ac.uk/vol1/fastq/SRR247/058/SRR24785358/SRR24785358.fastq.gz	ZHONGNAN HOSPITAL, WUHAN UNIVERSITY	UNRESOLVED_AT_FILE_LEVEL	unhost	METADATA_ONLY
SRR24785357	SRX20557865	SAMN35536434	UNRESOLVED	2234042380198_C1T.unhost.fq.gz	L184	UNRESOLVED	No HIV field or accession-linked clinical table in public record	Illumina NovaSeq 6000	SINGLE	40	46671878	9a4be96d17cf5d1eaea7a384f36ae739	ftp.sra.ebi.ac.uk/vol1/fastq/SRR247/057/SRR24785357/SRR24785357.fastq.gz	ZHONGNAN HOSPITAL, WUHAN UNIVERSITY	UNRESOLVED_AT_FILE_LEVEL	unhost	METADATA_ONLY
SRR24785356	SRX20557866	SAMN35536435	UNRESOLVED	2234042380204_C1T.unhost.fq.gz	L185	UNRESOLVED	No HIV field or accession-linked clinical table in public record	Illumina NovaSeq 6000	SINGLE	40	23983253	7e79cd5bfe26f5139b2c799c13f8a305	ftp.sra.ebi.ac.uk/vol1/fastq/SRR247/056/SRR24785356/SRR24785356.fastq.gz	ZHONGNAN HOSPITAL, WUHAN UNIVERSITY	UNRESOLVED_AT_FILE_LEVEL	unhost	METADATA_ONLY
SRR24785355	SRX20557867	SAMN35536436	UNRESOLVED	2234042380211_C1T.unhost.fq.gz	L186	UNRESOLVED	No HIV field or accession-linked clinical table in public record	Illumina NovaSeq 6000	SINGLE	40	36501029	123db3fa5b2f1bf81680711a83da6ae8	ftp.sra.ebi.ac.uk/vol1/fastq/SRR247/055/SRR24785355/SRR24785355.fastq.gz	ZHONGNAN HOSPITAL, WUHAN UNIVERSITY	UNRESOLVED_AT_FILE_LEVEL	unhost	METADATA_ONLY
SRR24785354	SRX20557868	SAMN35536437	UNRESOLVED	2234042380228_C1T.unhost.fq.gz	L187	UNRESOLVED	No HIV field or accession-linked clinical table in public record	Illumina NovaSeq 6000	SINGLE	40	62164807	1907ca6bcb3e10a95dc8c0ef8cc5a97d	ftp.sra.ebi.ac.uk/vol1/fastq/SRR247/054/SRR24785354/SRR24785354.fastq.gz	ZHONGNAN HOSPITAL, WUHAN UNIVERSITY	UNRESOLVED_AT_FILE_LEVEL	unhost	METADATA_ONLY
SRR24785353	SRX20557869	SAMN35536438	UNRESOLVED	2234042380235_C1T.unhost.fq.gz	L188	UNRESOLVED	No HIV field or accession-linked clinical table in public record	Illumina NovaSeq 6000	SINGLE	40	17728356	c73f6f594cb66ed7389ba5cf9314de09	ftp.sra.ebi.ac.uk/vol1/fastq/SRR247/053/SRR24785353/SRR24785353.fastq.gz	ZHONGNAN HOSPITAL, WUHAN UNIVERSITY	UNRESOLVED_AT_FILE_LEVEL	unhost	METADATA_ONLY
SRR24785352	SRX20557870	SAMN35536439	UNRESOLVED	2234042380259_C1T.unhost.fq.gz	L189	UNRESOLVED	No HIV field or accession-linked clinical table in public record	Illumina NovaSeq 6000	SINGLE	40	93080044	9d91638023d61754d36a87282fda17bd	ftp.sra.ebi.ac.uk/vol1/fastq/SRR247/052/SRR24785352/SRR24785352.fastq.gz	ZHONGNAN HOSPITAL, WUHAN UNIVERSITY	UNRESOLVED_AT_FILE_LEVEL	unhost	METADATA_ONLY
SRR24785351	SRX20557871	SAMN35536440	UNRESOLVED	2234042380266_C1T.unhost.fq.gz	L190	UNRESOLVED	No HIV field or accession-linked clinical table in public record	Illumina NovaSeq 6000	SINGLE	40	67436123	41602dcc428516afcc7a9a85a45e4b17	ftp.sra.ebi.ac.uk/vol1/fastq/SRR247/051/SRR24785351/SRR24785351.fastq.gz	ZHONGNAN HOSPITAL, WUHAN UNIVERSITY	UNRESOLVED_AT_FILE_LEVEL	unhost	METADATA_ONLY
SRR24785349	SRX20557873	SAMN35536441	UNRESOLVED	2234042380273_C1T.unhost.fq.gz	L191	UNRESOLVED	No HIV field or accession-linked clinical table in public record	Illumina NovaSeq 6000	SINGLE	40	35925456	44a413db0c67b7a6560f25f5bf1fe817	ftp.sra.ebi.ac.uk/vol1/fastq/SRR247/049/SRR24785349/SRR24785349.fastq.gz	ZHONGNAN HOSPITAL, WUHAN UNIVERSITY	UNRESOLVED_AT_FILE_LEVEL	unhost	METADATA_ONLY
SRR24785348	SRX20557874	SAMN35536442	UNRESOLVED	2234042380280_C1T.unhost.fq.gz	L192	UNRESOLVED	No HIV field or accession-linked clinical table in public record	Illumina NovaSeq 6000	SINGLE	40	18439407	e437a032ad62bb3cc9bd7ad61a611483	ftp.sra.ebi.ac.uk/vol1/fastq/SRR247/048/SRR24785348/SRR24785348.fastq.gz	ZHONGNAN HOSPITAL, WUHAN UNIVERSITY	UNRESOLVED_AT_FILE_LEVEL	unhost	METADATA_ONLY
SRR24785347	SRX20557875	SAMN35536443	UNRESOLVED	2234042380297_C1T.unhost.fq.gz	L193	UNRESOLVED	No HIV field or accession-linked clinical table in public record	Illumina NovaSeq 6000	SINGLE	40	103951717	ca7edf5f40a7b1bc08de19cceb77ea80	ftp.sra.ebi.ac.uk/vol1/fastq/SRR247/047/SRR24785347/SRR24785347.fastq.gz	ZHONGNAN HOSPITAL, WUHAN UNIVERSITY	UNRESOLVED_AT_FILE_LEVEL	unhost	METADATA_ONLY
SRR24785346	SRX20557876	SAMN35536444	UNRESOLVED	2234042380334_C1T.unhost.fq.gz	L194	UNRESOLVED	No HIV field or accession-linked clinical table in public record	Illumina NovaSeq 6000	SINGLE	40	87630628	1458dd27ba87418aace7934b25aebc8e	ftp.sra.ebi.ac.uk/vol1/fastq/SRR247/046/SRR24785346/SRR24785346.fastq.gz	ZHONGNAN HOSPITAL, WUHAN UNIVERSITY	UNRESOLVED_AT_FILE_LEVEL	unhost	METADATA_ONLY
SRR24785345	SRX20557877	SAMN35536445	UNRESOLVED	2234042380341_C1T.unhost.fq.gz	L195	UNRESOLVED	No HIV field or accession-linked clinical table in public record	Illumina NovaSeq 6000	SINGLE	40	38991441	106fe8b1e11620a32ec32c49729d5c72	ftp.sra.ebi.ac.uk/vol1/fastq/SRR247/045/SRR24785345/SRR24785345.fastq.gz	ZHONGNAN HOSPITAL, WUHAN UNIVERSITY	UNRESOLVED_AT_FILE_LEVEL	unhost	METADATA_ONLY
SRR24785344	SRX20557878	SAMN35536446	UNRESOLVED	2234042380358_C1T.unhost.fq.gz	L196	UNRESOLVED	No HIV field or accession-linked clinical table in public record	Illumina NovaSeq 6000	SINGLE	40	145659972	b3420f21dffb0f23aef84f846998ed5b	ftp.sra.ebi.ac.uk/vol1/fastq/SRR247/044/SRR24785344/SRR24785344.fastq.gz	ZHONGNAN HOSPITAL, WUHAN UNIVERSITY	UNRESOLVED_AT_FILE_LEVEL	unhost	METADATA_ONLY
SRR24785343	SRX20557879	SAMN35536447	UNRESOLVED	2234042380365_C1T.unhost.fq.gz	L197	UNRESOLVED	No HIV field or accession-linked clinical table in public record	Illumina NovaSeq 6000	SINGLE	40	463795771	3cbc84cc917983790430aef30ceb061b	ftp.sra.ebi.ac.uk/vol1/fastq/SRR247/043/SRR24785343/SRR24785343.fastq.gz	ZHONGNAN HOSPITAL, WUHAN UNIVERSITY	UNRESOLVED_AT_FILE_LEVEL	unhost	METADATA_ONLY
SRR24785342	SRX20557880	SAMN35536448	UNRESOLVED	2234042380372_C1T.unhost.fq.gz	L198	UNRESOLVED	No HIV field or accession-linked clinical table in public record	Illumina NovaSeq 6000	SINGLE	40	32206540	575bb85a22b4292effdfb499a5bda3f9	ftp.sra.ebi.ac.uk/vol1/fastq/SRR247/042/SRR24785342/SRR24785342.fastq.gz	ZHONGNAN HOSPITAL, WUHAN UNIVERSITY	UNRESOLVED_AT_FILE_LEVEL	unhost	METADATA_ONLY
SRR24785341	SRX20557881	SAMN35536449	UNRESOLVED	2234042380396_C1T.unhost.fq.gz	L199	UNRESOLVED	No HIV field or accession-linked clinical table in public record	Illumina NovaSeq 6000	SINGLE	40	442293332	0c334100ef9a638b36e478cca241190f	ftp.sra.ebi.ac.uk/vol1/fastq/SRR247/041/SRR24785341/SRR24785341.fastq.gz	ZHONGNAN HOSPITAL, WUHAN UNIVERSITY	UNRESOLVED_AT_FILE_LEVEL	unhost	METADATA_ONLY
SRR24785340	SRX20557882	SAMN35536450	UNRESOLVED	2234042380402_C1T.unhost.fq.gz	L200	UNRESOLVED	No HIV field or accession-linked clinical table in public record	Illumina NovaSeq 6000	SINGLE	40	108773053	6302397563603af62a9384fb491d1dd1	ftp.sra.ebi.ac.uk/vol1/fastq/SRR247/040/SRR24785340/SRR24785340.fastq.gz	ZHONGNAN HOSPITAL, WUHAN UNIVERSITY	UNRESOLVED_AT_FILE_LEVEL	unhost	METADATA_ONLY
SRR24784901	SRX20557604	SAMN35536451	UNRESOLVED	2234042380440_C1T.unhost.fq.gz	L201	UNRESOLVED	No HIV field or accession-linked clinical table in public record	Illumina NovaSeq 6000	SINGLE	40	48008033	5fa802174f2fb16b22e05da09e1c84bf	ftp.sra.ebi.ac.uk/vol1/fastq/SRR247/001/SRR24784901/SRR24784901.fastq.gz	ZHONGNAN HOSPITAL, WUHAN UNIVERSITY	UNRESOLVED_AT_FILE_LEVEL	unhost	METADATA_ONLY
SRR24784900	SRX20557605	SAMN35536452	UNRESOLVED	2234042380457_C1T.unhost.fq.gz	L202	UNRESOLVED	No HIV field or accession-linked clinical table in public record	Illumina NovaSeq 6000	SINGLE	40	31368484	fa48039aa6dcde289a9fb335089f3262	ftp.sra.ebi.ac.uk/vol1/fastq/SRR247/000/SRR24784900/SRR24784900.fastq.gz	ZHONGNAN HOSPITAL, WUHAN UNIVERSITY	UNRESOLVED_AT_FILE_LEVEL	unhost	METADATA_ONLY
SRR24784899	SRX20557606	SAMN35536453	UNRESOLVED	2234042380488_C1T.unhost.fq.gz	L203	UNRESOLVED	No HIV field or accession-linked clinical table in public record	Illumina NovaSeq 6000	SINGLE	40	3210816	841674ef12b9bb376f6ce9de62eac21d	ftp.sra.ebi.ac.uk/vol1/fastq/SRR247/099/SRR24784899/SRR24784899.fastq.gz	ZHONGNAN HOSPITAL, WUHAN UNIVERSITY	UNRESOLVED_AT_FILE_LEVEL	unhost	METADATA_ONLY
SRR24784898	SRX20557607	SAMN35536454	UNRESOLVED	2234042380563_C1T.unhost.fq.gz	L204	UNRESOLVED	No HIV field or accession-linked clinical table in public record	Illumina NovaSeq 6000	SINGLE	40	70344531	354c06f0078a424e7502ede550164fcd	ftp.sra.ebi.ac.uk/vol1/fastq/SRR247/098/SRR24784898/SRR24784898.fastq.gz	ZHONGNAN HOSPITAL, WUHAN UNIVERSITY	UNRESOLVED_AT_FILE_LEVEL	unhost	METADATA_ONLY
SRR24784897	SRX20557608	SAMN35536455	UNRESOLVED	2234042380570_C1T.unhost.fq.gz	L205	UNRESOLVED	No HIV field or accession-linked clinical table in public record	Illumina NovaSeq 6000	SINGLE	40	9778118	3e31a5b9a2c8815b59b6502cc3e30bff	ftp.sra.ebi.ac.uk/vol1/fastq/SRR247/097/SRR24784897/SRR24784897.fastq.gz	ZHONGNAN HOSPITAL, WUHAN UNIVERSITY	UNRESOLVED_AT_FILE_LEVEL	unhost	METADATA_ONLY
SRR24784896	SRX20557609	SAMN35536456	UNRESOLVED	2234042380631_C1T.unhost.fq.gz	L206	UNRESOLVED	No HIV field or accession-linked clinical table in public record	Illumina NovaSeq 6000	SINGLE	40	305055604	ad53b6b78dd0ddf03e40de2bd72cafbe	ftp.sra.ebi.ac.uk/vol1/fastq/SRR247/096/SRR24784896/SRR24784896.fastq.gz	ZHONGNAN HOSPITAL, WUHAN UNIVERSITY	UNRESOLVED_AT_FILE_LEVEL	unhost	METADATA_ONLY
SRR24784895	SRX20557610	SAMN35536457	UNRESOLVED	2234042380648_C1T.unhost.fq.gz	L207	UNRESOLVED	No HIV field or accession-linked clinical table in public record	Illumina NovaSeq 6000	SINGLE	40	12044914	0dbd41e902e6e551e3ee914fd99f0a89	ftp.sra.ebi.ac.uk/vol1/fastq/SRR247/095/SRR24784895/SRR24784895.fastq.gz	ZHONGNAN HOSPITAL, WUHAN UNIVERSITY	UNRESOLVED_AT_FILE_LEVEL	unhost	METADATA_ONLY
SRR24784894	SRX20557611	SAMN35536458	UNRESOLVED	2234042380662_C1T.unhost.fq.gz	L208	UNRESOLVED	No HIV field or accession-linked clinical table in public record	Illumina NovaSeq 6000	SINGLE	40	17619819	47ea2c4ce3486fe2d9c1659d35c1b638	ftp.sra.ebi.ac.uk/vol1/fastq/SRR247/094/SRR24784894/SRR24784894.fastq.gz	ZHONGNAN HOSPITAL, WUHAN UNIVERSITY	UNRESOLVED_AT_FILE_LEVEL	unhost	METADATA_ONLY
SRR24784893	SRX20557612	SAMN35536459	UNRESOLVED	2234042380716_C1T.unhost.fq.gz	L209	UNRESOLVED	No HIV field or accession-linked clinical table in public record	Illumina NovaSeq 6000	SINGLE	40	221990198	0927c9200d84b26640a7acc5a1139976	ftp.sra.ebi.ac.uk/vol1/fastq/SRR247/093/SRR24784893/SRR24784893.fastq.gz	ZHONGNAN HOSPITAL, WUHAN UNIVERSITY	UNRESOLVED_AT_FILE_LEVEL	unhost	METADATA_ONLY
SRR24784892	SRX20557613	SAMN35536460	UNRESOLVED	2234042380723_C1T.unhost.fq.gz	L210	UNRESOLVED	No HIV field or accession-linked clinical table in public record	Illumina NovaSeq 6000	SINGLE	40	17293276	191e21be755cf43a8ae32286d4455c55	ftp.sra.ebi.ac.uk/vol1/fastq/SRR247/092/SRR24784892/SRR24784892.fastq.gz	ZHONGNAN HOSPITAL, WUHAN UNIVERSITY	UNRESOLVED_AT_FILE_LEVEL	unhost	METADATA_ONLY
SRR24784890	SRX20557615	SAMN35536461	UNRESOLVED	2234042380730_C1T.unhost.fq.gz	L211	UNRESOLVED	No HIV field or accession-linked clinical table in public record	Illumina NovaSeq 6000	SINGLE	40	51711796	c76e9be7f165937289bcb2131f73f012	ftp.sra.ebi.ac.uk/vol1/fastq/SRR247/090/SRR24784890/SRR24784890.fastq.gz	ZHONGNAN HOSPITAL, WUHAN UNIVERSITY	UNRESOLVED_AT_FILE_LEVEL	unhost	METADATA_ONLY
SRR24784889	SRX20557616	SAMN35536462	UNRESOLVED	2234042380815_C1T.unhost.fq.gz	L212	UNRESOLVED	No HIV field or accession-linked clinical table in public record	Illumina NovaSeq 6000	SINGLE	40	234901284	f000262031a2ef036942ba93ac8f00e3	ftp.sra.ebi.ac.uk/vol1/fastq/SRR247/089/SRR24784889/SRR24784889.fastq.gz	ZHONGNAN HOSPITAL, WUHAN UNIVERSITY	UNRESOLVED_AT_FILE_LEVEL	unhost	METADATA_ONLY
SRR24784888	SRX20557617	SAMN35536463	UNRESOLVED	2234042381010_C1T.unhost.fq.gz	L213	UNRESOLVED	No HIV field or accession-linked clinical table in public record	Illumina NovaSeq 6000	SINGLE	40	61711009	ea175960f0b87e81eedb66906bbf1caa	ftp.sra.ebi.ac.uk/vol1/fastq/SRR247/088/SRR24784888/SRR24784888.fastq.gz	ZHONGNAN HOSPITAL, WUHAN UNIVERSITY	UNRESOLVED_AT_FILE_LEVEL	unhost	METADATA_ONLY
SRR24784887	SRX20557618	SAMN35536464	UNRESOLVED	2234042381188_C1T.unhost.fq.gz	L214	UNRESOLVED	No HIV field or accession-linked clinical table in public record	Illumina NovaSeq 6000	SINGLE	40	23405200	ca99facc11de92bd78d0562436281bc8	ftp.sra.ebi.ac.uk/vol1/fastq/SRR247/087/SRR24784887/SRR24784887.fastq.gz	ZHONGNAN HOSPITAL, WUHAN UNIVERSITY	UNRESOLVED_AT_FILE_LEVEL	unhost	METADATA_ONLY
SRR24784886	SRX20557619	SAMN35536465	UNRESOLVED	2234042381195_C1T.unhost.fq.gz	L215	UNRESOLVED	No HIV field or accession-linked clinical table in public record	Illumina NovaSeq 6000	SINGLE	40	12839417	13ffaf8bd7f69c00ff0f8345c4d63654	ftp.sra.ebi.ac.uk/vol1/fastq/SRR247/086/SRR24784886/SRR24784886.fastq.gz	ZHONGNAN HOSPITAL, WUHAN UNIVERSITY	UNRESOLVED_AT_FILE_LEVEL	unhost	METADATA_ONLY
SRR24784885	SRX20557620	SAMN35536466	UNRESOLVED	2234042381218_C1T.unhost.fq.gz	L216	UNRESOLVED	No HIV field or accession-linked clinical table in public record	Illumina NovaSeq 6000	SINGLE	40	5388486	879388a73aecc81087fcddbb1fb65cbe	ftp.sra.ebi.ac.uk/vol1/fastq/SRR247/085/SRR24784885/SRR24784885.fastq.gz	ZHONGNAN HOSPITAL, WUHAN UNIVERSITY	UNRESOLVED_AT_FILE_LEVEL	unhost	METADATA_ONLY
SRR24784884	SRX20557621	SAMN35536467	UNRESOLVED	2234042381225_C1T.unhost.fq.gz	L217	UNRESOLVED	No HIV field or accession-linked clinical table in public record	Illumina NovaSeq 6000	SINGLE	40	5663822	92a8921bbb9b1a9db0d4c662a4820998	ftp.sra.ebi.ac.uk/vol1/fastq/SRR247/084/SRR24784884/SRR24784884.fastq.gz	ZHONGNAN HOSPITAL, WUHAN UNIVERSITY	UNRESOLVED_AT_FILE_LEVEL	unhost	METADATA_ONLY
SRR24784883	SRX20557622	SAMN35536468	UNRESOLVED	2234042381249_C1T.unhost.fq.gz	L218	UNRESOLVED	No HIV field or accession-linked clinical table in public record	Illumina NovaSeq 6000	SINGLE	40	66814932	b4aa43fdeb9243c8b79d5e5e08813675	ftp.sra.ebi.ac.uk/vol1/fastq/SRR247/083/SRR24784883/SRR24784883.fastq.gz	ZHONGNAN HOSPITAL, WUHAN UNIVERSITY	UNRESOLVED_AT_FILE_LEVEL	unhost	METADATA_ONLY
SRR24784882	SRX20557623	SAMN35536469	UNRESOLVED	2234042381256_C1T.unhost.fq.gz	L219	UNRESOLVED	No HIV field or accession-linked clinical table in public record	Illumina NovaSeq 6000	SINGLE	40	32870017	ea086548f78b803a13b6ec9d9c492eb7	ftp.sra.ebi.ac.uk/vol1/fastq/SRR247/082/SRR24784882/SRR24784882.fastq.gz	ZHONGNAN HOSPITAL, WUHAN UNIVERSITY	UNRESOLVED_AT_FILE_LEVEL	unhost	METADATA_ONLY
SRR24784881	SRX20557624	SAMN35536470	UNRESOLVED	2234042381263_C1T.unhost.fq.gz	L220	UNRESOLVED	No HIV field or accession-linked clinical table in public record	Illumina NovaSeq 6000	SINGLE	40	25235626	b27e79422911f49ca03b9f4e8466f8eb	ftp.sra.ebi.ac.uk/vol1/fastq/SRR247/081/SRR24784881/SRR24784881.fastq.gz	ZHONGNAN HOSPITAL, WUHAN UNIVERSITY	UNRESOLVED_AT_FILE_LEVEL	unhost	METADATA_ONLY
SRR24784879	SRX20557626	SAMN35536471	UNRESOLVED	2234042381270_C1T.unhost.fq.gz	L221	UNRESOLVED	No HIV field or accession-linked clinical table in public record	Illumina NovaSeq 6000	SINGLE	40	5810724	8d7777517c7e033ecbe3a0411835d125	ftp.sra.ebi.ac.uk/vol1/fastq/SRR247/079/SRR24784879/SRR24784879.fastq.gz	ZHONGNAN HOSPITAL, WUHAN UNIVERSITY	UNRESOLVED_AT_FILE_LEVEL	unhost	METADATA_ONLY
SRR24784878	SRX20557627	SAMN35536472	UNRESOLVED	2234042381287_C1T.unhost.fq.gz	L222	UNRESOLVED	No HIV field or accession-linked clinical table in public record	Illumina NovaSeq 6000	SINGLE	40	80908004	bfe144944b48569f23890fd847557348	ftp.sra.ebi.ac.uk/vol1/fastq/SRR247/078/SRR24784878/SRR24784878.fastq.gz	ZHONGNAN HOSPITAL, WUHAN UNIVERSITY	UNRESOLVED_AT_FILE_LEVEL	unhost	METADATA_ONLY
SRR24784877	SRX20557628	SAMN35536473	UNRESOLVED	2234042381294_C1T.unhost.fq.gz	L223	UNRESOLVED	No HIV field or accession-linked clinical table in public record	Illumina NovaSeq 6000	SINGLE	40	71996748	7a073e865afcc98b3fc99f303b82fc4f	ftp.sra.ebi.ac.uk/vol1/fastq/SRR247/077/SRR24784877/SRR24784877.fastq.gz	ZHONGNAN HOSPITAL, WUHAN UNIVERSITY	UNRESOLVED_AT_FILE_LEVEL	unhost	METADATA_ONLY
SRR24784876	SRX20557629	SAMN35536474	UNRESOLVED	2234042381300_C1T.unhost.fq.gz	L224	UNRESOLVED	No HIV field or accession-linked clinical table in public record	Illumina NovaSeq 6000	SINGLE	40	44318961	1cc424ec2946425961d9cf8d57702029	ftp.sra.ebi.ac.uk/vol1/fastq/SRR247/076/SRR24784876/SRR24784876.fastq.gz	ZHONGNAN HOSPITAL, WUHAN UNIVERSITY	UNRESOLVED_AT_FILE_LEVEL	unhost	METADATA_ONLY
SRR24784875	SRX20557630	SAMN35536475	UNRESOLVED	2234042381324_C1T.unhost.fq.gz	L225	UNRESOLVED	No HIV field or accession-linked clinical table in public record	Illumina NovaSeq 6000	SINGLE	40	14216869	f89d3bc39346d94fb3e72b0c3032db3c	ftp.sra.ebi.ac.uk/vol1/fastq/SRR247/075/SRR24784875/SRR24784875.fastq.gz	ZHONGNAN HOSPITAL, WUHAN UNIVERSITY	UNRESOLVED_AT_FILE_LEVEL	unhost	METADATA_ONLY
SRR24784874	SRX20557631	SAMN35536476	UNRESOLVED	MDL001-05D2222085L-DNA-D01-20220529.nonhuman.nonspike.fq.gz	L226	UNRESOLVED	No HIV field or accession-linked clinical table in public record	Illumina NovaSeq 6000	SINGLE	50	4681483	15e9fc8516884947610b221e2795edae	ftp.sra.ebi.ac.uk/vol1/fastq/SRR247/074/SRR24784874/SRR24784874.fastq.gz	ZHONGNAN HOSPITAL, WUHAN UNIVERSITY	UNRESOLVED_AT_FILE_LEVEL	nonhuman_nonspike	METADATA_ONLY
SRR24784873	SRX20557632	SAMN35536477	UNRESOLVED	MDL001-05D2223049L-DNA-D19-20220601.nonhuman.nonspike.fq.gz	L227	UNRESOLVED	No HIV field or accession-linked clinical table in public record	Illumina NovaSeq 6000	SINGLE	50	4029128	69beba7ecdd8fe244942d7d0f617906e	ftp.sra.ebi.ac.uk/vol1/fastq/SRR247/073/SRR24784873/SRR24784873.fastq.gz	ZHONGNAN HOSPITAL, WUHAN UNIVERSITY	UNRESOLVED_AT_FILE_LEVEL	nonhuman_nonspike	METADATA_ONLY
SRR24785089	SRX20558133	SAMN35536287	UNRESOLVED	N100008760_L01_6.fq.gz	L37	UNRESOLVED	No HIV field or accession-linked clinical table in public record	Illumina NovaSeq 6000	SINGLE	50	452521599	8b061c537beb9e743cc38fa42d9eb3f0	ftp.sra.ebi.ac.uk/vol1/fastq/SRR247/089/SRR24785089/SRR24785089.fastq.gz	ZHONGNAN HOSPITAL, WUHAN UNIVERSITY	UNRESOLVED_AT_FILE_LEVEL	none	METADATA_ONLY
SRR24785266	SRX20557956	SAMN35536310	UNRESOLVED	N100008834_L01_11.fq.gz	L60	UNRESOLVED	No HIV field or accession-linked clinical table in public record	Illumina NovaSeq 6000	SINGLE	50	692058310	783d6ba7ac8595fb74a4dc107d01cc24	ftp.sra.ebi.ac.uk/vol1/fastq/SRR247/066/SRR24785266/SRR24785266.fastq.gz	ZHONGNAN HOSPITAL, WUHAN UNIVERSITY	UNRESOLVED_AT_FILE_LEVEL	none	METADATA_ONLY
SRR24785254	SRX20557968	SAMN35536311	UNRESOLVED	N100009043_L01_11.fq.gz	L61	UNRESOLVED	No HIV field or accession-linked clinical table in public record	Illumina NovaSeq 6000	SINGLE	50	219619362	b97befad4a21770c08d054d9bc9865e5	ftp.sra.ebi.ac.uk/vol1/fastq/SRR247/054/SRR24785254/SRR24785254.fastq.gz	ZHONGNAN HOSPITAL, WUHAN UNIVERSITY	UNRESOLVED_AT_FILE_LEVEL	none	METADATA_ONLY
SRR24784978	SRX20557527	SAMN35536382	UNRESOLVED	N100010946_L01_10.fq.gz	L132	UNRESOLVED	No HIV field or accession-linked clinical table in public record	Illumina NovaSeq 6000	SINGLE	50	644393343	3606148da56651d609df8c73b23f375a	ftp.sra.ebi.ac.uk/vol1/fastq/SRR247/078/SRR24784978/SRR24784978.fastq.gz	ZHONGNAN HOSPITAL, WUHAN UNIVERSITY	UNRESOLVED_AT_FILE_LEVEL	none	METADATA_ONLY
SRR24785014	SRX20557491	SAMN35536252	UNRESOLVED	N100011228_L01_5.fq.gz	L2	UNRESOLVED	No HIV field or accession-linked clinical table in public record	Illumina NovaSeq 6000	SINGLE	50	303921925	a445e50e123345e59eb928628481edf0	ftp.sra.ebi.ac.uk/vol1/fastq/SRR247/014/SRR24785014/SRR24785014.fastq.gz	ZHONGNAN HOSPITAL, WUHAN UNIVERSITY	UNRESOLVED_AT_FILE_LEVEL	none	METADATA_ONLY
SRR24784891	SRX20557614	SAMN35536272	UNRESOLVED	N100012503_L01_5.fq.gz	L22	UNRESOLVED	No HIV field or accession-linked clinical table in public record	Illumina NovaSeq 6000	SINGLE	50	344380308	5918f865fb2fb515b9ecf3ac6ba0d2ca	ftp.sra.ebi.ac.uk/vol1/fastq/SRR247/091/SRR24784891/SRR24784891.fastq.gz	ZHONGNAN HOSPITAL, WUHAN UNIVERSITY	UNRESOLVED_AT_FILE_LEVEL	none	METADATA_ONLY
SRR24784872	SRX20557633	SAMN35536478	UNRESOLVED	N100016633_L01_17.fq.gz	L228	UNRESOLVED	No HIV field or accession-linked clinical table in public record	Illumina NovaSeq 6000	SINGLE	50	789936711	04514f8fe7ec3cdcb8e46c854f4f1cc1	ftp.sra.ebi.ac.uk/vol1/fastq/SRR247/072/SRR24784872/SRR24784872.fastq.gz	ZHONGNAN HOSPITAL, WUHAN UNIVERSITY	UNRESOLVED_AT_FILE_LEVEL	none	METADATA_ONLY
SRR24784871	SRX20557634	SAMN35536479	UNRESOLVED	N100016633_L01_20.fq.gz	L229	UNRESOLVED	No HIV field or accession-linked clinical table in public record	Illumina NovaSeq 6000	SINGLE	50	457921241	95e3ab3b6d7d94ca9b6a0ea861dbec22	ftp.sra.ebi.ac.uk/vol1/fastq/SRR247/071/SRR24784871/SRR24784871.fastq.gz	ZHONGNAN HOSPITAL, WUHAN UNIVERSITY	UNRESOLVED_AT_FILE_LEVEL	none	METADATA_ONLY
SRR24784870	SRX20557635	SAMN35536480	UNRESOLVED	N100016633_L01_25.fq.gz	L230	UNRESOLVED	No HIV field or accession-linked clinical table in public record	Illumina NovaSeq 6000	SINGLE	50	1054784427	957aac6e9b7d974d8b1b2de9de8a2df8	ftp.sra.ebi.ac.uk/vol1/fastq/SRR247/070/SRR24784870/SRR24784870.fastq.gz	ZHONGNAN HOSPITAL, WUHAN UNIVERSITY	UNRESOLVED_AT_FILE_LEVEL	none	METADATA_ONLY
SRR24784868	SRX20557637	SAMN35536481	UNRESOLVED	N100016636_L01_4.fq.gz	L231	UNRESOLVED	No HIV field or accession-linked clinical table in public record	Illumina NovaSeq 6000	SINGLE	50	793920880	3b9b3dd32805735496b295fb22812e46	ftp.sra.ebi.ac.uk/vol1/fastq/SRR247/068/SRR24784868/SRR24784868.fastq.gz	ZHONGNAN HOSPITAL, WUHAN UNIVERSITY	UNRESOLVED_AT_FILE_LEVEL	none	METADATA_ONLY
SRR24784867	SRX20557638	SAMN35536482	UNRESOLVED	N100016636_L01_5.fq.gz	L232	UNRESOLVED	No HIV field or accession-linked clinical table in public record	Illumina NovaSeq 6000	SINGLE	50	1349276280	28bd97bbec19dbef113a7e26516615ac	ftp.sra.ebi.ac.uk/vol1/fastq/SRR247/067/SRR24784867/SRR24784867.fastq.gz	ZHONGNAN HOSPITAL, WUHAN UNIVERSITY	UNRESOLVED_AT_FILE_LEVEL	none	METADATA_ONLY
SRR24784866	SRX20557639	SAMN35536483	UNRESOLVED	N100016650_L01_26.fq.gz	L233	UNRESOLVED	No HIV field or accession-linked clinical table in public record	Illumina NovaSeq 6000	SINGLE	50	757985405	2b182175916fdd126656ecb70db7e460	ftp.sra.ebi.ac.uk/vol1/fastq/SRR247/066/SRR24784866/SRR24784866.fastq.gz	ZHONGNAN HOSPITAL, WUHAN UNIVERSITY	UNRESOLVED_AT_FILE_LEVEL	none	METADATA_ONLY
SRR24784865	SRX20557640	SAMN35536484	UNRESOLVED	N100016650_L01_28.fq.gz	L234	UNRESOLVED	No HIV field or accession-linked clinical table in public record	Illumina NovaSeq 6000	SINGLE	50	751695444	b14a2f85b23159cfc1d71ecf2c63bb4f	ftp.sra.ebi.ac.uk/vol1/fastq/SRR247/065/SRR24784865/SRR24784865.fastq.gz	ZHONGNAN HOSPITAL, WUHAN UNIVERSITY	UNRESOLVED_AT_FILE_LEVEL	none	METADATA_ONLY
SRR24784864	SRX20557641	SAMN35536485	UNRESOLVED	N100016656_L01_1.fq.gz	L235	UNRESOLVED	No HIV field or accession-linked clinical table in public record	Illumina NovaSeq 6000	SINGLE	50	673486875	d7c3405b9e61e1e6bd722e69f34b4ca7	ftp.sra.ebi.ac.uk/vol1/fastq/SRR247/064/SRR24784864/SRR24784864.fastq.gz	ZHONGNAN HOSPITAL, WUHAN UNIVERSITY	UNRESOLVED_AT_FILE_LEVEL	none	METADATA_ONLY
SRR24784863	SRX20557642	SAMN35536486	UNRESOLVED	N100016656_L01_2.fq.gz	L236	UNRESOLVED	No HIV field or accession-linked clinical table in public record	Illumina NovaSeq 6000	SINGLE	50	872554081	717a31bd9d338f29a6fd386a2ba2b145	ftp.sra.ebi.ac.uk/vol1/fastq/SRR247/063/SRR24784863/SRR24784863.fastq.gz	ZHONGNAN HOSPITAL, WUHAN UNIVERSITY	UNRESOLVED_AT_FILE_LEVEL	none	METADATA_ONLY
SRR24784862	SRX20557643	SAMN35536487	UNRESOLVED	N100016656_L01_4.fq.gz	L237	UNRESOLVED	No HIV field or accession-linked clinical table in public record	Illumina NovaSeq 6000	SINGLE	50	836680332	790333eaf23efc5ca82d191483db79d0	ftp.sra.ebi.ac.uk/vol1/fastq/SRR247/062/SRR24784862/SRR24784862.fastq.gz	ZHONGNAN HOSPITAL, WUHAN UNIVERSITY	UNRESOLVED_AT_FILE_LEVEL	none	METADATA_ONLY
SRR24784861	SRX20557644	SAMN35536488	UNRESOLVED	N100016656_L01_5.fq.gz	L238	UNRESOLVED	No HIV field or accession-linked clinical table in public record	Illumina NovaSeq 6000	SINGLE	50	839611221	888ed6404a074fb9693b43972d025842	ftp.sra.ebi.ac.uk/vol1/fastq/SRR247/061/SRR24784861/SRR24784861.fastq.gz	ZHONGNAN HOSPITAL, WUHAN UNIVERSITY	UNRESOLVED_AT_FILE_LEVEL	none	METADATA_ONLY
SRR24784860	SRX20557645	SAMN35536489	UNRESOLVED	N100016656_L01_6.fq.gz	L239	UNRESOLVED	No HIV field or accession-linked clinical table in public record	Illumina NovaSeq 6000	SINGLE	50	653539986	75e30d964e054bcce2957ec372e2a526	ftp.sra.ebi.ac.uk/vol1/fastq/SRR247/060/SRR24784860/SRR24784860.fastq.gz	ZHONGNAN HOSPITAL, WUHAN UNIVERSITY	UNRESOLVED_AT_FILE_LEVEL	none	METADATA_ONLY
SRR24784854	SRX20557651	SAMN35536494	UNRESOLVED	N100016686_L01_10.fq.gz	L244	UNRESOLVED	No HIV field or accession-linked clinical table in public record	Illumina NovaSeq 6000	SINGLE	50	502131625	1f60d12937f3838efcfab581f0157b3a	ftp.sra.ebi.ac.uk/vol1/fastq/SRR247/054/SRR24784854/SRR24784854.fastq.gz	ZHONGNAN HOSPITAL, WUHAN UNIVERSITY	UNRESOLVED_AT_FILE_LEVEL	none	METADATA_ONLY
SRR24784853	SRX20557652	SAMN35536495	UNRESOLVED	N100016686_L01_11.fq.gz	L245	UNRESOLVED	No HIV field or accession-linked clinical table in public record	Illumina NovaSeq 6000	SINGLE	50	784954973	637b08fb40c946bcb766291e061feff9	ftp.sra.ebi.ac.uk/vol1/fastq/SRR247/053/SRR24784853/SRR24784853.fastq.gz	ZHONGNAN HOSPITAL, WUHAN UNIVERSITY	UNRESOLVED_AT_FILE_LEVEL	none	METADATA_ONLY
SRR24784859	SRX20557646	SAMN35536490	UNRESOLVED	N100016686_L01_2.fq.gz	L240	UNRESOLVED	No HIV field or accession-linked clinical table in public record	Illumina NovaSeq 6000	SINGLE	50	707169217	346e9bc3d86d9744490821ffcd4c582e	ftp.sra.ebi.ac.uk/vol1/fastq/SRR247/059/SRR24784859/SRR24784859.fastq.gz	ZHONGNAN HOSPITAL, WUHAN UNIVERSITY	UNRESOLVED_AT_FILE_LEVEL	none	METADATA_ONLY
SRR24784852	SRX20557653	SAMN35536496	UNRESOLVED	N100016686_L01_4.fq.gz	L246	UNRESOLVED	No HIV field or accession-linked clinical table in public record	Illumina NovaSeq 6000	SINGLE	50	676059436	ad049f316a3ba6f7a912e1b8965aeae6	ftp.sra.ebi.ac.uk/vol1/fastq/SRR247/052/SRR24784852/SRR24784852.fastq.gz	ZHONGNAN HOSPITAL, WUHAN UNIVERSITY	UNRESOLVED_AT_FILE_LEVEL	none	METADATA_ONLY
SRR24784857	SRX20557648	SAMN35536491	UNRESOLVED	N100016686_L01_5.fq.gz	L241	UNRESOLVED	No HIV field or accession-linked clinical table in public record	Illumina NovaSeq 6000	SINGLE	50	326872130	76a5abd014147c2988280f38361a69a4	ftp.sra.ebi.ac.uk/vol1/fastq/SRR247/057/SRR24784857/SRR24784857.fastq.gz	ZHONGNAN HOSPITAL, WUHAN UNIVERSITY	UNRESOLVED_AT_FILE_LEVEL	none	METADATA_ONLY
SRR24784856	SRX20557649	SAMN35536492	UNRESOLVED	N100016686_L01_6.fq.gz	L242	UNRESOLVED	No HIV field or accession-linked clinical table in public record	Illumina NovaSeq 6000	SINGLE	50	924520034	0caadfe278f2bb74de05abaf42d5dfe0	ftp.sra.ebi.ac.uk/vol1/fastq/SRR247/056/SRR24784856/SRR24784856.fastq.gz	ZHONGNAN HOSPITAL, WUHAN UNIVERSITY	UNRESOLVED_AT_FILE_LEVEL	none	METADATA_ONLY
SRR24784855	SRX20557650	SAMN35536493	UNRESOLVED	N100016686_L01_8.fq.gz	L243	UNRESOLVED	No HIV field or accession-linked clinical table in public record	Illumina NovaSeq 6000	SINGLE	50	419342393	69848883d24f3393843caeaba1b77f0d	ftp.sra.ebi.ac.uk/vol1/fastq/SRR247/055/SRR24784855/SRR24784855.fastq.gz	ZHONGNAN HOSPITAL, WUHAN UNIVERSITY	UNRESOLVED_AT_FILE_LEVEL	none	METADATA_ONLY
SRR24784851	SRX20557654	SAMN35536497	UNRESOLVED	N100016720_L01_28.fq.gz	L247	UNRESOLVED	No HIV field or accession-linked clinical table in public record	Illumina NovaSeq 6000	SINGLE	50	1011662663	9a831399270d9425ef1089ea523ef073	ftp.sra.ebi.ac.uk/vol1/fastq/SRR247/051/SRR24784851/SRR24784851.fastq.gz	ZHONGNAN HOSPITAL, WUHAN UNIVERSITY	UNRESOLVED_AT_FILE_LEVEL	none	METADATA_ONLY
SRR24784850	SRX20557655	SAMN35536498	UNRESOLVED	N100016720_L01_30.fq.gz	L248	UNRESOLVED	No HIV field or accession-linked clinical table in public record	Illumina NovaSeq 6000	SINGLE	50	1058099640	756e43b01f0bf3309502c112411742b1	ftp.sra.ebi.ac.uk/vol1/fastq/SRR247/050/SRR24784850/SRR24784850.fastq.gz	ZHONGNAN HOSPITAL, WUHAN UNIVERSITY	UNRESOLVED_AT_FILE_LEVEL	none	METADATA_ONLY
SRR24784849	SRX20557656	SAMN35536499	UNRESOLVED	N100016720_L01_32.fq.gz	L249	UNRESOLVED	No HIV field or accession-linked clinical table in public record	Illumina NovaSeq 6000	SINGLE	50	917700273	9969a3af3068a223bbf5e707df54ba51	ftp.sra.ebi.ac.uk/vol1/fastq/SRR247/049/SRR24784849/SRR24784849.fastq.gz	ZHONGNAN HOSPITAL, WUHAN UNIVERSITY	UNRESOLVED_AT_FILE_LEVEL	none	METADATA_ONLY
SRR24784848	SRX20557657	SAMN35536500	UNRESOLVED	N100016734_L01_1.fq.gz	L250	UNRESOLVED	No HIV field or accession-linked clinical table in public record	Illumina NovaSeq 6000	SINGLE	50	780799096	9348c1d1908f956ea66fdaa052604be5	ftp.sra.ebi.ac.uk/vol1/fastq/SRR247/048/SRR24784848/SRR24784848.fastq.gz	ZHONGNAN HOSPITAL, WUHAN UNIVERSITY	UNRESOLVED_AT_FILE_LEVEL	none	METADATA_ONLY
SRR24784841	SRX20557664	SAMN35536506	UNRESOLVED	N100016734_L01_10.fq.gz	L256	UNRESOLVED	No HIV field or accession-linked clinical table in public record	Illumina NovaSeq 6000	SINGLE	50	795741958	c90ddb0ddad517b2846af6c5d451b3df	ftp.sra.ebi.ac.uk/vol1/fastq/SRR247/041/SRR24784841/SRR24784841.fastq.gz	ZHONGNAN HOSPITAL, WUHAN UNIVERSITY	UNRESOLVED_AT_FILE_LEVEL	none	METADATA_ONLY
SRR24784840	SRX20557665	SAMN35536507	UNRESOLVED	N100016734_L01_11.fq.gz	L257	UNRESOLVED	No HIV field or accession-linked clinical table in public record	Illumina NovaSeq 6000	SINGLE	50	632699059	dd25ab9202f85734d40d0c02900159d5	ftp.sra.ebi.ac.uk/vol1/fastq/SRR247/040/SRR24784840/SRR24784840.fastq.gz	ZHONGNAN HOSPITAL, WUHAN UNIVERSITY	UNRESOLVED_AT_FILE_LEVEL	none	METADATA_ONLY
SRR24784846	SRX20557659	SAMN35536501	UNRESOLVED	N100016734_L01_2.fq.gz	L251	UNRESOLVED	No HIV field or accession-linked clinical table in public record	Illumina NovaSeq 6000	SINGLE	50	754342270	110030373f8261f598b4c4295a592db1	ftp.sra.ebi.ac.uk/vol1/fastq/SRR247/046/SRR24784846/SRR24784846.fastq.gz	ZHONGNAN HOSPITAL, WUHAN UNIVERSITY	UNRESOLVED_AT_FILE_LEVEL	none	METADATA_ONLY
SRR24784845	SRX20557660	SAMN35536502	UNRESOLVED	N100016734_L01_4.fq.gz	L252	UNRESOLVED	No HIV field or accession-linked clinical table in public record	Illumina NovaSeq 6000	SINGLE	50	569502402	29dc689711377d587323e9ec595c7b46	ftp.sra.ebi.ac.uk/vol1/fastq/SRR247/045/SRR24784845/SRR24784845.fastq.gz	ZHONGNAN HOSPITAL, WUHAN UNIVERSITY	UNRESOLVED_AT_FILE_LEVEL	none	METADATA_ONLY
SRR24784844	SRX20557661	SAMN35536503	UNRESOLVED	N100016734_L01_5.fq.gz	L253	UNRESOLVED	No HIV field or accession-linked clinical table in public record	Illumina NovaSeq 6000	SINGLE	50	319201873	1d5a494fc2e6452bcc814062f1e835df	ftp.sra.ebi.ac.uk/vol1/fastq/SRR247/044/SRR24784844/SRR24784844.fastq.gz	ZHONGNAN HOSPITAL, WUHAN UNIVERSITY	UNRESOLVED_AT_FILE_LEVEL	none	METADATA_ONLY
SRR24784843	SRX20557662	SAMN35536504	UNRESOLVED	N100016734_L01_6.fq.gz	L254	UNRESOLVED	No HIV field or accession-linked clinical table in public record	Illumina NovaSeq 6000	SINGLE	50	753912934	099aab2b6468b0d0fc43a95ff9581d31	ftp.sra.ebi.ac.uk/vol1/fastq/SRR247/043/SRR24784843/SRR24784843.fastq.gz	ZHONGNAN HOSPITAL, WUHAN UNIVERSITY	UNRESOLVED_AT_FILE_LEVEL	none	METADATA_ONLY
SRR24784842	SRX20557663	SAMN35536505	UNRESOLVED	N100016734_L01_8.fq.gz	L255	UNRESOLVED	No HIV field or accession-linked clinical table in public record	Illumina NovaSeq 6000	SINGLE	50	837189699	2cfb80f9e437b6dadbf59fb0d4521b26	ftp.sra.ebi.ac.uk/vol1/fastq/SRR247/042/SRR24784842/SRR24784842.fastq.gz	ZHONGNAN HOSPITAL, WUHAN UNIVERSITY	UNRESOLVED_AT_FILE_LEVEL	none	METADATA_ONLY
SRR24784839	SRX20557666	SAMN35536508	UNRESOLVED	N100016746_L01_28.fq.gz	L258	UNRESOLVED	No HIV field or accession-linked clinical table in public record	Illumina NovaSeq 6000	SINGLE	50	1267873962	c55f5c15e8af13a67c60f02179ec3ffd	ftp.sra.ebi.ac.uk/vol1/fastq/SRR247/039/SRR24784839/SRR24784839.fastq.gz	ZHONGNAN HOSPITAL, WUHAN UNIVERSITY	UNRESOLVED_AT_FILE_LEVEL	none	METADATA_ONLY
SRR24784838	SRX20557667	SAMN35536509	UNRESOLVED	N100016748_L01_17.fq.gz	L259	UNRESOLVED	No HIV field or accession-linked clinical table in public record	Illumina NovaSeq 6000	SINGLE	50	604739368	fd2e494abe8ff389bd8c1352bb414d8c	ftp.sra.ebi.ac.uk/vol1/fastq/SRR247/038/SRR24784838/SRR24784838.fastq.gz	ZHONGNAN HOSPITAL, WUHAN UNIVERSITY	UNRESOLVED_AT_FILE_LEVEL	none	METADATA_ONLY
SRR24784837	SRX20557668	SAMN35536510	UNRESOLVED	N100016748_L01_20.fq.gz	L260	UNRESOLVED	No HIV field or accession-linked clinical table in public record	Illumina NovaSeq 6000	SINGLE	50	425940846	2178cafb263f363881a34f43aa59f92c	ftp.sra.ebi.ac.uk/vol1/fastq/SRR247/037/SRR24784837/SRR24784837.fastq.gz	ZHONGNAN HOSPITAL, WUHAN UNIVERSITY	UNRESOLVED_AT_FILE_LEVEL	none	METADATA_ONLY
SRR24784835	SRX20557670	SAMN35536511	UNRESOLVED	N100016748_L01_25.fq.gz	L261	UNRESOLVED	No HIV field or accession-linked clinical table in public record	Illumina NovaSeq 6000	SINGLE	50	993576141	3499665bf663e915e6ba22a770efc2f6	ftp.sra.ebi.ac.uk/vol1/fastq/SRR247/035/SRR24784835/SRR24784835.fastq.gz	ZHONGNAN HOSPITAL, WUHAN UNIVERSITY	UNRESOLVED_AT_FILE_LEVEL	none	METADATA_ONLY
SRR24785194	SRX20558028	SAMN35536516	UNRESOLVED	N100016752_L01_10.fq.gz	L266	UNRESOLVED	No HIV field or accession-linked clinical table in public record	Illumina NovaSeq 6000	SINGLE	50	624400337	085e391aa6d06bfc8797ed36e9179da8	ftp.sra.ebi.ac.uk/vol1/fastq/SRR247/094/SRR24785194/SRR24785194.fastq.gz	ZHONGNAN HOSPITAL, WUHAN UNIVERSITY	UNRESOLVED_AT_FILE_LEVEL	none	METADATA_ONLY
SRR24785193	SRX20558029	SAMN35536517	UNRESOLVED	N100016752_L01_11.fq.gz	L267	UNRESOLVED	No HIV field or accession-linked clinical table in public record	Illumina NovaSeq 6000	SINGLE	50	826311512	03b618de536033a16a415dd04c459a32	ftp.sra.ebi.ac.uk/vol1/fastq/SRR247/093/SRR24785193/SRR24785193.fastq.gz	ZHONGNAN HOSPITAL, WUHAN UNIVERSITY	UNRESOLVED_AT_FILE_LEVEL	none	METADATA_ONLY
SRR24784834	SRX20557671	SAMN35536512	UNRESOLVED	N100016752_L01_4.fq.gz	L262	UNRESOLVED	No HIV field or accession-linked clinical table in public record	Illumina NovaSeq 6000	SINGLE	50	645737620	7a47f3d99bf629f9e81d16871d62e0aa	ftp.sra.ebi.ac.uk/vol1/fastq/SRR247/034/SRR24784834/SRR24784834.fastq.gz	ZHONGNAN HOSPITAL, WUHAN UNIVERSITY	UNRESOLVED_AT_FILE_LEVEL	none	METADATA_ONLY
SRR24784833	SRX20557672	SAMN35536513	UNRESOLVED	N100016752_L01_5.fq.gz	L263	UNRESOLVED	No HIV field or accession-linked clinical table in public record	Illumina NovaSeq 6000	SINGLE	50	570640602	df4ec42fb7c502b9e7f305254aa4e8d2	ftp.sra.ebi.ac.uk/vol1/fastq/SRR247/033/SRR24784833/SRR24784833.fastq.gz	ZHONGNAN HOSPITAL, WUHAN UNIVERSITY	UNRESOLVED_AT_FILE_LEVEL	none	METADATA_ONLY
SRR24784832	SRX20557673	SAMN35536514	UNRESOLVED	N100016752_L01_6.fq.gz	L264	UNRESOLVED	No HIV field or accession-linked clinical table in public record	Illumina NovaSeq 6000	SINGLE	50	846056358	588bb7aa04426765b1af68b01704c4a6	ftp.sra.ebi.ac.uk/vol1/fastq/SRR247/032/SRR24784832/SRR24784832.fastq.gz	ZHONGNAN HOSPITAL, WUHAN UNIVERSITY	UNRESOLVED_AT_FILE_LEVEL	none	METADATA_ONLY
SRR24785195	SRX20557674	SAMN35536515	UNRESOLVED	N100016752_L01_8.fq.gz	L265	UNRESOLVED	No HIV field or accession-linked clinical table in public record	Illumina NovaSeq 6000	SINGLE	50	612964822	11a7c5e46e5450d30f27772131e784f9	ftp.sra.ebi.ac.uk/vol1/fastq/SRR247/095/SRR24785195/SRR24785195.fastq.gz	ZHONGNAN HOSPITAL, WUHAN UNIVERSITY	UNRESOLVED_AT_FILE_LEVEL	none	METADATA_ONLY
SRR24785192	SRX20558030	SAMN35536518	UNRESOLVED	N100016807_L01_2.fq.gz	L268	UNRESOLVED	No HIV field or accession-linked clinical table in public record	Illumina NovaSeq 6000	SINGLE	50	919116983	d07216058117e34e78ee95cc0c68ef73	ftp.sra.ebi.ac.uk/vol1/fastq/SRR247/092/SRR24785192/SRR24785192.fastq.gz	ZHONGNAN HOSPITAL, WUHAN UNIVERSITY	UNRESOLVED_AT_FILE_LEVEL	none	METADATA_ONLY
SRR24785191	SRX20558031	SAMN35536519	UNRESOLVED	N100016807_L01_4.fq.gz	L269	UNRESOLVED	No HIV field or accession-linked clinical table in public record	Illumina NovaSeq 6000	SINGLE	50	570869092	631c0b947f980db542caf0fddeee07ba	ftp.sra.ebi.ac.uk/vol1/fastq/SRR247/091/SRR24785191/SRR24785191.fastq.gz	ZHONGNAN HOSPITAL, WUHAN UNIVERSITY	UNRESOLVED_AT_FILE_LEVEL	none	METADATA_ONLY
SRR24785190	SRX20558032	SAMN35536520	UNRESOLVED	N100016807_L01_5.fq.gz	L270	UNRESOLVED	No HIV field or accession-linked clinical table in public record	Illumina NovaSeq 6000	SINGLE	50	745959506	f8588b00c4ecd244657f75ff8d680e38	ftp.sra.ebi.ac.uk/vol1/fastq/SRR247/090/SRR24785190/SRR24785190.fastq.gz	ZHONGNAN HOSPITAL, WUHAN UNIVERSITY	UNRESOLVED_AT_FILE_LEVEL	none	METADATA_ONLY
SRR24785188	SRX20558034	SAMN35536521	UNRESOLVED	N100016807_L01_6.fq.gz	L271	UNRESOLVED	No HIV field or accession-linked clinical table in public record	Illumina NovaSeq 6000	SINGLE	50	930235349	cb8bf54ca6a406de8ada31c7893546f5	ftp.sra.ebi.ac.uk/vol1/fastq/SRR247/088/SRR24785188/SRR24785188.fastq.gz	ZHONGNAN HOSPITAL, WUHAN UNIVERSITY	UNRESOLVED_AT_FILE_LEVEL	none	METADATA_ONLY
SRR24785187	SRX20558035	SAMN35536522	UNRESOLVED	N100016816_L01_15.fq.gz	L272	UNRESOLVED	No HIV field or accession-linked clinical table in public record	Illumina NovaSeq 6000	SINGLE	50	233751880	68386f3521acbfdf305d83c7a701c454	ftp.sra.ebi.ac.uk/vol1/fastq/SRR247/087/SRR24785187/SRR24785187.fastq.gz	ZHONGNAN HOSPITAL, WUHAN UNIVERSITY	UNRESOLVED_AT_FILE_LEVEL	none	METADATA_ONLY
SRR24785186	SRX20558036	SAMN35536523	UNRESOLVED	N100016816_L01_16.fq.gz	L273	UNRESOLVED	No HIV field or accession-linked clinical table in public record	Illumina NovaSeq 6000	SINGLE	50	431808867	22c1d282aa530b1b9496d46468bdc695	ftp.sra.ebi.ac.uk/vol1/fastq/SRR247/086/SRR24785186/SRR24785186.fastq.gz	ZHONGNAN HOSPITAL, WUHAN UNIVERSITY	UNRESOLVED_AT_FILE_LEVEL	none	METADATA_ONLY
SRR24785185	SRX20558037	SAMN35536524	UNRESOLVED	N100016816_L01_17.fq.gz	L274	UNRESOLVED	No HIV field or accession-linked clinical table in public record	Illumina NovaSeq 6000	SINGLE	50	396756634	c68c11e3316bc4e486ad26b80eaae5d0	ftp.sra.ebi.ac.uk/vol1/fastq/SRR247/085/SRR24785185/SRR24785185.fastq.gz	ZHONGNAN HOSPITAL, WUHAN UNIVERSITY	UNRESOLVED_AT_FILE_LEVEL	none	METADATA_ONLY
SRR24785184	SRX20558038	SAMN35536525	UNRESOLVED	N100016816_L01_29.fq.gz	L275	UNRESOLVED	No HIV field or accession-linked clinical table in public record	Illumina NovaSeq 6000	SINGLE	50	3211689837	d60928ca6536378bd53e3c3bab1349b5	ftp.sra.ebi.ac.uk/vol1/fastq/SRR247/084/SRR24785184/SRR24785184.fastq.gz	ZHONGNAN HOSPITAL, WUHAN UNIVERSITY	UNRESOLVED_AT_FILE_LEVEL	none	METADATA_ONLY
SRR24785183	SRX20558039	SAMN35536526	UNRESOLVED	N100016839_L01_30.fq.gz	L276	UNRESOLVED	No HIV field or accession-linked clinical table in public record	Illumina NovaSeq 6000	SINGLE	50	806045044	29f9b391e1fe3d088df3198fd24d6179	ftp.sra.ebi.ac.uk/vol1/fastq/SRR247/083/SRR24785183/SRR24785183.fastq.gz	ZHONGNAN HOSPITAL, WUHAN UNIVERSITY	UNRESOLVED_AT_FILE_LEVEL	none	METADATA_ONLY
SRR24785182	SRX20558040	SAMN35536527	UNRESOLVED	N100016839_L01_32.fq.gz	L277	UNRESOLVED	No HIV field or accession-linked clinical table in public record	Illumina NovaSeq 6000	SINGLE	50	830863131	c4139c7f0f45ebe3c77bb81ede3e88c7	ftp.sra.ebi.ac.uk/vol1/fastq/SRR247/082/SRR24785182/SRR24785182.fastq.gz	ZHONGNAN HOSPITAL, WUHAN UNIVERSITY	UNRESOLVED_AT_FILE_LEVEL	none	METADATA_ONLY
SRR24785181	SRX20558041	SAMN35536528	UNRESOLVED	N100016852_L01_2.fq.gz	L278	UNRESOLVED	No HIV field or accession-linked clinical table in public record	Illumina NovaSeq 6000	SINGLE	50	714643084	bb301610ff0ecfaa94fe624d5971c480	ftp.sra.ebi.ac.uk/vol1/fastq/SRR247/081/SRR24785181/SRR24785181.fastq.gz	ZHONGNAN HOSPITAL, WUHAN UNIVERSITY	UNRESOLVED_AT_FILE_LEVEL	none	METADATA_ONLY
SRR24785174	SRX20558048	SAMN35536534	UNRESOLVED	N100016892_L01_10.fq.gz	L284	UNRESOLVED	No HIV field or accession-linked clinical table in public record	Illumina NovaSeq 6000	SINGLE	50	687794243	e07879d45d9dc233837e6636927fd809	ftp.sra.ebi.ac.uk/vol1/fastq/SRR247/074/SRR24785174/SRR24785174.fastq.gz	ZHONGNAN HOSPITAL, WUHAN UNIVERSITY	UNRESOLVED_AT_FILE_LEVEL	none	METADATA_ONLY
SRR24785180	SRX20558042	SAMN35536529	UNRESOLVED	N100016892_L01_2.fq.gz	L279	UNRESOLVED	No HIV field or accession-linked clinical table in public record	Illumina NovaSeq 6000	SINGLE	50	806398273	e2d66a868cfb543243f7f44ecfe82dc3	ftp.sra.ebi.ac.uk/vol1/fastq/SRR247/080/SRR24785180/SRR24785180.fastq.gz	ZHONGNAN HOSPITAL, WUHAN UNIVERSITY	UNRESOLVED_AT_FILE_LEVEL	none	METADATA_ONLY
SRR24785179	SRX20558043	SAMN35536530	UNRESOLVED	N100016892_L01_4.fq.gz	L280	UNRESOLVED	No HIV field or accession-linked clinical table in public record	Illumina NovaSeq 6000	SINGLE	50	718245938	17b426c4fee48c49cf61f1ab8b61aa58	ftp.sra.ebi.ac.uk/vol1/fastq/SRR247/079/SRR24785179/SRR24785179.fastq.gz	ZHONGNAN HOSPITAL, WUHAN UNIVERSITY	UNRESOLVED_AT_FILE_LEVEL	none	METADATA_ONLY
SRR24785177	SRX20558045	SAMN35536531	UNRESOLVED	N100016892_L01_5.fq.gz	L281	UNRESOLVED	No HIV field or accession-linked clinical table in public record	Illumina NovaSeq 6000	SINGLE	50	549169647	7e8f130445ab831d15c69bd3b2fab799	ftp.sra.ebi.ac.uk/vol1/fastq/SRR247/077/SRR24785177/SRR24785177.fastq.gz	ZHONGNAN HOSPITAL, WUHAN UNIVERSITY	UNRESOLVED_AT_FILE_LEVEL	none	METADATA_ONLY
SRR24785176	SRX20558046	SAMN35536532	UNRESOLVED	N100016892_L01_6.fq.gz	L282	UNRESOLVED	No HIV field or accession-linked clinical table in public record	Illumina NovaSeq 6000	SINGLE	50	746892696	64c7473e4da2382f8ae00509ca4a705b	ftp.sra.ebi.ac.uk/vol1/fastq/SRR247/076/SRR24785176/SRR24785176.fastq.gz	ZHONGNAN HOSPITAL, WUHAN UNIVERSITY	UNRESOLVED_AT_FILE_LEVEL	none	METADATA_ONLY
SRR24785175	SRX20558047	SAMN35536533	UNRESOLVED	N100016892_L01_8.fq.gz	L283	UNRESOLVED	No HIV field or accession-linked clinical table in public record	Illumina NovaSeq 6000	SINGLE	50	563175792	4104f35cb5f72d362e6d71ac659ad706	ftp.sra.ebi.ac.uk/vol1/fastq/SRR247/075/SRR24785175/SRR24785175.fastq.gz	ZHONGNAN HOSPITAL, WUHAN UNIVERSITY	UNRESOLVED_AT_FILE_LEVEL	none	METADATA_ONLY
SRR24785173	SRX20558049	SAMN35536535	UNRESOLVED	N100016893_L01_22.fq.gz	L285	UNRESOLVED	No HIV field or accession-linked clinical table in public record	Illumina NovaSeq 6000	SINGLE	50	900446212	ab0150cb5c411926917bd758dea62cb0	ftp.sra.ebi.ac.uk/vol1/fastq/SRR247/073/SRR24785173/SRR24785173.fastq.gz	ZHONGNAN HOSPITAL, WUHAN UNIVERSITY	UNRESOLVED_AT_FILE_LEVEL	none	METADATA_ONLY
SRR24785172	SRX20558050	SAMN35536536	UNRESOLVED	N100016893_L01_26.fq.gz	L286	UNRESOLVED	No HIV field or accession-linked clinical table in public record	Illumina NovaSeq 6000	SINGLE	50	780083715	d82f74c33026af8ab7e11b75936bf63b	ftp.sra.ebi.ac.uk/vol1/fastq/SRR247/072/SRR24785172/SRR24785172.fastq.gz	ZHONGNAN HOSPITAL, WUHAN UNIVERSITY	UNRESOLVED_AT_FILE_LEVEL	none	METADATA_ONLY
SRR24785171	SRX20558051	SAMN35536537	UNRESOLVED	N100016900_L01_15.fq.gz	L287	UNRESOLVED	No HIV field or accession-linked clinical table in public record	Illumina NovaSeq 6000	SINGLE	50	699689571	1b9c656db1d8a0a2ebade3a25f2102b7	ftp.sra.ebi.ac.uk/vol1/fastq/SRR247/071/SRR24785171/SRR24785171.fastq.gz	ZHONGNAN HOSPITAL, WUHAN UNIVERSITY	UNRESOLVED_AT_FILE_LEVEL	none	METADATA_ONLY
SRR24785170	SRX20558052	SAMN35536538	UNRESOLVED	N100016900_L01_16.fq.gz	L288	UNRESOLVED	No HIV field or accession-linked clinical table in public record	Illumina NovaSeq 6000	SINGLE	50	1012155380	0baece3e7ae6b4ebeb29d4c55aab6227	ftp.sra.ebi.ac.uk/vol1/fastq/SRR247/070/SRR24785170/SRR24785170.fastq.gz	ZHONGNAN HOSPITAL, WUHAN UNIVERSITY	UNRESOLVED_AT_FILE_LEVEL	none	METADATA_ONLY
SRR24785169	SRX20558053	SAMN35536539	UNRESOLVED	N100016900_L01_17.fq.gz	L289	UNRESOLVED	No HIV field or accession-linked clinical table in public record	Illumina NovaSeq 6000	SINGLE	50	811327664	d4b225f99b9e2effba83218990380f8b	ftp.sra.ebi.ac.uk/vol1/fastq/SRR247/069/SRR24785169/SRR24785169.fastq.gz	ZHONGNAN HOSPITAL, WUHAN UNIVERSITY	UNRESOLVED_AT_FILE_LEVEL	none	METADATA_ONLY
SRR24785168	SRX20558054	SAMN35536540	UNRESOLVED	N100016900_L01_20.fq.gz	L290	UNRESOLVED	No HIV field or accession-linked clinical table in public record	Illumina NovaSeq 6000	SINGLE	50	844339721	9970eefb6f095b57feeb93d60d73b6b7	ftp.sra.ebi.ac.uk/vol1/fastq/SRR247/068/SRR24785168/SRR24785168.fastq.gz	ZHONGNAN HOSPITAL, WUHAN UNIVERSITY	UNRESOLVED_AT_FILE_LEVEL	none	METADATA_ONLY
SRR24785166	SRX20558056	SAMN35536541	UNRESOLVED	N100016900_L01_25.fq.gz	L291	UNRESOLVED	No HIV field or accession-linked clinical table in public record	Illumina NovaSeq 6000	SINGLE	50	1184122968	6c8dfed6be1c467b53db7c27a47cd88f	ftp.sra.ebi.ac.uk/vol1/fastq/SRR247/066/SRR24785166/SRR24785166.fastq.gz	ZHONGNAN HOSPITAL, WUHAN UNIVERSITY	UNRESOLVED_AT_FILE_LEVEL	none	METADATA_ONLY
SRR24785165	SRX20558057	SAMN35536542	UNRESOLVED	N100016903_L01_29.fq.gz	L292	UNRESOLVED	No HIV field or accession-linked clinical table in public record	Illumina NovaSeq 6000	SINGLE	50	909509152	dc784dd195f153f1f710ace872690401	ftp.sra.ebi.ac.uk/vol1/fastq/SRR247/065/SRR24785165/SRR24785165.fastq.gz	ZHONGNAN HOSPITAL, WUHAN UNIVERSITY	UNRESOLVED_AT_FILE_LEVEL	none	METADATA_ONLY
SRR24785163	SRX20558059	SAMN35536544	UNRESOLVED	N100016916_L01_1.fq.gz	L294	UNRESOLVED	No HIV field or accession-linked clinical table in public record	Illumina NovaSeq 6000	SINGLE	50	1111095599	2940c8259648591d338b38e1401cb457	ftp.sra.ebi.ac.uk/vol1/fastq/SRR247/063/SRR24785163/SRR24785163.fastq.gz	ZHONGNAN HOSPITAL, WUHAN UNIVERSITY	UNRESOLVED_AT_FILE_LEVEL	none	METADATA_ONLY
SRR24785162	SRX20558060	SAMN35536545	UNRESOLVED	N100016916_L01_2.fq.gz	L295	UNRESOLVED	No HIV field or accession-linked clinical table in public record	Illumina NovaSeq 6000	SINGLE	50	1656058198	8616cd529b26ddbb195d4487617c1fe6	ftp.sra.ebi.ac.uk/vol1/fastq/SRR247/062/SRR24785162/SRR24785162.fastq.gz	ZHONGNAN HOSPITAL, WUHAN UNIVERSITY	UNRESOLVED_AT_FILE_LEVEL	none	METADATA_ONLY
SRR24785161	SRX20558061	SAMN35536546	UNRESOLVED	N100016916_L01_4.fq.gz	L296	UNRESOLVED	No HIV field or accession-linked clinical table in public record	Illumina NovaSeq 6000	SINGLE	50	832132084	c1988a0d228d0bd4a8a2e586d42b06f1	ftp.sra.ebi.ac.uk/vol1/fastq/SRR247/061/SRR24785161/SRR24785161.fastq.gz	ZHONGNAN HOSPITAL, WUHAN UNIVERSITY	UNRESOLVED_AT_FILE_LEVEL	none	METADATA_ONLY
SRR24785164	SRX20558058	SAMN35536543	UNRESOLVED	N100016916_L01_5.fq.gz	L293	UNRESOLVED	No HIV field or accession-linked clinical table in public record	Illumina NovaSeq 6000	SINGLE	50	670277146	4d1761b6d23aa3ec7b8e2d27b27f125a	ftp.sra.ebi.ac.uk/vol1/fastq/SRR247/064/SRR24785164/SRR24785164.fastq.gz	ZHONGNAN HOSPITAL, WUHAN UNIVERSITY	UNRESOLVED_AT_FILE_LEVEL	none	METADATA_ONLY
SRR24785157	SRX20558065	SAMN35536550	UNRESOLVED	N100016925_L01_20.fq.gz	L300	UNRESOLVED	No HIV field or accession-linked clinical table in public record	Illumina NovaSeq 6000	SINGLE	50	795225045	bec86bcac3484f2b040ee9b5d1aef13c	ftp.sra.ebi.ac.uk/vol1/fastq/SRR247/057/SRR24785157/SRR24785157.fastq.gz	ZHONGNAN HOSPITAL, WUHAN UNIVERSITY	UNRESOLVED_AT_FILE_LEVEL	none	METADATA_ONLY
SRR24785160	SRX20558062	SAMN35536547	UNRESOLVED	N100016925_L01_25.fq.gz	L297	UNRESOLVED	No HIV field or accession-linked clinical table in public record	Illumina NovaSeq 6000	SINGLE	50	685392465	d9656af074a77721a8d11917fb4bbf13	ftp.sra.ebi.ac.uk/vol1/fastq/SRR247/060/SRR24785160/SRR24785160.fastq.gz	ZHONGNAN HOSPITAL, WUHAN UNIVERSITY	UNRESOLVED_AT_FILE_LEVEL	none	METADATA_ONLY
SRR24785159	SRX20558063	SAMN35536548	UNRESOLVED	N100016925_L01_29.fq.gz	L298	UNRESOLVED	No HIV field or accession-linked clinical table in public record	Illumina NovaSeq 6000	SINGLE	50	851620050	ec749d94d052e29f5a6bd6e075f1da1f	ftp.sra.ebi.ac.uk/vol1/fastq/SRR247/059/SRR24785159/SRR24785159.fastq.gz	ZHONGNAN HOSPITAL, WUHAN UNIVERSITY	UNRESOLVED_AT_FILE_LEVEL	none	METADATA_ONLY
SRR24785158	SRX20558064	SAMN35536549	UNRESOLVED	N100016925_L01_31.fq.gz	L299	UNRESOLVED	No HIV field or accession-linked clinical table in public record	Illumina NovaSeq 6000	SINGLE	50	553740746	52dd64dd314c0473524c6067c9db76f9	ftp.sra.ebi.ac.uk/vol1/fastq/SRR247/058/SRR24785158/SRR24785158.fastq.gz	ZHONGNAN HOSPITAL, WUHAN UNIVERSITY	UNRESOLVED_AT_FILE_LEVEL	none	METADATA_ONLY
SRR24785154	SRX20558068	SAMN35536551	UNRESOLVED	N100016931_L01_4.fq.gz	L301	UNRESOLVED	No HIV field or accession-linked clinical table in public record	Illumina NovaSeq 6000	SINGLE	50	1386475591	067bb90417734bd37ea8f3e0ec3e2cc9	ftp.sra.ebi.ac.uk/vol1/fastq/SRR247/054/SRR24785154/SRR24785154.fastq.gz	ZHONGNAN HOSPITAL, WUHAN UNIVERSITY	UNRESOLVED_AT_FILE_LEVEL	none	METADATA_ONLY
SRR24785153	SRX20558069	SAMN35536552	UNRESOLVED	N100016931_L01_5.fq.gz	L302	UNRESOLVED	No HIV field or accession-linked clinical table in public record	Illumina NovaSeq 6000	SINGLE	50	797818650	8ef2ea913c52875cd70bb6393aef469f	ftp.sra.ebi.ac.uk/vol1/fastq/SRR247/053/SRR24785153/SRR24785153.fastq.gz	ZHONGNAN HOSPITAL, WUHAN UNIVERSITY	UNRESOLVED_AT_FILE_LEVEL	none	METADATA_ONLY
SRR24785152	SRX20558070	SAMN35536553	UNRESOLVED	N100016940_L01_2.fq.gz	L303	UNRESOLVED	No HIV field or accession-linked clinical table in public record	Illumina NovaSeq 6000	SINGLE	50	1069095831	66492f0cac58c9bc3e0d5ef2c9d0c880	ftp.sra.ebi.ac.uk/vol1/fastq/SRR247/052/SRR24785152/SRR24785152.fastq.gz	ZHONGNAN HOSPITAL, WUHAN UNIVERSITY	UNRESOLVED_AT_FILE_LEVEL	none	METADATA_ONLY
SRR24785151	SRX20558071	SAMN35536554	UNRESOLVED	N100016940_L01_4.fq.gz	L304	UNRESOLVED	No HIV field or accession-linked clinical table in public record	Illumina NovaSeq 6000	SINGLE	50	922845918	fda031e1d8074176e86ad9c56c52cf1e	ftp.sra.ebi.ac.uk/vol1/fastq/SRR247/051/SRR24785151/SRR24785151.fastq.gz	ZHONGNAN HOSPITAL, WUHAN UNIVERSITY	UNRESOLVED_AT_FILE_LEVEL	none	METADATA_ONLY
SRR24785150	SRX20558072	SAMN35536555	UNRESOLVED	N100016940_L01_5.fq.gz	L305	UNRESOLVED	No HIV field or accession-linked clinical table in public record	Illumina NovaSeq 6000	SINGLE	50	680351453	53ba9145cc40bd84106ef4cbb461ca22	ftp.sra.ebi.ac.uk/vol1/fastq/SRR247/050/SRR24785150/SRR24785150.fastq.gz	ZHONGNAN HOSPITAL, WUHAN UNIVERSITY	UNRESOLVED_AT_FILE_LEVEL	none	METADATA_ONLY
SRR24785149	SRX20558073	SAMN35536556	UNRESOLVED	N100016940_L01_6.fq.gz	L306	UNRESOLVED	No HIV field or accession-linked clinical table in public record	Illumina NovaSeq 6000	SINGLE	50	1074177496	1e2d055050e90c60866da7a3be3dada9	ftp.sra.ebi.ac.uk/vol1/fastq/SRR247/049/SRR24785149/SRR24785149.fastq.gz	ZHONGNAN HOSPITAL, WUHAN UNIVERSITY	UNRESOLVED_AT_FILE_LEVEL	none	METADATA_ONLY
SRR24785148	SRX20558074	SAMN35536557	UNRESOLVED	N100016986_L01_22.fq.gz	L307	UNRESOLVED	No HIV field or accession-linked clinical table in public record	Illumina NovaSeq 6000	SINGLE	50	1041509659	e27ea291983e81ee927a4c0e67acd67b	ftp.sra.ebi.ac.uk/vol1/fastq/SRR247/048/SRR24785148/SRR24785148.fastq.gz	ZHONGNAN HOSPITAL, WUHAN UNIVERSITY	UNRESOLVED_AT_FILE_LEVEL	none	METADATA_ONLY
SRR24785147	SRX20558075	SAMN35536558	UNRESOLVED	N100016986_L01_26.fq.gz	L308	UNRESOLVED	No HIV field or accession-linked clinical table in public record	Illumina NovaSeq 6000	SINGLE	50	616697506	df6ae362b15d31bba10a366a1d08caad	ftp.sra.ebi.ac.uk/vol1/fastq/SRR247/047/SRR24785147/SRR24785147.fastq.gz	ZHONGNAN HOSPITAL, WUHAN UNIVERSITY	UNRESOLVED_AT_FILE_LEVEL	none	METADATA_ONLY
SRR24785146	SRX20558076	SAMN35536559	UNRESOLVED	N100016986_L01_28.fq.gz	L309	UNRESOLVED	No HIV field or accession-linked clinical table in public record	Illumina NovaSeq 6000	SINGLE	50	1136685242	07def1959ea4a7bba0bad80833c29e80	ftp.sra.ebi.ac.uk/vol1/fastq/SRR247/046/SRR24785146/SRR24785146.fastq.gz	ZHONGNAN HOSPITAL, WUHAN UNIVERSITY	UNRESOLVED_AT_FILE_LEVEL	none	METADATA_ONLY
SRR24785145	SRX20558077	SAMN35536560	UNRESOLVED	N100016986_L01_30.fq.gz	L310	UNRESOLVED	No HIV field or accession-linked clinical table in public record	Illumina NovaSeq 6000	SINGLE	50	927922731	369607c06f637cebf69148b4dd4455d9	ftp.sra.ebi.ac.uk/vol1/fastq/SRR247/045/SRR24785145/SRR24785145.fastq.gz	ZHONGNAN HOSPITAL, WUHAN UNIVERSITY	UNRESOLVED_AT_FILE_LEVEL	none	METADATA_ONLY
SRR24785143	SRX20558079	SAMN35536561	UNRESOLVED	N100016992_L01_28.fq.gz	L311	UNRESOLVED	No HIV field or accession-linked clinical table in public record	Illumina NovaSeq 6000	SINGLE	50	644661045	9b193d0c56e0c5cd520615b478acd411	ftp.sra.ebi.ac.uk/vol1/fastq/SRR247/043/SRR24785143/SRR24785143.fastq.gz	ZHONGNAN HOSPITAL, WUHAN UNIVERSITY	UNRESOLVED_AT_FILE_LEVEL	none	METADATA_ONLY
SRR24785142	SRX20558080	SAMN35536562	UNRESOLVED	N100016992_L01_30.fq.gz	L312	UNRESOLVED	No HIV field or accession-linked clinical table in public record	Illumina NovaSeq 6000	SINGLE	50	939543763	81208fdb35856329eb1d7ff44d4ae8fd	ftp.sra.ebi.ac.uk/vol1/fastq/SRR247/042/SRR24785142/SRR24785142.fastq.gz	ZHONGNAN HOSPITAL, WUHAN UNIVERSITY	UNRESOLVED_AT_FILE_LEVEL	none	METADATA_ONLY
SRR24785141	SRX20558081	SAMN35536563	UNRESOLVED	N100016992_L01_7.fq.gz	L313	UNRESOLVED	No HIV field or accession-linked clinical table in public record	Illumina NovaSeq 6000	SINGLE	50	593613459	a0242f912d26a380ae01d52b042abe09	ftp.sra.ebi.ac.uk/vol1/fastq/SRR247/041/SRR24785141/SRR24785141.fastq.gz	ZHONGNAN HOSPITAL, WUHAN UNIVERSITY	UNRESOLVED_AT_FILE_LEVEL	none	METADATA_ONLY
SRR24785140	SRX20558082	SAMN35536564	UNRESOLVED	N100017006_L01_26.fq.gz	L314	UNRESOLVED	No HIV field or accession-linked clinical table in public record	Illumina NovaSeq 6000	SINGLE	50	902757240	d45909cd6b047ef6808403518df17dcd	ftp.sra.ebi.ac.uk/vol1/fastq/SRR247/040/SRR24785140/SRR24785140.fastq.gz	ZHONGNAN HOSPITAL, WUHAN UNIVERSITY	UNRESOLVED_AT_FILE_LEVEL	none	METADATA_ONLY
SRR24785139	SRX20558083	SAMN35536565	UNRESOLVED	N100017006_L01_28.fq.gz	L315	UNRESOLVED	No HIV field or accession-linked clinical table in public record	Illumina NovaSeq 6000	SINGLE	50	507743352	9bb1dadb7ab6ec02d5dc00b3c7f810e0	ftp.sra.ebi.ac.uk/vol1/fastq/SRR247/039/SRR24785139/SRR24785139.fastq.gz	ZHONGNAN HOSPITAL, WUHAN UNIVERSITY	UNRESOLVED_AT_FILE_LEVEL	none	METADATA_ONLY
SRR24785138	SRX20558084	SAMN35536566	UNRESOLVED	N100017006_L01_30.fq.gz	L316	UNRESOLVED	No HIV field or accession-linked clinical table in public record	Illumina NovaSeq 6000	SINGLE	50	585422614	8f11c72f74a37f8bb8915ad4ea02971b	ftp.sra.ebi.ac.uk/vol1/fastq/SRR247/038/SRR24785138/SRR24785138.fastq.gz	ZHONGNAN HOSPITAL, WUHAN UNIVERSITY	UNRESOLVED_AT_FILE_LEVEL	none	METADATA_ONLY
SRR24785131	SRX20558091	SAMN35536572	UNRESOLVED	N100017025_L01_18.fq.gz	L322	UNRESOLVED	No HIV field or accession-linked clinical table in public record	Illumina NovaSeq 6000	SINGLE	50	684306279	b4b500f4bda5828278317eb298e8a630	ftp.sra.ebi.ac.uk/vol1/fastq/SRR247/031/SRR24785131/SRR24785131.fastq.gz	ZHONGNAN HOSPITAL, WUHAN UNIVERSITY	UNRESOLVED_AT_FILE_LEVEL	none	METADATA_ONLY
SRR24785137	SRX20558085	SAMN35536567	UNRESOLVED	N100017025_L01_22.fq.gz	L317	UNRESOLVED	No HIV field or accession-linked clinical table in public record	Illumina NovaSeq 6000	SINGLE	50	848127901	4e37ef5e440ef944b4b5797d20aacea5	ftp.sra.ebi.ac.uk/vol1/fastq/SRR247/037/SRR24785137/SRR24785137.fastq.gz	ZHONGNAN HOSPITAL, WUHAN UNIVERSITY	UNRESOLVED_AT_FILE_LEVEL	none	METADATA_ONLY
SRR24785136	SRX20558086	SAMN35536568	UNRESOLVED	N100017025_L01_26.fq.gz	L318	UNRESOLVED	No HIV field or accession-linked clinical table in public record	Illumina NovaSeq 6000	SINGLE	50	696706491	42f810a413d51ad7db490dfe7b272c20	ftp.sra.ebi.ac.uk/vol1/fastq/SRR247/036/SRR24785136/SRR24785136.fastq.gz	ZHONGNAN HOSPITAL, WUHAN UNIVERSITY	UNRESOLVED_AT_FILE_LEVEL	none	METADATA_ONLY
SRR24785135	SRX20558087	SAMN35536569	UNRESOLVED	N100017025_L01_28.fq.gz	L319	UNRESOLVED	No HIV field or accession-linked clinical table in public record	Illumina NovaSeq 6000	SINGLE	50	807576652	6de7a1695edf89031c39327099bc4420	ftp.sra.ebi.ac.uk/vol1/fastq/SRR247/035/SRR24785135/SRR24785135.fastq.gz	ZHONGNAN HOSPITAL, WUHAN UNIVERSITY	UNRESOLVED_AT_FILE_LEVEL	none	METADATA_ONLY
SRR24785134	SRX20558088	SAMN35536570	UNRESOLVED	N100017025_L01_30.fq.gz	L320	UNRESOLVED	No HIV field or accession-linked clinical table in public record	Illumina NovaSeq 6000	SINGLE	50	857510355	c8b62c68a4ca1921ad66f5a9ff7682c6	ftp.sra.ebi.ac.uk/vol1/fastq/SRR247/034/SRR24785134/SRR24785134.fastq.gz	ZHONGNAN HOSPITAL, WUHAN UNIVERSITY	UNRESOLVED_AT_FILE_LEVEL	none	METADATA_ONLY
SRR24785132	SRX20558090	SAMN35536571	UNRESOLVED	N100017025_L01_32.fq.gz	L321	UNRESOLVED	No HIV field or accession-linked clinical table in public record	Illumina NovaSeq 6000	SINGLE	50	798836701	bebe98ba37fef01e5a1515e09790bde6	ftp.sra.ebi.ac.uk/vol1/fastq/SRR247/032/SRR24785132/SRR24785132.fastq.gz	ZHONGNAN HOSPITAL, WUHAN UNIVERSITY	UNRESOLVED_AT_FILE_LEVEL	none	METADATA_ONLY
SRR24785130	SRX20558092	SAMN35536573	UNRESOLVED	N100017187_L01_8.fq.gz	L323	UNRESOLVED	No HIV field or accession-linked clinical table in public record	Illumina NovaSeq 6000	SINGLE	50	150473236	07d0ed9ff89165f27030c75fe8fb2e7a	ftp.sra.ebi.ac.uk/vol1/fastq/SRR247/030/SRR24785130/SRR24785130.fastq.gz	ZHONGNAN HOSPITAL, WUHAN UNIVERSITY	UNRESOLVED_AT_FILE_LEVEL	none	METADATA_ONLY
SRR24785126	SRX20558096	SAMN35536577	UNRESOLVED	N100017189_L01_1.fq.gz	L327	UNRESOLVED	No HIV field or accession-linked clinical table in public record	Illumina NovaSeq 6000	SINGLE	50	465792781	f95f7b0f927a4ddebc8ef17c07991199	ftp.sra.ebi.ac.uk/vol1/fastq/SRR247/026/SRR24785126/SRR24785126.fastq.gz	ZHONGNAN HOSPITAL, WUHAN UNIVERSITY	UNRESOLVED_AT_FILE_LEVEL	none	METADATA_ONLY
SRR24785129	SRX20558093	SAMN35536574	UNRESOLVED	N100017189_L01_2.fq.gz	L324	UNRESOLVED	No HIV field or accession-linked clinical table in public record	Illumina NovaSeq 6000	SINGLE	50	487159502	b72d32f5d906418bbd6b48ce61807048	ftp.sra.ebi.ac.uk/vol1/fastq/SRR247/029/SRR24785129/SRR24785129.fastq.gz	ZHONGNAN HOSPITAL, WUHAN UNIVERSITY	UNRESOLVED_AT_FILE_LEVEL	none	METADATA_ONLY
SRR24785128	SRX20558094	SAMN35536575	UNRESOLVED	N100017189_L01_4.fq.gz	L325	UNRESOLVED	No HIV field or accession-linked clinical table in public record	Illumina NovaSeq 6000	SINGLE	50	417007110	63098051ba388287fc10a54416168e6e	ftp.sra.ebi.ac.uk/vol1/fastq/SRR247/028/SRR24785128/SRR24785128.fastq.gz	ZHONGNAN HOSPITAL, WUHAN UNIVERSITY	UNRESOLVED_AT_FILE_LEVEL	none	METADATA_ONLY
SRR24785127	SRX20558095	SAMN35536576	UNRESOLVED	N100017189_L01_5.fq.gz	L326	UNRESOLVED	No HIV field or accession-linked clinical table in public record	Illumina NovaSeq 6000	SINGLE	50	371114486	c9dd80816d9b556b81dffc700a61d9b3	ftp.sra.ebi.ac.uk/vol1/fastq/SRR247/027/SRR24785127/SRR24785127.fastq.gz	ZHONGNAN HOSPITAL, WUHAN UNIVERSITY	UNRESOLVED_AT_FILE_LEVEL	none	METADATA_ONLY
SRR24785125	SRX20558097	SAMN35536578	UNRESOLVED	N100017202_L01_22.fq.gz	L328	UNRESOLVED	No HIV field or accession-linked clinical table in public record	Illumina NovaSeq 6000	SINGLE	50	737871054	af1718e00faa9d38ad378d0bb6ae2082	ftp.sra.ebi.ac.uk/vol1/fastq/SRR247/025/SRR24785125/SRR24785125.fastq.gz	ZHONGNAN HOSPITAL, WUHAN UNIVERSITY	UNRESOLVED_AT_FILE_LEVEL	none	METADATA_ONLY
SRR24785124	SRX20558098	SAMN35536579	UNRESOLVED	N100017202_L01_26.fq.gz	L329	UNRESOLVED	No HIV field or accession-linked clinical table in public record	Illumina NovaSeq 6000	SINGLE	50	426837651	f1a5d387fbd17fa908cfd32e2e3524b7	ftp.sra.ebi.ac.uk/vol1/fastq/SRR247/024/SRR24785124/SRR24785124.fastq.gz	ZHONGNAN HOSPITAL, WUHAN UNIVERSITY	UNRESOLVED_AT_FILE_LEVEL	none	METADATA_ONLY
SRR24785123	SRX20558099	SAMN35536580	UNRESOLVED	N100017202_L01_28.fq.gz	L330	UNRESOLVED	No HIV field or accession-linked clinical table in public record	Illumina NovaSeq 6000	SINGLE	50	773300888	a108904a9e8c10e0fa2aa1c83d1c2237	ftp.sra.ebi.ac.uk/vol1/fastq/SRR247/023/SRR24785123/SRR24785123.fastq.gz	ZHONGNAN HOSPITAL, WUHAN UNIVERSITY	UNRESOLVED_AT_FILE_LEVEL	none	METADATA_ONLY
SRR24785121	SRX20558101	SAMN35536581	UNRESOLVED	N100017202_L01_30.fq.gz	L331	UNRESOLVED	No HIV field or accession-linked clinical table in public record	Illumina NovaSeq 6000	SINGLE	50	712981435	0c9130f468c1e094bb865fc90aecacef	ftp.sra.ebi.ac.uk/vol1/fastq/SRR247/021/SRR24785121/SRR24785121.fastq.gz	ZHONGNAN HOSPITAL, WUHAN UNIVERSITY	UNRESOLVED_AT_FILE_LEVEL	none	METADATA_ONLY
SRR24785120	SRX20558102	SAMN35536582	UNRESOLVED	N100017220_L01_5.fq.gz	L332	UNRESOLVED	No HIV field or accession-linked clinical table in public record	Illumina NovaSeq 6000	SINGLE	50	574916306	2ef7d3bdb9ea4bc3f237eb6208e2b6bc	ftp.sra.ebi.ac.uk/vol1/fastq/SRR247/020/SRR24785120/SRR24785120.fastq.gz	ZHONGNAN HOSPITAL, WUHAN UNIVERSITY	UNRESOLVED_AT_FILE_LEVEL	none	METADATA_ONLY
SRR24785119	SRX20558103	SAMN35536583	UNRESOLVED	N100017220_L01_6.fq.gz	L333	UNRESOLVED	No HIV field or accession-linked clinical table in public record	Illumina NovaSeq 6000	SINGLE	50	760895591	ce85ade0660d8e1741ca415d4e418813	ftp.sra.ebi.ac.uk/vol1/fastq/SRR247/019/SRR24785119/SRR24785119.fastq.gz	ZHONGNAN HOSPITAL, WUHAN UNIVERSITY	UNRESOLVED_AT_FILE_LEVEL	none	METADATA_ONLY
SRR24785118	SRX20558104	SAMN35536584	UNRESOLVED	N100017296_L01_2.fq.gz	L334	UNRESOLVED	No HIV field or accession-linked clinical table in public record	Illumina NovaSeq 6000	SINGLE	50	1291212541	727e724949d9decb26d5d6501bfd9b76	ftp.sra.ebi.ac.uk/vol1/fastq/SRR247/018/SRR24785118/SRR24785118.fastq.gz	ZHONGNAN HOSPITAL, WUHAN UNIVERSITY	UNRESOLVED_AT_FILE_LEVEL	none	METADATA_ONLY
SRR24785117	SRX20558105	SAMN35536585	UNRESOLVED	N100017296_L01_4.fq.gz	L335	UNRESOLVED	No HIV field or accession-linked clinical table in public record	Illumina NovaSeq 6000	SINGLE	50	1147627968	711a87959e96b91d68a4591bd7247701	ftp.sra.ebi.ac.uk/vol1/fastq/SRR247/017/SRR24785117/SRR24785117.fastq.gz	ZHONGNAN HOSPITAL, WUHAN UNIVERSITY	UNRESOLVED_AT_FILE_LEVEL	none	METADATA_ONLY
SRR24785116	SRX20558106	SAMN35536586	UNRESOLVED	N100017296_L01_6.fq.gz	L336	UNRESOLVED	No HIV field or accession-linked clinical table in public record	Illumina NovaSeq 6000	SINGLE	50	1354467664	61fb61d9ed1c795750b7eea754ebd9b8	ftp.sra.ebi.ac.uk/vol1/fastq/SRR247/016/SRR24785116/SRR24785116.fastq.gz	ZHONGNAN HOSPITAL, WUHAN UNIVERSITY	UNRESOLVED_AT_FILE_LEVEL	none	METADATA_ONLY
SRR24785115	SRX20558107	SAMN35536587	UNRESOLVED	N100017302_L01_26.fq.gz	L337	UNRESOLVED	No HIV field or accession-linked clinical table in public record	Illumina NovaSeq 6000	SINGLE	50	556178286	78e6170114b34dcd3312b808b4d7b782	ftp.sra.ebi.ac.uk/vol1/fastq/SRR247/015/SRR24785115/SRR24785115.fastq.gz	ZHONGNAN HOSPITAL, WUHAN UNIVERSITY	UNRESOLVED_AT_FILE_LEVEL	none	METADATA_ONLY
SRR24785114	SRX20558108	SAMN35536588	UNRESOLVED	N100017302_L01_28.fq.gz	L338	UNRESOLVED	No HIV field or accession-linked clinical table in public record	Illumina NovaSeq 6000	SINGLE	50	1019103993	ee90c7e55442299c056d51bf96206e12	ftp.sra.ebi.ac.uk/vol1/fastq/SRR247/014/SRR24785114/SRR24785114.fastq.gz	ZHONGNAN HOSPITAL, WUHAN UNIVERSITY	UNRESOLVED_AT_FILE_LEVEL	none	METADATA_ONLY
SRR24785113	SRX20558109	SAMN35536589	UNRESOLVED	N100017302_L01_30.fq.gz	L339	UNRESOLVED	No HIV field or accession-linked clinical table in public record	Illumina NovaSeq 6000	SINGLE	50	891479340	7a4bd3191bf58eb1af03ea012b42a33a	ftp.sra.ebi.ac.uk/vol1/fastq/SRR247/013/SRR24785113/SRR24785113.fastq.gz	ZHONGNAN HOSPITAL, WUHAN UNIVERSITY	UNRESOLVED_AT_FILE_LEVEL	none	METADATA_ONLY
SRR24785112	SRX20558110	SAMN35536590	UNRESOLVED	N100017302_L01_32.fq.gz	L340	UNRESOLVED	No HIV field or accession-linked clinical table in public record	Illumina NovaSeq 6000	SINGLE	50	868759919	2a967a1f583f82494a3ce558e5a13ecc	ftp.sra.ebi.ac.uk/vol1/fastq/SRR247/012/SRR24785112/SRR24785112.fastq.gz	ZHONGNAN HOSPITAL, WUHAN UNIVERSITY	UNRESOLVED_AT_FILE_LEVEL	none	METADATA_ONLY
SRR24785110	SRX20558112	SAMN35536591	UNRESOLVED	N100017380_L01_4.fq.gz	L341	UNRESOLVED	No HIV field or accession-linked clinical table in public record	Illumina NovaSeq 6000	SINGLE	50	838576642	49c08c9c0010e99d1308e3d78a91dddd	ftp.sra.ebi.ac.uk/vol1/fastq/SRR247/010/SRR24785110/SRR24785110.fastq.gz	ZHONGNAN HOSPITAL, WUHAN UNIVERSITY	UNRESOLVED_AT_FILE_LEVEL	none	METADATA_ONLY
SRR24785109	SRX20558113	SAMN35536592	UNRESOLVED	N100017386_L01_16.fq.gz	L342	UNRESOLVED	No HIV field or accession-linked clinical table in public record	Illumina NovaSeq 6000	SINGLE	50	378465454	056478672c0e42559e287e9e12c05b54	ftp.sra.ebi.ac.uk/vol1/fastq/SRR247/009/SRR24785109/SRR24785109.fastq.gz	ZHONGNAN HOSPITAL, WUHAN UNIVERSITY	UNRESOLVED_AT_FILE_LEVEL	none	METADATA_ONLY
SRR24785108	SRX20558114	SAMN35536593	UNRESOLVED	N100017386_L01_17.fq.gz	L343	UNRESOLVED	No HIV field or accession-linked clinical table in public record	Illumina NovaSeq 6000	SINGLE	50	468439755	cd3fdecaf7929463c1c94529b8c577fd	ftp.sra.ebi.ac.uk/vol1/fastq/SRR247/008/SRR24785108/SRR24785108.fastq.gz	ZHONGNAN HOSPITAL, WUHAN UNIVERSITY	UNRESOLVED_AT_FILE_LEVEL	none	METADATA_ONLY
SRR24785107	SRX20558115	SAMN35536594	UNRESOLVED	N100017386_L01_20.fq.gz	L344	UNRESOLVED	No HIV field or accession-linked clinical table in public record	Illumina NovaSeq 6000	SINGLE	50	402910551	6d5247dd04562a9dc160ac647f00eff7	ftp.sra.ebi.ac.uk/vol1/fastq/SRR247/007/SRR24785107/SRR24785107.fastq.gz	ZHONGNAN HOSPITAL, WUHAN UNIVERSITY	UNRESOLVED_AT_FILE_LEVEL	none	METADATA_ONLY
SRR24785106	SRX20558116	SAMN35536595	UNRESOLVED	N100017386_L01_25.fq.gz	L345	UNRESOLVED	No HIV field or accession-linked clinical table in public record	Illumina NovaSeq 6000	SINGLE	50	386979621	68f661dcd39627ff0c9fee01e77f4448	ftp.sra.ebi.ac.uk/vol1/fastq/SRR247/006/SRR24785106/SRR24785106.fastq.gz	ZHONGNAN HOSPITAL, WUHAN UNIVERSITY	UNRESOLVED_AT_FILE_LEVEL	none	METADATA_ONLY
SRR24785105	SRX20558117	SAMN35536596	UNRESOLVED	N100017435_L01_18.fq.gz	L346	UNRESOLVED	No HIV field or accession-linked clinical table in public record	Illumina NovaSeq 6000	SINGLE	50	662262857	e824df6b293ce11fea7b619c556365fa	ftp.sra.ebi.ac.uk/vol1/fastq/SRR247/005/SRR24785105/SRR24785105.fastq.gz	ZHONGNAN HOSPITAL, WUHAN UNIVERSITY	UNRESOLVED_AT_FILE_LEVEL	none	METADATA_ONLY
SRR24785104	SRX20558118	SAMN35536597	UNRESOLVED	N100017435_L01_22.fq.gz	L347	UNRESOLVED	No HIV field or accession-linked clinical table in public record	Illumina NovaSeq 6000	SINGLE	50	983885667	9ef81b5c3a78248ffe0e86f61e12fed3	ftp.sra.ebi.ac.uk/vol1/fastq/SRR247/004/SRR24785104/SRR24785104.fastq.gz	ZHONGNAN HOSPITAL, WUHAN UNIVERSITY	UNRESOLVED_AT_FILE_LEVEL	none	METADATA_ONLY
SRR24785103	SRX20558119	SAMN35536598	UNRESOLVED	N100017435_L01_26.fq.gz	L348	UNRESOLVED	No HIV field or accession-linked clinical table in public record	Illumina NovaSeq 6000	SINGLE	50	528389451	34d700ef3ef6d993930b65aac4ae109d	ftp.sra.ebi.ac.uk/vol1/fastq/SRR247/003/SRR24785103/SRR24785103.fastq.gz	ZHONGNAN HOSPITAL, WUHAN UNIVERSITY	UNRESOLVED_AT_FILE_LEVEL	none	METADATA_ONLY
SRR24785102	SRX20558120	SAMN35536599	UNRESOLVED	N100017465_L01_4.fq.gz	L349	UNRESOLVED	No HIV field or accession-linked clinical table in public record	Illumina NovaSeq 6000	SINGLE	50	803024264	5d2333e5760dc874a3a021e51eb04f9b	ftp.sra.ebi.ac.uk/vol1/fastq/SRR247/002/SRR24785102/SRR24785102.fastq.gz	ZHONGNAN HOSPITAL, WUHAN UNIVERSITY	UNRESOLVED_AT_FILE_LEVEL	none	METADATA_ONLY
SRR24785101	SRX20558121	SAMN35536600	UNRESOLVED	N100017495_L01_10.fq.gz	L350	UNRESOLVED	No HIV field or accession-linked clinical table in public record	Illumina NovaSeq 6000	SINGLE	50	479512053	46b925fdd99b10c0b4a25ae0ac4ffe43	ftp.sra.ebi.ac.uk/vol1/fastq/SRR247/001/SRR24785101/SRR24785101.fastq.gz	ZHONGNAN HOSPITAL, WUHAN UNIVERSITY	UNRESOLVED_AT_FILE_LEVEL	none	METADATA_ONLY
SRR24785099	SRX20558123	SAMN35536601	UNRESOLVED	N100017572_L01_20.fq.gz	L351	UNRESOLVED	No HIV field or accession-linked clinical table in public record	Illumina NovaSeq 6000	SINGLE	50	734088596	4e48bb8fd10ae4076be22cd36e7028b6	ftp.sra.ebi.ac.uk/vol1/fastq/SRR247/099/SRR24785099/SRR24785099.fastq.gz	ZHONGNAN HOSPITAL, WUHAN UNIVERSITY	UNRESOLVED_AT_FILE_LEVEL	none	METADATA_ONLY
SRR24785098	SRX20558124	SAMN35536602	UNRESOLVED	N100017718_L01_28.fq.gz	L352	UNRESOLVED	No HIV field or accession-linked clinical table in public record	Illumina NovaSeq 6000	SINGLE	50	845957521	5034678ae90ec20811def7117653e93d	ftp.sra.ebi.ac.uk/vol1/fastq/SRR247/098/SRR24785098/SRR24785098.fastq.gz	ZHONGNAN HOSPITAL, WUHAN UNIVERSITY	UNRESOLVED_AT_FILE_LEVEL	none	METADATA_ONLY
SRR24785097	SRX20558125	SAMN35536603	UNRESOLVED	N100017718_L01_30.fq.gz	L353	UNRESOLVED	No HIV field or accession-linked clinical table in public record	Illumina NovaSeq 6000	SINGLE	50	897334562	a26d04c8c3e6ecfb570b651dd42fd5db	ftp.sra.ebi.ac.uk/vol1/fastq/SRR247/097/SRR24785097/SRR24785097.fastq.gz	ZHONGNAN HOSPITAL, WUHAN UNIVERSITY	UNRESOLVED_AT_FILE_LEVEL	none	METADATA_ONLY
SRR24785094	SRX20558128	SAMN35536606	UNRESOLVED	N100017722_L01_10.fq.gz	L356	UNRESOLVED	No HIV field or accession-linked clinical table in public record	Illumina NovaSeq 6000	SINGLE	50	568486990	74872b0bd04482c0627b69ccd5c15de9	ftp.sra.ebi.ac.uk/vol1/fastq/SRR247/094/SRR24785094/SRR24785094.fastq.gz	ZHONGNAN HOSPITAL, WUHAN UNIVERSITY	UNRESOLVED_AT_FILE_LEVEL	none	METADATA_ONLY
SRR24785096	SRX20558126	SAMN35536604	UNRESOLVED	N100017722_L01_6.fq.gz	L354	UNRESOLVED	No HIV field or accession-linked clinical table in public record	Illumina NovaSeq 6000	SINGLE	50	303025269	996732dd914866fc96457c9c511124bd	ftp.sra.ebi.ac.uk/vol1/fastq/SRR247/096/SRR24785096/SRR24785096.fastq.gz	ZHONGNAN HOSPITAL, WUHAN UNIVERSITY	UNRESOLVED_AT_FILE_LEVEL	none	METADATA_ONLY
SRR24785095	SRX20558127	SAMN35536605	UNRESOLVED	N100017722_L01_8.fq.gz	L355	UNRESOLVED	No HIV field or accession-linked clinical table in public record	Illumina NovaSeq 6000	SINGLE	50	425554074	cb76cb95cb15300de5021153f2a527cb	ftp.sra.ebi.ac.uk/vol1/fastq/SRR247/095/SRR24785095/SRR24785095.fastq.gz	ZHONGNAN HOSPITAL, WUHAN UNIVERSITY	UNRESOLVED_AT_FILE_LEVEL	none	METADATA_ONLY
SRR24785093	SRX20558129	SAMN35536607	UNRESOLVED	N100017753_L01_25.fq.gz	L357	UNRESOLVED	No HIV field or accession-linked clinical table in public record	Illumina NovaSeq 6000	SINGLE	50	855291607	20cdbb7dad1f2ceff20f96a712ab65c8	ftp.sra.ebi.ac.uk/vol1/fastq/SRR247/093/SRR24785093/SRR24785093.fastq.gz	ZHONGNAN HOSPITAL, WUHAN UNIVERSITY	UNRESOLVED_AT_FILE_LEVEL	none	METADATA_ONLY
SRR24785092	SRX20558130	SAMN35536608	UNRESOLVED	N100017753_L01_29.fq.gz	L358	UNRESOLVED	No HIV field or accession-linked clinical table in public record	Illumina NovaSeq 6000	SINGLE	50	1009896054	ccd02f8bbb996f52411e8a15552115ea	ftp.sra.ebi.ac.uk/vol1/fastq/SRR247/092/SRR24785092/SRR24785092.fastq.gz	ZHONGNAN HOSPITAL, WUHAN UNIVERSITY	UNRESOLVED_AT_FILE_LEVEL	none	METADATA_ONLY
SRR24785091	SRX20558131	SAMN35536609	UNRESOLVED	N100017814_L01_25.fq.gz	L359	UNRESOLVED	No HIV field or accession-linked clinical table in public record	Illumina NovaSeq 6000	SINGLE	50	825893497	6f5f183df2ea387855ece70e3853e03e	ftp.sra.ebi.ac.uk/vol1/fastq/SRR247/091/SRR24785091/SRR24785091.fastq.gz	ZHONGNAN HOSPITAL, WUHAN UNIVERSITY	UNRESOLVED_AT_FILE_LEVEL	none	METADATA_ONLY
SRR24785090	SRX20558132	SAMN35536610	UNRESOLVED	N100017814_L01_29.fq.gz	L360	UNRESOLVED	No HIV field or accession-linked clinical table in public record	Illumina NovaSeq 6000	SINGLE	50	997729265	16eecf2fabcce2a5fedfa64916fffd2f	ftp.sra.ebi.ac.uk/vol1/fastq/SRR247/090/SRR24785090/SRR24785090.fastq.gz	ZHONGNAN HOSPITAL, WUHAN UNIVERSITY	UNRESOLVED_AT_FILE_LEVEL	none	METADATA_ONLY
SRR24785088	SRX20558134	SAMN35536611	UNRESOLVED	N100017814_L01_31.fq.gz	L361	UNRESOLVED	No HIV field or accession-linked clinical table in public record	Illumina NovaSeq 6000	SINGLE	50	575248155	03493736bdf1c9a38ab79b85e2cd26b7	ftp.sra.ebi.ac.uk/vol1/fastq/SRR247/088/SRR24785088/SRR24785088.fastq.gz	ZHONGNAN HOSPITAL, WUHAN UNIVERSITY	UNRESOLVED_AT_FILE_LEVEL	none	METADATA_ONLY
SRR24784939	SRX20558135	SAMN35536612	UNRESOLVED	N100017863_L01_22.fq.gz	L362	UNRESOLVED	No HIV field or accession-linked clinical table in public record	Illumina NovaSeq 6000	SINGLE	50	1031747701	1728fb698be0c3069a8228a30c9cbaef	ftp.sra.ebi.ac.uk/vol1/fastq/SRR247/039/SRR24784939/SRR24784939.fastq.gz	ZHONGNAN HOSPITAL, WUHAN UNIVERSITY	UNRESOLVED_AT_FILE_LEVEL	none	METADATA_ONLY
SRR24784938	SRX20557567	SAMN35536613	UNRESOLVED	N100017863_L01_28.fq.gz	L363	UNRESOLVED	No HIV field or accession-linked clinical table in public record	Illumina NovaSeq 6000	SINGLE	50	1095228647	e61f6556a4881c2c6b0b5a49c0604223	ftp.sra.ebi.ac.uk/vol1/fastq/SRR247/038/SRR24784938/SRR24784938.fastq.gz	ZHONGNAN HOSPITAL, WUHAN UNIVERSITY	UNRESOLVED_AT_FILE_LEVEL	none	METADATA_ONLY
SRR24784937	SRX20557568	SAMN35536614	UNRESOLVED	N100017942_L01_5.fq.gz	L364	UNRESOLVED	No HIV field or accession-linked clinical table in public record	Illumina NovaSeq 6000	SINGLE	50	647975488	ffe67ea07c6e528961990579c90209db	ftp.sra.ebi.ac.uk/vol1/fastq/SRR247/037/SRR24784937/SRR24784937.fastq.gz	ZHONGNAN HOSPITAL, WUHAN UNIVERSITY	UNRESOLVED_AT_FILE_LEVEL	none	METADATA_ONLY
SRR24784936	SRX20557569	SAMN35536615	UNRESOLVED	N100017942_L01_6.fq.gz	L365	UNRESOLVED	No HIV field or accession-linked clinical table in public record	Illumina NovaSeq 6000	SINGLE	50	930021987	4927d2879188c9f4e2069dfc2e2ade63	ftp.sra.ebi.ac.uk/vol1/fastq/SRR247/036/SRR24784936/SRR24784936.fastq.gz	ZHONGNAN HOSPITAL, WUHAN UNIVERSITY	UNRESOLVED_AT_FILE_LEVEL	none	METADATA_ONLY
SRR24784934	SRX20557571	SAMN35536617	UNRESOLVED	N100017965_L01_10.fq.gz	L367	UNRESOLVED	No HIV field or accession-linked clinical table in public record	Illumina NovaSeq 6000	SINGLE	50	443780234	5a8b9491ff1c694fe4a037c23fd9a9b9	ftp.sra.ebi.ac.uk/vol1/fastq/SRR247/034/SRR24784934/SRR24784934.fastq.gz	ZHONGNAN HOSPITAL, WUHAN UNIVERSITY	UNRESOLVED_AT_FILE_LEVEL	none	METADATA_ONLY
SRR24784933	SRX20557572	SAMN35536618	UNRESOLVED	N100017965_L01_11.fq.gz	L368	UNRESOLVED	No HIV field or accession-linked clinical table in public record	Illumina NovaSeq 6000	SINGLE	50	494054351	fd0a690435702e57366960689712fccb	ftp.sra.ebi.ac.uk/vol1/fastq/SRR247/033/SRR24784933/SRR24784933.fastq.gz	ZHONGNAN HOSPITAL, WUHAN UNIVERSITY	UNRESOLVED_AT_FILE_LEVEL	none	METADATA_ONLY
SRR24784932	SRX20557573	SAMN35536619	UNRESOLVED	N100017965_L01_4.fq.gz	L369	UNRESOLVED	No HIV field or accession-linked clinical table in public record	Illumina NovaSeq 6000	SINGLE	50	650616215	1af84d9214735cb7c395a198d12ba8c3	ftp.sra.ebi.ac.uk/vol1/fastq/SRR247/032/SRR24784932/SRR24784932.fastq.gz	ZHONGNAN HOSPITAL, WUHAN UNIVERSITY	UNRESOLVED_AT_FILE_LEVEL	none	METADATA_ONLY
SRR24784935	SRX20557570	SAMN35536616	UNRESOLVED	N100017965_L01_8.fq.gz	L366	UNRESOLVED	No HIV field or accession-linked clinical table in public record	Illumina NovaSeq 6000	SINGLE	50	348307779	f63b424d746ecfc9461761cd36936d24	ftp.sra.ebi.ac.uk/vol1/fastq/SRR247/035/SRR24784935/SRR24784935.fastq.gz	ZHONGNAN HOSPITAL, WUHAN UNIVERSITY	UNRESOLVED_AT_FILE_LEVEL	none	METADATA_ONLY
SRR24784931	SRX20557574	SAMN35536620	UNRESOLVED	N100017996_L01_5.fq.gz	L370	UNRESOLVED	No HIV field or accession-linked clinical table in public record	Illumina NovaSeq 6000	SINGLE	50	978618743	416d92612e0cbf58e8de14dbdac6110b	ftp.sra.ebi.ac.uk/vol1/fastq/SRR247/031/SRR24784931/SRR24784931.fastq.gz	ZHONGNAN HOSPITAL, WUHAN UNIVERSITY	UNRESOLVED_AT_FILE_LEVEL	none	METADATA_ONLY
SRR24784929	SRX20557576	SAMN35536621	UNRESOLVED	N100017996_L01_6.fq.gz	L371	UNRESOLVED	No HIV field or accession-linked clinical table in public record	Illumina NovaSeq 6000	SINGLE	50	903699472	2e8870ce70947bd35eda3c3cee9817f7	ftp.sra.ebi.ac.uk/vol1/fastq/SRR247/029/SRR24784929/SRR24784929.fastq.gz	ZHONGNAN HOSPITAL, WUHAN UNIVERSITY	UNRESOLVED_AT_FILE_LEVEL	none	METADATA_ONLY
SRR24784928	SRX20557577	SAMN35536622	UNRESOLVED	N100018002_L01_1.fq.gz	L372	UNRESOLVED	No HIV field or accession-linked clinical table in public record	Illumina NovaSeq 6000	SINGLE	50	527692613	a64f38b31495f24fe6a1fe6f28c30c78	ftp.sra.ebi.ac.uk/vol1/fastq/SRR247/028/SRR24784928/SRR24784928.fastq.gz	ZHONGNAN HOSPITAL, WUHAN UNIVERSITY	UNRESOLVED_AT_FILE_LEVEL	none	METADATA_ONLY
SRR24784927	SRX20557578	SAMN35536623	UNRESOLVED	N100018002_L01_2.fq.gz	L373	UNRESOLVED	No HIV field or accession-linked clinical table in public record	Illumina NovaSeq 6000	SINGLE	50	827078308	1d001b4989b26b2c504c19a56c4079ca	ftp.sra.ebi.ac.uk/vol1/fastq/SRR247/027/SRR24784927/SRR24784927.fastq.gz	ZHONGNAN HOSPITAL, WUHAN UNIVERSITY	UNRESOLVED_AT_FILE_LEVEL	none	METADATA_ONLY
SRR24784926	SRX20557579	SAMN35536624	UNRESOLVED	N100018002_L01_4.fq.gz	L374	UNRESOLVED	No HIV field or accession-linked clinical table in public record	Illumina NovaSeq 6000	SINGLE	50	604728848	0ff2f93aa65dfe92f3748a6fdacee340	ftp.sra.ebi.ac.uk/vol1/fastq/SRR247/026/SRR24784926/SRR24784926.fastq.gz	ZHONGNAN HOSPITAL, WUHAN UNIVERSITY	UNRESOLVED_AT_FILE_LEVEL	none	METADATA_ONLY
SRR24784925	SRX20557580	SAMN35536625	UNRESOLVED	N100018002_L01_5.fq.gz	L375	UNRESOLVED	No HIV field or accession-linked clinical table in public record	Illumina NovaSeq 6000	SINGLE	50	524815592	3035f250ba11b9d11f28cf3efe929613	ftp.sra.ebi.ac.uk/vol1/fastq/SRR247/025/SRR24784925/SRR24784925.fastq.gz	ZHONGNAN HOSPITAL, WUHAN UNIVERSITY	UNRESOLVED_AT_FILE_LEVEL	none	METADATA_ONLY
SRR24784924	SRX20557581	SAMN35536626	UNRESOLVED	N100018040_L01_2.fq.gz	L376	UNRESOLVED	No HIV field or accession-linked clinical table in public record	Illumina NovaSeq 6000	SINGLE	50	906563530	8c3cd0748f80d5c8207f723ba7cc2e5f	ftp.sra.ebi.ac.uk/vol1/fastq/SRR247/024/SRR24784924/SRR24784924.fastq.gz	ZHONGNAN HOSPITAL, WUHAN UNIVERSITY	UNRESOLVED_AT_FILE_LEVEL	none	METADATA_ONLY
SRR24784923	SRX20557582	SAMN35536627	UNRESOLVED	N100018040_L01_4.fq.gz	L377	UNRESOLVED	No HIV field or accession-linked clinical table in public record	Illumina NovaSeq 6000	SINGLE	50	1082395547	ec113c63d1c316575c88d44f0d1308a9	ftp.sra.ebi.ac.uk/vol1/fastq/SRR247/023/SRR24784923/SRR24784923.fastq.gz	ZHONGNAN HOSPITAL, WUHAN UNIVERSITY	UNRESOLVED_AT_FILE_LEVEL	none	METADATA_ONLY
SRR24784922	SRX20557583	SAMN35536628	UNRESOLVED	N100018043_L01_16.fq.gz	L378	UNRESOLVED	No HIV field or accession-linked clinical table in public record	Illumina NovaSeq 6000	SINGLE	50	924201571	c52bb9646f6c3980beea02a56307d481	ftp.sra.ebi.ac.uk/vol1/fastq/SRR247/022/SRR24784922/SRR24784922.fastq.gz	ZHONGNAN HOSPITAL, WUHAN UNIVERSITY	UNRESOLVED_AT_FILE_LEVEL	none	METADATA_ONLY
SRR24784921	SRX20557584	SAMN35536629	UNRESOLVED	N100018043_L01_20.fq.gz	L379	UNRESOLVED	No HIV field or accession-linked clinical table in public record	Illumina NovaSeq 6000	SINGLE	50	985667440	c1dfc9a986ad7febf39230a2a6fcd8a2	ftp.sra.ebi.ac.uk/vol1/fastq/SRR247/021/SRR24784921/SRR24784921.fastq.gz	ZHONGNAN HOSPITAL, WUHAN UNIVERSITY	UNRESOLVED_AT_FILE_LEVEL	none	METADATA_ONLY
SRR24784918	SRX20557587	SAMN35536631	UNRESOLVED	N100018045_L01_26.fq.gz	L381	UNRESOLVED	No HIV field or accession-linked clinical table in public record	Illumina NovaSeq 6000	SINGLE	50	458266790	46437da5af00d1403ac2034233f21338	ftp.sra.ebi.ac.uk/vol1/fastq/SRR247/018/SRR24784918/SRR24784918.fastq.gz	ZHONGNAN HOSPITAL, WUHAN UNIVERSITY	UNRESOLVED_AT_FILE_LEVEL	none	METADATA_ONLY
SRR24784917	SRX20557588	SAMN35536632	UNRESOLVED	N100018045_L01_30.fq.gz	L382	UNRESOLVED	No HIV field or accession-linked clinical table in public record	Illumina NovaSeq 6000	SINGLE	50	527075616	6b34f144dcaa1a7981e0c9809ba800ec	ftp.sra.ebi.ac.uk/vol1/fastq/SRR247/017/SRR24784917/SRR24784917.fastq.gz	ZHONGNAN HOSPITAL, WUHAN UNIVERSITY	UNRESOLVED_AT_FILE_LEVEL	none	METADATA_ONLY
SRR24784916	SRX20557589	SAMN35536633	UNRESOLVED	N100018045_L01_32.fq.gz	L383	UNRESOLVED	No HIV field or accession-linked clinical table in public record	Illumina NovaSeq 6000	SINGLE	50	505100284	b833f016b3349e0d69b31cf65599f080	ftp.sra.ebi.ac.uk/vol1/fastq/SRR247/016/SRR24784916/SRR24784916.fastq.gz	ZHONGNAN HOSPITAL, WUHAN UNIVERSITY	UNRESOLVED_AT_FILE_LEVEL	none	METADATA_ONLY
SRR24784920	SRX20557585	SAMN35536630	UNRESOLVED	N100018045_L01_7.fq.gz	L380	UNRESOLVED	No HIV field or accession-linked clinical table in public record	Illumina NovaSeq 6000	SINGLE	50	527942837	7b5fea04da16ed1c1386d40aa14449f4	ftp.sra.ebi.ac.uk/vol1/fastq/SRR247/020/SRR24784920/SRR24784920.fastq.gz	ZHONGNAN HOSPITAL, WUHAN UNIVERSITY	UNRESOLVED_AT_FILE_LEVEL	none	METADATA_ONLY
SRR24784911	SRX20557594	SAMN35536638	UNRESOLVED	N100018046_L01_12.fq.gz	L388	UNRESOLVED	No HIV field or accession-linked clinical table in public record	Illumina NovaSeq 6000	SINGLE	50	438838924	1a1efb1fe581158e5498f10349f18675	ftp.sra.ebi.ac.uk/vol1/fastq/SRR247/011/SRR24784911/SRR24784911.fastq.gz	ZHONGNAN HOSPITAL, WUHAN UNIVERSITY	UNRESOLVED_AT_FILE_LEVEL	none	METADATA_ONLY
SRR24784915	SRX20557590	SAMN35536634	UNRESOLVED	N100018046_L01_28.fq.gz	L384	UNRESOLVED	No HIV field or accession-linked clinical table in public record	Illumina NovaSeq 6000	SINGLE	50	778537413	ef66732a0a9e79a3ca8d03a2e5aef976	ftp.sra.ebi.ac.uk/vol1/fastq/SRR247/015/SRR24784915/SRR24784915.fastq.gz	ZHONGNAN HOSPITAL, WUHAN UNIVERSITY	UNRESOLVED_AT_FILE_LEVEL	none	METADATA_ONLY
SRR24784914	SRX20557591	SAMN35536635	UNRESOLVED	N100018046_L01_30.fq.gz	L385	UNRESOLVED	No HIV field or accession-linked clinical table in public record	Illumina NovaSeq 6000	SINGLE	50	980790598	e949d241f57c9cff61a2d3864c484ee7	ftp.sra.ebi.ac.uk/vol1/fastq/SRR247/014/SRR24784914/SRR24784914.fastq.gz	ZHONGNAN HOSPITAL, WUHAN UNIVERSITY	UNRESOLVED_AT_FILE_LEVEL	none	METADATA_ONLY
SRR24784913	SRX20557592	SAMN35536636	UNRESOLVED	N100018046_L01_32.fq.gz	L386	UNRESOLVED	No HIV field or accession-linked clinical table in public record	Illumina NovaSeq 6000	SINGLE	50	633458741	34da4eb5345bb0d6c3ce2d782d731d27	ftp.sra.ebi.ac.uk/vol1/fastq/SRR247/013/SRR24784913/SRR24784913.fastq.gz	ZHONGNAN HOSPITAL, WUHAN UNIVERSITY	UNRESOLVED_AT_FILE_LEVEL	none	METADATA_ONLY
SRR24784912	SRX20557593	SAMN35536637	UNRESOLVED	N100018046_L01_7.fq.gz	L387	UNRESOLVED	No HIV field or accession-linked clinical table in public record	Illumina NovaSeq 6000	SINGLE	50	323782082	b54bea37f2a968a42c8de56bad109879	ftp.sra.ebi.ac.uk/vol1/fastq/SRR247/012/SRR24784912/SRR24784912.fastq.gz	ZHONGNAN HOSPITAL, WUHAN UNIVERSITY	UNRESOLVED_AT_FILE_LEVEL	none	METADATA_ONLY
SRR24784910	SRX20557595	SAMN35536639	UNRESOLVED	N100018082_L01_2.fq.gz	L389	UNRESOLVED	No HIV field or accession-linked clinical table in public record	Illumina NovaSeq 6000	SINGLE	50	1166359234	bbcfc28cac4d279e0200b37e6860789a	ftp.sra.ebi.ac.uk/vol1/fastq/SRR247/010/SRR24784910/SRR24784910.fastq.gz	ZHONGNAN HOSPITAL, WUHAN UNIVERSITY	UNRESOLVED_AT_FILE_LEVEL	none	METADATA_ONLY
SRR24784909	SRX20557596	SAMN35536640	UNRESOLVED	N100018082_L01_4.fq.gz	L390	UNRESOLVED	No HIV field or accession-linked clinical table in public record	Illumina NovaSeq 6000	SINGLE	50	1360282167	8c42c3455e5dc0f4d3121a246453275c	ftp.sra.ebi.ac.uk/vol1/fastq/SRR247/009/SRR24784909/SRR24784909.fastq.gz	ZHONGNAN HOSPITAL, WUHAN UNIVERSITY	UNRESOLVED_AT_FILE_LEVEL	none	METADATA_ONLY
SRR24784907	SRX20557598	SAMN35536641	UNRESOLVED	N100018082_L01_5.fq.gz	L391	UNRESOLVED	No HIV field or accession-linked clinical table in public record	Illumina NovaSeq 6000	SINGLE	50	679774616	592e6e52040512c8ec0113766c72577d	ftp.sra.ebi.ac.uk/vol1/fastq/SRR247/007/SRR24784907/SRR24784907.fastq.gz	ZHONGNAN HOSPITAL, WUHAN UNIVERSITY	UNRESOLVED_AT_FILE_LEVEL	none	METADATA_ONLY
SRR24784906	SRX20557599	SAMN35536642	UNRESOLVED	N100018288_L01_25.fq.gz	L392	UNRESOLVED	No HIV field or accession-linked clinical table in public record	Illumina NovaSeq 6000	SINGLE	50	420764999	1e05a8ad841a0f67b16634ff7caefcb0	ftp.sra.ebi.ac.uk/vol1/fastq/SRR247/006/SRR24784906/SRR24784906.fastq.gz	ZHONGNAN HOSPITAL, WUHAN UNIVERSITY	UNRESOLVED_AT_FILE_LEVEL	none	METADATA_ONLY
SRR24784905	SRX20557600	SAMN35536643	UNRESOLVED	N100018288_L01_29.fq.gz	L393	UNRESOLVED	No HIV field or accession-linked clinical table in public record	Illumina NovaSeq 6000	SINGLE	50	943802328	29e844d60242f75bd037f1d45b539e1e	ftp.sra.ebi.ac.uk/vol1/fastq/SRR247/005/SRR24784905/SRR24784905.fastq.gz	ZHONGNAN HOSPITAL, WUHAN UNIVERSITY	UNRESOLVED_AT_FILE_LEVEL	none	METADATA_ONLY
SRR24784904	SRX20557601	SAMN35536644	UNRESOLVED	N100018342_L01_28.fq.gz	L394	UNRESOLVED	No HIV field or accession-linked clinical table in public record	Illumina NovaSeq 6000	SINGLE	50	647072668	43bf95a447ce8ae30da53dcbe1fe515c	ftp.sra.ebi.ac.uk/vol1/fastq/SRR247/004/SRR24784904/SRR24784904.fastq.gz	ZHONGNAN HOSPITAL, WUHAN UNIVERSITY	UNRESOLVED_AT_FILE_LEVEL	none	METADATA_ONLY
SRR24784831	SRX20557602	SAMN35536645	UNRESOLVED	N100018342_L01_30.fq.gz	L395	UNRESOLVED	No HIV field or accession-linked clinical table in public record	Illumina NovaSeq 6000	SINGLE	50	1032770442	5dbed3aaa319d86216c88fb3c7c0ea16	ftp.sra.ebi.ac.uk/vol1/fastq/SRR247/031/SRR24784831/SRR24784831.fastq.gz	ZHONGNAN HOSPITAL, WUHAN UNIVERSITY	UNRESOLVED_AT_FILE_LEVEL	none	METADATA_ONLY
SRR24784830	SRX20557675	SAMN35536646	UNRESOLVED	N100018342_L01_32.fq.gz	L396	UNRESOLVED	No HIV field or accession-linked clinical table in public record	Illumina NovaSeq 6000	SINGLE	50	867233338	b48c61ff108f1ef2f20f2103394e76cf	ftp.sra.ebi.ac.uk/vol1/fastq/SRR247/030/SRR24784830/SRR24784830.fastq.gz	ZHONGNAN HOSPITAL, WUHAN UNIVERSITY	UNRESOLVED_AT_FILE_LEVEL	none	METADATA_ONLY
SRR24784829	SRX20557676	SAMN35536647	UNRESOLVED	N100018355_L01_26.fq.gz	L397	UNRESOLVED	No HIV field or accession-linked clinical table in public record	Illumina NovaSeq 6000	SINGLE	50	343435336	0499519987aa95887e40e8d93cc6820f	ftp.sra.ebi.ac.uk/vol1/fastq/SRR247/029/SRR24784829/SRR24784829.fastq.gz	ZHONGNAN HOSPITAL, WUHAN UNIVERSITY	UNRESOLVED_AT_FILE_LEVEL	none	METADATA_ONLY
SRR24784828	SRX20557677	SAMN35536648	UNRESOLVED	N100018355_L01_28.fq.gz	L398	UNRESOLVED	No HIV field or accession-linked clinical table in public record	Illumina NovaSeq 6000	SINGLE	50	614361553	d371daadc4867f53c5c07385a180bd18	ftp.sra.ebi.ac.uk/vol1/fastq/SRR247/028/SRR24784828/SRR24784828.fastq.gz	ZHONGNAN HOSPITAL, WUHAN UNIVERSITY	UNRESOLVED_AT_FILE_LEVEL	none	METADATA_ONLY
SRR24784827	SRX20557678	SAMN35536649	UNRESOLVED	N100018355_L01_30.fq.gz	L399	UNRESOLVED	No HIV field or accession-linked clinical table in public record	Illumina NovaSeq 6000	SINGLE	50	747702456	57b10b575aed67d7d7fd5a866772dc4e	ftp.sra.ebi.ac.uk/vol1/fastq/SRR247/027/SRR24784827/SRR24784827.fastq.gz	ZHONGNAN HOSPITAL, WUHAN UNIVERSITY	UNRESOLVED_AT_FILE_LEVEL	none	METADATA_ONLY
SRR24784826	SRX20557679	SAMN35536650	UNRESOLVED	N100018355_L01_32.fq.gz	L400	UNRESOLVED	No HIV field or accession-linked clinical table in public record	Illumina NovaSeq 6000	SINGLE	50	704721741	26470eb6bd034a2d8cb8c86dfdbfeedd	ftp.sra.ebi.ac.uk/vol1/fastq/SRR247/026/SRR24784826/SRR24784826.fastq.gz	ZHONGNAN HOSPITAL, WUHAN UNIVERSITY	UNRESOLVED_AT_FILE_LEVEL	none	METADATA_ONLY
SRR24784823	SRX20557682	SAMN35536651	UNRESOLVED	N100018355_L01_7.fq.gz	L401	UNRESOLVED	No HIV field or accession-linked clinical table in public record	Illumina NovaSeq 6000	SINGLE	50	513207189	f9aac64f96881bc76878e01b782ee532	ftp.sra.ebi.ac.uk/vol1/fastq/SRR247/023/SRR24784823/SRR24784823.fastq.gz	ZHONGNAN HOSPITAL, WUHAN UNIVERSITY	UNRESOLVED_AT_FILE_LEVEL	none	METADATA_ONLY
SRR24784822	SRX20557683	SAMN35536652	UNRESOLVED	N100018384_L01_25.fq.gz	L402	UNRESOLVED	No HIV field or accession-linked clinical table in public record	Illumina NovaSeq 6000	SINGLE	50	1126597105	9cd93da4488ca660653bd1858c91e68d	ftp.sra.ebi.ac.uk/vol1/fastq/SRR247/022/SRR24784822/SRR24784822.fastq.gz	ZHONGNAN HOSPITAL, WUHAN UNIVERSITY	UNRESOLVED_AT_FILE_LEVEL	none	METADATA_ONLY
SRR24784821	SRX20557684	SAMN35536653	UNRESOLVED	N100018402_L01_26.fq.gz	L403	UNRESOLVED	No HIV field or accession-linked clinical table in public record	Illumina NovaSeq 6000	SINGLE	50	727581076	664f817c2ed493ef4930b6348079b7bc	ftp.sra.ebi.ac.uk/vol1/fastq/SRR247/021/SRR24784821/SRR24784821.fastq.gz	ZHONGNAN HOSPITAL, WUHAN UNIVERSITY	UNRESOLVED_AT_FILE_LEVEL	none	METADATA_ONLY
SRR24784820	SRX20557685	SAMN35536654	UNRESOLVED	N100018402_L01_28.fq.gz	L404	UNRESOLVED	No HIV field or accession-linked clinical table in public record	Illumina NovaSeq 6000	SINGLE	50	1236054993	493f1c5f59a84c032fffce69fbe4be50	ftp.sra.ebi.ac.uk/vol1/fastq/SRR247/020/SRR24784820/SRR24784820.fastq.gz	ZHONGNAN HOSPITAL, WUHAN UNIVERSITY	UNRESOLVED_AT_FILE_LEVEL	none	METADATA_ONLY
SRR24784819	SRX20557686	SAMN35536655	UNRESOLVED	N100018416_L01_30.fq.gz	L405	UNRESOLVED	No HIV field or accession-linked clinical table in public record	Illumina NovaSeq 6000	SINGLE	50	556815807	9812a9e78241932332e44b90055a61cb	ftp.sra.ebi.ac.uk/vol1/fastq/SRR247/019/SRR24784819/SRR24784819.fastq.gz	ZHONGNAN HOSPITAL, WUHAN UNIVERSITY	UNRESOLVED_AT_FILE_LEVEL	none	METADATA_ONLY
SRR24784818	SRX20557687	SAMN35536656	UNRESOLVED	N100018416_L01_32.fq.gz	L406	UNRESOLVED	No HIV field or accession-linked clinical table in public record	Illumina NovaSeq 6000	SINGLE	50	298731055	0a3d4da0cfb1efc1c84a5f0bbf1882a7	ftp.sra.ebi.ac.uk/vol1/fastq/SRR247/018/SRR24784818/SRR24784818.fastq.gz	ZHONGNAN HOSPITAL, WUHAN UNIVERSITY	UNRESOLVED_AT_FILE_LEVEL	none	METADATA_ONLY
SRR24784817	SRX20557688	SAMN35536657	UNRESOLVED	N100018416_L01_7.fq.gz	L407	UNRESOLVED	No HIV field or accession-linked clinical table in public record	Illumina NovaSeq 6000	SINGLE	50	814253549	44365c1c6e5f95408ad447b87e1ca3e7	ftp.sra.ebi.ac.uk/vol1/fastq/SRR247/017/SRR24784817/SRR24784817.fastq.gz	ZHONGNAN HOSPITAL, WUHAN UNIVERSITY	UNRESOLVED_AT_FILE_LEVEL	none	METADATA_ONLY
SRR24784816	SRX20557689	SAMN35536658	UNRESOLVED	N100018417_L01_4.fq.gz	L408	UNRESOLVED	No HIV field or accession-linked clinical table in public record	Illumina NovaSeq 6000	SINGLE	50	631352049	f879db358a38cdab50a0d2151c2c852a	ftp.sra.ebi.ac.uk/vol1/fastq/SRR247/016/SRR24784816/SRR24784816.fastq.gz	ZHONGNAN HOSPITAL, WUHAN UNIVERSITY	UNRESOLVED_AT_FILE_LEVEL	none	METADATA_ONLY
SRR24784815	SRX20557690	SAMN35536659	UNRESOLVED	N100018417_L01_5.fq.gz	L409	UNRESOLVED	No HIV field or accession-linked clinical table in public record	Illumina NovaSeq 6000	SINGLE	50	760270730	a6b1e6ed5b404a898bf12ac4c836a68c	ftp.sra.ebi.ac.uk/vol1/fastq/SRR247/015/SRR24784815/SRR24784815.fastq.gz	ZHONGNAN HOSPITAL, WUHAN UNIVERSITY	UNRESOLVED_AT_FILE_LEVEL	none	METADATA_ONLY
SRR24784814	SRX20557691	SAMN35536660	UNRESOLVED	N100018417_L01_6.fq.gz	L410	UNRESOLVED	No HIV field or accession-linked clinical table in public record	Illumina NovaSeq 6000	SINGLE	50	832053021	d5291f9dcd7dd1d44510d18d67955127	ftp.sra.ebi.ac.uk/vol1/fastq/SRR247/014/SRR24784814/SRR24784814.fastq.gz	ZHONGNAN HOSPITAL, WUHAN UNIVERSITY	UNRESOLVED_AT_FILE_LEVEL	none	METADATA_ONLY
SRR24784812	SRX20557693	SAMN35536661	UNRESOLVED	N100018418_L01_5.fq.gz	L411	UNRESOLVED	No HIV field or accession-linked clinical table in public record	Illumina NovaSeq 6000	SINGLE	50	570200555	d3ca0170cc4e68e3dde43f10753dbd65	ftp.sra.ebi.ac.uk/vol1/fastq/SRR247/012/SRR24784812/SRR24784812.fastq.gz	ZHONGNAN HOSPITAL, WUHAN UNIVERSITY	UNRESOLVED_AT_FILE_LEVEL	none	METADATA_ONLY
SRR24784811	SRX20557694	SAMN35536662	UNRESOLVED	N100018418_L01_6.fq.gz	L412	UNRESOLVED	No HIV field or accession-linked clinical table in public record	Illumina NovaSeq 6000	SINGLE	50	774506738	f21847b623802df3408c75f63a1fe346	ftp.sra.ebi.ac.uk/vol1/fastq/SRR247/011/SRR24784811/SRR24784811.fastq.gz	ZHONGNAN HOSPITAL, WUHAN UNIVERSITY	UNRESOLVED_AT_FILE_LEVEL	none	METADATA_ONLY
SRR24784810	SRX20557695	SAMN35536663	UNRESOLVED	N100018418_L01_8.fq.gz	L413	UNRESOLVED	No HIV field or accession-linked clinical table in public record	Illumina NovaSeq 6000	SINGLE	50	615497009	afe4a3c19e838c24fa7d998504e66dc6	ftp.sra.ebi.ac.uk/vol1/fastq/SRR247/010/SRR24784810/SRR24784810.fastq.gz	ZHONGNAN HOSPITAL, WUHAN UNIVERSITY	UNRESOLVED_AT_FILE_LEVEL	none	METADATA_ONLY
SRR24784808	SRX20557697	SAMN35536665	UNRESOLVED	N100018510_L01_5.fq.gz	L415	UNRESOLVED	No HIV field or accession-linked clinical table in public record	Illumina NovaSeq 6000	SINGLE	50	663048560	2a0b27d51341ddf90a5671b45f180d9b	ftp.sra.ebi.ac.uk/vol1/fastq/SRR247/008/SRR24784808/SRR24784808.fastq.gz	ZHONGNAN HOSPITAL, WUHAN UNIVERSITY	UNRESOLVED_AT_FILE_LEVEL	none	METADATA_ONLY
SRR24784809	SRX20557696	SAMN35536664	UNRESOLVED	N100018510_L01_6.fq.gz	L414	UNRESOLVED	No HIV field or accession-linked clinical table in public record	Illumina NovaSeq 6000	SINGLE	50	848341045	f9fb52297d880fae34c8e8a7a01be83e	ftp.sra.ebi.ac.uk/vol1/fastq/SRR247/009/SRR24784809/SRR24784809.fastq.gz	ZHONGNAN HOSPITAL, WUHAN UNIVERSITY	UNRESOLVED_AT_FILE_LEVEL	none	METADATA_ONLY
SRR24784807	SRX20557698	SAMN35536666	UNRESOLVED	N100018578_L01_26.fq.gz	L416	UNRESOLVED	No HIV field or accession-linked clinical table in public record	Illumina NovaSeq 6000	SINGLE	50	642088781	38e88630fddeb805d5770b97099c25e8	ftp.sra.ebi.ac.uk/vol1/fastq/SRR247/007/SRR24784807/SRR24784807.fastq.gz	ZHONGNAN HOSPITAL, WUHAN UNIVERSITY	UNRESOLVED_AT_FILE_LEVEL	none	METADATA_ONLY
SRR24784806	SRX20557699	SAMN35536667	UNRESOLVED	N100018578_L01_28.fq.gz	L417	UNRESOLVED	No HIV field or accession-linked clinical table in public record	Illumina NovaSeq 6000	SINGLE	50	1177915409	054535ccd887051237f5ae0f5d50e951	ftp.sra.ebi.ac.uk/vol1/fastq/SRR247/006/SRR24784806/SRR24784806.fastq.gz	ZHONGNAN HOSPITAL, WUHAN UNIVERSITY	UNRESOLVED_AT_FILE_LEVEL	none	METADATA_ONLY
SRR24784805	SRX20557700	SAMN35536668	UNRESOLVED	N100018589_L01_25.fq.gz	L418	UNRESOLVED	No HIV field or accession-linked clinical table in public record	Illumina NovaSeq 6000	SINGLE	50	1087367819	b735f4c62057650aeaf60499bf542a41	ftp.sra.ebi.ac.uk/vol1/fastq/SRR247/005/SRR24784805/SRR24784805.fastq.gz	ZHONGNAN HOSPITAL, WUHAN UNIVERSITY	UNRESOLVED_AT_FILE_LEVEL	none	METADATA_ONLY
SRR24784804	SRX20557701	SAMN35536669	UNRESOLVED	N100018589_L01_29.fq.gz	L419	UNRESOLVED	No HIV field or accession-linked clinical table in public record	Illumina NovaSeq 6000	SINGLE	50	793004704	4c797888bc5f548b8702420e40c8b826	ftp.sra.ebi.ac.uk/vol1/fastq/SRR247/004/SRR24784804/SRR24784804.fastq.gz	ZHONGNAN HOSPITAL, WUHAN UNIVERSITY	UNRESOLVED_AT_FILE_LEVEL	none	METADATA_ONLY
SRR24784803	SRX20557702	SAMN35536670	UNRESOLVED	N100018589_L01_31.fq.gz	L420	UNRESOLVED	No HIV field or accession-linked clinical table in public record	Illumina NovaSeq 6000	SINGLE	50	552733314	be26a105d7cd62823083e751f27985b0	ftp.sra.ebi.ac.uk/vol1/fastq/SRR247/003/SRR24784803/SRR24784803.fastq.gz	ZHONGNAN HOSPITAL, WUHAN UNIVERSITY	UNRESOLVED_AT_FILE_LEVEL	none	METADATA_ONLY
SRR24784798	SRX20557707	SAMN35536674	UNRESOLVED	N100018590_L01_4.fq.gz	L424	UNRESOLVED	No HIV field or accession-linked clinical table in public record	Illumina NovaSeq 6000	SINGLE	50	1004597814	5234e080aa0812aaa347a7a42198759b	ftp.sra.ebi.ac.uk/vol1/fastq/SRR247/098/SRR24784798/SRR24784798.fastq.gz	ZHONGNAN HOSPITAL, WUHAN UNIVERSITY	UNRESOLVED_AT_FILE_LEVEL	none	METADATA_ONLY
SRR24784801	SRX20557704	SAMN35536671	UNRESOLVED	N100018590_L01_5.fq.gz	L421	UNRESOLVED	No HIV field or accession-linked clinical table in public record	Illumina NovaSeq 6000	SINGLE	50	799973822	ef1642d9d252fad23cf5fa0212b0a0f8	ftp.sra.ebi.ac.uk/vol1/fastq/SRR247/001/SRR24784801/SRR24784801.fastq.gz	ZHONGNAN HOSPITAL, WUHAN UNIVERSITY	UNRESOLVED_AT_FILE_LEVEL	none	METADATA_ONLY
SRR24784800	SRX20557705	SAMN35536672	UNRESOLVED	N100018590_L01_6.fq.gz	L422	UNRESOLVED	No HIV field or accession-linked clinical table in public record	Illumina NovaSeq 6000	SINGLE	50	1251199364	cf11c51dd2197c4b9efe3453a0b35a92	ftp.sra.ebi.ac.uk/vol1/fastq/SRR247/000/SRR24784800/SRR24784800.fastq.gz	ZHONGNAN HOSPITAL, WUHAN UNIVERSITY	UNRESOLVED_AT_FILE_LEVEL	none	METADATA_ONLY
SRR24784799	SRX20557706	SAMN35536673	UNRESOLVED	N100018590_L01_8.fq.gz	L423	UNRESOLVED	No HIV field or accession-linked clinical table in public record	Illumina NovaSeq 6000	SINGLE	50	840043685	6c3f4e78802a29116df5a1ad70807394	ftp.sra.ebi.ac.uk/vol1/fastq/SRR247/099/SRR24784799/SRR24784799.fastq.gz	ZHONGNAN HOSPITAL, WUHAN UNIVERSITY	UNRESOLVED_AT_FILE_LEVEL	none	METADATA_ONLY
SRR24784797	SRX20557708	SAMN35536675	UNRESOLVED	N100018592_L01_20.fq.gz	L425	UNRESOLVED	No HIV field or accession-linked clinical table in public record	Illumina NovaSeq 6000	SINGLE	50	676294996	60df3c5946ddb23002960fbe622c2a6f	ftp.sra.ebi.ac.uk/vol1/fastq/SRR247/097/SRR24784797/SRR24784797.fastq.gz	ZHONGNAN HOSPITAL, WUHAN UNIVERSITY	UNRESOLVED_AT_FILE_LEVEL	none	METADATA_ONLY
SRR24784796	SRX20557709	SAMN35536676	UNRESOLVED	N100018592_L01_25.fq.gz	L426	UNRESOLVED	No HIV field or accession-linked clinical table in public record	Illumina NovaSeq 6000	SINGLE	50	1025033041	829d3b1621cf87c78ceb3bad20f4a3aa	ftp.sra.ebi.ac.uk/vol1/fastq/SRR247/096/SRR24784796/SRR24784796.fastq.gz	ZHONGNAN HOSPITAL, WUHAN UNIVERSITY	UNRESOLVED_AT_FILE_LEVEL	none	METADATA_ONLY
SRR24784693	SRX20557710	SAMN35536677	UNRESOLVED	N100018606_L01_5.fq.gz	L427	UNRESOLVED	No HIV field or accession-linked clinical table in public record	Illumina NovaSeq 6000	SINGLE	50	861027423	92a70c33f8079796ba8dd32787f89ec3	ftp.sra.ebi.ac.uk/vol1/fastq/SRR247/093/SRR24784693/SRR24784693.fastq.gz	ZHONGNAN HOSPITAL, WUHAN UNIVERSITY	UNRESOLVED_AT_FILE_LEVEL	none	METADATA_ONLY
SRR24784692	SRX20557812	SAMN35536678	UNRESOLVED	N100018606_L01_6.fq.gz	L428	UNRESOLVED	No HIV field or accession-linked clinical table in public record	Illumina NovaSeq 6000	SINGLE	50	617460199	2dda5c19d9e3fc088c793940effa7d5e	ftp.sra.ebi.ac.uk/vol1/fastq/SRR247/092/SRR24784692/SRR24784692.fastq.gz	ZHONGNAN HOSPITAL, WUHAN UNIVERSITY	UNRESOLVED_AT_FILE_LEVEL	none	METADATA_ONLY
SRR24784691	SRX20557813	SAMN35536679	UNRESOLVED	N100018606_L01_8.fq.gz	L429	UNRESOLVED	No HIV field or accession-linked clinical table in public record	Illumina NovaSeq 6000	SINGLE	50	840193133	374a8daca5166ed18c71c7f205f1caa8	ftp.sra.ebi.ac.uk/vol1/fastq/SRR247/091/SRR24784691/SRR24784691.fastq.gz	ZHONGNAN HOSPITAL, WUHAN UNIVERSITY	UNRESOLVED_AT_FILE_LEVEL	none	METADATA_ONLY
SRR24784686	SRX20557818	SAMN35536683	UNRESOLVED	N100018610_L01_11.fq.gz	L433	UNRESOLVED	No HIV field or accession-linked clinical table in public record	Illumina NovaSeq 6000	SINGLE	50	823403329	4fcda423092657a2cc7bd9205cddd84d	ftp.sra.ebi.ac.uk/vol1/fastq/SRR247/086/SRR24784686/SRR24784686.fastq.gz	ZHONGNAN HOSPITAL, WUHAN UNIVERSITY	UNRESOLVED_AT_FILE_LEVEL	none	METADATA_ONLY
SRR24784690	SRX20557814	SAMN35536680	UNRESOLVED	N100018610_L01_4.fq.gz	L430	UNRESOLVED	No HIV field or accession-linked clinical table in public record	Illumina NovaSeq 6000	SINGLE	50	635902697	13cdaed45e5ce59a1af126f85fee719f	ftp.sra.ebi.ac.uk/vol1/fastq/SRR247/090/SRR24784690/SRR24784690.fastq.gz	ZHONGNAN HOSPITAL, WUHAN UNIVERSITY	UNRESOLVED_AT_FILE_LEVEL	none	METADATA_ONLY
SRR24784688	SRX20557816	SAMN35536681	UNRESOLVED	N100018610_L01_5.fq.gz	L431	UNRESOLVED	No HIV field or accession-linked clinical table in public record	Illumina NovaSeq 6000	SINGLE	50	321038726	96ccb120dc08d7ec39306fea99e218ee	ftp.sra.ebi.ac.uk/vol1/fastq/SRR247/088/SRR24784688/SRR24784688.fastq.gz	ZHONGNAN HOSPITAL, WUHAN UNIVERSITY	UNRESOLVED_AT_FILE_LEVEL	none	METADATA_ONLY
SRR24784687	SRX20557817	SAMN35536682	UNRESOLVED	N100018610_L01_6.fq.gz	L432	UNRESOLVED	No HIV field or accession-linked clinical table in public record	Illumina NovaSeq 6000	SINGLE	50	899381230	1e11040e693269a0ead852e764ebd08e	ftp.sra.ebi.ac.uk/vol1/fastq/SRR247/087/SRR24784687/SRR24784687.fastq.gz	ZHONGNAN HOSPITAL, WUHAN UNIVERSITY	UNRESOLVED_AT_FILE_LEVEL	none	METADATA_ONLY
SRR24784685	SRX20557819	SAMN35536684	UNRESOLVED	N100018612_L01_30.fq.gz	L434	UNRESOLVED	No HIV field or accession-linked clinical table in public record	Illumina NovaSeq 6000	SINGLE	50	537454771	ed1d4f9d524c252deedccaf8c811e175	ftp.sra.ebi.ac.uk/vol1/fastq/SRR247/085/SRR24784685/SRR24784685.fastq.gz	ZHONGNAN HOSPITAL, WUHAN UNIVERSITY	UNRESOLVED_AT_FILE_LEVEL	none	METADATA_ONLY
SRR24784684	SRX20557820	SAMN35536685	UNRESOLVED	N100018612_L01_32.fq.gz	L435	UNRESOLVED	No HIV field or accession-linked clinical table in public record	Illumina NovaSeq 6000	SINGLE	50	888632929	10ac81205d5fd3d54e15b24e717eade5	ftp.sra.ebi.ac.uk/vol1/fastq/SRR247/084/SRR24784684/SRR24784684.fastq.gz	ZHONGNAN HOSPITAL, WUHAN UNIVERSITY	UNRESOLVED_AT_FILE_LEVEL	none	METADATA_ONLY
SRR24784683	SRX20557821	SAMN35536686	UNRESOLVED	N100018612_L01_7.fq.gz	L436	UNRESOLVED	No HIV field or accession-linked clinical table in public record	Illumina NovaSeq 6000	SINGLE	50	861755992	af8f9980ee7c501bb3d3464e3267dab3	ftp.sra.ebi.ac.uk/vol1/fastq/SRR247/083/SRR24784683/SRR24784683.fastq.gz	ZHONGNAN HOSPITAL, WUHAN UNIVERSITY	UNRESOLVED_AT_FILE_LEVEL	none	METADATA_ONLY
SRR24784682	SRX20557822	SAMN35536687	UNRESOLVED	N100018627_L01_22.fq.gz	L437	UNRESOLVED	No HIV field or accession-linked clinical table in public record	Illumina NovaSeq 6000	SINGLE	50	1499705063	87cf2735a9e7637db5880374b5ed9d8f	ftp.sra.ebi.ac.uk/vol1/fastq/SRR247/082/SRR24784682/SRR24784682.fastq.gz	ZHONGNAN HOSPITAL, WUHAN UNIVERSITY	UNRESOLVED_AT_FILE_LEVEL	none	METADATA_ONLY
SRR24784681	SRX20557823	SAMN35536688	UNRESOLVED	N100018627_L01_26.fq.gz	L438	UNRESOLVED	No HIV field or accession-linked clinical table in public record	Illumina NovaSeq 6000	SINGLE	50	738132720	71aba1b76196fd64414bfcf76f840803	ftp.sra.ebi.ac.uk/vol1/fastq/SRR247/081/SRR24784681/SRR24784681.fastq.gz	ZHONGNAN HOSPITAL, WUHAN UNIVERSITY	UNRESOLVED_AT_FILE_LEVEL	none	METADATA_ONLY
SRR24784680	SRX20557824	SAMN35536689	UNRESOLVED	N100018627_L01_28.fq.gz	L439	UNRESOLVED	No HIV field or accession-linked clinical table in public record	Illumina NovaSeq 6000	SINGLE	50	711082231	03fc9ae78a9322d21c09fa0dbd5c5f5a	ftp.sra.ebi.ac.uk/vol1/fastq/SRR247/080/SRR24784680/SRR24784680.fastq.gz	ZHONGNAN HOSPITAL, WUHAN UNIVERSITY	UNRESOLVED_AT_FILE_LEVEL	none	METADATA_ONLY
SRR24784679	SRX20557825	SAMN35536690	UNRESOLVED	N100018631_L01_16.fq.gz	L440	UNRESOLVED	No HIV field or accession-linked clinical table in public record	Illumina NovaSeq 6000	SINGLE	50	865966335	3c81ab7f758ec2e452145e1fc417f02b	ftp.sra.ebi.ac.uk/vol1/fastq/SRR247/079/SRR24784679/SRR24784679.fastq.gz	ZHONGNAN HOSPITAL, WUHAN UNIVERSITY	UNRESOLVED_AT_FILE_LEVEL	none	METADATA_ONLY
SRR24784677	SRX20557827	SAMN35536691	UNRESOLVED	N100018631_L01_17.fq.gz	L441	UNRESOLVED	No HIV field or accession-linked clinical table in public record	Illumina NovaSeq 6000	SINGLE	50	1114663461	c31acdc5da14dae85021db490df8e577	ftp.sra.ebi.ac.uk/vol1/fastq/SRR247/077/SRR24784677/SRR24784677.fastq.gz	ZHONGNAN HOSPITAL, WUHAN UNIVERSITY	UNRESOLVED_AT_FILE_LEVEL	none	METADATA_ONLY
SRR24784676	SRX20557828	SAMN35536692	UNRESOLVED	N100018631_L01_20.fq.gz	L442	UNRESOLVED	No HIV field or accession-linked clinical table in public record	Illumina NovaSeq 6000	SINGLE	50	1279200892	13e81fb85087a73aecd1ceaf1dac39bd	ftp.sra.ebi.ac.uk/vol1/fastq/SRR247/076/SRR24784676/SRR24784676.fastq.gz	ZHONGNAN HOSPITAL, WUHAN UNIVERSITY	UNRESOLVED_AT_FILE_LEVEL	none	METADATA_ONLY
SRR24784675	SRX20557829	SAMN35536693	UNRESOLVED	N100018633_L01_22.fq.gz	L443	UNRESOLVED	No HIV field or accession-linked clinical table in public record	Illumina NovaSeq 6000	SINGLE	50	1610629144	d36c8e9da19f400a997f1318cdaa9e04	ftp.sra.ebi.ac.uk/vol1/fastq/SRR247/075/SRR24784675/SRR24784675.fastq.gz	ZHONGNAN HOSPITAL, WUHAN UNIVERSITY	UNRESOLVED_AT_FILE_LEVEL	none	METADATA_ONLY
SRR24784674	SRX20557830	SAMN35536694	UNRESOLVED	N100018633_L01_26.fq.gz	L444	UNRESOLVED	No HIV field or accession-linked clinical table in public record	Illumina NovaSeq 6000	SINGLE	50	672794573	d4c6f08a84f9ed7b543875d3fa766310	ftp.sra.ebi.ac.uk/vol1/fastq/SRR247/074/SRR24784674/SRR24784674.fastq.gz	ZHONGNAN HOSPITAL, WUHAN UNIVERSITY	UNRESOLVED_AT_FILE_LEVEL	none	METADATA_ONLY
SRR24784673	SRX20557831	SAMN35536695	UNRESOLVED	N100018633_L01_28.fq.gz	L445	UNRESOLVED	No HIV field or accession-linked clinical table in public record	Illumina NovaSeq 6000	SINGLE	50	835781895	56a2ba87d8b00418451f6a47f6f942d7	ftp.sra.ebi.ac.uk/vol1/fastq/SRR247/073/SRR24784673/SRR24784673.fastq.gz	ZHONGNAN HOSPITAL, WUHAN UNIVERSITY	UNRESOLVED_AT_FILE_LEVEL	none	METADATA_ONLY
SRR24784672	SRX20557832	SAMN35536696	UNRESOLVED	N100018637_L01_15.fq.gz	L446	UNRESOLVED	No HIV field or accession-linked clinical table in public record	Illumina NovaSeq 6000	SINGLE	50	542037592	fbea8b63784edca1650279e6e96fde79	ftp.sra.ebi.ac.uk/vol1/fastq/SRR247/072/SRR24784672/SRR24784672.fastq.gz	ZHONGNAN HOSPITAL, WUHAN UNIVERSITY	UNRESOLVED_AT_FILE_LEVEL	none	METADATA_ONLY
SRR24784671	SRX20557833	SAMN35536697	UNRESOLVED	N100018637_L01_16.fq.gz	L447	UNRESOLVED	No HIV field or accession-linked clinical table in public record	Illumina NovaSeq 6000	SINGLE	50	495012447	2638f14bee9d0ca42b07e16aebcbd9a4	ftp.sra.ebi.ac.uk/vol1/fastq/SRR247/071/SRR24784671/SRR24784671.fastq.gz	ZHONGNAN HOSPITAL, WUHAN UNIVERSITY	UNRESOLVED_AT_FILE_LEVEL	none	METADATA_ONLY
SRR24784670	SRX20557834	SAMN35536698	UNRESOLVED	N100018637_L01_17.fq.gz	L448	UNRESOLVED	No HIV field or accession-linked clinical table in public record	Illumina NovaSeq 6000	SINGLE	50	623443799	4d9ff53dde5a50ba82a7b83384a36261	ftp.sra.ebi.ac.uk/vol1/fastq/SRR247/070/SRR24784670/SRR24784670.fastq.gz	ZHONGNAN HOSPITAL, WUHAN UNIVERSITY	UNRESOLVED_AT_FILE_LEVEL	none	METADATA_ONLY
SRR24784669	SRX20557835	SAMN35536699	UNRESOLVED	N100018637_L01_20.fq.gz	L449	UNRESOLVED	No HIV field or accession-linked clinical table in public record	Illumina NovaSeq 6000	SINGLE	50	641111440	264875683368e72b91e2747ad2819a86	ftp.sra.ebi.ac.uk/vol1/fastq/SRR247/069/SRR24784669/SRR24784669.fastq.gz	ZHONGNAN HOSPITAL, WUHAN UNIVERSITY	UNRESOLVED_AT_FILE_LEVEL	none	METADATA_ONLY
SRR24784668	SRX20557836	SAMN35536700	UNRESOLVED	N100018637_L01_25.fq.gz	L450	UNRESOLVED	No HIV field or accession-linked clinical table in public record	Illumina NovaSeq 6000	SINGLE	50	938705380	557e9758133bce90fba647848bb3f785	ftp.sra.ebi.ac.uk/vol1/fastq/SRR247/068/SRR24784668/SRR24784668.fastq.gz	ZHONGNAN HOSPITAL, WUHAN UNIVERSITY	UNRESOLVED_AT_FILE_LEVEL	none	METADATA_ONLY
SRR24784666	SRX20557838	SAMN35536701	UNRESOLVED	N100018637_L01_29.fq.gz	L451	UNRESOLVED	No HIV field or accession-linked clinical table in public record	Illumina NovaSeq 6000	SINGLE	50	823081703	db8b9a9fbddd91b9271b41a1db9eaa93	ftp.sra.ebi.ac.uk/vol1/fastq/SRR247/066/SRR24784666/SRR24784666.fastq.gz	ZHONGNAN HOSPITAL, WUHAN UNIVERSITY	UNRESOLVED_AT_FILE_LEVEL	none	METADATA_ONLY
SRR24784665	SRX20557839	SAMN35536702	UNRESOLVED	N100018637_L01_31.fq.gz	L452	UNRESOLVED	No HIV field or accession-linked clinical table in public record	Illumina NovaSeq 6000	SINGLE	50	417076331	195640f7745f80ac243a001489edbc54	ftp.sra.ebi.ac.uk/vol1/fastq/SRR247/065/SRR24784665/SRR24784665.fastq.gz	ZHONGNAN HOSPITAL, WUHAN UNIVERSITY	UNRESOLVED_AT_FILE_LEVEL	none	METADATA_ONLY
SRR24784664	SRX20557840	SAMN35536703	UNRESOLVED	N100018663_L01_4.fq.gz	L453	UNRESOLVED	No HIV field or accession-linked clinical table in public record	Illumina NovaSeq 6000	SINGLE	50	723240542	c76498b00d737bf3e9f8e868448e42ba	ftp.sra.ebi.ac.uk/vol1/fastq/SRR247/064/SRR24784664/SRR24784664.fastq.gz	ZHONGNAN HOSPITAL, WUHAN UNIVERSITY	UNRESOLVED_AT_FILE_LEVEL	none	METADATA_ONLY
SRR24784663	SRX20557841	SAMN35536704	UNRESOLVED	N100018663_L01_5.fq.gz	L454	UNRESOLVED	No HIV field or accession-linked clinical table in public record	Illumina NovaSeq 6000	SINGLE	50	476067538	6a5753615701000c1ce4ddc92e3fa125	ftp.sra.ebi.ac.uk/vol1/fastq/SRR247/063/SRR24784663/SRR24784663.fastq.gz	ZHONGNAN HOSPITAL, WUHAN UNIVERSITY	UNRESOLVED_AT_FILE_LEVEL	none	METADATA_ONLY
SRR24784662	SRX20557842	SAMN35536705	UNRESOLVED	N100018663_L01_6.fq.gz	L455	UNRESOLVED	No HIV field or accession-linked clinical table in public record	Illumina NovaSeq 6000	SINGLE	50	906869544	950af613c9b779644d59298ebcb5fe1b	ftp.sra.ebi.ac.uk/vol1/fastq/SRR247/062/SRR24784662/SRR24784662.fastq.gz	ZHONGNAN HOSPITAL, WUHAN UNIVERSITY	UNRESOLVED_AT_FILE_LEVEL	none	METADATA_ONLY
SRR24784661	SRX20557843	SAMN35536706	UNRESOLVED	N100018663_L01_8.fq.gz	L456	UNRESOLVED	No HIV field or accession-linked clinical table in public record	Illumina NovaSeq 6000	SINGLE	50	807771410	34adc8f548a21961a6ab2b38d4d91d29	ftp.sra.ebi.ac.uk/vol1/fastq/SRR247/061/SRR24784661/SRR24784661.fastq.gz	ZHONGNAN HOSPITAL, WUHAN UNIVERSITY	UNRESOLVED_AT_FILE_LEVEL	none	METADATA_ONLY
SRR24784660	SRX20557844	SAMN35536707	UNRESOLVED	N100018696_L01_4.fq.gz	L457	UNRESOLVED	No HIV field or accession-linked clinical table in public record	Illumina NovaSeq 6000	SINGLE	50	1239741366	e90ea414c4249f3e2bbb3a5adeef54ed	ftp.sra.ebi.ac.uk/vol1/fastq/SRR247/060/SRR24784660/SRR24784660.fastq.gz	ZHONGNAN HOSPITAL, WUHAN UNIVERSITY	UNRESOLVED_AT_FILE_LEVEL	none	METADATA_ONLY
SRR24784659	SRX20557845	SAMN35536708	UNRESOLVED	N100018696_L01_5.fq.gz	L458	UNRESOLVED	No HIV field or accession-linked clinical table in public record	Illumina NovaSeq 6000	SINGLE	50	935648574	56c9341d3afbea3951c548c0ac1e36aa	ftp.sra.ebi.ac.uk/vol1/fastq/SRR247/059/SRR24784659/SRR24784659.fastq.gz	ZHONGNAN HOSPITAL, WUHAN UNIVERSITY	UNRESOLVED_AT_FILE_LEVEL	none	METADATA_ONLY
SRR24784658	SRX20557846	SAMN35536709	UNRESOLVED	N100018724_L01_29.fq.gz	L459	UNRESOLVED	No HIV field or accession-linked clinical table in public record	Illumina NovaSeq 6000	SINGLE	50	677440719	71b76604743731b2ca496389756a092b	ftp.sra.ebi.ac.uk/vol1/fastq/SRR247/058/SRR24784658/SRR24784658.fastq.gz	ZHONGNAN HOSPITAL, WUHAN UNIVERSITY	UNRESOLVED_AT_FILE_LEVEL	none	METADATA_ONLY
SRR24785231	SRX20557847	SAMN35536710	UNRESOLVED	N100018727_L01_6.fq.gz	L460	UNRESOLVED	No HIV field or accession-linked clinical table in public record	Illumina NovaSeq 6000	SINGLE	50	867180083	9e31beb63dcf0009b425f0e947642251	ftp.sra.ebi.ac.uk/vol1/fastq/SRR247/031/SRR24785231/SRR24785231.fastq.gz	ZHONGNAN HOSPITAL, WUHAN UNIVERSITY	UNRESOLVED_AT_FILE_LEVEL	none	METADATA_ONLY
SRR24785229	SRX20557993	SAMN35536711	UNRESOLVED	N100018727_L01_8.fq.gz	L461	UNRESOLVED	No HIV field or accession-linked clinical table in public record	Illumina NovaSeq 6000	SINGLE	50	490473912	b121d6e9cef88187f63bd46cec72dd4f	ftp.sra.ebi.ac.uk/vol1/fastq/SRR247/029/SRR24785229/SRR24785229.fastq.gz	ZHONGNAN HOSPITAL, WUHAN UNIVERSITY	UNRESOLVED_AT_FILE_LEVEL	none	METADATA_ONLY
SRR24785228	SRX20557994	SAMN35536712	UNRESOLVED	N100018732_L01_28.fq.gz	L462	UNRESOLVED	No HIV field or accession-linked clinical table in public record	Illumina NovaSeq 6000	SINGLE	50	957439561	2eba79654511d157a0c11cd7753f0e86	ftp.sra.ebi.ac.uk/vol1/fastq/SRR247/028/SRR24785228/SRR24785228.fastq.gz	ZHONGNAN HOSPITAL, WUHAN UNIVERSITY	UNRESOLVED_AT_FILE_LEVEL	none	METADATA_ONLY
SRR24785227	SRX20557995	SAMN35536713	UNRESOLVED	N100018732_L01_30.fq.gz	L463	UNRESOLVED	No HIV field or accession-linked clinical table in public record	Illumina NovaSeq 6000	SINGLE	50	1508236050	4bc4960029b4ab3fecb11ccd56bd7a3f	ftp.sra.ebi.ac.uk/vol1/fastq/SRR247/027/SRR24785227/SRR24785227.fastq.gz	ZHONGNAN HOSPITAL, WUHAN UNIVERSITY	UNRESOLVED_AT_FILE_LEVEL	none	METADATA_ONLY
SRR24785225	SRX20557997	SAMN35536715	UNRESOLVED	N100018732_L01_32.fq.gz	L465	UNRESOLVED	No HIV field or accession-linked clinical table in public record	Illumina NovaSeq 6000	SINGLE	50	1206270852	32d8de866494aa99804dbeb95c8a5ce3	ftp.sra.ebi.ac.uk/vol1/fastq/SRR247/025/SRR24785225/SRR24785225.fastq.gz	ZHONGNAN HOSPITAL, WUHAN UNIVERSITY	UNRESOLVED_AT_FILE_LEVEL	none	METADATA_ONLY
SRR24785226	SRX20557996	SAMN35536714	UNRESOLVED	N100018732_L01_7.fq.gz	L464	UNRESOLVED	No HIV field or accession-linked clinical table in public record	Illumina NovaSeq 6000	SINGLE	50	721726753	ad10a050270948e88036453036e47102	ftp.sra.ebi.ac.uk/vol1/fastq/SRR247/026/SRR24785226/SRR24785226.fastq.gz	ZHONGNAN HOSPITAL, WUHAN UNIVERSITY	UNRESOLVED_AT_FILE_LEVEL	none	METADATA_ONLY
SRR24785224	SRX20557998	SAMN35536716	UNRESOLVED	N100018733_L01_22.fq.gz	L466	UNRESOLVED	No HIV field or accession-linked clinical table in public record	Illumina NovaSeq 6000	SINGLE	50	1556119411	5ba2ccbbd74b15838f140d3be4634824	ftp.sra.ebi.ac.uk/vol1/fastq/SRR247/024/SRR24785224/SRR24785224.fastq.gz	ZHONGNAN HOSPITAL, WUHAN UNIVERSITY	UNRESOLVED_AT_FILE_LEVEL	none	METADATA_ONLY
SRR24785223	SRX20557999	SAMN35536717	UNRESOLVED	N100018734_L01_30.fq.gz	L467	UNRESOLVED	No HIV field or accession-linked clinical table in public record	Illumina NovaSeq 6000	SINGLE	50	708627145	e3b60975ac87bbad9de22b8f9cae2e2f	ftp.sra.ebi.ac.uk/vol1/fastq/SRR247/023/SRR24785223/SRR24785223.fastq.gz	ZHONGNAN HOSPITAL, WUHAN UNIVERSITY	UNRESOLVED_AT_FILE_LEVEL	none	METADATA_ONLY
SRR24785222	SRX20558000	SAMN35536718	UNRESOLVED	N100018747_L01_4.fq.gz	L468	UNRESOLVED	No HIV field or accession-linked clinical table in public record	Illumina NovaSeq 6000	SINGLE	50	494341219	884fbd5108ff05e12360b7b66b4b3b7e	ftp.sra.ebi.ac.uk/vol1/fastq/SRR247/022/SRR24785222/SRR24785222.fastq.gz	ZHONGNAN HOSPITAL, WUHAN UNIVERSITY	UNRESOLVED_AT_FILE_LEVEL	none	METADATA_ONLY
SRR24785221	SRX20558001	SAMN35536719	UNRESOLVED	N100018747_L01_5.fq.gz	L469	UNRESOLVED	No HIV field or accession-linked clinical table in public record	Illumina NovaSeq 6000	SINGLE	50	454788509	d2afa323acba025fdfc547bd52419f65	ftp.sra.ebi.ac.uk/vol1/fastq/SRR247/021/SRR24785221/SRR24785221.fastq.gz	ZHONGNAN HOSPITAL, WUHAN UNIVERSITY	UNRESOLVED_AT_FILE_LEVEL	none	METADATA_ONLY
SRR24785220	SRX20558002	SAMN35536720	UNRESOLVED	N100018747_L01_6.fq.gz	L470	UNRESOLVED	No HIV field or accession-linked clinical table in public record	Illumina NovaSeq 6000	SINGLE	50	1194978364	a80542739aa9b820652a8f3ef2429f96	ftp.sra.ebi.ac.uk/vol1/fastq/SRR247/020/SRR24785220/SRR24785220.fastq.gz	ZHONGNAN HOSPITAL, WUHAN UNIVERSITY	UNRESOLVED_AT_FILE_LEVEL	none	METADATA_ONLY
SRR24785218	SRX20558004	SAMN35536721	UNRESOLVED	N100018747_L01_8.fq.gz	L471	UNRESOLVED	No HIV field or accession-linked clinical table in public record	Illumina NovaSeq 6000	SINGLE	50	409380806	afd7e47ffc1665911f1311872cca2a24	ftp.sra.ebi.ac.uk/vol1/fastq/SRR247/018/SRR24785218/SRR24785218.fastq.gz	ZHONGNAN HOSPITAL, WUHAN UNIVERSITY	UNRESOLVED_AT_FILE_LEVEL	none	METADATA_ONLY
SRR24785217	SRX20558005	SAMN35536722	UNRESOLVED	N100018759_L01_2.fq.gz	L472	UNRESOLVED	No HIV field or accession-linked clinical table in public record	Illumina NovaSeq 6000	SINGLE	50	1093553751	515231bbcd76c30a03bd70e3796b35f8	ftp.sra.ebi.ac.uk/vol1/fastq/SRR247/017/SRR24785217/SRR24785217.fastq.gz	ZHONGNAN HOSPITAL, WUHAN UNIVERSITY	UNRESOLVED_AT_FILE_LEVEL	none	METADATA_ONLY
SRR24785216	SRX20558006	SAMN35536723	UNRESOLVED	N100018768_L01_2.fq.gz	L473	UNRESOLVED	No HIV field or accession-linked clinical table in public record	Illumina NovaSeq 6000	SINGLE	50	2014177396	d68fe5d8c8cb2f9b72799a294adc7841	ftp.sra.ebi.ac.uk/vol1/fastq/SRR247/016/SRR24785216/SRR24785216.fastq.gz	ZHONGNAN HOSPITAL, WUHAN UNIVERSITY	UNRESOLVED_AT_FILE_LEVEL	none	METADATA_ONLY
SRR24785215	SRX20558007	SAMN35536724	UNRESOLVED	N100018769_L01_30.fq.gz	L474	UNRESOLVED	No HIV field or accession-linked clinical table in public record	Illumina NovaSeq 6000	SINGLE	50	673287913	6c984c1d3c156586e7e89018924f4428	ftp.sra.ebi.ac.uk/vol1/fastq/SRR247/015/SRR24785215/SRR24785215.fastq.gz	ZHONGNAN HOSPITAL, WUHAN UNIVERSITY	UNRESOLVED_AT_FILE_LEVEL	none	METADATA_ONLY
SRR24785214	SRX20558008	SAMN35536725	UNRESOLVED	N100018769_L01_32.fq.gz	L475	UNRESOLVED	No HIV field or accession-linked clinical table in public record	Illumina NovaSeq 6000	SINGLE	50	604681267	9832c83e683b4674691f4bbc91e63afe	ftp.sra.ebi.ac.uk/vol1/fastq/SRR247/014/SRR24785214/SRR24785214.fastq.gz	ZHONGNAN HOSPITAL, WUHAN UNIVERSITY	UNRESOLVED_AT_FILE_LEVEL	none	METADATA_ONLY
SRR24785213	SRX20558009	SAMN35536726	UNRESOLVED	N100018769_L01_7.fq.gz	L476	UNRESOLVED	No HIV field or accession-linked clinical table in public record	Illumina NovaSeq 6000	SINGLE	50	487923848	c157347e766783803f0adb6cbd4b740d	ftp.sra.ebi.ac.uk/vol1/fastq/SRR247/013/SRR24785213/SRR24785213.fastq.gz	ZHONGNAN HOSPITAL, WUHAN UNIVERSITY	UNRESOLVED_AT_FILE_LEVEL	none	METADATA_ONLY
SRR24785212	SRX20558010	SAMN35536727	UNRESOLVED	N100018780_L01_5.fq.gz	L477	UNRESOLVED	No HIV field or accession-linked clinical table in public record	Illumina NovaSeq 6000	SINGLE	50	643369375	b20badca41e4eabab1fce188f78b7811	ftp.sra.ebi.ac.uk/vol1/fastq/SRR247/012/SRR24785212/SRR24785212.fastq.gz	ZHONGNAN HOSPITAL, WUHAN UNIVERSITY	UNRESOLVED_AT_FILE_LEVEL	none	METADATA_ONLY
SRR24785211	SRX20558011	SAMN35536728	UNRESOLVED	N100018812_L01_5.fq.gz	L478	UNRESOLVED	No HIV field or accession-linked clinical table in public record	Illumina NovaSeq 6000	SINGLE	50	1041433110	6dbedfcb3c5debcb8caeb6900371656f	ftp.sra.ebi.ac.uk/vol1/fastq/SRR247/011/SRR24785211/SRR24785211.fastq.gz	ZHONGNAN HOSPITAL, WUHAN UNIVERSITY	UNRESOLVED_AT_FILE_LEVEL	none	METADATA_ONLY
SRR24785210	SRX20558012	SAMN35536729	UNRESOLVED	N100018817_L01_17.fq.gz	L479	UNRESOLVED	No HIV field or accession-linked clinical table in public record	Illumina NovaSeq 6000	SINGLE	50	813984832	ccbbaf32a97847ceb56f532f2df3a454	ftp.sra.ebi.ac.uk/vol1/fastq/SRR247/010/SRR24785210/SRR24785210.fastq.gz	ZHONGNAN HOSPITAL, WUHAN UNIVERSITY	UNRESOLVED_AT_FILE_LEVEL	none	METADATA_ONLY
SRR24785209	SRX20558013	SAMN35536730	UNRESOLVED	N100018817_L01_25.fq.gz	L480	UNRESOLVED	No HIV field or accession-linked clinical table in public record	Illumina NovaSeq 6000	SINGLE	50	808819701	c8308de78082ff2d80127aacd25978b5	ftp.sra.ebi.ac.uk/vol1/fastq/SRR247/009/SRR24785209/SRR24785209.fastq.gz	ZHONGNAN HOSPITAL, WUHAN UNIVERSITY	UNRESOLVED_AT_FILE_LEVEL	none	METADATA_ONLY
SRR24785207	SRX20558015	SAMN35536731	UNRESOLVED	N100018817_L01_29.fq.gz	L481	UNRESOLVED	No HIV field or accession-linked clinical table in public record	Illumina NovaSeq 6000	SINGLE	50	890117984	5c066995292f68c93c14adc6d733cc28	ftp.sra.ebi.ac.uk/vol1/fastq/SRR247/007/SRR24785207/SRR24785207.fastq.gz	ZHONGNAN HOSPITAL, WUHAN UNIVERSITY	UNRESOLVED_AT_FILE_LEVEL	none	METADATA_ONLY
SRR24785206	SRX20558016	SAMN35536732	UNRESOLVED	N100018821_L01_22.fq.gz	L482	UNRESOLVED	No HIV field or accession-linked clinical table in public record	Illumina NovaSeq 6000	SINGLE	50	1127707686	7352b18d5ed81c1726080b6761650acc	ftp.sra.ebi.ac.uk/vol1/fastq/SRR247/006/SRR24785206/SRR24785206.fastq.gz	ZHONGNAN HOSPITAL, WUHAN UNIVERSITY	UNRESOLVED_AT_FILE_LEVEL	none	METADATA_ONLY
SRR24785205	SRX20558017	SAMN35536733	UNRESOLVED	N100018821_L01_26.fq.gz	L483	UNRESOLVED	No HIV field or accession-linked clinical table in public record	Illumina NovaSeq 6000	SINGLE	50	688418641	788fb7ab2afa2dce382b1950be2edcc7	ftp.sra.ebi.ac.uk/vol1/fastq/SRR247/005/SRR24785205/SRR24785205.fastq.gz	ZHONGNAN HOSPITAL, WUHAN UNIVERSITY	UNRESOLVED_AT_FILE_LEVEL	none	METADATA_ONLY
SRR24785204	SRX20558018	SAMN35536734	UNRESOLVED	N100018821_L01_28.fq.gz	L484	UNRESOLVED	No HIV field or accession-linked clinical table in public record	Illumina NovaSeq 6000	SINGLE	50	687554332	f3f46683e7ab895e903d73a95350ad26	ftp.sra.ebi.ac.uk/vol1/fastq/SRR247/004/SRR24785204/SRR24785204.fastq.gz	ZHONGNAN HOSPITAL, WUHAN UNIVERSITY	UNRESOLVED_AT_FILE_LEVEL	none	METADATA_ONLY
SRR24785203	SRX20558019	SAMN35536735	UNRESOLVED	N100018821_L01_30.fq.gz	L485	UNRESOLVED	No HIV field or accession-linked clinical table in public record	Illumina NovaSeq 6000	SINGLE	50	872528492	19a4b51cf74e13fcd1856babb6386f3b	ftp.sra.ebi.ac.uk/vol1/fastq/SRR247/003/SRR24785203/SRR24785203.fastq.gz	ZHONGNAN HOSPITAL, WUHAN UNIVERSITY	UNRESOLVED_AT_FILE_LEVEL	none	METADATA_ONLY
SRR24785202	SRX20558020	SAMN35536736	UNRESOLVED	N100018821_L01_32.fq.gz	L486	UNRESOLVED	No HIV field or accession-linked clinical table in public record	Illumina NovaSeq 6000	SINGLE	50	965386663	480c35d770a97c4762252913548298af	ftp.sra.ebi.ac.uk/vol1/fastq/SRR247/002/SRR24785202/SRR24785202.fastq.gz	ZHONGNAN HOSPITAL, WUHAN UNIVERSITY	UNRESOLVED_AT_FILE_LEVEL	none	METADATA_ONLY
SRR24785201	SRX20558021	SAMN35536737	UNRESOLVED	N100018826_L01_17.fq.gz	L487	UNRESOLVED	No HIV field or accession-linked clinical table in public record	Illumina NovaSeq 6000	SINGLE	50	854320057	4033d6238b77f59fe579c40d9904a8aa	ftp.sra.ebi.ac.uk/vol1/fastq/SRR247/001/SRR24785201/SRR24785201.fastq.gz	ZHONGNAN HOSPITAL, WUHAN UNIVERSITY	UNRESOLVED_AT_FILE_LEVEL	none	METADATA_ONLY
SRR24785200	SRX20558022	SAMN35536738	UNRESOLVED	N100018826_L01_20.fq.gz	L488	UNRESOLVED	No HIV field or accession-linked clinical table in public record	Illumina NovaSeq 6000	SINGLE	50	387102090	77ac9fd90929abd3901bfd1e53233b1f	ftp.sra.ebi.ac.uk/vol1/fastq/SRR247/000/SRR24785200/SRR24785200.fastq.gz	ZHONGNAN HOSPITAL, WUHAN UNIVERSITY	UNRESOLVED_AT_FILE_LEVEL	none	METADATA_ONLY
SRR24785199	SRX20558023	SAMN35536739	UNRESOLVED	N100018826_L01_25.fq.gz	L489	UNRESOLVED	No HIV field or accession-linked clinical table in public record	Illumina NovaSeq 6000	SINGLE	50	704829075	aeb44681d2e4b5691b1574b99e0fdb90	ftp.sra.ebi.ac.uk/vol1/fastq/SRR247/099/SRR24785199/SRR24785199.fastq.gz	ZHONGNAN HOSPITAL, WUHAN UNIVERSITY	UNRESOLVED_AT_FILE_LEVEL	none	METADATA_ONLY
SRR24785198	SRX20558024	SAMN35536740	UNRESOLVED	N100018830_L01_2.fq.gz	L490	UNRESOLVED	No HIV field or accession-linked clinical table in public record	Illumina NovaSeq 6000	SINGLE	50	1167751838	035aef156a2d9f891e18563da3d1e644	ftp.sra.ebi.ac.uk/vol1/fastq/SRR247/098/SRR24785198/SRR24785198.fastq.gz	ZHONGNAN HOSPITAL, WUHAN UNIVERSITY	UNRESOLVED_AT_FILE_LEVEL	none	METADATA_ONLY
SRR24785196	SRX20558026	SAMN35536741	UNRESOLVED	N100018830_L01_5.fq.gz	L491	UNRESOLVED	No HIV field or accession-linked clinical table in public record	Illumina NovaSeq 6000	SINGLE	50	837183783	56f40787dee15cd0510a7fd5cafaf93b	ftp.sra.ebi.ac.uk/vol1/fastq/SRR247/096/SRR24785196/SRR24785196.fastq.gz	ZHONGNAN HOSPITAL, WUHAN UNIVERSITY	UNRESOLVED_AT_FILE_LEVEL	none	METADATA_ONLY
SRR24785051	SRX20558027	SAMN35536742	UNRESOLVED	N100018832_L01_22.fq.gz	L492	UNRESOLVED	No HIV field or accession-linked clinical table in public record	Illumina NovaSeq 6000	SINGLE	50	1642833714	2dfe45e14b66b7448b098e4e727ca559	ftp.sra.ebi.ac.uk/vol1/fastq/SRR247/051/SRR24785051/SRR24785051.fastq.gz	ZHONGNAN HOSPITAL, WUHAN UNIVERSITY	UNRESOLVED_AT_FILE_LEVEL	none	METADATA_ONLY
SRR24785050	SRX20558172	SAMN35536743	UNRESOLVED	N100018832_L01_26.fq.gz	L493	UNRESOLVED	No HIV field or accession-linked clinical table in public record	Illumina NovaSeq 6000	SINGLE	50	450079947	1607ec99fab21427bd2eeceecfb3753c	ftp.sra.ebi.ac.uk/vol1/fastq/SRR247/050/SRR24785050/SRR24785050.fastq.gz	ZHONGNAN HOSPITAL, WUHAN UNIVERSITY	UNRESOLVED_AT_FILE_LEVEL	none	METADATA_ONLY
SRR24785048	SRX20558174	SAMN35536745	UNRESOLVED	N100018832_L01_28.fq.gz	L495	UNRESOLVED	No HIV field or accession-linked clinical table in public record	Illumina NovaSeq 6000	SINGLE	50	460653366	e651ac392552e73444ba046ae4f06e35	ftp.sra.ebi.ac.uk/vol1/fastq/SRR247/048/SRR24785048/SRR24785048.fastq.gz	ZHONGNAN HOSPITAL, WUHAN UNIVERSITY	UNRESOLVED_AT_FILE_LEVEL	none	METADATA_ONLY
SRR24785049	SRX20558173	SAMN35536744	UNRESOLVED	N100018832_L01_30.fq.gz	L494	UNRESOLVED	No HIV field or accession-linked clinical table in public record	Illumina NovaSeq 6000	SINGLE	50	830954498	f0e40cdcfeec8ba20a921c065fc54f5c	ftp.sra.ebi.ac.uk/vol1/fastq/SRR247/049/SRR24785049/SRR24785049.fastq.gz	ZHONGNAN HOSPITAL, WUHAN UNIVERSITY	UNRESOLVED_AT_FILE_LEVEL	none	METADATA_ONLY
SRR24785047	SRX20558175	SAMN35536746	UNRESOLVED	N100018844_L01_1.fq.gz	L496	UNRESOLVED	No HIV field or accession-linked clinical table in public record	Illumina NovaSeq 6000	SINGLE	50	1326448138	30a064fa3ac56761e13f2f30ca7c2635	ftp.sra.ebi.ac.uk/vol1/fastq/SRR247/047/SRR24785047/SRR24785047.fastq.gz	ZHONGNAN HOSPITAL, WUHAN UNIVERSITY	UNRESOLVED_AT_FILE_LEVEL	none	METADATA_ONLY
SRR24785045	SRX20558177	SAMN35536748	UNRESOLVED	N100018844_L01_2.fq.gz	L498	UNRESOLVED	No HIV field or accession-linked clinical table in public record	Illumina NovaSeq 6000	SINGLE	50	1657984447	a0bc7133377a1472f51e0415b4d9a690	ftp.sra.ebi.ac.uk/vol1/fastq/SRR247/045/SRR24785045/SRR24785045.fastq.gz	ZHONGNAN HOSPITAL, WUHAN UNIVERSITY	UNRESOLVED_AT_FILE_LEVEL	none	METADATA_ONLY
SRR24785046	SRX20558176	SAMN35536747	UNRESOLVED	N100018844_L01_4.fq.gz	L497	UNRESOLVED	No HIV field or accession-linked clinical table in public record	Illumina NovaSeq 6000	SINGLE	50	928203062	8a057cc11e57c61e9ecf8ca23281c814	ftp.sra.ebi.ac.uk/vol1/fastq/SRR247/046/SRR24785046/SRR24785046.fastq.gz	ZHONGNAN HOSPITAL, WUHAN UNIVERSITY	UNRESOLVED_AT_FILE_LEVEL	none	METADATA_ONLY
SRR24785044	SRX20558178	SAMN35536749	UNRESOLVED	N100018865_L01_30.fq.gz	L499	UNRESOLVED	No HIV field or accession-linked clinical table in public record	Illumina NovaSeq 6000	SINGLE	50	936211860	1e928e737f94cb5db964df59b21db241	ftp.sra.ebi.ac.uk/vol1/fastq/SRR247/044/SRR24785044/SRR24785044.fastq.gz	ZHONGNAN HOSPITAL, WUHAN UNIVERSITY	UNRESOLVED_AT_FILE_LEVEL	none	METADATA_ONLY
SRR24785043	SRX20558179	SAMN35536750	UNRESOLVED	N100018867_L01_1.fq.gz	L500	UNRESOLVED	No HIV field or accession-linked clinical table in public record	Illumina NovaSeq 6000	SINGLE	50	1468138690	2fa853f4dd4806949f816600c6b56aef	ftp.sra.ebi.ac.uk/vol1/fastq/SRR247/043/SRR24785043/SRR24785043.fastq.gz	ZHONGNAN HOSPITAL, WUHAN UNIVERSITY	UNRESOLVED_AT_FILE_LEVEL	none	METADATA_ONLY
SRR24785040	SRX20558182	SAMN35536751	UNRESOLVED	N100018869_L01_17.fq.gz	L501	UNRESOLVED	No HIV field or accession-linked clinical table in public record	Illumina NovaSeq 6000	SINGLE	50	1092576154	d7efb5d24bc8097fd8afa67a10aefdd3	ftp.sra.ebi.ac.uk/vol1/fastq/SRR247/040/SRR24785040/SRR24785040.fastq.gz	ZHONGNAN HOSPITAL, WUHAN UNIVERSITY	UNRESOLVED_AT_FILE_LEVEL	none	METADATA_ONLY
SRR24785039	SRX20558183	SAMN35536752	UNRESOLVED	N100018869_L01_20.fq.gz	L502	UNRESOLVED	No HIV field or accession-linked clinical table in public record	Illumina NovaSeq 6000	SINGLE	50	930499628	33a69d81469110cebc0fdf06e737e9ed	ftp.sra.ebi.ac.uk/vol1/fastq/SRR247/039/SRR24785039/SRR24785039.fastq.gz	ZHONGNAN HOSPITAL, WUHAN UNIVERSITY	UNRESOLVED_AT_FILE_LEVEL	none	METADATA_ONLY
SRR24785038	SRX20558184	SAMN35536753	UNRESOLVED	N100018869_L01_25.fq.gz	L503	UNRESOLVED	No HIV field or accession-linked clinical table in public record	Illumina NovaSeq 6000	SINGLE	50	1149949970	5b1c0849c191586a5047615a5a59e431	ftp.sra.ebi.ac.uk/vol1/fastq/SRR247/038/SRR24785038/SRR24785038.fastq.gz	ZHONGNAN HOSPITAL, WUHAN UNIVERSITY	UNRESOLVED_AT_FILE_LEVEL	none	METADATA_ONLY
SRR24785037	SRX20558185	SAMN35536754	UNRESOLVED	N100018869_L01_29.fq.gz	L504	UNRESOLVED	No HIV field or accession-linked clinical table in public record	Illumina NovaSeq 6000	SINGLE	50	960300191	a8493a622cc797b044c16198011bdad9	ftp.sra.ebi.ac.uk/vol1/fastq/SRR247/037/SRR24785037/SRR24785037.fastq.gz	ZHONGNAN HOSPITAL, WUHAN UNIVERSITY	UNRESOLVED_AT_FILE_LEVEL	none	METADATA_ONLY
SRR24785036	SRX20558186	SAMN35536755	UNRESOLVED	N100018925_L01_22.fq.gz	L505	UNRESOLVED	No HIV field or accession-linked clinical table in public record	Illumina NovaSeq 6000	SINGLE	50	622969609	848d79d8d05d7e9b72383a56d80d5847	ftp.sra.ebi.ac.uk/vol1/fastq/SRR247/036/SRR24785036/SRR24785036.fastq.gz	ZHONGNAN HOSPITAL, WUHAN UNIVERSITY	UNRESOLVED_AT_FILE_LEVEL	none	METADATA_ONLY
SRR24785035	SRX20558187	SAMN35536756	UNRESOLVED	N100018925_L01_26.fq.gz	L506	UNRESOLVED	No HIV field or accession-linked clinical table in public record	Illumina NovaSeq 6000	SINGLE	50	477037815	e0efd9370ec3beb3956ec2e8b7717ccb	ftp.sra.ebi.ac.uk/vol1/fastq/SRR247/035/SRR24785035/SRR24785035.fastq.gz	ZHONGNAN HOSPITAL, WUHAN UNIVERSITY	UNRESOLVED_AT_FILE_LEVEL	none	METADATA_ONLY
SRR24785034	SRX20558188	SAMN35536757	UNRESOLVED	N100018925_L01_28.fq.gz	L507	UNRESOLVED	No HIV field or accession-linked clinical table in public record	Illumina NovaSeq 6000	SINGLE	50	338106588	344ed5446d5c23b535d235eab47258ae	ftp.sra.ebi.ac.uk/vol1/fastq/SRR247/034/SRR24785034/SRR24785034.fastq.gz	ZHONGNAN HOSPITAL, WUHAN UNIVERSITY	UNRESOLVED_AT_FILE_LEVEL	none	METADATA_ONLY
SRR24785033	SRX20558189	SAMN35536758	UNRESOLVED	N100018925_L01_30.fq.gz	L508	UNRESOLVED	No HIV field or accession-linked clinical table in public record	Illumina NovaSeq 6000	SINGLE	50	650521065	208c885e6a1dea2daea6a75bfe3a013d	ftp.sra.ebi.ac.uk/vol1/fastq/SRR247/033/SRR24785033/SRR24785033.fastq.gz	ZHONGNAN HOSPITAL, WUHAN UNIVERSITY	UNRESOLVED_AT_FILE_LEVEL	none	METADATA_ONLY
SRR24785032	SRX20558190	SAMN35536759	UNRESOLVED	N100018928_L01_17.fq.gz	L509	UNRESOLVED	No HIV field or accession-linked clinical table in public record	Illumina NovaSeq 6000	SINGLE	50	566080394	54618b2cdedb03fd35f5fb20d9130d53	ftp.sra.ebi.ac.uk/vol1/fastq/SRR247/032/SRR24785032/SRR24785032.fastq.gz	ZHONGNAN HOSPITAL, WUHAN UNIVERSITY	UNRESOLVED_AT_FILE_LEVEL	none	METADATA_ONLY
SRR24785031	SRX20558191	SAMN35536760	UNRESOLVED	N100018928_L01_20.fq.gz	L510	UNRESOLVED	No HIV field or accession-linked clinical table in public record	Illumina NovaSeq 6000	SINGLE	50	730774152	b4a7503156e6c94b4e8a1328437e52b4	ftp.sra.ebi.ac.uk/vol1/fastq/SRR247/031/SRR24785031/SRR24785031.fastq.gz	ZHONGNAN HOSPITAL, WUHAN UNIVERSITY	UNRESOLVED_AT_FILE_LEVEL	none	METADATA_ONLY
SRR24785029	SRX20558193	SAMN35536761	UNRESOLVED	N100018928_L01_25.fq.gz	L511	UNRESOLVED	No HIV field or accession-linked clinical table in public record	Illumina NovaSeq 6000	SINGLE	50	672077297	a4f09d717d3c2c1bbcf92ef1a23a57bf	ftp.sra.ebi.ac.uk/vol1/fastq/SRR247/029/SRR24785029/SRR24785029.fastq.gz	ZHONGNAN HOSPITAL, WUHAN UNIVERSITY	UNRESOLVED_AT_FILE_LEVEL	none	METADATA_ONLY
SRR24785028	SRX20558194	SAMN35536762	UNRESOLVED	N100018928_L01_29.fq.gz	L512	UNRESOLVED	No HIV field or accession-linked clinical table in public record	Illumina NovaSeq 6000	SINGLE	50	740721860	8c739b14e2d7726a3b0de563db256b69	ftp.sra.ebi.ac.uk/vol1/fastq/SRR247/028/SRR24785028/SRR24785028.fastq.gz	ZHONGNAN HOSPITAL, WUHAN UNIVERSITY	UNRESOLVED_AT_FILE_LEVEL	none	METADATA_ONLY
SRR24785027	SRX20558195	SAMN35536763	UNRESOLVED	N100018929_L01_20.fq.gz	L513	UNRESOLVED	No HIV field or accession-linked clinical table in public record	Illumina NovaSeq 6000	SINGLE	50	555640907	7aad82013a2ce74fa5fc1d2dbf121d51	ftp.sra.ebi.ac.uk/vol1/fastq/SRR247/027/SRR24785027/SRR24785027.fastq.gz	ZHONGNAN HOSPITAL, WUHAN UNIVERSITY	UNRESOLVED_AT_FILE_LEVEL	none	METADATA_ONLY
SRR24785026	SRX20558196	SAMN35536764	UNRESOLVED	N100018933_L01_25.fq.gz	L514	UNRESOLVED	No HIV field or accession-linked clinical table in public record	Illumina NovaSeq 6000	SINGLE	50	1193922273	53aefa1be8c0a23e3cd7d5e8a765310c	ftp.sra.ebi.ac.uk/vol1/fastq/SRR247/026/SRR24785026/SRR24785026.fastq.gz	ZHONGNAN HOSPITAL, WUHAN UNIVERSITY	UNRESOLVED_AT_FILE_LEVEL	none	METADATA_ONLY
SRR24785025	SRX20558197	SAMN35536765	UNRESOLVED	N100018933_L01_29.fq.gz	L515	UNRESOLVED	No HIV field or accession-linked clinical table in public record	Illumina NovaSeq 6000	SINGLE	50	1037450557	a7e2160dd5334c511ba864cfca0ee75b	ftp.sra.ebi.ac.uk/vol1/fastq/SRR247/025/SRR24785025/SRR24785025.fastq.gz	ZHONGNAN HOSPITAL, WUHAN UNIVERSITY	UNRESOLVED_AT_FILE_LEVEL	none	METADATA_ONLY
SRR24785024	SRX20558198	SAMN35536766	UNRESOLVED	N100018936_L01_10.fq.gz	L516	UNRESOLVED	No HIV field or accession-linked clinical table in public record	Illumina NovaSeq 6000	SINGLE	50	707484668	fdbfbfdfac77e68953b990feadae24a5	ftp.sra.ebi.ac.uk/vol1/fastq/SRR247/024/SRR24785024/SRR24785024.fastq.gz	ZHONGNAN HOSPITAL, WUHAN UNIVERSITY	UNRESOLVED_AT_FILE_LEVEL	none	METADATA_ONLY
SRR24785023	SRX20558199	SAMN35536767	UNRESOLVED	N100018936_L01_11.fq.gz	L517	UNRESOLVED	No HIV field or accession-linked clinical table in public record	Illumina NovaSeq 6000	SINGLE	50	1307763379	8ef29882058dd1d0016abeff2c035b8a	ftp.sra.ebi.ac.uk/vol1/fastq/SRR247/023/SRR24785023/SRR24785023.fastq.gz	ZHONGNAN HOSPITAL, WUHAN UNIVERSITY	UNRESOLVED_AT_FILE_LEVEL	none	METADATA_ONLY
SRR24785022	SRX20558200	SAMN35536768	UNRESOLVED	N100018937_L01_28.fq.gz	L518	UNRESOLVED	No HIV field or accession-linked clinical table in public record	Illumina NovaSeq 6000	SINGLE	50	576280215	1f1a019e966d0ed574708367bc7602f1	ftp.sra.ebi.ac.uk/vol1/fastq/SRR247/022/SRR24785022/SRR24785022.fastq.gz	ZHONGNAN HOSPITAL, WUHAN UNIVERSITY	UNRESOLVED_AT_FILE_LEVEL	none	METADATA_ONLY
SRR24785021	SRX20558201	SAMN35536769	UNRESOLVED	N100018937_L01_30.fq.gz	L519	UNRESOLVED	No HIV field or accession-linked clinical table in public record	Illumina NovaSeq 6000	SINGLE	50	758394820	f3e40897d6988a5efe6ac6ae4b2e0d86	ftp.sra.ebi.ac.uk/vol1/fastq/SRR247/021/SRR24785021/SRR24785021.fastq.gz	ZHONGNAN HOSPITAL, WUHAN UNIVERSITY	UNRESOLVED_AT_FILE_LEVEL	none	METADATA_ONLY
SRR24785020	SRX20558202	SAMN35536770	UNRESOLVED	N100018937_L01_32.fq.gz	L520	UNRESOLVED	No HIV field or accession-linked clinical table in public record	Illumina NovaSeq 6000	SINGLE	50	950424037	bab078222a94fb562b2da93e6d82c199	ftp.sra.ebi.ac.uk/vol1/fastq/SRR247/020/SRR24785020/SRR24785020.fastq.gz	ZHONGNAN HOSPITAL, WUHAN UNIVERSITY	UNRESOLVED_AT_FILE_LEVEL	none	METADATA_ONLY
SRR24785018	SRX20558204	SAMN35536771	UNRESOLVED	N100019015_L01_26.fq.gz	L521	UNRESOLVED	No HIV field or accession-linked clinical table in public record	Illumina NovaSeq 6000	SINGLE	50	299977779	9c54a5ff090e58b2560297b6e543552d	ftp.sra.ebi.ac.uk/vol1/fastq/SRR247/018/SRR24785018/SRR24785018.fastq.gz	ZHONGNAN HOSPITAL, WUHAN UNIVERSITY	UNRESOLVED_AT_FILE_LEVEL	none	METADATA_ONLY
SRR24785017	SRX20558205	SAMN35536772	UNRESOLVED	N100019015_L01_28.fq.gz	L522	UNRESOLVED	No HIV field or accession-linked clinical table in public record	Illumina NovaSeq 6000	SINGLE	50	380447555	6801e1e2300c8d7b2a68b9062ce96a11	ftp.sra.ebi.ac.uk/vol1/fastq/SRR247/017/SRR24785017/SRR24785017.fastq.gz	ZHONGNAN HOSPITAL, WUHAN UNIVERSITY	UNRESOLVED_AT_FILE_LEVEL	none	METADATA_ONLY
SRR24785016	SRX20558206	SAMN35536773	UNRESOLVED	N100019015_L01_32.fq.gz	L523	UNRESOLVED	No HIV field or accession-linked clinical table in public record	Illumina NovaSeq 6000	SINGLE	50	401253261	4d912af728b6d015baa4013bce56acbe	ftp.sra.ebi.ac.uk/vol1/fastq/SRR247/016/SRR24785016/SRR24785016.fastq.gz	ZHONGNAN HOSPITAL, WUHAN UNIVERSITY	UNRESOLVED_AT_FILE_LEVEL	none	METADATA_ONLY
SRR24784730	SRX20558207	SAMN35536774	UNRESOLVED	N100019015_L01_7.fq.gz	L524	UNRESOLVED	No HIV field or accession-linked clinical table in public record	Illumina NovaSeq 6000	SINGLE	50	424144119	e390341036f6042b0651ffe9ec7fd56a	ftp.sra.ebi.ac.uk/vol1/fastq/SRR247/030/SRR24784730/SRR24784730.fastq.gz	ZHONGNAN HOSPITAL, WUHAN UNIVERSITY	UNRESOLVED_AT_FILE_LEVEL	none	METADATA_ONLY
SRR24784728	SRX20557776	SAMN35536775	UNRESOLVED	N100019033_L01_4.fq.gz	L525	UNRESOLVED	No HIV field or accession-linked clinical table in public record	Illumina NovaSeq 6000	SINGLE	50	956063176	b96e5d56f45a4cfc91fc975a0fff0ec3	ftp.sra.ebi.ac.uk/vol1/fastq/SRR247/028/SRR24784728/SRR24784728.fastq.gz	ZHONGNAN HOSPITAL, WUHAN UNIVERSITY	UNRESOLVED_AT_FILE_LEVEL	none	METADATA_ONLY
SRR24784727	SRX20557777	SAMN35536776	UNRESOLVED	N100019033_L01_5.fq.gz	L526	UNRESOLVED	No HIV field or accession-linked clinical table in public record	Illumina NovaSeq 6000	SINGLE	50	856490933	dca99c1465e72435e58d28df55c7b21a	ftp.sra.ebi.ac.uk/vol1/fastq/SRR247/027/SRR24784727/SRR24784727.fastq.gz	ZHONGNAN HOSPITAL, WUHAN UNIVERSITY	UNRESOLVED_AT_FILE_LEVEL	none	METADATA_ONLY
SRR24784726	SRX20557778	SAMN35536777	UNRESOLVED	N100019033_L01_6.fq.gz	L527	UNRESOLVED	No HIV field or accession-linked clinical table in public record	Illumina NovaSeq 6000	SINGLE	50	639117958	77fe11848a37f93fedc5c7565581ec79	ftp.sra.ebi.ac.uk/vol1/fastq/SRR247/026/SRR24784726/SRR24784726.fastq.gz	ZHONGNAN HOSPITAL, WUHAN UNIVERSITY	UNRESOLVED_AT_FILE_LEVEL	none	METADATA_ONLY
SRR24784721	SRX20557783	SAMN35536781	UNRESOLVED	N100019035_L01_10.fq.gz	L531	UNRESOLVED	No HIV field or accession-linked clinical table in public record	Illumina NovaSeq 6000	SINGLE	50	442258363	4ef13093c8f4fe355bdcbe96df8dd323	ftp.sra.ebi.ac.uk/vol1/fastq/SRR247/021/SRR24784721/SRR24784721.fastq.gz	ZHONGNAN HOSPITAL, WUHAN UNIVERSITY	UNRESOLVED_AT_FILE_LEVEL	none	METADATA_ONLY
SRR24784725	SRX20557779	SAMN35536778	UNRESOLVED	N100019035_L01_5.fq.gz	L528	UNRESOLVED	No HIV field or accession-linked clinical table in public record	Illumina NovaSeq 6000	SINGLE	50	407717998	4e0f970bbc9b107d016db46c285907f1	ftp.sra.ebi.ac.uk/vol1/fastq/SRR247/025/SRR24784725/SRR24784725.fastq.gz	ZHONGNAN HOSPITAL, WUHAN UNIVERSITY	UNRESOLVED_AT_FILE_LEVEL	none	METADATA_ONLY
SRR24784724	SRX20557780	SAMN35536779	UNRESOLVED	N100019035_L01_6.fq.gz	L529	UNRESOLVED	No HIV field or accession-linked clinical table in public record	Illumina NovaSeq 6000	SINGLE	50	1024298373	b3470d12bbb9018a4476ab8166e9ee48	ftp.sra.ebi.ac.uk/vol1/fastq/SRR247/024/SRR24784724/SRR24784724.fastq.gz	ZHONGNAN HOSPITAL, WUHAN UNIVERSITY	UNRESOLVED_AT_FILE_LEVEL	none	METADATA_ONLY
SRR24784723	SRX20557781	SAMN35536780	UNRESOLVED	N100019035_L01_8.fq.gz	L530	UNRESOLVED	No HIV field or accession-linked clinical table in public record	Illumina NovaSeq 6000	SINGLE	50	467621566	acd93e027105cb2f23fb45b55da96c41	ftp.sra.ebi.ac.uk/vol1/fastq/SRR247/023/SRR24784723/SRR24784723.fastq.gz	ZHONGNAN HOSPITAL, WUHAN UNIVERSITY	UNRESOLVED_AT_FILE_LEVEL	none	METADATA_ONLY
SRR24784720	SRX20557784	SAMN35536782	UNRESOLVED	N100019041_L01_10.fq.gz	L532	UNRESOLVED	No HIV field or accession-linked clinical table in public record	Illumina NovaSeq 6000	SINGLE	50	822361424	ba8370d8b0a1b9615e22157b2754200c	ftp.sra.ebi.ac.uk/vol1/fastq/SRR247/020/SRR24784720/SRR24784720.fastq.gz	ZHONGNAN HOSPITAL, WUHAN UNIVERSITY	UNRESOLVED_AT_FILE_LEVEL	none	METADATA_ONLY
SRR24784719	SRX20557785	SAMN35536783	UNRESOLVED	N100019045_L01_5.fq.gz	L533	UNRESOLVED	No HIV field or accession-linked clinical table in public record	Illumina NovaSeq 6000	SINGLE	50	649641498	7195899c208f8fcb8b14d295ed55fd43	ftp.sra.ebi.ac.uk/vol1/fastq/SRR247/019/SRR24784719/SRR24784719.fastq.gz	ZHONGNAN HOSPITAL, WUHAN UNIVERSITY	UNRESOLVED_AT_FILE_LEVEL	none	METADATA_ONLY
SRR24784718	SRX20557786	SAMN35536784	UNRESOLVED	N100019045_L01_6.fq.gz	L534	UNRESOLVED	No HIV field or accession-linked clinical table in public record	Illumina NovaSeq 6000	SINGLE	50	1183578500	500571de2af734dfe26fafa0919d8e52	ftp.sra.ebi.ac.uk/vol1/fastq/SRR247/018/SRR24784718/SRR24784718.fastq.gz	ZHONGNAN HOSPITAL, WUHAN UNIVERSITY	UNRESOLVED_AT_FILE_LEVEL	none	METADATA_ONLY
SRR24784717	SRX20557787	SAMN35536785	UNRESOLVED	N100019045_L01_8.fq.gz	L535	UNRESOLVED	No HIV field or accession-linked clinical table in public record	Illumina NovaSeq 6000	SINGLE	50	651349538	c854ccc981337fd1044a00d6a58a3a94	ftp.sra.ebi.ac.uk/vol1/fastq/SRR247/017/SRR24784717/SRR24784717.fastq.gz	ZHONGNAN HOSPITAL, WUHAN UNIVERSITY	UNRESOLVED_AT_FILE_LEVEL	none	METADATA_ONLY
SRR24784712	SRX20557792	SAMN35536790	UNRESOLVED	N100019093_L01_10.fq.gz	L540	UNRESOLVED	No HIV field or accession-linked clinical table in public record	Illumina NovaSeq 6000	SINGLE	50	638906991	27b651b42c5ec1efa3e8785eeaf85c7f	ftp.sra.ebi.ac.uk/vol1/fastq/SRR247/012/SRR24784712/SRR24784712.fastq.gz	ZHONGNAN HOSPITAL, WUHAN UNIVERSITY	UNRESOLVED_AT_FILE_LEVEL	none	METADATA_ONLY
SRR24784710	SRX20557794	SAMN35536791	UNRESOLVED	N100019093_L01_2.fq.gz	L541	UNRESOLVED	No HIV field or accession-linked clinical table in public record	Illumina NovaSeq 6000	SINGLE	50	1070104412	958ed770ac86b74cccd58838a8953def	ftp.sra.ebi.ac.uk/vol1/fastq/SRR247/010/SRR24784710/SRR24784710.fastq.gz	ZHONGNAN HOSPITAL, WUHAN UNIVERSITY	UNRESOLVED_AT_FILE_LEVEL	none	METADATA_ONLY
SRR24784716	SRX20557788	SAMN35536786	UNRESOLVED	N100019093_L01_4.fq.gz	L536	UNRESOLVED	No HIV field or accession-linked clinical table in public record	Illumina NovaSeq 6000	SINGLE	50	743791919	83e389d980190a510715c17e070f579b	ftp.sra.ebi.ac.uk/vol1/fastq/SRR247/016/SRR24784716/SRR24784716.fastq.gz	ZHONGNAN HOSPITAL, WUHAN UNIVERSITY	UNRESOLVED_AT_FILE_LEVEL	none	METADATA_ONLY
SRR24784715	SRX20557789	SAMN35536787	UNRESOLVED	N100019093_L01_5.fq.gz	L537	UNRESOLVED	No HIV field or accession-linked clinical table in public record	Illumina NovaSeq 6000	SINGLE	50	862636015	407ab28d4d4049e86ded97d41ec57324	ftp.sra.ebi.ac.uk/vol1/fastq/SRR247/015/SRR24784715/SRR24784715.fastq.gz	ZHONGNAN HOSPITAL, WUHAN UNIVERSITY	UNRESOLVED_AT_FILE_LEVEL	none	METADATA_ONLY
SRR24784714	SRX20557790	SAMN35536788	UNRESOLVED	N100019093_L01_6.fq.gz	L538	UNRESOLVED	No HIV field or accession-linked clinical table in public record	Illumina NovaSeq 6000	SINGLE	50	899008808	48574b4fd14220f747b5bb6d34e23fe2	ftp.sra.ebi.ac.uk/vol1/fastq/SRR247/014/SRR24784714/SRR24784714.fastq.gz	ZHONGNAN HOSPITAL, WUHAN UNIVERSITY	UNRESOLVED_AT_FILE_LEVEL	none	METADATA_ONLY
SRR24784713	SRX20557791	SAMN35536789	UNRESOLVED	N100019093_L01_8.fq.gz	L539	UNRESOLVED	No HIV field or accession-linked clinical table in public record	Illumina NovaSeq 6000	SINGLE	50	747256927	8b638887f30b24a49bdd8f005d003c3f	ftp.sra.ebi.ac.uk/vol1/fastq/SRR247/013/SRR24784713/SRR24784713.fastq.gz	ZHONGNAN HOSPITAL, WUHAN UNIVERSITY	UNRESOLVED_AT_FILE_LEVEL	none	METADATA_ONLY
SRR24784709	SRX20557795	SAMN35536792	UNRESOLVED	N100019099_L01_18.fq.gz	L542	UNRESOLVED	No HIV field or accession-linked clinical table in public record	Illumina NovaSeq 6000	SINGLE	50	542912602	6158b0e432455a7bb63a88abce9fc0e3	ftp.sra.ebi.ac.uk/vol1/fastq/SRR247/009/SRR24784709/SRR24784709.fastq.gz	ZHONGNAN HOSPITAL, WUHAN UNIVERSITY	UNRESOLVED_AT_FILE_LEVEL	none	METADATA_ONLY
SRR24784708	SRX20557796	SAMN35536793	UNRESOLVED	N100019099_L01_22.fq.gz	L543	UNRESOLVED	No HIV field or accession-linked clinical table in public record	Illumina NovaSeq 6000	SINGLE	50	788370672	656fc86f65797f17e1a6d5c912f0d0eb	ftp.sra.ebi.ac.uk/vol1/fastq/SRR247/008/SRR24784708/SRR24784708.fastq.gz	ZHONGNAN HOSPITAL, WUHAN UNIVERSITY	UNRESOLVED_AT_FILE_LEVEL	none	METADATA_ONLY
SRR24784707	SRX20557797	SAMN35536794	UNRESOLVED	N100019099_L01_26.fq.gz	L544	UNRESOLVED	No HIV field or accession-linked clinical table in public record	Illumina NovaSeq 6000	SINGLE	50	249080973	faed1d475a09cfb47d86c3ee7a0ab5e9	ftp.sra.ebi.ac.uk/vol1/fastq/SRR247/007/SRR24784707/SRR24784707.fastq.gz	ZHONGNAN HOSPITAL, WUHAN UNIVERSITY	UNRESOLVED_AT_FILE_LEVEL	none	METADATA_ONLY
SRR24784706	SRX20557798	SAMN35536795	UNRESOLVED	N100019099_L01_28.fq.gz	L545	UNRESOLVED	No HIV field or accession-linked clinical table in public record	Illumina NovaSeq 6000	SINGLE	50	495841350	202a0f66c307d6c4d4278dc9e22d66c8	ftp.sra.ebi.ac.uk/vol1/fastq/SRR247/006/SRR24784706/SRR24784706.fastq.gz	ZHONGNAN HOSPITAL, WUHAN UNIVERSITY	UNRESOLVED_AT_FILE_LEVEL	none	METADATA_ONLY
SRR24784705	SRX20557799	SAMN35536796	UNRESOLVED	N100019099_L01_30.fq.gz	L546	UNRESOLVED	No HIV field or accession-linked clinical table in public record	Illumina NovaSeq 6000	SINGLE	50	560889599	ad09d0c2c7268f968c79efb405911e59	ftp.sra.ebi.ac.uk/vol1/fastq/SRR247/005/SRR24784705/SRR24784705.fastq.gz	ZHONGNAN HOSPITAL, WUHAN UNIVERSITY	UNRESOLVED_AT_FILE_LEVEL	none	METADATA_ONLY
SRR24784704	SRX20557800	SAMN35536797	UNRESOLVED	N100019099_L01_32.fq.gz	L547	UNRESOLVED	No HIV field or accession-linked clinical table in public record	Illumina NovaSeq 6000	SINGLE	50	605626362	6f5d2b149caed27c58eb2f74bdc7c65d	ftp.sra.ebi.ac.uk/vol1/fastq/SRR247/004/SRR24784704/SRR24784704.fastq.gz	ZHONGNAN HOSPITAL, WUHAN UNIVERSITY	UNRESOLVED_AT_FILE_LEVEL	none	METADATA_ONLY
SRR24784703	SRX20557801	SAMN35536798	UNRESOLVED	N100019109_L01_28.fq.gz	L548	UNRESOLVED	No HIV field or accession-linked clinical table in public record	Illumina NovaSeq 6000	SINGLE	50	995399622	6bc4e2b834d34e28b913b6091510bd94	ftp.sra.ebi.ac.uk/vol1/fastq/SRR247/003/SRR24784703/SRR24784703.fastq.gz	ZHONGNAN HOSPITAL, WUHAN UNIVERSITY	UNRESOLVED_AT_FILE_LEVEL	none	METADATA_ONLY
SRR24784702	SRX20557802	SAMN35536799	UNRESOLVED	N100019109_L01_30.fq.gz	L549	UNRESOLVED	No HIV field or accession-linked clinical table in public record	Illumina NovaSeq 6000	SINGLE	50	726869307	8e777cf21f16ff04c5047811d2dde662	ftp.sra.ebi.ac.uk/vol1/fastq/SRR247/002/SRR24784702/SRR24784702.fastq.gz	ZHONGNAN HOSPITAL, WUHAN UNIVERSITY	UNRESOLVED_AT_FILE_LEVEL	none	METADATA_ONLY
SRR24784698	SRX20557806	SAMN35536802	UNRESOLVED	N100019110_L01_10.fq.gz	L552	UNRESOLVED	No HIV field or accession-linked clinical table in public record	Illumina NovaSeq 6000	SINGLE	50	658763611	3870e8a6cad1be50a282b52692ae84db	ftp.sra.ebi.ac.uk/vol1/fastq/SRR247/098/SRR24784698/SRR24784698.fastq.gz	ZHONGNAN HOSPITAL, WUHAN UNIVERSITY	UNRESOLVED_AT_FILE_LEVEL	none	METADATA_ONLY
SRR24784701	SRX20557803	SAMN35536800	UNRESOLVED	N100019110_L01_6.fq.gz	L550	UNRESOLVED	No HIV field or accession-linked clinical table in public record	Illumina NovaSeq 6000	SINGLE	50	671909624	75068dcada80cb85e55440c754913b3f	ftp.sra.ebi.ac.uk/vol1/fastq/SRR247/001/SRR24784701/SRR24784701.fastq.gz	ZHONGNAN HOSPITAL, WUHAN UNIVERSITY	UNRESOLVED_AT_FILE_LEVEL	none	METADATA_ONLY
SRR24784699	SRX20557805	SAMN35536801	UNRESOLVED	N100019110_L01_8.fq.gz	L551	UNRESOLVED	No HIV field or accession-linked clinical table in public record	Illumina NovaSeq 6000	SINGLE	50	535328358	0353f929f7b7e6c89ae7453e9111c865	ftp.sra.ebi.ac.uk/vol1/fastq/SRR247/099/SRR24784699/SRR24784699.fastq.gz	ZHONGNAN HOSPITAL, WUHAN UNIVERSITY	UNRESOLVED_AT_FILE_LEVEL	none	METADATA_ONLY
SRR24784697	SRX20557807	SAMN35536803	UNRESOLVED	N100019116_L01_2.fq.gz	L553	UNRESOLVED	No HIV field or accession-linked clinical table in public record	Illumina NovaSeq 6000	SINGLE	50	1094504916	dbed72745dde10b2b27c1cb1e11faacc	ftp.sra.ebi.ac.uk/vol1/fastq/SRR247/097/SRR24784697/SRR24784697.fastq.gz	ZHONGNAN HOSPITAL, WUHAN UNIVERSITY	UNRESOLVED_AT_FILE_LEVEL	none	METADATA_ONLY
SRR24784695	SRX20557809	SAMN35536805	UNRESOLVED	N100019116_L01_4.fq.gz	L555	UNRESOLVED	No HIV field or accession-linked clinical table in public record	Illumina NovaSeq 6000	SINGLE	50	1041730739	9f8055f99bc0889257690603bd95e89b	ftp.sra.ebi.ac.uk/vol1/fastq/SRR247/095/SRR24784695/SRR24784695.fastq.gz	ZHONGNAN HOSPITAL, WUHAN UNIVERSITY	UNRESOLVED_AT_FILE_LEVEL	none	METADATA_ONLY
SRR24784696	SRX20557808	SAMN35536804	UNRESOLVED	N100019116_L01_5.fq.gz	L554	UNRESOLVED	No HIV field or accession-linked clinical table in public record	Illumina NovaSeq 6000	SINGLE	50	1019627009	fe46e2077fa5230939a0e80a7ce8f713	ftp.sra.ebi.ac.uk/vol1/fastq/SRR247/096/SRR24784696/SRR24784696.fastq.gz	ZHONGNAN HOSPITAL, WUHAN UNIVERSITY	UNRESOLVED_AT_FILE_LEVEL	none	METADATA_ONLY
SRR24784694	SRX20557810	SAMN35536806	UNRESOLVED	N100019121_L01_15.fq.gz	L556	UNRESOLVED	No HIV field or accession-linked clinical table in public record	Illumina NovaSeq 6000	SINGLE	50	727154315	557127a7246e431ae8f79436385c6fd5	ftp.sra.ebi.ac.uk/vol1/fastq/SRR247/094/SRR24784694/SRR24784694.fastq.gz	ZHONGNAN HOSPITAL, WUHAN UNIVERSITY	UNRESOLVED_AT_FILE_LEVEL	none	METADATA_ONLY
SRR24785303	SRX20557811	SAMN35536807	UNRESOLVED	N100019121_L01_16.fq.gz	L557	UNRESOLVED	No HIV field or accession-linked clinical table in public record	Illumina NovaSeq 6000	SINGLE	50	480925890	2310df1aaac16b54827077489f039ef3	ftp.sra.ebi.ac.uk/vol1/fastq/SRR247/003/SRR24785303/SRR24785303.fastq.gz	ZHONGNAN HOSPITAL, WUHAN UNIVERSITY	UNRESOLVED_AT_FILE_LEVEL	none	METADATA_ONLY
SRR24785302	SRX20557920	SAMN35536808	UNRESOLVED	N100019121_L01_20.fq.gz	L558	UNRESOLVED	No HIV field or accession-linked clinical table in public record	Illumina NovaSeq 6000	SINGLE	50	481090505	691f215c1fd15cca3b9603fd68cf56c2	ftp.sra.ebi.ac.uk/vol1/fastq/SRR247/002/SRR24785302/SRR24785302.fastq.gz	ZHONGNAN HOSPITAL, WUHAN UNIVERSITY	UNRESOLVED_AT_FILE_LEVEL	none	METADATA_ONLY
SRR24785301	SRX20557921	SAMN35536809	UNRESOLVED	N100019121_L01_25.fq.gz	L559	UNRESOLVED	No HIV field or accession-linked clinical table in public record	Illumina NovaSeq 6000	SINGLE	50	702262928	b445d6a720117a065f61076adfaf27b1	ftp.sra.ebi.ac.uk/vol1/fastq/SRR247/001/SRR24785301/SRR24785301.fastq.gz	ZHONGNAN HOSPITAL, WUHAN UNIVERSITY	UNRESOLVED_AT_FILE_LEVEL	none	METADATA_ONLY
SRR24785300	SRX20557922	SAMN35536810	UNRESOLVED	N100019121_L01_29.fq.gz	L560	UNRESOLVED	No HIV field or accession-linked clinical table in public record	Illumina NovaSeq 6000	SINGLE	50	952811920	2f0b1dc95a9b45fe1a91c78e225449af	ftp.sra.ebi.ac.uk/vol1/fastq/SRR247/000/SRR24785300/SRR24785300.fastq.gz	ZHONGNAN HOSPITAL, WUHAN UNIVERSITY	UNRESOLVED_AT_FILE_LEVEL	none	METADATA_ONLY
SRR24785298	SRX20557924	SAMN35536811	UNRESOLVED	N100019121_L01_31.fq.gz	L561	UNRESOLVED	No HIV field or accession-linked clinical table in public record	Illumina NovaSeq 6000	SINGLE	50	350215786	723ca00cadcb3ab2c5f601a7d7eede40	ftp.sra.ebi.ac.uk/vol1/fastq/SRR247/098/SRR24785298/SRR24785298.fastq.gz	ZHONGNAN HOSPITAL, WUHAN UNIVERSITY	UNRESOLVED_AT_FILE_LEVEL	none	METADATA_ONLY
SRR24785297	SRX20557925	SAMN35536812	UNRESOLVED	N100019136_L01_30.fq.gz	L562	UNRESOLVED	No HIV field or accession-linked clinical table in public record	Illumina NovaSeq 6000	SINGLE	50	1132953911	fed0883786387867c0e95de8334f402b	ftp.sra.ebi.ac.uk/vol1/fastq/SRR247/097/SRR24785297/SRR24785297.fastq.gz	ZHONGNAN HOSPITAL, WUHAN UNIVERSITY	UNRESOLVED_AT_FILE_LEVEL	none	METADATA_ONLY
SRR24785296	SRX20557926	SAMN35536813	UNRESOLVED	N100019141_L01_2.fq.gz	L563	UNRESOLVED	No HIV field or accession-linked clinical table in public record	Illumina NovaSeq 6000	SINGLE	50	628694399	822de58eeb52ae428e92a9fe2bc9adf5	ftp.sra.ebi.ac.uk/vol1/fastq/SRR247/096/SRR24785296/SRR24785296.fastq.gz	ZHONGNAN HOSPITAL, WUHAN UNIVERSITY	UNRESOLVED_AT_FILE_LEVEL	none	METADATA_ONLY
SRR24785295	SRX20557927	SAMN35536814	UNRESOLVED	N100019141_L01_4.fq.gz	L564	UNRESOLVED	No HIV field or accession-linked clinical table in public record	Illumina NovaSeq 6000	SINGLE	50	483729858	9291990c5690333e1ca5acd0ddc4fd32	ftp.sra.ebi.ac.uk/vol1/fastq/SRR247/095/SRR24785295/SRR24785295.fastq.gz	ZHONGNAN HOSPITAL, WUHAN UNIVERSITY	UNRESOLVED_AT_FILE_LEVEL	none	METADATA_ONLY
SRR24785294	SRX20557928	SAMN35536815	UNRESOLVED	N100019141_L01_5.fq.gz	L565	UNRESOLVED	No HIV field or accession-linked clinical table in public record	Illumina NovaSeq 6000	SINGLE	50	586976797	e087aae283f5002036fb8aa901ba1f66	ftp.sra.ebi.ac.uk/vol1/fastq/SRR247/094/SRR24785294/SRR24785294.fastq.gz	ZHONGNAN HOSPITAL, WUHAN UNIVERSITY	UNRESOLVED_AT_FILE_LEVEL	none	METADATA_ONLY
SRR24785293	SRX20557929	SAMN35536816	UNRESOLVED	N100019141_L01_6.fq.gz	L566	UNRESOLVED	No HIV field or accession-linked clinical table in public record	Illumina NovaSeq 6000	SINGLE	50	884292093	c90a5594abc2a516db95fd5a0e14e4c9	ftp.sra.ebi.ac.uk/vol1/fastq/SRR247/093/SRR24785293/SRR24785293.fastq.gz	ZHONGNAN HOSPITAL, WUHAN UNIVERSITY	UNRESOLVED_AT_FILE_LEVEL	none	METADATA_ONLY
SRR24785292	SRX20557930	SAMN35536817	UNRESOLVED	N100019194_L01_1.fq.gz	L567	UNRESOLVED	No HIV field or accession-linked clinical table in public record	Illumina NovaSeq 6000	SINGLE	50	1041291799	f25f3c77c533b762fc56a99f92f0938f	ftp.sra.ebi.ac.uk/vol1/fastq/SRR247/092/SRR24785292/SRR24785292.fastq.gz	ZHONGNAN HOSPITAL, WUHAN UNIVERSITY	UNRESOLVED_AT_FILE_LEVEL	none	METADATA_ONLY
SRR24785291	SRX20557931	SAMN35536818	UNRESOLVED	N100019194_L01_2.fq.gz	L568	UNRESOLVED	No HIV field or accession-linked clinical table in public record	Illumina NovaSeq 6000	SINGLE	50	1325569693	815d56aded4a6afb67530c4422460a42	ftp.sra.ebi.ac.uk/vol1/fastq/SRR247/091/SRR24785291/SRR24785291.fastq.gz	ZHONGNAN HOSPITAL, WUHAN UNIVERSITY	UNRESOLVED_AT_FILE_LEVEL	none	METADATA_ONLY
SRR24785290	SRX20557932	SAMN35536819	UNRESOLVED	N100019194_L01_4.fq.gz	L569	UNRESOLVED	No HIV field or accession-linked clinical table in public record	Illumina NovaSeq 6000	SINGLE	50	1471819265	84cfb19180e045b5a8962849ae5858e6	ftp.sra.ebi.ac.uk/vol1/fastq/SRR247/090/SRR24785290/SRR24785290.fastq.gz	ZHONGNAN HOSPITAL, WUHAN UNIVERSITY	UNRESOLVED_AT_FILE_LEVEL	none	METADATA_ONLY
SRR24785289	SRX20557933	SAMN35536820	UNRESOLVED	N100019203_L01_20.fq.gz	L570	UNRESOLVED	No HIV field or accession-linked clinical table in public record	Illumina NovaSeq 6000	SINGLE	50	505807972	5f822e422882b9340a014421cb169f27	ftp.sra.ebi.ac.uk/vol1/fastq/SRR247/089/SRR24785289/SRR24785289.fastq.gz	ZHONGNAN HOSPITAL, WUHAN UNIVERSITY	UNRESOLVED_AT_FILE_LEVEL	none	METADATA_ONLY
SRR24785287	SRX20557935	SAMN35536821	UNRESOLVED	N100019203_L01_25.fq.gz	L571	UNRESOLVED	No HIV field or accession-linked clinical table in public record	Illumina NovaSeq 6000	SINGLE	50	901324924	635bbb9b9e13805e51c135af39dd6df0	ftp.sra.ebi.ac.uk/vol1/fastq/SRR247/087/SRR24785287/SRR24785287.fastq.gz	ZHONGNAN HOSPITAL, WUHAN UNIVERSITY	UNRESOLVED_AT_FILE_LEVEL	none	METADATA_ONLY
SRR24785286	SRX20557936	SAMN35536822	UNRESOLVED	N100019204_L01_29.fq.gz	L572	UNRESOLVED	No HIV field or accession-linked clinical table in public record	Illumina NovaSeq 6000	SINGLE	50	893175071	c1612b8a78eef7412f372edcd573b24e	ftp.sra.ebi.ac.uk/vol1/fastq/SRR247/086/SRR24785286/SRR24785286.fastq.gz	ZHONGNAN HOSPITAL, WUHAN UNIVERSITY	UNRESOLVED_AT_FILE_LEVEL	none	METADATA_ONLY
SRR24785285	SRX20557937	SAMN35536823	UNRESOLVED	N100019204_L01_31.fq.gz	L573	UNRESOLVED	No HIV field or accession-linked clinical table in public record	Illumina NovaSeq 6000	SINGLE	50	565431296	1fae0a659dab7dec92df7957c90e7e4f	ftp.sra.ebi.ac.uk/vol1/fastq/SRR247/085/SRR24785285/SRR24785285.fastq.gz	ZHONGNAN HOSPITAL, WUHAN UNIVERSITY	UNRESOLVED_AT_FILE_LEVEL	none	METADATA_ONLY
SRR24785284	SRX20557938	SAMN35536824	UNRESOLVED	N100019207_L01_28.fq.gz	L574	UNRESOLVED	No HIV field or accession-linked clinical table in public record	Illumina NovaSeq 6000	SINGLE	50	700702684	dfb399085e105d3f0644a7311939ad80	ftp.sra.ebi.ac.uk/vol1/fastq/SRR247/084/SRR24785284/SRR24785284.fastq.gz	ZHONGNAN HOSPITAL, WUHAN UNIVERSITY	UNRESOLVED_AT_FILE_LEVEL	none	METADATA_ONLY
SRR24785283	SRX20557939	SAMN35536825	UNRESOLVED	N100019207_L01_32.fq.gz	L575	UNRESOLVED	No HIV field or accession-linked clinical table in public record	Illumina NovaSeq 6000	SINGLE	50	756170950	bd4a28baf8b04a00ab4380b64915fd4e	ftp.sra.ebi.ac.uk/vol1/fastq/SRR247/083/SRR24785283/SRR24785283.fastq.gz	ZHONGNAN HOSPITAL, WUHAN UNIVERSITY	UNRESOLVED_AT_FILE_LEVEL	none	METADATA_ONLY
SRR24785282	SRX20557940	SAMN35536826	UNRESOLVED	N100019212_L01_25.fq.gz	L576	UNRESOLVED	No HIV field or accession-linked clinical table in public record	Illumina NovaSeq 6000	SINGLE	50	823185902	92db3fce2d97bd37acf31471c7767c62	ftp.sra.ebi.ac.uk/vol1/fastq/SRR247/082/SRR24785282/SRR24785282.fastq.gz	ZHONGNAN HOSPITAL, WUHAN UNIVERSITY	UNRESOLVED_AT_FILE_LEVEL	none	METADATA_ONLY
SRR24785281	SRX20557941	SAMN35536827	UNRESOLVED	N100019212_L01_29.fq.gz	L577	UNRESOLVED	No HIV field or accession-linked clinical table in public record	Illumina NovaSeq 6000	SINGLE	50	800433217	595821e9f291d740c388420ba7618f04	ftp.sra.ebi.ac.uk/vol1/fastq/SRR247/081/SRR24785281/SRR24785281.fastq.gz	ZHONGNAN HOSPITAL, WUHAN UNIVERSITY	UNRESOLVED_AT_FILE_LEVEL	none	METADATA_ONLY
SRR24785278	SRX20557944	SAMN35536830	UNRESOLVED	N100019217_L01_1.fq.gz	L580	UNRESOLVED	No HIV field or accession-linked clinical table in public record	Illumina NovaSeq 6000	SINGLE	50	862095956	4d49ac6e982806f8c573ec1ad9a0b09f	ftp.sra.ebi.ac.uk/vol1/fastq/SRR247/078/SRR24785278/SRR24785278.fastq.gz	ZHONGNAN HOSPITAL, WUHAN UNIVERSITY	UNRESOLVED_AT_FILE_LEVEL	none	METADATA_ONLY
SRR24785280	SRX20557942	SAMN35536828	UNRESOLVED	N100019217_L01_2.fq.gz	L578	UNRESOLVED	No HIV field or accession-linked clinical table in public record	Illumina NovaSeq 6000	SINGLE	50	944114492	4981c958337597247016955b65d6d361	ftp.sra.ebi.ac.uk/vol1/fastq/SRR247/080/SRR24785280/SRR24785280.fastq.gz	ZHONGNAN HOSPITAL, WUHAN UNIVERSITY	UNRESOLVED_AT_FILE_LEVEL	none	METADATA_ONLY
SRR24785279	SRX20557943	SAMN35536829	UNRESOLVED	N100019217_L01_4.fq.gz	L579	UNRESOLVED	No HIV field or accession-linked clinical table in public record	Illumina NovaSeq 6000	SINGLE	50	1062412523	280d4feaa53471e7917a21a8f6418847	ftp.sra.ebi.ac.uk/vol1/fastq/SRR247/079/SRR24785279/SRR24785279.fastq.gz	ZHONGNAN HOSPITAL, WUHAN UNIVERSITY	UNRESOLVED_AT_FILE_LEVEL	none	METADATA_ONLY
SRR24785274	SRX20557948	SAMN35536833	UNRESOLVED	N100019218_L01_2.fq.gz	L583	UNRESOLVED	No HIV field or accession-linked clinical table in public record	Illumina NovaSeq 6000	SINGLE	50	752489328	bd484c7c34a01e7734d3a60c85fff174	ftp.sra.ebi.ac.uk/vol1/fastq/SRR247/074/SRR24785274/SRR24785274.fastq.gz	ZHONGNAN HOSPITAL, WUHAN UNIVERSITY	UNRESOLVED_AT_FILE_LEVEL	none	METADATA_ONLY
SRR24785276	SRX20557946	SAMN35536831	UNRESOLVED	N100019218_L01_4.fq.gz	L581	UNRESOLVED	No HIV field or accession-linked clinical table in public record	Illumina NovaSeq 6000	SINGLE	50	776134806	6f37a6c94f0ab81c64c10bc7daeecc4e	ftp.sra.ebi.ac.uk/vol1/fastq/SRR247/076/SRR24785276/SRR24785276.fastq.gz	ZHONGNAN HOSPITAL, WUHAN UNIVERSITY	UNRESOLVED_AT_FILE_LEVEL	none	METADATA_ONLY
SRR24785273	SRX20557949	SAMN35536834	UNRESOLVED	N100019218_L01_6.fq.gz	L584	UNRESOLVED	No HIV field or accession-linked clinical table in public record	Illumina NovaSeq 6000	SINGLE	50	869318753	f172da4991bbfeb324937402ae420b04	ftp.sra.ebi.ac.uk/vol1/fastq/SRR247/073/SRR24785273/SRR24785273.fastq.gz	ZHONGNAN HOSPITAL, WUHAN UNIVERSITY	UNRESOLVED_AT_FILE_LEVEL	none	METADATA_ONLY
SRR24785275	SRX20557947	SAMN35536832	UNRESOLVED	N100019218_L01_8.fq.gz	L582	UNRESOLVED	No HIV field or accession-linked clinical table in public record	Illumina NovaSeq 6000	SINGLE	50	718635306	c4e5f80d605149e98f43e4bf9f7e3aa6	ftp.sra.ebi.ac.uk/vol1/fastq/SRR247/075/SRR24785275/SRR24785275.fastq.gz	ZHONGNAN HOSPITAL, WUHAN UNIVERSITY	UNRESOLVED_AT_FILE_LEVEL	none	METADATA_ONLY
SRR24785272	SRX20557950	SAMN35536835	UNRESOLVED	N100019226_L01_28.fq.gz	L585	UNRESOLVED	No HIV field or accession-linked clinical table in public record	Illumina NovaSeq 6000	SINGLE	50	755220943	26d5ab1fc49c10b86bccb76571704ea2	ftp.sra.ebi.ac.uk/vol1/fastq/SRR247/072/SRR24785272/SRR24785272.fastq.gz	ZHONGNAN HOSPITAL, WUHAN UNIVERSITY	UNRESOLVED_AT_FILE_LEVEL	none	METADATA_ONLY
SRR24785271	SRX20557951	SAMN35536836	UNRESOLVED	N100019226_L01_30.fq.gz	L586	UNRESOLVED	No HIV field or accession-linked clinical table in public record	Illumina NovaSeq 6000	SINGLE	50	794452572	ec7874e6a1168f0ea3abbada936e759c	ftp.sra.ebi.ac.uk/vol1/fastq/SRR247/071/SRR24785271/SRR24785271.fastq.gz	ZHONGNAN HOSPITAL, WUHAN UNIVERSITY	UNRESOLVED_AT_FILE_LEVEL	none	METADATA_ONLY
SRR24785270	SRX20557952	SAMN35536837	UNRESOLVED	N100019226_L01_32.fq.gz	L587	UNRESOLVED	No HIV field or accession-linked clinical table in public record	Illumina NovaSeq 6000	SINGLE	50	714404329	6f80045ed73f190da94c8b0e07c58ba4	ftp.sra.ebi.ac.uk/vol1/fastq/SRR247/070/SRR24785270/SRR24785270.fastq.gz	ZHONGNAN HOSPITAL, WUHAN UNIVERSITY	UNRESOLVED_AT_FILE_LEVEL	none	METADATA_ONLY
SRR24785269	SRX20557953	SAMN35536838	UNRESOLVED	N100019226_L01_7.fq.gz	L588	UNRESOLVED	No HIV field or accession-linked clinical table in public record	Illumina NovaSeq 6000	SINGLE	50	633981618	d9f5ef13de043b2e4a2a0f1ed316d92f	ftp.sra.ebi.ac.uk/vol1/fastq/SRR247/069/SRR24785269/SRR24785269.fastq.gz	ZHONGNAN HOSPITAL, WUHAN UNIVERSITY	UNRESOLVED_AT_FILE_LEVEL	none	METADATA_ONLY
SRR24785268	SRX20557954	SAMN35536839	UNRESOLVED	N100019228_L01_20.fq.gz	L589	UNRESOLVED	No HIV field or accession-linked clinical table in public record	Illumina NovaSeq 6000	SINGLE	50	665210986	7e0ab33d2518c370308e396c233dde93	ftp.sra.ebi.ac.uk/vol1/fastq/SRR247/068/SRR24785268/SRR24785268.fastq.gz	ZHONGNAN HOSPITAL, WUHAN UNIVERSITY	UNRESOLVED_AT_FILE_LEVEL	none	METADATA_ONLY
SRR24785267	SRX20557955	SAMN35536840	UNRESOLVED	N100019228_L01_25.fq.gz	L590	UNRESOLVED	No HIV field or accession-linked clinical table in public record	Illumina NovaSeq 6000	SINGLE	50	581180122	11127a6ffe6347184288c5750f63a70b	ftp.sra.ebi.ac.uk/vol1/fastq/SRR247/067/SRR24785267/SRR24785267.fastq.gz	ZHONGNAN HOSPITAL, WUHAN UNIVERSITY	UNRESOLVED_AT_FILE_LEVEL	none	METADATA_ONLY
SRR24785265	SRX20557957	SAMN35536841	UNRESOLVED	N100019228_L01_29.fq.gz	L591	UNRESOLVED	No HIV field or accession-linked clinical table in public record	Illumina NovaSeq 6000	SINGLE	50	671005708	ab5a30de38fe7e5161db03b8c4d4633b	ftp.sra.ebi.ac.uk/vol1/fastq/SRR247/065/SRR24785265/SRR24785265.fastq.gz	ZHONGNAN HOSPITAL, WUHAN UNIVERSITY	UNRESOLVED_AT_FILE_LEVEL	none	METADATA_ONLY
SRR24785264	SRX20557958	SAMN35536842	UNRESOLVED	N100019228_L01_31.fq.gz	L592	UNRESOLVED	No HIV field or accession-linked clinical table in public record	Illumina NovaSeq 6000	SINGLE	50	451546769	8cce373fd49d4184621368b375565501	ftp.sra.ebi.ac.uk/vol1/fastq/SRR247/064/SRR24785264/SRR24785264.fastq.gz	ZHONGNAN HOSPITAL, WUHAN UNIVERSITY	UNRESOLVED_AT_FILE_LEVEL	none	METADATA_ONLY
SRR24785263	SRX20557959	SAMN35536843	UNRESOLVED	N100019232_L01_22.fq.gz	L593	UNRESOLVED	No HIV field or accession-linked clinical table in public record	Illumina NovaSeq 6000	SINGLE	50	1149787673	158cbf56d7f35344486334300d0e0af0	ftp.sra.ebi.ac.uk/vol1/fastq/SRR247/063/SRR24785263/SRR24785263.fastq.gz	ZHONGNAN HOSPITAL, WUHAN UNIVERSITY	UNRESOLVED_AT_FILE_LEVEL	none	METADATA_ONLY
SRR24785262	SRX20557960	SAMN35536844	UNRESOLVED	N100019232_L01_26.fq.gz	L594	UNRESOLVED	No HIV field or accession-linked clinical table in public record	Illumina NovaSeq 6000	SINGLE	50	773076470	f3be4a731358f3c981808071b38f1c1d	ftp.sra.ebi.ac.uk/vol1/fastq/SRR247/062/SRR24785262/SRR24785262.fastq.gz	ZHONGNAN HOSPITAL, WUHAN UNIVERSITY	UNRESOLVED_AT_FILE_LEVEL	none	METADATA_ONLY
SRR24785256	SRX20557966	SAMN35536850	UNRESOLVED	N100019243_L01_10.fq.gz	L600	UNRESOLVED	No HIV field or accession-linked clinical table in public record	Illumina NovaSeq 6000	SINGLE	50	536911734	ef6aef66418eafc03543af1cc1c450ea	ftp.sra.ebi.ac.uk/vol1/fastq/SRR247/056/SRR24785256/SRR24785256.fastq.gz	ZHONGNAN HOSPITAL, WUHAN UNIVERSITY	UNRESOLVED_AT_FILE_LEVEL	none	METADATA_ONLY
SRR24785253	SRX20557969	SAMN35536851	UNRESOLVED	N100019243_L01_11.fq.gz	L601	UNRESOLVED	No HIV field or accession-linked clinical table in public record	Illumina NovaSeq 6000	SINGLE	50	648496103	81fa7be352cedb4168e776e1908d2df6	ftp.sra.ebi.ac.uk/vol1/fastq/SRR247/053/SRR24785253/SRR24785253.fastq.gz	ZHONGNAN HOSPITAL, WUHAN UNIVERSITY	UNRESOLVED_AT_FILE_LEVEL	none	METADATA_ONLY
SRR24785261	SRX20557961	SAMN35536845	UNRESOLVED	N100019243_L01_2.fq.gz	L595	UNRESOLVED	No HIV field or accession-linked clinical table in public record	Illumina NovaSeq 6000	SINGLE	50	890834952	e4f6e7585071aaed43a28814065de03a	ftp.sra.ebi.ac.uk/vol1/fastq/SRR247/061/SRR24785261/SRR24785261.fastq.gz	ZHONGNAN HOSPITAL, WUHAN UNIVERSITY	UNRESOLVED_AT_FILE_LEVEL	none	METADATA_ONLY
SRR24785260	SRX20557962	SAMN35536846	UNRESOLVED	N100019243_L01_4.fq.gz	L596	UNRESOLVED	No HIV field or accession-linked clinical table in public record	Illumina NovaSeq 6000	SINGLE	50	816143509	7fcaa17a55533a946f7a8c61be2221d5	ftp.sra.ebi.ac.uk/vol1/fastq/SRR247/060/SRR24785260/SRR24785260.fastq.gz	ZHONGNAN HOSPITAL, WUHAN UNIVERSITY	UNRESOLVED_AT_FILE_LEVEL	none	METADATA_ONLY
SRR24785259	SRX20557963	SAMN35536847	UNRESOLVED	N100019243_L01_5.fq.gz	L597	UNRESOLVED	No HIV field or accession-linked clinical table in public record	Illumina NovaSeq 6000	SINGLE	50	337492935	34a8dd8cbfba2c2e2151aeae4aee24eb	ftp.sra.ebi.ac.uk/vol1/fastq/SRR247/059/SRR24785259/SRR24785259.fastq.gz	ZHONGNAN HOSPITAL, WUHAN UNIVERSITY	UNRESOLVED_AT_FILE_LEVEL	none	METADATA_ONLY
SRR24785258	SRX20557964	SAMN35536848	UNRESOLVED	N100019243_L01_6.fq.gz	L598	UNRESOLVED	No HIV field or accession-linked clinical table in public record	Illumina NovaSeq 6000	SINGLE	50	606604051	171de18b973139e46cd6eb012cdcbb80	ftp.sra.ebi.ac.uk/vol1/fastq/SRR247/058/SRR24785258/SRR24785258.fastq.gz	ZHONGNAN HOSPITAL, WUHAN UNIVERSITY	UNRESOLVED_AT_FILE_LEVEL	none	METADATA_ONLY
SRR24785257	SRX20557965	SAMN35536849	UNRESOLVED	N100019243_L01_8.fq.gz	L599	UNRESOLVED	No HIV field or accession-linked clinical table in public record	Illumina NovaSeq 6000	SINGLE	50	447180925	72f80b6f734e627eade3f0c887011d66	ftp.sra.ebi.ac.uk/vol1/fastq/SRR247/057/SRR24785257/SRR24785257.fastq.gz	ZHONGNAN HOSPITAL, WUHAN UNIVERSITY	UNRESOLVED_AT_FILE_LEVEL	none	METADATA_ONLY
SRR24785252	SRX20557970	SAMN35536852	UNRESOLVED	N100019244_L01_25.fq.gz	L602	UNRESOLVED	No HIV field or accession-linked clinical table in public record	Illumina NovaSeq 6000	SINGLE	50	659984860	3a5984dff9170025cbfd9b42475cf123	ftp.sra.ebi.ac.uk/vol1/fastq/SRR247/052/SRR24785252/SRR24785252.fastq.gz	ZHONGNAN HOSPITAL, WUHAN UNIVERSITY	UNRESOLVED_AT_FILE_LEVEL	none	METADATA_ONLY
SRR24785251	SRX20557971	SAMN35536853	UNRESOLVED	N100019244_L01_29.fq.gz	L603	UNRESOLVED	No HIV field or accession-linked clinical table in public record	Illumina NovaSeq 6000	SINGLE	50	1049054843	4491cc7805f6d323d43589114ac40d21	ftp.sra.ebi.ac.uk/vol1/fastq/SRR247/051/SRR24785251/SRR24785251.fastq.gz	ZHONGNAN HOSPITAL, WUHAN UNIVERSITY	UNRESOLVED_AT_FILE_LEVEL	none	METADATA_ONLY
SRR24785250	SRX20557972	SAMN35536854	UNRESOLVED	N100019246_L01_25.fq.gz	L604	UNRESOLVED	No HIV field or accession-linked clinical table in public record	Illumina NovaSeq 6000	SINGLE	50	735582018	0ad71dd4e002750b8da5651e6365edb5	ftp.sra.ebi.ac.uk/vol1/fastq/SRR247/050/SRR24785250/SRR24785250.fastq.gz	ZHONGNAN HOSPITAL, WUHAN UNIVERSITY	UNRESOLVED_AT_FILE_LEVEL	none	METADATA_ONLY
SRR24785249	SRX20557973	SAMN35536855	UNRESOLVED	N100019251_L01_11.fq.gz	L605	UNRESOLVED	No HIV field or accession-linked clinical table in public record	Illumina NovaSeq 6000	SINGLE	50	900698500	1c64fcc7440450329e3a31c7290ee89f	ftp.sra.ebi.ac.uk/vol1/fastq/SRR247/049/SRR24785249/SRR24785249.fastq.gz	ZHONGNAN HOSPITAL, WUHAN UNIVERSITY	UNRESOLVED_AT_FILE_LEVEL	none	METADATA_ONLY
SRR24785248	SRX20557974	SAMN35536856	UNRESOLVED	N100019251_L01_25.fq.gz	L606	UNRESOLVED	No HIV field or accession-linked clinical table in public record	Illumina NovaSeq 6000	SINGLE	50	546609740	5d02be4260170c9d17d2e9e3d7772436	ftp.sra.ebi.ac.uk/vol1/fastq/SRR247/048/SRR24785248/SRR24785248.fastq.gz	ZHONGNAN HOSPITAL, WUHAN UNIVERSITY	UNRESOLVED_AT_FILE_LEVEL	none	METADATA_ONLY
SRR24785247	SRX20557975	SAMN35536857	UNRESOLVED	N100019258_L01_30.fq.gz	L607	UNRESOLVED	No HIV field or accession-linked clinical table in public record	Illumina NovaSeq 6000	SINGLE	50	911683967	0aeabd5a0fe738e850161ae09aeabdcd	ftp.sra.ebi.ac.uk/vol1/fastq/SRR247/047/SRR24785247/SRR24785247.fastq.gz	ZHONGNAN HOSPITAL, WUHAN UNIVERSITY	UNRESOLVED_AT_FILE_LEVEL	none	METADATA_ONLY
SRR24785246	SRX20557976	SAMN35536858	UNRESOLVED	N100019258_L01_32.fq.gz	L608	UNRESOLVED	No HIV field or accession-linked clinical table in public record	Illumina NovaSeq 6000	SINGLE	50	399675323	99b045bc18290d2ed3ca9521c1767034	ftp.sra.ebi.ac.uk/vol1/fastq/SRR247/046/SRR24785246/SRR24785246.fastq.gz	ZHONGNAN HOSPITAL, WUHAN UNIVERSITY	UNRESOLVED_AT_FILE_LEVEL	none	METADATA_ONLY
SRR24785242	SRX20557980	SAMN35536861	UNRESOLVED	N100019260_L01_10.fq.gz	L611	UNRESOLVED	No HIV field or accession-linked clinical table in public record	Illumina NovaSeq 6000	SINGLE	50	508500939	c90dc8fe31f7e7443b0ab3f305fb0ffb	ftp.sra.ebi.ac.uk/vol1/fastq/SRR247/042/SRR24785242/SRR24785242.fastq.gz	ZHONGNAN HOSPITAL, WUHAN UNIVERSITY	UNRESOLVED_AT_FILE_LEVEL	none	METADATA_ONLY
SRR24785245	SRX20557977	SAMN35536859	UNRESOLVED	N100019260_L01_5.fq.gz	L609	UNRESOLVED	No HIV field or accession-linked clinical table in public record	Illumina NovaSeq 6000	SINGLE	50	571724532	f4f7f545a8c973bb32a7eb8964f35a4d	ftp.sra.ebi.ac.uk/vol1/fastq/SRR247/045/SRR24785245/SRR24785245.fastq.gz	ZHONGNAN HOSPITAL, WUHAN UNIVERSITY	UNRESOLVED_AT_FILE_LEVEL	none	METADATA_ONLY
SRR24785244	SRX20557978	SAMN35536860	UNRESOLVED	N100019260_L01_6.fq.gz	L610	UNRESOLVED	No HIV field or accession-linked clinical table in public record	Illumina NovaSeq 6000	SINGLE	50	575414525	d925f97564765585fa2d4e364f6c4f7f	ftp.sra.ebi.ac.uk/vol1/fastq/SRR247/044/SRR24785244/SRR24785244.fastq.gz	ZHONGNAN HOSPITAL, WUHAN UNIVERSITY	UNRESOLVED_AT_FILE_LEVEL	none	METADATA_ONLY
SRR24785241	SRX20557981	SAMN35536862	UNRESOLVED	N100019260_L01_8.fq.gz	L612	UNRESOLVED	No HIV field or accession-linked clinical table in public record	Illumina NovaSeq 6000	SINGLE	50	469926026	fa14e8168e09a48b2ea155fc1018b6f2	ftp.sra.ebi.ac.uk/vol1/fastq/SRR247/041/SRR24785241/SRR24785241.fastq.gz	ZHONGNAN HOSPITAL, WUHAN UNIVERSITY	UNRESOLVED_AT_FILE_LEVEL	none	METADATA_ONLY
SRR24785240	SRX20557982	SAMN35536863	UNRESOLVED	N100019272_L01_1.fq.gz	L613	UNRESOLVED	No HIV field or accession-linked clinical table in public record	Illumina NovaSeq 6000	SINGLE	50	551126344	b610496c09dbb4b6f743171d8003d3c7	ftp.sra.ebi.ac.uk/vol1/fastq/SRR247/040/SRR24785240/SRR24785240.fastq.gz	ZHONGNAN HOSPITAL, WUHAN UNIVERSITY	UNRESOLVED_AT_FILE_LEVEL	none	METADATA_ONLY
SRR24785239	SRX20557983	SAMN35536864	UNRESOLVED	N100019272_L01_2.fq.gz	L614	UNRESOLVED	No HIV field or accession-linked clinical table in public record	Illumina NovaSeq 6000	SINGLE	50	659314545	ffb5a1d1a26afff11de847bc7806988d	ftp.sra.ebi.ac.uk/vol1/fastq/SRR247/039/SRR24785239/SRR24785239.fastq.gz	ZHONGNAN HOSPITAL, WUHAN UNIVERSITY	UNRESOLVED_AT_FILE_LEVEL	none	METADATA_ONLY
SRR24785238	SRX20557984	SAMN35536865	UNRESOLVED	N100019272_L01_4.fq.gz	L615	UNRESOLVED	No HIV field or accession-linked clinical table in public record	Illumina NovaSeq 6000	SINGLE	50	768606571	61103d1f5e1bba78819e7343245bf87f	ftp.sra.ebi.ac.uk/vol1/fastq/SRR247/038/SRR24785238/SRR24785238.fastq.gz	ZHONGNAN HOSPITAL, WUHAN UNIVERSITY	UNRESOLVED_AT_FILE_LEVEL	none	METADATA_ONLY
SRR24785237	SRX20557985	SAMN35536866	UNRESOLVED	N100019272_L01_5.fq.gz	L616	UNRESOLVED	No HIV field or accession-linked clinical table in public record	Illumina NovaSeq 6000	SINGLE	50	470829238	5f923b87add07a1f0ff17646785cd30b	ftp.sra.ebi.ac.uk/vol1/fastq/SRR247/037/SRR24785237/SRR24785237.fastq.gz	ZHONGNAN HOSPITAL, WUHAN UNIVERSITY	UNRESOLVED_AT_FILE_LEVEL	none	METADATA_ONLY
SRR24785236	SRX20557986	SAMN35536867	UNRESOLVED	N100019272_L01_6.fq.gz	L617	UNRESOLVED	No HIV field or accession-linked clinical table in public record	Illumina NovaSeq 6000	SINGLE	50	719160095	1bf0b1181043abe86e45267df5b035f6	ftp.sra.ebi.ac.uk/vol1/fastq/SRR247/036/SRR24785236/SRR24785236.fastq.gz	ZHONGNAN HOSPITAL, WUHAN UNIVERSITY	UNRESOLVED_AT_FILE_LEVEL	none	METADATA_ONLY
SRR24785235	SRX20557987	SAMN35536868	UNRESOLVED	N100019272_L01_8.fq.gz	L618	UNRESOLVED	No HIV field or accession-linked clinical table in public record	Illumina NovaSeq 6000	SINGLE	50	542751494	69ab8448b38d666ce8aa232af6199bb5	ftp.sra.ebi.ac.uk/vol1/fastq/SRR247/035/SRR24785235/SRR24785235.fastq.gz	ZHONGNAN HOSPITAL, WUHAN UNIVERSITY	UNRESOLVED_AT_FILE_LEVEL	none	METADATA_ONLY
SRR24785234	SRX20557988	SAMN35536869	UNRESOLVED	N100019293_L01_8.fq.gz	L619	UNRESOLVED	No HIV field or accession-linked clinical table in public record	Illumina NovaSeq 6000	SINGLE	50	624390819	f62f548d6e03105d96f2d7d14e311b09	ftp.sra.ebi.ac.uk/vol1/fastq/SRR247/034/SRR24785234/SRR24785234.fastq.gz	ZHONGNAN HOSPITAL, WUHAN UNIVERSITY	UNRESOLVED_AT_FILE_LEVEL	none	METADATA_ONLY
SRR24785233	SRX20557989	SAMN35536870	UNRESOLVED	N100019304_L01_22.fq.gz	L620	UNRESOLVED	No HIV field or accession-linked clinical table in public record	Illumina NovaSeq 6000	SINGLE	50	970945140	2a1c1af7dd585b032c8ab2a465f15e06	ftp.sra.ebi.ac.uk/vol1/fastq/SRR247/033/SRR24785233/SRR24785233.fastq.gz	ZHONGNAN HOSPITAL, WUHAN UNIVERSITY	UNRESOLVED_AT_FILE_LEVEL	none	METADATA_ONLY
SRR24785087	SRX20557991	SAMN35536871	UNRESOLVED	N100019304_L01_26.fq.gz	L621	UNRESOLVED	No HIV field or accession-linked clinical table in public record	Illumina NovaSeq 6000	SINGLE	50	649203069	58e060009218a6796b1cec526e991f5c	ftp.sra.ebi.ac.uk/vol1/fastq/SRR247/087/SRR24785087/SRR24785087.fastq.gz	ZHONGNAN HOSPITAL, WUHAN UNIVERSITY	UNRESOLVED_AT_FILE_LEVEL	none	METADATA_ONLY
SRR24785086	SRX20558136	SAMN35536872	UNRESOLVED	N100019304_L01_28.fq.gz	L622	UNRESOLVED	No HIV field or accession-linked clinical table in public record	Illumina NovaSeq 6000	SINGLE	50	758325793	e817f87707ddf13f9fb5400cf2369c5f	ftp.sra.ebi.ac.uk/vol1/fastq/SRR247/086/SRR24785086/SRR24785086.fastq.gz	ZHONGNAN HOSPITAL, WUHAN UNIVERSITY	UNRESOLVED_AT_FILE_LEVEL	none	METADATA_ONLY
SRR24785085	SRX20558137	SAMN35536873	UNRESOLVED	N100019304_L01_30.fq.gz	L623	UNRESOLVED	No HIV field or accession-linked clinical table in public record	Illumina NovaSeq 6000	SINGLE	50	988307276	267301efba564c3094c5472198161141	ftp.sra.ebi.ac.uk/vol1/fastq/SRR247/085/SRR24785085/SRR24785085.fastq.gz	ZHONGNAN HOSPITAL, WUHAN UNIVERSITY	UNRESOLVED_AT_FILE_LEVEL	none	METADATA_ONLY
SRR24785084	SRX20558138	SAMN35536874	UNRESOLVED	N100019304_L01_32.fq.gz	L624	UNRESOLVED	No HIV field or accession-linked clinical table in public record	Illumina NovaSeq 6000	SINGLE	50	901156062	8d36842441ba332be9b206fce2b50576	ftp.sra.ebi.ac.uk/vol1/fastq/SRR247/084/SRR24785084/SRR24785084.fastq.gz	ZHONGNAN HOSPITAL, WUHAN UNIVERSITY	UNRESOLVED_AT_FILE_LEVEL	none	METADATA_ONLY
SRR24785083	SRX20558139	SAMN35536875	UNRESOLVED	N100019385_L01_30.fq.gz	L625	UNRESOLVED	No HIV field or accession-linked clinical table in public record	Illumina NovaSeq 6000	SINGLE	50	639830970	8bb0dbff785d42b9806fb1fbd4e59c43	ftp.sra.ebi.ac.uk/vol1/fastq/SRR247/083/SRR24785083/SRR24785083.fastq.gz	ZHONGNAN HOSPITAL, WUHAN UNIVERSITY	UNRESOLVED_AT_FILE_LEVEL	none	METADATA_ONLY
SRR24785082	SRX20558140	SAMN35536876	UNRESOLVED	N100019385_L01_32.fq.gz	L626	UNRESOLVED	No HIV field or accession-linked clinical table in public record	Illumina NovaSeq 6000	SINGLE	50	356115483	1f01bbec4b49fedcdc764a5a09804324	ftp.sra.ebi.ac.uk/vol1/fastq/SRR247/082/SRR24785082/SRR24785082.fastq.gz	ZHONGNAN HOSPITAL, WUHAN UNIVERSITY	UNRESOLVED_AT_FILE_LEVEL	none	METADATA_ONLY
SRR24785081	SRX20558141	SAMN35536877	UNRESOLVED	N100019392_L01_22.fq.gz	L627	UNRESOLVED	No HIV field or accession-linked clinical table in public record	Illumina NovaSeq 6000	SINGLE	50	798811817	e2a2b1e1f104dc480b465f68bfeb74d3	ftp.sra.ebi.ac.uk/vol1/fastq/SRR247/081/SRR24785081/SRR24785081.fastq.gz	ZHONGNAN HOSPITAL, WUHAN UNIVERSITY	UNRESOLVED_AT_FILE_LEVEL	none	METADATA_ONLY
SRR24785080	SRX20558142	SAMN35536878	UNRESOLVED	N100019392_L01_28.fq.gz	L628	UNRESOLVED	No HIV field or accession-linked clinical table in public record	Illumina NovaSeq 6000	SINGLE	50	770114079	b81be716cdb00527a5c392531a4f6d86	ftp.sra.ebi.ac.uk/vol1/fastq/SRR247/080/SRR24785080/SRR24785080.fastq.gz	ZHONGNAN HOSPITAL, WUHAN UNIVERSITY	UNRESOLVED_AT_FILE_LEVEL	none	METADATA_ONLY
SRR24785079	SRX20558143	SAMN35536879	UNRESOLVED	N100019392_L01_30.fq.gz	L629	UNRESOLVED	No HIV field or accession-linked clinical table in public record	Illumina NovaSeq 6000	SINGLE	50	633320747	5181145733c2530e386089698a3a217d	ftp.sra.ebi.ac.uk/vol1/fastq/SRR247/079/SRR24785079/SRR24785079.fastq.gz	ZHONGNAN HOSPITAL, WUHAN UNIVERSITY	UNRESOLVED_AT_FILE_LEVEL	none	METADATA_ONLY
SRR24785078	SRX20558144	SAMN35536880	UNRESOLVED	N100019392_L01_32.fq.gz	L630	UNRESOLVED	No HIV field or accession-linked clinical table in public record	Illumina NovaSeq 6000	SINGLE	50	578531899	aea9416814928a8df2617eabb1fabce2	ftp.sra.ebi.ac.uk/vol1/fastq/SRR247/078/SRR24785078/SRR24785078.fastq.gz	ZHONGNAN HOSPITAL, WUHAN UNIVERSITY	UNRESOLVED_AT_FILE_LEVEL	none	METADATA_ONLY
SRR24785076	SRX20558146	SAMN35536881	UNRESOLVED	N100019406_L01_22.fq.gz	L631	UNRESOLVED	No HIV field or accession-linked clinical table in public record	Illumina NovaSeq 6000	SINGLE	50	820235481	58abf11fbf3a2a359780b4e25d54a62d	ftp.sra.ebi.ac.uk/vol1/fastq/SRR247/076/SRR24785076/SRR24785076.fastq.gz	ZHONGNAN HOSPITAL, WUHAN UNIVERSITY	UNRESOLVED_AT_FILE_LEVEL	none	METADATA_ONLY
SRR24785075	SRX20558147	SAMN35536882	UNRESOLVED	N100019406_L01_26.fq.gz	L632	UNRESOLVED	No HIV field or accession-linked clinical table in public record	Illumina NovaSeq 6000	SINGLE	50	372105805	088766f94b1ba27ba3347da753298f27	ftp.sra.ebi.ac.uk/vol1/fastq/SRR247/075/SRR24785075/SRR24785075.fastq.gz	ZHONGNAN HOSPITAL, WUHAN UNIVERSITY	UNRESOLVED_AT_FILE_LEVEL	none	METADATA_ONLY
SRR24785074	SRX20558148	SAMN35536883	UNRESOLVED	N100019406_L01_28.fq.gz	L633	UNRESOLVED	No HIV field or accession-linked clinical table in public record	Illumina NovaSeq 6000	SINGLE	50	399766737	75d2efe46ec0f0689eeb1b83d633b0c7	ftp.sra.ebi.ac.uk/vol1/fastq/SRR247/074/SRR24785074/SRR24785074.fastq.gz	ZHONGNAN HOSPITAL, WUHAN UNIVERSITY	UNRESOLVED_AT_FILE_LEVEL	none	METADATA_ONLY
SRR24785073	SRX20558149	SAMN35536884	UNRESOLVED	N100019406_L01_30.fq.gz	L634	UNRESOLVED	No HIV field or accession-linked clinical table in public record	Illumina NovaSeq 6000	SINGLE	50	944058882	46945bbe50b51fab4dc72188ef8df7ed	ftp.sra.ebi.ac.uk/vol1/fastq/SRR247/073/SRR24785073/SRR24785073.fastq.gz	ZHONGNAN HOSPITAL, WUHAN UNIVERSITY	UNRESOLVED_AT_FILE_LEVEL	none	METADATA_ONLY
SRR24785072	SRX20558150	SAMN35536885	UNRESOLVED	N100019406_L01_32.fq.gz	L635	UNRESOLVED	No HIV field or accession-linked clinical table in public record	Illumina NovaSeq 6000	SINGLE	50	1001690389	fe197e9194816b7c514f7a4d131b711c	ftp.sra.ebi.ac.uk/vol1/fastq/SRR247/072/SRR24785072/SRR24785072.fastq.gz	ZHONGNAN HOSPITAL, WUHAN UNIVERSITY	UNRESOLVED_AT_FILE_LEVEL	none	METADATA_ONLY
SRR24785071	SRX20558151	SAMN35536886	UNRESOLVED	N100019406_L01_7.fq.gz	L636	UNRESOLVED	No HIV field or accession-linked clinical table in public record	Illumina NovaSeq 6000	SINGLE	50	513425397	01b762750d111a0cd3ccd10268e60ab5	ftp.sra.ebi.ac.uk/vol1/fastq/SRR247/071/SRR24785071/SRR24785071.fastq.gz	ZHONGNAN HOSPITAL, WUHAN UNIVERSITY	UNRESOLVED_AT_FILE_LEVEL	none	METADATA_ONLY
SRR24785070	SRX20558152	SAMN35536887	UNRESOLVED	N100019412_L01_2.fq.gz	L637	UNRESOLVED	No HIV field or accession-linked clinical table in public record	Illumina NovaSeq 6000	SINGLE	50	12024	07caf39bef5f8da292911937fddbbc3c	ftp.sra.ebi.ac.uk/vol1/fastq/SRR247/070/SRR24785070/SRR24785070.fastq.gz	ZHONGNAN HOSPITAL, WUHAN UNIVERSITY	UNRESOLVED_AT_FILE_LEVEL	none	METADATA_ONLY
SRR24785069	SRX20558153	SAMN35536888	UNRESOLVED	N100019413_L01_26.fq.gz	L638	UNRESOLVED	No HIV field or accession-linked clinical table in public record	Illumina NovaSeq 6000	SINGLE	50	497624701	2f5e1d0f69aa7761c218537fda75774d	ftp.sra.ebi.ac.uk/vol1/fastq/SRR247/069/SRR24785069/SRR24785069.fastq.gz	ZHONGNAN HOSPITAL, WUHAN UNIVERSITY	UNRESOLVED_AT_FILE_LEVEL	none	METADATA_ONLY
SRR24785068	SRX20558154	SAMN35536889	UNRESOLVED	N100019413_L01_28.fq.gz	L639	UNRESOLVED	No HIV field or accession-linked clinical table in public record	Illumina NovaSeq 6000	SINGLE	50	649040078	0487891543484e52748944e1ba31d276	ftp.sra.ebi.ac.uk/vol1/fastq/SRR247/068/SRR24785068/SRR24785068.fastq.gz	ZHONGNAN HOSPITAL, WUHAN UNIVERSITY	UNRESOLVED_AT_FILE_LEVEL	none	METADATA_ONLY
SRR24785067	SRX20558155	SAMN35536890	UNRESOLVED	N100019413_L01_30.fq.gz	L640	UNRESOLVED	No HIV field or accession-linked clinical table in public record	Illumina NovaSeq 6000	SINGLE	50	608620421	c85cbdd03a9ad4609645c85f9cde0dd5	ftp.sra.ebi.ac.uk/vol1/fastq/SRR247/067/SRR24785067/SRR24785067.fastq.gz	ZHONGNAN HOSPITAL, WUHAN UNIVERSITY	UNRESOLVED_AT_FILE_LEVEL	none	METADATA_ONLY
SRR24785065	SRX20558157	SAMN35536891	UNRESOLVED	N100019413_L01_32.fq.gz	L641	UNRESOLVED	No HIV field or accession-linked clinical table in public record	Illumina NovaSeq 6000	SINGLE	50	515311643	90681de4408b5b4b139c6889d30ae821	ftp.sra.ebi.ac.uk/vol1/fastq/SRR247/065/SRR24785065/SRR24785065.fastq.gz	ZHONGNAN HOSPITAL, WUHAN UNIVERSITY	UNRESOLVED_AT_FILE_LEVEL	none	METADATA_ONLY
SRR24785064	SRX20558158	SAMN35536892	UNRESOLVED	N100019413_L01_7.fq.gz	L642	UNRESOLVED	No HIV field or accession-linked clinical table in public record	Illumina NovaSeq 6000	SINGLE	50	642992684	328195ef7297bb582e7087d3d284d0c6	ftp.sra.ebi.ac.uk/vol1/fastq/SRR247/064/SRR24785064/SRR24785064.fastq.gz	ZHONGNAN HOSPITAL, WUHAN UNIVERSITY	UNRESOLVED_AT_FILE_LEVEL	none	METADATA_ONLY
SRR24785063	SRX20558159	SAMN35536893	UNRESOLVED	N100019444_L01_15.fq.gz	L643	UNRESOLVED	No HIV field or accession-linked clinical table in public record	Illumina NovaSeq 6000	SINGLE	50	385573469	60a81ec50ff088edcd4aadc7197bd878	ftp.sra.ebi.ac.uk/vol1/fastq/SRR247/063/SRR24785063/SRR24785063.fastq.gz	ZHONGNAN HOSPITAL, WUHAN UNIVERSITY	UNRESOLVED_AT_FILE_LEVEL	none	METADATA_ONLY
SRR24785062	SRX20558160	SAMN35536894	UNRESOLVED	N100019444_L01_16.fq.gz	L644	UNRESOLVED	No HIV field or accession-linked clinical table in public record	Illumina NovaSeq 6000	SINGLE	50	681832978	f7794559fff79f5ab1799fd4aa0256b5	ftp.sra.ebi.ac.uk/vol1/fastq/SRR247/062/SRR24785062/SRR24785062.fastq.gz	ZHONGNAN HOSPITAL, WUHAN UNIVERSITY	UNRESOLVED_AT_FILE_LEVEL	none	METADATA_ONLY
SRR24785061	SRX20558161	SAMN35536895	UNRESOLVED	N100019444_L01_17.fq.gz	L645	UNRESOLVED	No HIV field or accession-linked clinical table in public record	Illumina NovaSeq 6000	SINGLE	50	653059214	70e41b9bb213ac34f830f7213bcddbdf	ftp.sra.ebi.ac.uk/vol1/fastq/SRR247/061/SRR24785061/SRR24785061.fastq.gz	ZHONGNAN HOSPITAL, WUHAN UNIVERSITY	UNRESOLVED_AT_FILE_LEVEL	none	METADATA_ONLY
SRR24785060	SRX20558162	SAMN35536896	UNRESOLVED	N100019444_L01_20.fq.gz	L646	UNRESOLVED	No HIV field or accession-linked clinical table in public record	Illumina NovaSeq 6000	SINGLE	50	664941994	1b274372604683945842418e0daf114f	ftp.sra.ebi.ac.uk/vol1/fastq/SRR247/060/SRR24785060/SRR24785060.fastq.gz	ZHONGNAN HOSPITAL, WUHAN UNIVERSITY	UNRESOLVED_AT_FILE_LEVEL	none	METADATA_ONLY
SRR24785059	SRX20558163	SAMN35536897	UNRESOLVED	N100019444_L01_25.fq.gz	L647	UNRESOLVED	No HIV field or accession-linked clinical table in public record	Illumina NovaSeq 6000	SINGLE	50	619356010	1935fb05ea9c457f0e2472661fec5979	ftp.sra.ebi.ac.uk/vol1/fastq/SRR247/059/SRR24785059/SRR24785059.fastq.gz	ZHONGNAN HOSPITAL, WUHAN UNIVERSITY	UNRESOLVED_AT_FILE_LEVEL	none	METADATA_ONLY
SRR24785058	SRX20558164	SAMN35536898	UNRESOLVED	N100019444_L01_29.fq.gz	L648	UNRESOLVED	No HIV field or accession-linked clinical table in public record	Illumina NovaSeq 6000	SINGLE	50	586600954	446f03630206213958dfbd3774cab66b	ftp.sra.ebi.ac.uk/vol1/fastq/SRR247/058/SRR24785058/SRR24785058.fastq.gz	ZHONGNAN HOSPITAL, WUHAN UNIVERSITY	UNRESOLVED_AT_FILE_LEVEL	none	METADATA_ONLY
SRR24785057	SRX20558165	SAMN35536899	UNRESOLVED	N100019444_L01_31.fq.gz	L649	UNRESOLVED	No HIV field or accession-linked clinical table in public record	Illumina NovaSeq 6000	SINGLE	50	421314697	94db7b2df58f89d16bbe31606362ac70	ftp.sra.ebi.ac.uk/vol1/fastq/SRR247/057/SRR24785057/SRR24785057.fastq.gz	ZHONGNAN HOSPITAL, WUHAN UNIVERSITY	UNRESOLVED_AT_FILE_LEVEL	none	METADATA_ONLY
SRR24785054	SRX20558168	SAMN35536901	UNRESOLVED	N100019450_L01_17.fq.gz	L651	UNRESOLVED	No HIV field or accession-linked clinical table in public record	Illumina NovaSeq 6000	SINGLE	50	949659143	5c6a1efe046eb654b4836f9b9e0c82c8	ftp.sra.ebi.ac.uk/vol1/fastq/SRR247/054/SRR24785054/SRR24785054.fastq.gz	ZHONGNAN HOSPITAL, WUHAN UNIVERSITY	UNRESOLVED_AT_FILE_LEVEL	none	METADATA_ONLY
SRR24785056	SRX20558166	SAMN35536900	UNRESOLVED	N100019450_L01_20.fq.gz	L650	UNRESOLVED	No HIV field or accession-linked clinical table in public record	Illumina NovaSeq 6000	SINGLE	50	807615578	57b6237d03ad98a68e756b5239bd537a	ftp.sra.ebi.ac.uk/vol1/fastq/SRR247/056/SRR24785056/SRR24785056.fastq.gz	ZHONGNAN HOSPITAL, WUHAN UNIVERSITY	UNRESOLVED_AT_FILE_LEVEL	none	METADATA_ONLY
SRR24785338	SRX20557884	SAMN35536905	UNRESOLVED	N100019451_L01_15.fq.gz	L655	UNRESOLVED	No HIV field or accession-linked clinical table in public record	Illumina NovaSeq 6000	SINGLE	50	375241769	d9ba921f54e19488ba3dafa53e7ba731	ftp.sra.ebi.ac.uk/vol1/fastq/SRR247/038/SRR24785338/SRR24785338.fastq.gz	ZHONGNAN HOSPITAL, WUHAN UNIVERSITY	UNRESOLVED_AT_FILE_LEVEL	none	METADATA_ONLY
SRR24785053	SRX20558169	SAMN35536902	UNRESOLVED	N100019451_L01_30.fq.gz	L652	UNRESOLVED	No HIV field or accession-linked clinical table in public record	Illumina NovaSeq 6000	SINGLE	50	841956139	880ddf1e948b5d1ae931e1742f616c02	ftp.sra.ebi.ac.uk/vol1/fastq/SRR247/053/SRR24785053/SRR24785053.fastq.gz	ZHONGNAN HOSPITAL, WUHAN UNIVERSITY	UNRESOLVED_AT_FILE_LEVEL	none	METADATA_ONLY
SRR24785052	SRX20558170	SAMN35536903	UNRESOLVED	N100019451_L01_32.fq.gz	L653	UNRESOLVED	No HIV field or accession-linked clinical table in public record	Illumina NovaSeq 6000	SINGLE	50	386295059	4fa038dbd83d75082724f6425eb9a669	ftp.sra.ebi.ac.uk/vol1/fastq/SRR247/052/SRR24785052/SRR24785052.fastq.gz	ZHONGNAN HOSPITAL, WUHAN UNIVERSITY	UNRESOLVED_AT_FILE_LEVEL	none	METADATA_ONLY
SRR24785339	SRX20558171	SAMN35536904	UNRESOLVED	N100019451_L01_7.fq.gz	L654	UNRESOLVED	No HIV field or accession-linked clinical table in public record	Illumina NovaSeq 6000	SINGLE	50	496047652	1f28d32c667c624713d56fa1e4994082	ftp.sra.ebi.ac.uk/vol1/fastq/SRR247/039/SRR24785339/SRR24785339.fastq.gz	ZHONGNAN HOSPITAL, WUHAN UNIVERSITY	UNRESOLVED_AT_FILE_LEVEL	none	METADATA_ONLY
SRR24785335	SRX20557887	SAMN35536908	UNRESOLVED	N100019462_L01_10.fq.gz	L658	UNRESOLVED	No HIV field or accession-linked clinical table in public record	Illumina NovaSeq 6000	SINGLE	50	576764850	952e55cb2e208e9d23b400a49759c4f7	ftp.sra.ebi.ac.uk/vol1/fastq/SRR247/035/SRR24785335/SRR24785335.fastq.gz	ZHONGNAN HOSPITAL, WUHAN UNIVERSITY	UNRESOLVED_AT_FILE_LEVEL	none	METADATA_ONLY
SRR24785334	SRX20557888	SAMN35536909	UNRESOLVED	N100019462_L01_11.fq.gz	L659	UNRESOLVED	No HIV field or accession-linked clinical table in public record	Illumina NovaSeq 6000	SINGLE	50	513221422	9c9417a06a45eee436d1172a44371052	ftp.sra.ebi.ac.uk/vol1/fastq/SRR247/034/SRR24785334/SRR24785334.fastq.gz	ZHONGNAN HOSPITAL, WUHAN UNIVERSITY	UNRESOLVED_AT_FILE_LEVEL	none	METADATA_ONLY
SRR24785337	SRX20557885	SAMN35536906	UNRESOLVED	N100019462_L01_5.fq.gz	L656	UNRESOLVED	No HIV field or accession-linked clinical table in public record	Illumina NovaSeq 6000	SINGLE	50	508819010	3a6ae95a0c5769878ed735155f8e5d17	ftp.sra.ebi.ac.uk/vol1/fastq/SRR247/037/SRR24785337/SRR24785337.fastq.gz	ZHONGNAN HOSPITAL, WUHAN UNIVERSITY	UNRESOLVED_AT_FILE_LEVEL	none	METADATA_ONLY
SRR24785333	SRX20557889	SAMN35536910	UNRESOLVED	N100019462_L01_6.fq.gz	L660	UNRESOLVED	No HIV field or accession-linked clinical table in public record	Illumina NovaSeq 6000	SINGLE	50	749097829	875dfce4ff5ee3357a8e8bf79b7b05c6	ftp.sra.ebi.ac.uk/vol1/fastq/SRR247/033/SRR24785333/SRR24785333.fastq.gz	ZHONGNAN HOSPITAL, WUHAN UNIVERSITY	UNRESOLVED_AT_FILE_LEVEL	none	METADATA_ONLY
SRR24785336	SRX20557886	SAMN35536907	UNRESOLVED	N100019462_L01_8.fq.gz	L657	UNRESOLVED	No HIV field or accession-linked clinical table in public record	Illumina NovaSeq 6000	SINGLE	50	454583372	739ab6fa1b2893285d19a0183c1b039c	ftp.sra.ebi.ac.uk/vol1/fastq/SRR247/036/SRR24785336/SRR24785336.fastq.gz	ZHONGNAN HOSPITAL, WUHAN UNIVERSITY	UNRESOLVED_AT_FILE_LEVEL	none	METADATA_ONLY
SRR24785331	SRX20557891	SAMN35536911	UNRESOLVED	N100019463_L01_5.fq.gz	L661	UNRESOLVED	No HIV field or accession-linked clinical table in public record	Illumina NovaSeq 6000	SINGLE	50	1016112259	cf2320850bf5ddb6f9d7066a543fe70b	ftp.sra.ebi.ac.uk/vol1/fastq/SRR247/031/SRR24785331/SRR24785331.fastq.gz	ZHONGNAN HOSPITAL, WUHAN UNIVERSITY	UNRESOLVED_AT_FILE_LEVEL	none	METADATA_ONLY
SRR24785330	SRX20557892	SAMN35536912	UNRESOLVED	N100019477_L01_11.fq.gz	L662	UNRESOLVED	No HIV field or accession-linked clinical table in public record	Illumina NovaSeq 6000	SINGLE	50	771314491	3154c5e3d3ddd0e00b0d728de13440fc	ftp.sra.ebi.ac.uk/vol1/fastq/SRR247/030/SRR24785330/SRR24785330.fastq.gz	ZHONGNAN HOSPITAL, WUHAN UNIVERSITY	UNRESOLVED_AT_FILE_LEVEL	none	METADATA_ONLY
SRR24785329	SRX20557893	SAMN35536913	UNRESOLVED	N100019477_L01_18.fq.gz	L663	UNRESOLVED	No HIV field or accession-linked clinical table in public record	Illumina NovaSeq 6000	SINGLE	50	506346587	dcaff0c0c8c8332a16c53c079d41611f	ftp.sra.ebi.ac.uk/vol1/fastq/SRR247/029/SRR24785329/SRR24785329.fastq.gz	ZHONGNAN HOSPITAL, WUHAN UNIVERSITY	UNRESOLVED_AT_FILE_LEVEL	none	METADATA_ONLY
SRR24785328	SRX20557894	SAMN35536914	UNRESOLVED	N100019477_L01_22.fq.gz	L664	UNRESOLVED	No HIV field or accession-linked clinical table in public record	Illumina NovaSeq 6000	SINGLE	50	623966742	feef1a07f76e32bd091eda15fee0e585	ftp.sra.ebi.ac.uk/vol1/fastq/SRR247/028/SRR24785328/SRR24785328.fastq.gz	ZHONGNAN HOSPITAL, WUHAN UNIVERSITY	UNRESOLVED_AT_FILE_LEVEL	none	METADATA_ONLY
SRR24785327	SRX20557895	SAMN35536915	UNRESOLVED	N100019477_L01_26.fq.gz	L665	UNRESOLVED	No HIV field or accession-linked clinical table in public record	Illumina NovaSeq 6000	SINGLE	50	569924805	6e8b583b5113eda2b5a5a902ace91406	ftp.sra.ebi.ac.uk/vol1/fastq/SRR247/027/SRR24785327/SRR24785327.fastq.gz	ZHONGNAN HOSPITAL, WUHAN UNIVERSITY	UNRESOLVED_AT_FILE_LEVEL	none	METADATA_ONLY
SRR24785326	SRX20557896	SAMN35536916	UNRESOLVED	N100019477_L01_28.fq.gz	L666	UNRESOLVED	No HIV field or accession-linked clinical table in public record	Illumina NovaSeq 6000	SINGLE	50	494223902	f8d3d3b687550ff1b4f91eaf5626b380	ftp.sra.ebi.ac.uk/vol1/fastq/SRR247/026/SRR24785326/SRR24785326.fastq.gz	ZHONGNAN HOSPITAL, WUHAN UNIVERSITY	UNRESOLVED_AT_FILE_LEVEL	none	METADATA_ONLY
SRR24785325	SRX20557897	SAMN35536917	UNRESOLVED	N100019477_L01_30.fq.gz	L667	UNRESOLVED	No HIV field or accession-linked clinical table in public record	Illumina NovaSeq 6000	SINGLE	50	392678438	15555f5ce0d7d5f891cc601b722caf17	ftp.sra.ebi.ac.uk/vol1/fastq/SRR247/025/SRR24785325/SRR24785325.fastq.gz	ZHONGNAN HOSPITAL, WUHAN UNIVERSITY	UNRESOLVED_AT_FILE_LEVEL	none	METADATA_ONLY
SRR24785324	SRX20557898	SAMN35536918	UNRESOLVED	N100019477_L01_32.fq.gz	L668	UNRESOLVED	No HIV field or accession-linked clinical table in public record	Illumina NovaSeq 6000	SINGLE	50	492237077	217a82adb1dd418adedc4f61009d84a1	ftp.sra.ebi.ac.uk/vol1/fastq/SRR247/024/SRR24785324/SRR24785324.fastq.gz	ZHONGNAN HOSPITAL, WUHAN UNIVERSITY	UNRESOLVED_AT_FILE_LEVEL	none	METADATA_ONLY
SRR24785323	SRX20557899	SAMN35536919	UNRESOLVED	N100019477_L01_7.fq.gz	L669	UNRESOLVED	No HIV field or accession-linked clinical table in public record	Illumina NovaSeq 6000	SINGLE	50	510211070	3b67bbf77f41ddae1f5457caa2ec8de1	ftp.sra.ebi.ac.uk/vol1/fastq/SRR247/023/SRR24785323/SRR24785323.fastq.gz	ZHONGNAN HOSPITAL, WUHAN UNIVERSITY	UNRESOLVED_AT_FILE_LEVEL	none	METADATA_ONLY
SRR24785322	SRX20557900	SAMN35536920	UNRESOLVED	N100019534_L01_26.fq.gz	L670	UNRESOLVED	No HIV field or accession-linked clinical table in public record	Illumina NovaSeq 6000	SINGLE	50	709222654	8eaed0c97478725e87624dd9ee2899a9	ftp.sra.ebi.ac.uk/vol1/fastq/SRR247/022/SRR24785322/SRR24785322.fastq.gz	ZHONGNAN HOSPITAL, WUHAN UNIVERSITY	UNRESOLVED_AT_FILE_LEVEL	none	METADATA_ONLY
SRR24785320	SRX20557902	SAMN35536921	UNRESOLVED	N100019779_L01_18.fq.gz	L671	UNRESOLVED	No HIV field or accession-linked clinical table in public record	Illumina NovaSeq 6000	SINGLE	50	498772027	d4f1cb53d34703322e64026ac5a0ffde	ftp.sra.ebi.ac.uk/vol1/fastq/SRR247/020/SRR24785320/SRR24785320.fastq.gz	ZHONGNAN HOSPITAL, WUHAN UNIVERSITY	UNRESOLVED_AT_FILE_LEVEL	none	METADATA_ONLY
SRR24785319	SRX20557903	SAMN35536922	UNRESOLVED	N100019779_L01_22.fq.gz	L672	UNRESOLVED	No HIV field or accession-linked clinical table in public record	Illumina NovaSeq 6000	SINGLE	50	321949200	a541f900f608efc742e3a7263474820d	ftp.sra.ebi.ac.uk/vol1/fastq/SRR247/019/SRR24785319/SRR24785319.fastq.gz	ZHONGNAN HOSPITAL, WUHAN UNIVERSITY	UNRESOLVED_AT_FILE_LEVEL	none	METADATA_ONLY
SRR24785318	SRX20557904	SAMN35536923	UNRESOLVED	N100019779_L01_26.fq.gz	L673	UNRESOLVED	No HIV field or accession-linked clinical table in public record	Illumina NovaSeq 6000	SINGLE	50	468611834	e4af7eb752d8db362323aaed4cc1e6e4	ftp.sra.ebi.ac.uk/vol1/fastq/SRR247/018/SRR24785318/SRR24785318.fastq.gz	ZHONGNAN HOSPITAL, WUHAN UNIVERSITY	UNRESOLVED_AT_FILE_LEVEL	none	METADATA_ONLY
SRR24785317	SRX20557905	SAMN35536924	UNRESOLVED	N100019779_L01_28.fq.gz	L674	UNRESOLVED	No HIV field or accession-linked clinical table in public record	Illumina NovaSeq 6000	SINGLE	50	315160826	3fa51b0e0dfcd968683cbd063b32a37d	ftp.sra.ebi.ac.uk/vol1/fastq/SRR247/017/SRR24785317/SRR24785317.fastq.gz	ZHONGNAN HOSPITAL, WUHAN UNIVERSITY	UNRESOLVED_AT_FILE_LEVEL	none	METADATA_ONLY
SRR24785316	SRX20557906	SAMN35536925	UNRESOLVED	N100019779_L01_30.fq.gz	L675	UNRESOLVED	No HIV field or accession-linked clinical table in public record	Illumina NovaSeq 6000	SINGLE	50	412494835	e17acae862f866eae7c4d035b6043dfc	ftp.sra.ebi.ac.uk/vol1/fastq/SRR247/016/SRR24785316/SRR24785316.fastq.gz	ZHONGNAN HOSPITAL, WUHAN UNIVERSITY	UNRESOLVED_AT_FILE_LEVEL	none	METADATA_ONLY
SRR24785315	SRX20557907	SAMN35536926	UNRESOLVED	N100019779_L01_32.fq.gz	L676	UNRESOLVED	No HIV field or accession-linked clinical table in public record	Illumina NovaSeq 6000	SINGLE	50	470651821	fb89e70d6e92f076b39421d70c3ffc8d	ftp.sra.ebi.ac.uk/vol1/fastq/SRR247/015/SRR24785315/SRR24785315.fastq.gz	ZHONGNAN HOSPITAL, WUHAN UNIVERSITY	UNRESOLVED_AT_FILE_LEVEL	none	METADATA_ONLY
SRR24785314	SRX20557908	SAMN35536927	UNRESOLVED	N100019779_L01_7.fq.gz	L677	UNRESOLVED	No HIV field or accession-linked clinical table in public record	Illumina NovaSeq 6000	SINGLE	50	272840325	89fb17dce0cde21f56d3619cf92876f6	ftp.sra.ebi.ac.uk/vol1/fastq/SRR247/014/SRR24785314/SRR24785314.fastq.gz	ZHONGNAN HOSPITAL, WUHAN UNIVERSITY	UNRESOLVED_AT_FILE_LEVEL	none	METADATA_ONLY
SRR24785313	SRX20557909	SAMN35536928	UNRESOLVED	N100019781_L01_4.fq.gz	L678	UNRESOLVED	No HIV field or accession-linked clinical table in public record	Illumina NovaSeq 6000	SINGLE	50	572111699	288c7e64aeda035d988fc443e2710897	ftp.sra.ebi.ac.uk/vol1/fastq/SRR247/013/SRR24785313/SRR24785313.fastq.gz	ZHONGNAN HOSPITAL, WUHAN UNIVERSITY	UNRESOLVED_AT_FILE_LEVEL	none	METADATA_ONLY
SRR24785312	SRX20557910	SAMN35536929	UNRESOLVED	N100019781_L01_5.fq.gz	L679	UNRESOLVED	No HIV field or accession-linked clinical table in public record	Illumina NovaSeq 6000	SINGLE	50	454449274	e91cf6b8298491a80df08ef4647ba4d7	ftp.sra.ebi.ac.uk/vol1/fastq/SRR247/012/SRR24785312/SRR24785312.fastq.gz	ZHONGNAN HOSPITAL, WUHAN UNIVERSITY	UNRESOLVED_AT_FILE_LEVEL	none	METADATA_ONLY
SRR24785311	SRX20557911	SAMN35536930	UNRESOLVED	N100019781_L01_6.fq.gz	L680	UNRESOLVED	No HIV field or accession-linked clinical table in public record	Illumina NovaSeq 6000	SINGLE	50	1109333393	086bdc41db3fbf68d465a9eb5acfe855	ftp.sra.ebi.ac.uk/vol1/fastq/SRR247/011/SRR24785311/SRR24785311.fastq.gz	ZHONGNAN HOSPITAL, WUHAN UNIVERSITY	UNRESOLVED_AT_FILE_LEVEL	none	METADATA_ONLY
SRR24785309	SRX20557913	SAMN35536931	UNRESOLVED	N100019781_L01_8.fq.gz	L681	UNRESOLVED	No HIV field or accession-linked clinical table in public record	Illumina NovaSeq 6000	SINGLE	50	665470984	105a8923461a12da5fea070329c7400a	ftp.sra.ebi.ac.uk/vol1/fastq/SRR247/009/SRR24785309/SRR24785309.fastq.gz	ZHONGNAN HOSPITAL, WUHAN UNIVERSITY	UNRESOLVED_AT_FILE_LEVEL	none	METADATA_ONLY
SRR24785308	SRX20557914	SAMN35536932	UNRESOLVED	N100019785_L01_2.fq.gz	L682	UNRESOLVED	No HIV field or accession-linked clinical table in public record	Illumina NovaSeq 6000	SINGLE	50	954546032	242db226022a702fdbf2fa0b829c6cab	ftp.sra.ebi.ac.uk/vol1/fastq/SRR247/008/SRR24785308/SRR24785308.fastq.gz	ZHONGNAN HOSPITAL, WUHAN UNIVERSITY	UNRESOLVED_AT_FILE_LEVEL	none	METADATA_ONLY
SRR24785307	SRX20557915	SAMN35536933	UNRESOLVED	N100019785_L01_4.fq.gz	L683	UNRESOLVED	No HIV field or accession-linked clinical table in public record	Illumina NovaSeq 6000	SINGLE	50	732151916	2ab0982d9eed38901b9eac096eccb1b4	ftp.sra.ebi.ac.uk/vol1/fastq/SRR247/007/SRR24785307/SRR24785307.fastq.gz	ZHONGNAN HOSPITAL, WUHAN UNIVERSITY	UNRESOLVED_AT_FILE_LEVEL	none	METADATA_ONLY
SRR24785306	SRX20557916	SAMN35536934	UNRESOLVED	N100019785_L01_5.fq.gz	L684	UNRESOLVED	No HIV field or accession-linked clinical table in public record	Illumina NovaSeq 6000	SINGLE	50	336291174	f03de3182920397dcefb7943164bc4bf	ftp.sra.ebi.ac.uk/vol1/fastq/SRR247/006/SRR24785306/SRR24785306.fastq.gz	ZHONGNAN HOSPITAL, WUHAN UNIVERSITY	UNRESOLVED_AT_FILE_LEVEL	none	METADATA_ONLY
SRR24785305	SRX20557917	SAMN35536935	UNRESOLVED	N100019785_L01_6.fq.gz	L685	UNRESOLVED	No HIV field or accession-linked clinical table in public record	Illumina NovaSeq 6000	SINGLE	50	821973006	1a128a80d78f1affe51fabb0fb86c977	ftp.sra.ebi.ac.uk/vol1/fastq/SRR247/005/SRR24785305/SRR24785305.fastq.gz	ZHONGNAN HOSPITAL, WUHAN UNIVERSITY	UNRESOLVED_AT_FILE_LEVEL	none	METADATA_ONLY
SRR24784795	SRX20557919	SAMN35536937	UNRESOLVED	N100019786_L01_12.fq.gz	L687	UNRESOLVED	No HIV field or accession-linked clinical table in public record	Illumina NovaSeq 6000	SINGLE	50	286655815	6c7cd38363163469e07331fb5c6dc126	ftp.sra.ebi.ac.uk/vol1/fastq/SRR247/095/SRR24784795/SRR24784795.fastq.gz	ZHONGNAN HOSPITAL, WUHAN UNIVERSITY	UNRESOLVED_AT_FILE_LEVEL	none	METADATA_ONLY
SRR24785304	SRX20557918	SAMN35536936	UNRESOLVED	N100019786_L01_32.fq.gz	L686	UNRESOLVED	No HIV field or accession-linked clinical table in public record	Illumina NovaSeq 6000	SINGLE	50	300502111	8358db29dbe60aaca15dfbf745705b6d	ftp.sra.ebi.ac.uk/vol1/fastq/SRR247/004/SRR24785304/SRR24785304.fastq.gz	ZHONGNAN HOSPITAL, WUHAN UNIVERSITY	UNRESOLVED_AT_FILE_LEVEL	none	METADATA_ONLY
SRR24784794	SRX20557711	SAMN35536938	UNRESOLVED	N100019786_L01_7.fq.gz	L688	UNRESOLVED	No HIV field or accession-linked clinical table in public record	Illumina NovaSeq 6000	SINGLE	50	346465723	132f8f10f83e1c9fc1df9765a109250e	ftp.sra.ebi.ac.uk/vol1/fastq/SRR247/094/SRR24784794/SRR24784794.fastq.gz	ZHONGNAN HOSPITAL, WUHAN UNIVERSITY	UNRESOLVED_AT_FILE_LEVEL	none	METADATA_ONLY
SRR24784790	SRX20557715	SAMN35536941	UNRESOLVED	N100019794_L01_10.fq.gz	L691	UNRESOLVED	No HIV field or accession-linked clinical table in public record	Illumina NovaSeq 6000	SINGLE	50	481778986	259280196d1c3764a2e216d7cc408d38	ftp.sra.ebi.ac.uk/vol1/fastq/SRR247/090/SRR24784790/SRR24784790.fastq.gz	ZHONGNAN HOSPITAL, WUHAN UNIVERSITY	UNRESOLVED_AT_FILE_LEVEL	none	METADATA_ONLY
SRR24784789	SRX20557716	SAMN35536942	UNRESOLVED	N100019794_L01_11.fq.gz	L692	UNRESOLVED	No HIV field or accession-linked clinical table in public record	Illumina NovaSeq 6000	SINGLE	50	286339026	2451f6ce716a1a0046ad5eb36f18696a	ftp.sra.ebi.ac.uk/vol1/fastq/SRR247/089/SRR24784789/SRR24784789.fastq.gz	ZHONGNAN HOSPITAL, WUHAN UNIVERSITY	UNRESOLVED_AT_FILE_LEVEL	none	METADATA_ONLY
SRR24784793	SRX20557712	SAMN35536939	UNRESOLVED	N100019794_L01_6.fq.gz	L689	UNRESOLVED	No HIV field or accession-linked clinical table in public record	Illumina NovaSeq 6000	SINGLE	50	362396309	db184f937457d6842f5c6ea40c827c28	ftp.sra.ebi.ac.uk/vol1/fastq/SRR247/093/SRR24784793/SRR24784793.fastq.gz	ZHONGNAN HOSPITAL, WUHAN UNIVERSITY	UNRESOLVED_AT_FILE_LEVEL	none	METADATA_ONLY
SRR24784792	SRX20557713	SAMN35536940	UNRESOLVED	N100019794_L01_8.fq.gz	L690	UNRESOLVED	No HIV field or accession-linked clinical table in public record	Illumina NovaSeq 6000	SINGLE	50	243530255	11beeb734154e63e5a65142c0cf318d7	ftp.sra.ebi.ac.uk/vol1/fastq/SRR247/092/SRR24784792/SRR24784792.fastq.gz	ZHONGNAN HOSPITAL, WUHAN UNIVERSITY	UNRESOLVED_AT_FILE_LEVEL	none	METADATA_ONLY
SRR24784783	SRX20557722	SAMN35536948	UNRESOLVED	N100019932_L01_10.fq.gz	L698	UNRESOLVED	No HIV field or accession-linked clinical table in public record	Illumina NovaSeq 6000	SINGLE	50	541136158	fd49ebbcd37874d6b0a7774bfe0d2c1e	ftp.sra.ebi.ac.uk/vol1/fastq/SRR247/083/SRR24784783/SRR24784783.fastq.gz	ZHONGNAN HOSPITAL, WUHAN UNIVERSITY	UNRESOLVED_AT_FILE_LEVEL	none	METADATA_ONLY
SRR24784788	SRX20557717	SAMN35536943	UNRESOLVED	N100019932_L01_2.fq.gz	L693	UNRESOLVED	No HIV field or accession-linked clinical table in public record	Illumina NovaSeq 6000	SINGLE	50	899435839	9fff05a948e02cc647b682247f23b631	ftp.sra.ebi.ac.uk/vol1/fastq/SRR247/088/SRR24784788/SRR24784788.fastq.gz	ZHONGNAN HOSPITAL, WUHAN UNIVERSITY	UNRESOLVED_AT_FILE_LEVEL	none	METADATA_ONLY
SRR24784787	SRX20557718	SAMN35536944	UNRESOLVED	N100019932_L01_4.fq.gz	L694	UNRESOLVED	No HIV field or accession-linked clinical table in public record	Illumina NovaSeq 6000	SINGLE	50	686262735	1ee88ac8ab65a5ab53b8504bd770d514	ftp.sra.ebi.ac.uk/vol1/fastq/SRR247/087/SRR24784787/SRR24784787.fastq.gz	ZHONGNAN HOSPITAL, WUHAN UNIVERSITY	UNRESOLVED_AT_FILE_LEVEL	none	METADATA_ONLY
SRR24784786	SRX20557719	SAMN35536945	UNRESOLVED	N100019932_L01_5.fq.gz	L695	UNRESOLVED	No HIV field or accession-linked clinical table in public record	Illumina NovaSeq 6000	SINGLE	50	245872365	36c04943533d318f0980fa54004a1b28	ftp.sra.ebi.ac.uk/vol1/fastq/SRR247/086/SRR24784786/SRR24784786.fastq.gz	ZHONGNAN HOSPITAL, WUHAN UNIVERSITY	UNRESOLVED_AT_FILE_LEVEL	none	METADATA_ONLY
SRR24784785	SRX20557720	SAMN35536946	UNRESOLVED	N100019932_L01_6.fq.gz	L696	UNRESOLVED	No HIV field or accession-linked clinical table in public record	Illumina NovaSeq 6000	SINGLE	50	700679928	3b7a08360ad3d36126e58a8a064f8bd0	ftp.sra.ebi.ac.uk/vol1/fastq/SRR247/085/SRR24784785/SRR24784785.fastq.gz	ZHONGNAN HOSPITAL, WUHAN UNIVERSITY	UNRESOLVED_AT_FILE_LEVEL	none	METADATA_ONLY
SRR24784784	SRX20557721	SAMN35536947	UNRESOLVED	N100019932_L01_8.fq.gz	L697	UNRESOLVED	No HIV field or accession-linked clinical table in public record	Illumina NovaSeq 6000	SINGLE	50	491469810	ff4cc3191cc2aec380579974266464df	ftp.sra.ebi.ac.uk/vol1/fastq/SRR247/084/SRR24784784/SRR24784784.fastq.gz	ZHONGNAN HOSPITAL, WUHAN UNIVERSITY	UNRESOLVED_AT_FILE_LEVEL	none	METADATA_ONLY
SRR24784782	SRX20557723	SAMN35536949	UNRESOLVED	N100019938_L01_28.fq.gz	L699	UNRESOLVED	No HIV field or accession-linked clinical table in public record	Illumina NovaSeq 6000	SINGLE	50	714579717	b7846a429237afecc1455fba306520cc	ftp.sra.ebi.ac.uk/vol1/fastq/SRR247/082/SRR24784782/SRR24784782.fastq.gz	ZHONGNAN HOSPITAL, WUHAN UNIVERSITY	UNRESOLVED_AT_FILE_LEVEL	none	METADATA_ONLY
SRR24784775	SRX20557730	SAMN35536954	UNRESOLVED	N100019952_L01_16.fq.gz	L704	UNRESOLVED	No HIV field or accession-linked clinical table in public record	Illumina NovaSeq 6000	SINGLE	50	524136470	902d9122c56fc12216fd6592fdcc8c5d	ftp.sra.ebi.ac.uk/vol1/fastq/SRR247/075/SRR24784775/SRR24784775.fastq.gz	ZHONGNAN HOSPITAL, WUHAN UNIVERSITY	UNRESOLVED_AT_FILE_LEVEL	none	METADATA_ONLY
SRR24784781	SRX20557724	SAMN35536950	UNRESOLVED	N100019952_L01_17.fq.gz	L700	UNRESOLVED	No HIV field or accession-linked clinical table in public record	Illumina NovaSeq 6000	SINGLE	50	427565158	4bcd5418d65b02b49d5dd0423b9c2978	ftp.sra.ebi.ac.uk/vol1/fastq/SRR247/081/SRR24784781/SRR24784781.fastq.gz	ZHONGNAN HOSPITAL, WUHAN UNIVERSITY	UNRESOLVED_AT_FILE_LEVEL	none	METADATA_ONLY
SRR24784778	SRX20557727	SAMN35536951	UNRESOLVED	N100019952_L01_20.fq.gz	L701	UNRESOLVED	No HIV field or accession-linked clinical table in public record	Illumina NovaSeq 6000	SINGLE	50	721124302	e163457be2efb0cdda8a91ebbccd671d	ftp.sra.ebi.ac.uk/vol1/fastq/SRR247/078/SRR24784778/SRR24784778.fastq.gz	ZHONGNAN HOSPITAL, WUHAN UNIVERSITY	UNRESOLVED_AT_FILE_LEVEL	none	METADATA_ONLY
SRR24784777	SRX20557728	SAMN35536952	UNRESOLVED	N100019952_L01_25.fq.gz	L702	UNRESOLVED	No HIV field or accession-linked clinical table in public record	Illumina NovaSeq 6000	SINGLE	50	689991996	f04fb3f0938959a8f81d4027d8ee8108	ftp.sra.ebi.ac.uk/vol1/fastq/SRR247/077/SRR24784777/SRR24784777.fastq.gz	ZHONGNAN HOSPITAL, WUHAN UNIVERSITY	UNRESOLVED_AT_FILE_LEVEL	none	METADATA_ONLY
SRR24784776	SRX20557729	SAMN35536953	UNRESOLVED	N100019952_L01_29.fq.gz	L703	UNRESOLVED	No HIV field or accession-linked clinical table in public record	Illumina NovaSeq 6000	SINGLE	50	843739289	a26665134b9edcdb7369b644d1207335	ftp.sra.ebi.ac.uk/vol1/fastq/SRR247/076/SRR24784776/SRR24784776.fastq.gz	ZHONGNAN HOSPITAL, WUHAN UNIVERSITY	UNRESOLVED_AT_FILE_LEVEL	none	METADATA_ONLY
SRR24784771	SRX20557734	SAMN35536958	UNRESOLVED	N100019955_L01_10.fq.gz	L708	UNRESOLVED	No HIV field or accession-linked clinical table in public record	Illumina NovaSeq 6000	SINGLE	50	837917182	4ce074d3aa28a5957f3322b9233b8b0d	ftp.sra.ebi.ac.uk/vol1/fastq/SRR247/071/SRR24784771/SRR24784771.fastq.gz	ZHONGNAN HOSPITAL, WUHAN UNIVERSITY	UNRESOLVED_AT_FILE_LEVEL	none	METADATA_ONLY
SRR24784774	SRX20557731	SAMN35536955	UNRESOLVED	N100019955_L01_5.fq.gz	L705	UNRESOLVED	No HIV field or accession-linked clinical table in public record	Illumina NovaSeq 6000	SINGLE	50	365835738	6d0b44f31db9515ac06608497318df2c	ftp.sra.ebi.ac.uk/vol1/fastq/SRR247/074/SRR24784774/SRR24784774.fastq.gz	ZHONGNAN HOSPITAL, WUHAN UNIVERSITY	UNRESOLVED_AT_FILE_LEVEL	none	METADATA_ONLY
SRR24784773	SRX20557732	SAMN35536956	UNRESOLVED	N100019955_L01_6.fq.gz	L706	UNRESOLVED	No HIV field or accession-linked clinical table in public record	Illumina NovaSeq 6000	SINGLE	50	854008938	7d1ffebc6fdddf771f50da788cb49b5e	ftp.sra.ebi.ac.uk/vol1/fastq/SRR247/073/SRR24784773/SRR24784773.fastq.gz	ZHONGNAN HOSPITAL, WUHAN UNIVERSITY	UNRESOLVED_AT_FILE_LEVEL	none	METADATA_ONLY
SRR24784772	SRX20557733	SAMN35536957	UNRESOLVED	N100019955_L01_8.fq.gz	L707	UNRESOLVED	No HIV field or accession-linked clinical table in public record	Illumina NovaSeq 6000	SINGLE	50	329633840	083fe59eec1cc5951df4f4cff47e04de	ftp.sra.ebi.ac.uk/vol1/fastq/SRR247/072/SRR24784772/SRR24784772.fastq.gz	ZHONGNAN HOSPITAL, WUHAN UNIVERSITY	UNRESOLVED_AT_FILE_LEVEL	none	METADATA_ONLY
SRR24784770	SRX20557735	SAMN35536959	UNRESOLVED	N100019958_L01_20.fq.gz	L709	UNRESOLVED	No HIV field or accession-linked clinical table in public record	Illumina NovaSeq 6000	SINGLE	50	526771191	39f2ca26d6bb7c5ed9f4d3a3703efad1	ftp.sra.ebi.ac.uk/vol1/fastq/SRR247/070/SRR24784770/SRR24784770.fastq.gz	ZHONGNAN HOSPITAL, WUHAN UNIVERSITY	UNRESOLVED_AT_FILE_LEVEL	none	METADATA_ONLY
SRR24784769	SRX20557736	SAMN35536960	UNRESOLVED	N100019958_L01_25.fq.gz	L710	UNRESOLVED	No HIV field or accession-linked clinical table in public record	Illumina NovaSeq 6000	SINGLE	50	620331649	6db933bf03720f0aaa9bb1019e2d8e29	ftp.sra.ebi.ac.uk/vol1/fastq/SRR247/069/SRR24784769/SRR24784769.fastq.gz	ZHONGNAN HOSPITAL, WUHAN UNIVERSITY	UNRESOLVED_AT_FILE_LEVEL	none	METADATA_ONLY
SRR24784767	SRX20557738	SAMN35536961	UNRESOLVED	N100019963_L01_25.fq.gz	L711	UNRESOLVED	No HIV field or accession-linked clinical table in public record	Illumina NovaSeq 6000	SINGLE	50	746873662	3cf5171c41fe259982f07f0878974b3e	ftp.sra.ebi.ac.uk/vol1/fastq/SRR247/067/SRR24784767/SRR24784767.fastq.gz	ZHONGNAN HOSPITAL, WUHAN UNIVERSITY	UNRESOLVED_AT_FILE_LEVEL	none	METADATA_ONLY
SRR24784869	SRX20557636	SAMN35536274	UNRESOLVED	P100000165_L03_16.fq.gz	L24	UNRESOLVED	No HIV field or accession-linked clinical table in public record	Illumina NovaSeq 6000	SINGLE	50	710679332	75d071a924812780a77848a2eab02f88	ftp.sra.ebi.ac.uk/vol1/fastq/SRR247/069/SRR24784869/SRR24784869.fastq.gz	ZHONGNAN HOSPITAL, WUHAN UNIVERSITY	UNRESOLVED_AT_FILE_LEVEL	none	METADATA_ONLY
SRR24785066	SRX20558156	SAMN35536315	UNRESOLVED	P100000232_L02_5.fq.gz	L65	UNRESOLVED	No HIV field or accession-linked clinical table in public record	Illumina NovaSeq 6000	SINGLE	50	742380943	4d7cd3c981308dae05b5acba3df34242	ftp.sra.ebi.ac.uk/vol1/fastq/SRR247/066/SRR24785066/SRR24785066.fastq.gz	ZHONGNAN HOSPITAL, WUHAN UNIVERSITY	UNRESOLVED_AT_FILE_LEVEL	none	METADATA_ONLY
SRR24785012	SRX20557493	SAMN35536351	UNRESOLVED	P100000321_L02_15.fq.gz	L101	UNRESOLVED	No HIV field or accession-linked clinical table in public record	Illumina NovaSeq 6000	SINGLE	50	1483719648	16e7156873f2fd2cd791dd3c000fc02a	ftp.sra.ebi.ac.uk/vol1/fastq/SRR247/012/SRR24785012/SRR24785012.fastq.gz	ZHONGNAN HOSPITAL, WUHAN UNIVERSITY	UNRESOLVED_AT_FILE_LEVEL	none	METADATA_ONLY
SRR24785155	SRX20558067	SAMN35536281	UNRESOLVED	P100000321_L02_16.fq.gz	L31	UNRESOLVED	No HIV field or accession-linked clinical table in public record	Illumina NovaSeq 6000	SINGLE	50	494076831	4c23527d170fb6e856eb6b61fed5e893	ftp.sra.ebi.ac.uk/vol1/fastq/SRR247/055/SRR24785155/SRR24785155.fastq.gz	ZHONGNAN HOSPITAL, WUHAN UNIVERSITY	UNRESOLVED_AT_FILE_LEVEL	none	METADATA_ONLY
SRR24784963	SRX20557542	SAMN35536396	UNRESOLVED	P100002109_L01_20.fq.gz	L146	UNRESOLVED	No HIV field or accession-linked clinical table in public record	Illumina NovaSeq 6000	SINGLE	50	868008275	4bbf75c9e10fbd6ae506ca8f1b661f67	ftp.sra.ebi.ac.uk/vol1/fastq/SRR247/063/SRR24784963/SRR24784963.fastq.gz	ZHONGNAN HOSPITAL, WUHAN UNIVERSITY	UNRESOLVED_AT_FILE_LEVEL	none	METADATA_ONLY
SRR24784966	SRX20557539	SAMN35536393	UNRESOLVED	P100002109_L02_20.fq.gz	L143	UNRESOLVED	No HIV field or accession-linked clinical table in public record	Illumina NovaSeq 6000	SINGLE	50	828521365	31c41a325b35eee0feb6075ad9dd3ce3	ftp.sra.ebi.ac.uk/vol1/fastq/SRR247/066/SRR24784966/SRR24784966.fastq.gz	ZHONGNAN HOSPITAL, WUHAN UNIVERSITY	UNRESOLVED_AT_FILE_LEVEL	none	METADATA_ONLY
SRR24784965	SRX20557540	SAMN35536394	UNRESOLVED	P100002109_L03_20.fq.gz	L144	UNRESOLVED	No HIV field or accession-linked clinical table in public record	Illumina NovaSeq 6000	SINGLE	50	891888289	8a4d074dfbe53904d65b7f2852f061a0	ftp.sra.ebi.ac.uk/vol1/fastq/SRR247/065/SRR24784965/SRR24784965.fastq.gz	ZHONGNAN HOSPITAL, WUHAN UNIVERSITY	UNRESOLVED_AT_FILE_LEVEL	none	METADATA_ONLY
SRR24784964	SRX20557541	SAMN35536395	UNRESOLVED	P100002109_L04_20.fq.gz	L145	UNRESOLVED	No HIV field or accession-linked clinical table in public record	Illumina NovaSeq 6000	SINGLE	50	875612165	c88f26ca206eb6bda8309694fedaa808	ftp.sra.ebi.ac.uk/vol1/fastq/SRR247/064/SRR24784964/SRR24784964.fastq.gz	ZHONGNAN HOSPITAL, WUHAN UNIVERSITY	UNRESOLVED_AT_FILE_LEVEL	none	METADATA_ONLY
SRR24785133	SRX20558089	SAMN35536283	UNRESOLVED	P100002292_L01_9.fq.gz	L33	UNRESOLVED	No HIV field or accession-linked clinical table in public record	Illumina NovaSeq 6000	SINGLE	50	442247789	0cae4dc8df03e0d2f80f73e3ae8fa0df	ftp.sra.ebi.ac.uk/vol1/fastq/SRR247/033/SRR24785133/SRR24785133.fastq.gz	ZHONGNAN HOSPITAL, WUHAN UNIVERSITY	UNRESOLVED_AT_FILE_LEVEL	none	METADATA_ONLY
SRR24785144	SRX20558078	SAMN35536282	UNRESOLVED	P100002292_L03_9.fq.gz	L32	UNRESOLVED	No HIV field or accession-linked clinical table in public record	Illumina NovaSeq 6000	SINGLE	50	456214261	96347fe57cdface5968c8f57d1841307	ftp.sra.ebi.ac.uk/vol1/fastq/SRR247/044/SRR24785144/SRR24785144.fastq.gz	ZHONGNAN HOSPITAL, WUHAN UNIVERSITY	UNRESOLVED_AT_FILE_LEVEL	none	METADATA_ONLY
SRR24784731	SRX20557774	SAMN35536349	UNRESOLVED	P100002295_L02_13.fq.gz	L99	UNRESOLVED	No HIV field or accession-linked clinical table in public record	Illumina NovaSeq 6000	SINGLE	50	729552597	e955cae06f628d5cbacf0afb705855af	ftp.sra.ebi.ac.uk/vol1/fastq/SRR247/031/SRR24784731/SRR24784731.fastq.gz	ZHONGNAN HOSPITAL, WUHAN UNIVERSITY	UNRESOLVED_AT_FILE_LEVEL	none	METADATA_ONLY
SRR24784729	SRX20557775	SAMN35536350	UNRESOLVED	P100002295_L04_13.fq.gz	L100	UNRESOLVED	No HIV field or accession-linked clinical table in public record	Illumina NovaSeq 6000	SINGLE	50	739535806	a49ee22ad9b9b863da6d54df56a80e7f	ftp.sra.ebi.ac.uk/vol1/fastq/SRR247/029/SRR24784729/SRR24784729.fastq.gz	ZHONGNAN HOSPITAL, WUHAN UNIVERSITY	UNRESOLVED_AT_FILE_LEVEL	none	METADATA_ONLY
SRR24785321	SRX20557901	SAMN35536318	UNRESOLVED	P100002561_L01_7.fq.gz	L68	UNRESOLVED	No HIV field or accession-linked clinical table in public record	Illumina NovaSeq 6000	SINGLE	50	683514279	865abf6fa466a7f8bdaa723292bbd6c2	ftp.sra.ebi.ac.uk/vol1/fastq/SRR247/021/SRR24785321/SRR24785321.fastq.gz	ZHONGNAN HOSPITAL, WUHAN UNIVERSITY	UNRESOLVED_AT_FILE_LEVEL	none	METADATA_ONLY
SRR24785055	SRX20558167	SAMN35536316	UNRESOLVED	P100002561_L02_7.fq.gz	L66	UNRESOLVED	No HIV field or accession-linked clinical table in public record	Illumina NovaSeq 6000	SINGLE	50	577674603	7ff0c6328614ee7570b887f118ead7ad	ftp.sra.ebi.ac.uk/vol1/fastq/SRR247/055/SRR24785055/SRR24785055.fastq.gz	ZHONGNAN HOSPITAL, WUHAN UNIVERSITY	UNRESOLVED_AT_FILE_LEVEL	none	METADATA_ONLY
SRR24785310	SRX20557912	SAMN35536319	UNRESOLVED	P100002561_L03_21.fq.gz	L69	UNRESOLVED	No HIV field or accession-linked clinical table in public record	Illumina NovaSeq 6000	SINGLE	50	533659822	13319b78a723855c2f577741878024a7	ftp.sra.ebi.ac.uk/vol1/fastq/SRR247/010/SRR24785310/SRR24785310.fastq.gz	ZHONGNAN HOSPITAL, WUHAN UNIVERSITY	UNRESOLVED_AT_FILE_LEVEL	none	METADATA_ONLY
SRR24785332	SRX20557890	SAMN35536317	UNRESOLVED	P100002561_L04_21.fq.gz	L67	UNRESOLVED	No HIV field or accession-linked clinical table in public record	Illumina NovaSeq 6000	SINGLE	50	522014107	56927f5b3df291eb0d57b677f6896322	ftp.sra.ebi.ac.uk/vol1/fastq/SRR247/032/SRR24785332/SRR24785332.fastq.gz	ZHONGNAN HOSPITAL, WUHAN UNIVERSITY	UNRESOLVED_AT_FILE_LEVEL	none	METADATA_ONLY
SRR24785013	SRX20557492	SAMN35536261	UNRESOLVED	P100002635_L01_22.fq.gz	L11	UNRESOLVED	No HIV field or accession-linked clinical table in public record	Illumina NovaSeq 6000	SINGLE	50	658195894	b314d525696031c1a492a9a9ae6e9e75	ftp.sra.ebi.ac.uk/vol1/fastq/SRR247/013/SRR24785013/SRR24785013.fastq.gz	ZHONGNAN HOSPITAL, WUHAN UNIVERSITY	UNRESOLVED_AT_FILE_LEVEL	none	METADATA_ONLY
SRR24785002	SRX20557503	SAMN35536262	UNRESOLVED	P100002635_L01_31.fq.gz	L12	UNRESOLVED	No HIV field or accession-linked clinical table in public record	Illumina NovaSeq 6000	SINGLE	50	153238333	7e5463ba07475aeee45f0b29e7904092	ftp.sra.ebi.ac.uk/vol1/fastq/SRR247/002/SRR24785002/SRR24785002.fastq.gz	ZHONGNAN HOSPITAL, WUHAN UNIVERSITY	UNRESOLVED_AT_FILE_LEVEL	none	METADATA_ONLY
SRR24784969	SRX20557536	SAMN35536265	UNRESOLVED	P100002635_L02_22.fq.gz	L15	UNRESOLVED	No HIV field or accession-linked clinical table in public record	Illumina NovaSeq 6000	SINGLE	50	713486120	c66f5c8d9747817bf98a72f8e1d21f64	ftp.sra.ebi.ac.uk/vol1/fastq/SRR247/069/SRR24784969/SRR24784969.fastq.gz	ZHONGNAN HOSPITAL, WUHAN UNIVERSITY	UNRESOLVED_AT_FILE_LEVEL	none	METADATA_ONLY
SRR24784991	SRX20557514	SAMN35536263	UNRESOLVED	P100002635_L02_31.fq.gz	L13	UNRESOLVED	No HIV field or accession-linked clinical table in public record	Illumina NovaSeq 6000	SINGLE	50	161892908	b32c34e7d6fd69c276c0627c70a5f39e	ftp.sra.ebi.ac.uk/vol1/fastq/SRR247/091/SRR24784991/SRR24784991.fastq.gz	ZHONGNAN HOSPITAL, WUHAN UNIVERSITY	UNRESOLVED_AT_FILE_LEVEL	none	METADATA_ONLY
SRR24784740	SRX20557765	SAMN35536260	UNRESOLVED	P100002635_L03_22.fq.gz	L10	UNRESOLVED	No HIV field or accession-linked clinical table in public record	Illumina NovaSeq 6000	SINGLE	50	721068622	336306bd73e4b1b7727e7a375e5b78a5	ftp.sra.ebi.ac.uk/vol1/fastq/SRR247/040/SRR24784740/SRR24784740.fastq.gz	ZHONGNAN HOSPITAL, WUHAN UNIVERSITY	UNRESOLVED_AT_FILE_LEVEL	none	METADATA_ONLY
SRR24784958	SRX20557547	SAMN35536266	UNRESOLVED	P100002635_L03_31.fq.gz	L16	UNRESOLVED	No HIV field or accession-linked clinical table in public record	Illumina NovaSeq 6000	SINGLE	50	163962895	3f965916b32b95b4e45c642b5c5736f0	ftp.sra.ebi.ac.uk/vol1/fastq/SRR247/058/SRR24784958/SRR24784958.fastq.gz	ZHONGNAN HOSPITAL, WUHAN UNIVERSITY	UNRESOLVED_AT_FILE_LEVEL	none	METADATA_ONLY
SRR24784980	SRX20557525	SAMN35536264	UNRESOLVED	P100002635_L04_22.fq.gz	L14	UNRESOLVED	No HIV field or accession-linked clinical table in public record	Illumina NovaSeq 6000	SINGLE	50	689503609	d90b52c3b5528ea97036705a518a8b1a	ftp.sra.ebi.ac.uk/vol1/fastq/SRR247/080/SRR24784980/SRR24784980.fastq.gz	ZHONGNAN HOSPITAL, WUHAN UNIVERSITY	UNRESOLVED_AT_FILE_LEVEL	none	METADATA_ONLY
SRR24784751	SRX20557754	SAMN35536259	UNRESOLVED	P100002635_L04_31.fq.gz	L9	UNRESOLVED	No HIV field or accession-linked clinical table in public record	Illumina NovaSeq 6000	SINGLE	50	156777875	313fd503b229a4f6459aa2a39788438e	ftp.sra.ebi.ac.uk/vol1/fastq/SRR247/051/SRR24784751/SRR24784751.fastq.gz	ZHONGNAN HOSPITAL, WUHAN UNIVERSITY	UNRESOLVED_AT_FILE_LEVEL	none	METADATA_ONLY
SRR24785030	SRX20558192	SAMN35536302	UNRESOLVED	P100003149_L01_31.fq.gz	L52	UNRESOLVED	No HIV field or accession-linked clinical table in public record	Illumina NovaSeq 6000	SINGLE	50	137214028	746e64f160ed028c85923305cfc32ae7	ftp.sra.ebi.ac.uk/vol1/fastq/SRR247/030/SRR24785030/SRR24785030.fastq.gz	ZHONGNAN HOSPITAL, WUHAN UNIVERSITY	UNRESOLVED_AT_FILE_LEVEL	none	METADATA_ONLY
SRR24784742	SRX20557763	SAMN35536339	UNRESOLVED	P100003149_L01_32.fq.gz	L89	UNRESOLVED	No HIV field or accession-linked clinical table in public record	Illumina NovaSeq 6000	SINGLE	50	538616513	9a83db19226045fe81a5f447909d8fd1	ftp.sra.ebi.ac.uk/vol1/fastq/SRR247/042/SRR24784742/SRR24784742.fastq.gz	ZHONGNAN HOSPITAL, WUHAN UNIVERSITY	UNRESOLVED_AT_FILE_LEVEL	none	METADATA_ONLY
SRR24784741	SRX20557764	SAMN35536340	UNRESOLVED	P100003149_L04_28.fq.gz	L90	UNRESOLVED	No HIV field or accession-linked clinical table in public record	Illumina NovaSeq 6000	SINGLE	50	1285965835	f51fb238875edbf6b9710ecd6d597b07	ftp.sra.ebi.ac.uk/vol1/fastq/SRR247/041/SRR24784741/SRR24784741.fastq.gz	ZHONGNAN HOSPITAL, WUHAN UNIVERSITY	UNRESOLVED_AT_FILE_LEVEL	none	METADATA_ONLY
SRR24784749	SRX20557756	SAMN35536332	UNRESOLVED	P100003162_L02_11.fq.gz	L82	UNRESOLVED	No HIV field or accession-linked clinical table in public record	Illumina NovaSeq 6000	SINGLE	50	1816829762	fd98d681a4688c43ac7705e49ca9147c	ftp.sra.ebi.ac.uk/vol1/fastq/SRR247/049/SRR24784749/SRR24784749.fastq.gz	ZHONGNAN HOSPITAL, WUHAN UNIVERSITY	UNRESOLVED_AT_FILE_LEVEL	none	METADATA_ONLY
SRR24784947	SRX20557558	SAMN35536267	UNRESOLVED	P100003162_L02_13.fq.gz	L17	UNRESOLVED	No HIV field or accession-linked clinical table in public record	Illumina NovaSeq 6000	SINGLE	50	937008023	666d53d650c60cd3dea68b93d508facf	ftp.sra.ebi.ac.uk/vol1/fastq/SRR247/047/SRR24784947/SRR24784947.fastq.gz	ZHONGNAN HOSPITAL, WUHAN UNIVERSITY	UNRESOLVED_AT_FILE_LEVEL	none	METADATA_ONLY
SRR24784678	SRX20557826	SAMN35536295	UNRESOLVED	P100003225_L02_15.fq.gz	L45	UNRESOLVED	No HIV field or accession-linked clinical table in public record	Illumina NovaSeq 6000	SINGLE	50	810373438	82b4863609751fc78e8d37587caab323	ftp.sra.ebi.ac.uk/vol1/fastq/SRR247/078/SRR24784678/SRR24784678.fastq.gz	ZHONGNAN HOSPITAL, WUHAN UNIVERSITY	UNRESOLVED_AT_FILE_LEVEL	none	METADATA_ONLY
SRR24784994	SRX20557511	SAMN35536368	UNRESOLVED	P100003225_L03_23.fq.gz	L118	UNRESOLVED	No HIV field or accession-linked clinical table in public record	Illumina NovaSeq 6000	SINGLE	50	1266690864	3de110d1ff3d96668418ed0aa25e216a	ftp.sra.ebi.ac.uk/vol1/fastq/SRR247/094/SRR24784994/SRR24784994.fastq.gz	ZHONGNAN HOSPITAL, WUHAN UNIVERSITY	UNRESOLVED_AT_FILE_LEVEL	none	METADATA_ONLY
SRR24785019	SRX20558203	SAMN35536303	UNRESOLVED	P100003225_L04_21.fq.gz	L53	UNRESOLVED	No HIV field or accession-linked clinical table in public record	Illumina NovaSeq 6000	SINGLE	50	393422328	b719ceaced78eb8f62ea93f930194c00	ftp.sra.ebi.ac.uk/vol1/fastq/SRR247/019/SRR24785019/SRR24785019.fastq.gz	ZHONGNAN HOSPITAL, WUHAN UNIVERSITY	UNRESOLVED_AT_FILE_LEVEL	none	METADATA_ONLY
SRR24784995	SRX20557510	SAMN35536367	UNRESOLVED	P100003330_L01_35.fq.gz	L117	UNRESOLVED	No HIV field or accession-linked clinical table in public record	Illumina NovaSeq 6000	SINGLE	50	126095077	eef61a21238c82525bbbb038610fee46	ftp.sra.ebi.ac.uk/vol1/fastq/SRR247/095/SRR24784995/SRR24784995.fastq.gz	ZHONGNAN HOSPITAL, WUHAN UNIVERSITY	UNRESOLVED_AT_FILE_LEVEL	none	METADATA_ONLY
SRR24784987	SRX20557518	SAMN35536374	UNRESOLVED	P100003460_L02_12.fq.gz	L124	UNRESOLVED	No HIV field or accession-linked clinical table in public record	Illumina NovaSeq 6000	SINGLE	50	811845477	a5790ced2d8e52d9e0a6349035a84c33	ftp.sra.ebi.ac.uk/vol1/fastq/SRR247/087/SRR24784987/SRR24784987.fastq.gz	ZHONGNAN HOSPITAL, WUHAN UNIVERSITY	UNRESOLVED_AT_FILE_LEVEL	none	METADATA_ONLY
SRR24785299	SRX20557923	SAMN35536307	UNRESOLVED	P100003464_L02_16.fq.gz	L57	UNRESOLVED	No HIV field or accession-linked clinical table in public record	Illumina NovaSeq 6000	SINGLE	50	663109649	7b6ac33d43dec3d64092d757f2ca3851	ftp.sra.ebi.ac.uk/vol1/fastq/SRR247/099/SRR24785299/SRR24785299.fastq.gz	ZHONGNAN HOSPITAL, WUHAN UNIVERSITY	UNRESOLVED_AT_FILE_LEVEL	none	METADATA_ONLY
SRR24784700	SRX20557804	SAMN35536306	UNRESOLVED	P100003464_L02_17.fq.gz	L56	UNRESOLVED	No HIV field or accession-linked clinical table in public record	Illumina NovaSeq 6000	SINGLE	50	793784116	20d97be297e98ced339bd0bb13932b68	ftp.sra.ebi.ac.uk/vol1/fastq/SRR247/000/SRR24784700/SRR24784700.fastq.gz	ZHONGNAN HOSPITAL, WUHAN UNIVERSITY	UNRESOLVED_AT_FILE_LEVEL	none	METADATA_ONLY
SRR24784722	SRX20557782	SAMN35536304	UNRESOLVED	P100003482_L04_16.fq.gz	L54	UNRESOLVED	No HIV field or accession-linked clinical table in public record	Illumina NovaSeq 6000	SINGLE	50	649801650	d929c4f8f52cb3e7ff6b64ac2195b6e8	ftp.sra.ebi.ac.uk/vol1/fastq/SRR247/022/SRR24784722/SRR24784722.fastq.gz	ZHONGNAN HOSPITAL, WUHAN UNIVERSITY	UNRESOLVED_AT_FILE_LEVEL	none	METADATA_ONLY
SRR24784711	SRX20557793	SAMN35536305	UNRESOLVED	P100003482_L04_17.fq.gz	L55	UNRESOLVED	No HIV field or accession-linked clinical table in public record	Illumina NovaSeq 6000	SINGLE	50	667568504	a14120da98ca83da45d40be771a3dfd3	ftp.sra.ebi.ac.uk/vol1/fastq/SRR247/011/SRR24784711/SRR24784711.fastq.gz	ZHONGNAN HOSPITAL, WUHAN UNIVERSITY	UNRESOLVED_AT_FILE_LEVEL	none	METADATA_ONLY
SRR24784746	SRX20557759	SAMN35536335	UNRESOLVED	P100004367_L02_12.fq.gz	L85	UNRESOLVED	No HIV field or accession-linked clinical table in public record	Illumina NovaSeq 6000	SINGLE	50	587838971	923ed68c63ff1284d7866517d303bdde	ftp.sra.ebi.ac.uk/vol1/fastq/SRR247/046/SRR24784746/SRR24784746.fastq.gz	ZHONGNAN HOSPITAL, WUHAN UNIVERSITY	UNRESOLVED_AT_FILE_LEVEL	none	METADATA_ONLY
SRR24785000	SRX20557505	SAMN35536362	UNRESOLVED	P100004367_L03_2.fq.gz	L112	UNRESOLVED	No HIV field or accession-linked clinical table in public record	Illumina NovaSeq 6000	SINGLE	50	793907136	9a52b84d19eb15fbf07139587f5a395e	ftp.sra.ebi.ac.uk/vol1/fastq/SRR247/000/SRR24785000/SRR24785000.fastq.gz	ZHONGNAN HOSPITAL, WUHAN UNIVERSITY	UNRESOLVED_AT_FILE_LEVEL	none	METADATA_ONLY
SRR24784744	SRX20557761	SAMN35536337	UNRESOLVED	P100004415_L02_11.fq.gz	L87	UNRESOLVED	No HIV field or accession-linked clinical table in public record	Illumina NovaSeq 6000	SINGLE	50	987644511	d12429d27b25777982561de434d24798	ftp.sra.ebi.ac.uk/vol1/fastq/SRR247/044/SRR24784744/SRR24784744.fastq.gz	ZHONGNAN HOSPITAL, WUHAN UNIVERSITY	UNRESOLVED_AT_FILE_LEVEL	none	METADATA_ONLY
SRR24785001	SRX20557504	SAMN35536361	UNRESOLVED	V300015269_L03_39.fq.gz	L111	UNRESOLVED	No HIV field or accession-linked clinical table in public record	Illumina NovaSeq 6000	SINGLE	50	772025239	621233240b03edc841ae45b5e04092d8	ftp.sra.ebi.ac.uk/vol1/fastq/SRR247/001/SRR24785001/SRR24785001.fastq.gz	ZHONGNAN HOSPITAL, WUHAN UNIVERSITY	UNRESOLVED_AT_FILE_LEVEL	none	METADATA_ONLY
SRR24784953	SRX20557552	SAMN35536405	UNRESOLVED	V300020347_L03_33.fq.gz	L155	UNRESOLVED	No HIV field or accession-linked clinical table in public record	Illumina NovaSeq 6000	SINGLE	50	951298571	80d332f823b677218370139979b82523	ftp.sra.ebi.ac.uk/vol1/fastq/SRR247/053/SRR24784953/SRR24784953.fastq.gz	ZHONGNAN HOSPITAL, WUHAN UNIVERSITY	UNRESOLVED_AT_FILE_LEVEL	none	METADATA_ONLY
SRR24785243	SRX20557979	SAMN35536312	UNRESOLVED	V300020377_L02_22.fq.gz	L62	UNRESOLVED	No HIV field or accession-linked clinical table in public record	Illumina NovaSeq 6000	SINGLE	50	1013051892	91100294d9b031db4f5772fce2a5a1f2	ftp.sra.ebi.ac.uk/vol1/fastq/SRR247/043/SRR24785243/SRR24785243.fastq.gz	ZHONGNAN HOSPITAL, WUHAN UNIVERSITY	UNRESOLVED_AT_FILE_LEVEL	none	METADATA_ONLY
SRR24784974	SRX20557531	SAMN35536386	UNRESOLVED	V300021199_L01_3.fq.gz	L136	UNRESOLVED	No HIV field or accession-linked clinical table in public record	Illumina NovaSeq 6000	SINGLE	50	420056757	d71780ed61ec6d1136584fcfa67437bf	ftp.sra.ebi.ac.uk/vol1/fastq/SRR247/074/SRR24784974/SRR24784974.fastq.gz	ZHONGNAN HOSPITAL, WUHAN UNIVERSITY	UNRESOLVED_AT_FILE_LEVEL	none	METADATA_ONLY
SRR24784981	SRX20557524	SAMN35536380	UNRESOLVED	V300021199_L02_18.fq.gz	L130	UNRESOLVED	No HIV field or accession-linked clinical table in public record	Illumina NovaSeq 6000	SINGLE	50	863856758	c80e8bb5ce296e1b478ba402a5a6897b	ftp.sra.ebi.ac.uk/vol1/fastq/SRR247/081/SRR24784981/SRR24784981.fastq.gz	ZHONGNAN HOSPITAL, WUHAN UNIVERSITY	UNRESOLVED_AT_FILE_LEVEL	none	METADATA_ONLY
SRR24785232	SRX20557990	SAMN35536313	UNRESOLVED	V300021251_L01_18.fq.gz	L63	UNRESOLVED	No HIV field or accession-linked clinical table in public record	Illumina NovaSeq 6000	SINGLE	50	862164531	14b8563c929fe2ec8964685ab26a92af	ftp.sra.ebi.ac.uk/vol1/fastq/SRR247/032/SRR24785232/SRR24785232.fastq.gz	ZHONGNAN HOSPITAL, WUHAN UNIVERSITY	UNRESOLVED_AT_FILE_LEVEL	none	METADATA_ONLY
SRR24785277	SRX20557945	SAMN35536309	UNRESOLVED	V300021338_L02_21.fq.gz	L59	UNRESOLVED	No HIV field or accession-linked clinical table in public record	Illumina NovaSeq 6000	SINGLE	50	702194996	50a9f1151620dd73c562f1dcdc5c25be	ftp.sra.ebi.ac.uk/vol1/fastq/SRR247/077/SRR24785277/SRR24785277.fastq.gz	ZHONGNAN HOSPITAL, WUHAN UNIVERSITY	UNRESOLVED_AT_FILE_LEVEL	none	METADATA_ONLY
SRR24784735	SRX20557770	SAMN35536345	UNRESOLVED	V300023794_L03_23.fq.gz	L95	UNRESOLVED	No HIV field or accession-linked clinical table in public record	Illumina NovaSeq 6000	SINGLE	50	1212608968	d5000292b788255a333f7678d2952916	ftp.sra.ebi.ac.uk/vol1/fastq/SRR247/035/SRR24784735/SRR24784735.fastq.gz	ZHONGNAN HOSPITAL, WUHAN UNIVERSITY	UNRESOLVED_AT_FILE_LEVEL	none	METADATA_ONLY
SRR24784750	SRX20557755	SAMN35536331	UNRESOLVED	V300024280_L02_23.fq.gz	L81	UNRESOLVED	No HIV field or accession-linked clinical table in public record	Illumina NovaSeq 6000	SINGLE	50	454700418	2442e1522b0a124b97ed6a8bffd826c3	ftp.sra.ebi.ac.uk/vol1/fastq/SRR247/050/SRR24784750/SRR24784750.fastq.gz	ZHONGNAN HOSPITAL, WUHAN UNIVERSITY	UNRESOLVED_AT_FILE_LEVEL	none	METADATA_ONLY
SRR24784985	SRX20557520	SAMN35536376	UNRESOLVED	V300026383_L01_30.fq.gz	L126	UNRESOLVED	No HIV field or accession-linked clinical table in public record	Illumina NovaSeq 6000	SINGLE	50	1224453122	32e403c8cd8349b1887fd920343c287c	ftp.sra.ebi.ac.uk/vol1/fastq/SRR247/085/SRR24784985/SRR24784985.fastq.gz	ZHONGNAN HOSPITAL, WUHAN UNIVERSITY	UNRESOLVED_AT_FILE_LEVEL	none	METADATA_ONLY
SRR24785008	SRX20557497	SAMN35536355	UNRESOLVED	V300030802_L02_6.fq.gz	L105	UNRESOLVED	No HIV field or accession-linked clinical table in public record	Illumina NovaSeq 6000	SINGLE	50	505024052	06bcddfb339abc68e51624aab654ce63	ftp.sra.ebi.ac.uk/vol1/fastq/SRR247/008/SRR24785008/SRR24785008.fastq.gz	ZHONGNAN HOSPITAL, WUHAN UNIVERSITY	UNRESOLVED_AT_FILE_LEVEL	none	METADATA_ONLY
SRR24784757	SRX20557748	SAMN35536325	UNRESOLVED	V300030811_L02_5.fq.gz	L75	UNRESOLVED	No HIV field or accession-linked clinical table in public record	Illumina NovaSeq 6000	SINGLE	50	377086044	7560a81541f5d06f64d58c9cb4bb4cfe	ftp.sra.ebi.ac.uk/vol1/fastq/SRR247/057/SRR24784757/SRR24784757.fastq.gz	ZHONGNAN HOSPITAL, WUHAN UNIVERSITY	UNRESOLVED_AT_FILE_LEVEL	none	METADATA_ONLY
SRR24784754	SRX20557751	SAMN35536328	UNRESOLVED	V300030813_L03_4.fq.gz	L78	UNRESOLVED	No HIV field or accession-linked clinical table in public record	Illumina NovaSeq 6000	SINGLE	50	997780799	3749df38d2550e9c9720bcb19bab0725	ftp.sra.ebi.ac.uk/vol1/fastq/SRR247/054/SRR24784754/SRR24784754.fastq.gz	ZHONGNAN HOSPITAL, WUHAN UNIVERSITY	UNRESOLVED_AT_FILE_LEVEL	none	METADATA_ONLY
SRR24784930	SRX20557575	SAMN35536288	UNRESOLVED	V300030852_L02_2.fq.gz	L38	UNRESOLVED	No HIV field or accession-linked clinical table in public record	Illumina NovaSeq 6000	SINGLE	50	399405154	b52d4486b707163f1e1d7e504b6283c0	ftp.sra.ebi.ac.uk/vol1/fastq/SRR247/030/SRR24784930/SRR24784930.fastq.gz	ZHONGNAN HOSPITAL, WUHAN UNIVERSITY	UNRESOLVED_AT_FILE_LEVEL	none	METADATA_ONLY
SRR24784667	SRX20557837	SAMN35536296	UNRESOLVED	V300035271_L04_27.fq.gz	L46	UNRESOLVED	No HIV field or accession-linked clinical table in public record	Illumina NovaSeq 6000	SINGLE	50	769325620	89af173ff5a03bdc22663610688b2703	ftp.sra.ebi.ac.uk/vol1/fastq/SRR247/067/SRR24784667/SRR24784667.fastq.gz	ZHONGNAN HOSPITAL, WUHAN UNIVERSITY	UNRESOLVED_AT_FILE_LEVEL	none	METADATA_ONLY
SRR24784745	SRX20557760	SAMN35536336	UNRESOLVED	V300035308_L03_1.fq.gz	L86	UNRESOLVED	No HIV field or accession-linked clinical table in public record	Illumina NovaSeq 6000	SINGLE	50	1088192774	a512457bf5a8020f779c72a515bb9d58	ftp.sra.ebi.ac.uk/vol1/fastq/SRR247/045/SRR24784745/SRR24784745.fastq.gz	ZHONGNAN HOSPITAL, WUHAN UNIVERSITY	UNRESOLVED_AT_FILE_LEVEL	none	METADATA_ONLY
SRR24784903	SRX20557883	SAMN35536253	UNRESOLVED	V300037394_L03_27.fq.gz	L3	UNRESOLVED	No HIV field or accession-linked clinical table in public record	Illumina NovaSeq 6000	SINGLE	50	480847486	af7e6680ab399b197ce826ba9f92b807	ftp.sra.ebi.ac.uk/vol1/fastq/SRR247/003/SRR24784903/SRR24784903.fastq.gz	ZHONGNAN HOSPITAL, WUHAN UNIVERSITY	UNRESOLVED_AT_FILE_LEVEL	none	METADATA_ONLY
SRR24784752	SRX20557753	SAMN35536330	UNRESOLVED	V300037492_L04_6.fq.gz	L80	UNRESOLVED	No HIV field or accession-linked clinical table in public record	Illumina NovaSeq 6000	SINGLE	50	1727218049	b1dcfe827cc3595b7f020a39ac63b80b	ftp.sra.ebi.ac.uk/vol1/fastq/SRR247/052/SRR24784752/SRR24784752.fastq.gz	ZHONGNAN HOSPITAL, WUHAN UNIVERSITY	UNRESOLVED_AT_FILE_LEVEL	none	METADATA_ONLY
SRR24784743	SRX20557762	SAMN35536338	UNRESOLVED	V300037508_L04_11.fq.gz	L88	UNRESOLVED	No HIV field or accession-linked clinical table in public record	Illumina NovaSeq 6000	SINGLE	50	690104306	15aa1c863dab47642d41d1e2bfa8f2a3	ftp.sra.ebi.ac.uk/vol1/fastq/SRR247/043/SRR24784743/SRR24784743.fastq.gz	ZHONGNAN HOSPITAL, WUHAN UNIVERSITY	UNRESOLVED_AT_FILE_LEVEL	none	METADATA_ONLY
SRR24784990	SRX20557515	SAMN35536371	UNRESOLVED	V300037508_L04_18.fq.gz	L121	UNRESOLVED	No HIV field or accession-linked clinical table in public record	Illumina NovaSeq 6000	SINGLE	50	727958808	deb6ed8de2a4e9aa695337ccb146ac3d	ftp.sra.ebi.ac.uk/vol1/fastq/SRR247/090/SRR24784990/SRR24784990.fastq.gz	ZHONGNAN HOSPITAL, WUHAN UNIVERSITY	UNRESOLVED_AT_FILE_LEVEL	none	METADATA_ONLY
SRR24784973	SRX20557532	SAMN35536387	UNRESOLVED	V300044706_L03_10.fq.gz	L137	UNRESOLVED	No HIV field or accession-linked clinical table in public record	Illumina NovaSeq 6000	SINGLE	50	396608167	5dddc6731f2082d80f95396264ce5614	ftp.sra.ebi.ac.uk/vol1/fastq/SRR247/073/SRR24784973/SRR24784973.fastq.gz	ZHONGNAN HOSPITAL, WUHAN UNIVERSITY	UNRESOLVED_AT_FILE_LEVEL	none	METADATA_ONLY
SRR24784780	SRX20557725	SAMN35536258	UNRESOLVED	V300044706_L04_10.fq.gz	L8	UNRESOLVED	No HIV field or accession-linked clinical table in public record	Illumina NovaSeq 6000	SINGLE	50	775421359	15b4c5121c645eb3c070781538c7e659	ftp.sra.ebi.ac.uk/vol1/fastq/SRR247/080/SRR24784780/SRR24784780.fastq.gz	ZHONGNAN HOSPITAL, WUHAN UNIVERSITY	UNRESOLVED_AT_FILE_LEVEL	none	METADATA_ONLY
SRR24784961	SRX20557544	SAMN35536398	UNRESOLVED	V300048044_L02_6.fq.gz	L148	UNRESOLVED	No HIV field or accession-linked clinical table in public record	Illumina NovaSeq 6000	SINGLE	50	1590608345	e36d4b4031ce8c47c956642fe87c4fd2	ftp.sra.ebi.ac.uk/vol1/fastq/SRR247/061/SRR24784961/SRR24784961.fastq.gz	ZHONGNAN HOSPITAL, WUHAN UNIVERSITY	UNRESOLVED_AT_FILE_LEVEL	none	METADATA_ONLY
SRR24784779	SRX20557726	SAMN35536321	UNRESOLVED	V300048044_L03_4.fq.gz	L71	UNRESOLVED	No HIV field or accession-linked clinical table in public record	Illumina NovaSeq 6000	SINGLE	50	1390064323	85037f94271ab1c51f4acd0cf08f43ed	ftp.sra.ebi.ac.uk/vol1/fastq/SRR247/079/SRR24784779/SRR24784779.fastq.gz	ZHONGNAN HOSPITAL, WUHAN UNIVERSITY	UNRESOLVED_AT_FILE_LEVEL	none	METADATA_ONLY
SRR24784902	SRX20557603	SAMN35536271	UNRESOLVED	V300048052_L01_4.fq.gz	L21	UNRESOLVED	No HIV field or accession-linked clinical table in public record	Illumina NovaSeq 6000	SINGLE	50	484868062	e024e0410c9a6d3d5e45e2ad241f74ed	ftp.sra.ebi.ac.uk/vol1/fastq/SRR247/002/SRR24784902/SRR24784902.fastq.gz	ZHONGNAN HOSPITAL, WUHAN UNIVERSITY	UNRESOLVED_AT_FILE_LEVEL	none	METADATA_ONLY
SRR24784825	SRX20557680	SAMN35536255	UNRESOLVED	V300070071_L03_1.fq.gz	L5	UNRESOLVED	No HIV field or accession-linked clinical table in public record	Illumina NovaSeq 6000	SINGLE	50	1261972653	9dedacab3fd8a5e9dff546404f18f517	ftp.sra.ebi.ac.uk/vol1/fastq/SRR247/025/SRR24784825/SRR24784825.fastq.gz	ZHONGNAN HOSPITAL, WUHAN UNIVERSITY	UNRESOLVED_AT_FILE_LEVEL	none	METADATA_ONLY
SRR24785122	SRX20558100	SAMN35536284	UNRESOLVED	V300074685_L02_27.fq.gz	L34	UNRESOLVED	No HIV field or accession-linked clinical table in public record	Illumina NovaSeq 6000	SINGLE	50	857404545	af9eef1e1312bceffa9d3a55d150d847	ftp.sra.ebi.ac.uk/vol1/fastq/SRR247/022/SRR24785122/SRR24785122.fastq.gz	ZHONGNAN HOSPITAL, WUHAN UNIVERSITY	UNRESOLVED_AT_FILE_LEVEL	none	METADATA_ONLY
SRR24785288	SRX20557934	SAMN35536308	UNRESOLVED	V300074709_L04_11.fq.gz	L58	UNRESOLVED	No HIV field or accession-linked clinical table in public record	Illumina NovaSeq 6000	SINGLE	50	1078989626	9b10cb1c45a8ecaac12c9d685581d93c	ftp.sra.ebi.ac.uk/vol1/fastq/SRR247/088/SRR24785288/SRR24785288.fastq.gz	ZHONGNAN HOSPITAL, WUHAN UNIVERSITY	UNRESOLVED_AT_FILE_LEVEL	none	METADATA_ONLY
SRR24785003	SRX20557502	SAMN35536360	UNRESOLVED	V300080924_L01_11.fq.gz	L110	UNRESOLVED	No HIV field or accession-linked clinical table in public record	Illumina NovaSeq 6000	SINGLE	50	841836224	838db8aedd9ad7bd5de885dde1ccf04d	ftp.sra.ebi.ac.uk/vol1/fastq/SRR247/003/SRR24785003/SRR24785003.fastq.gz	ZHONGNAN HOSPITAL, WUHAN UNIVERSITY	UNRESOLVED_AT_FILE_LEVEL	none	METADATA_ONLY
SRR24784768	SRX20557737	SAMN35536322	UNRESOLVED	V300080924_L02_12.fq.gz	L72	UNRESOLVED	No HIV field or accession-linked clinical table in public record	Illumina NovaSeq 6000	SINGLE	50	610261737	b851912b3a95a3c78217ba97ac9736f4	ftp.sra.ebi.ac.uk/vol1/fastq/SRR247/068/SRR24784768/SRR24784768.fastq.gz	ZHONGNAN HOSPITAL, WUHAN UNIVERSITY	UNRESOLVED_AT_FILE_LEVEL	none	METADATA_ONLY
SRR24784759	SRX20557746	SAMN35536323	UNRESOLVED	V300080924_L03_23.fq.gz	L73	UNRESOLVED	No HIV field or accession-linked clinical table in public record	Illumina NovaSeq 6000	SINGLE	50	812533538	134e61314e0ff92942253f7e0e8c5840	ftp.sra.ebi.ac.uk/vol1/fastq/SRR247/059/SRR24784759/SRR24784759.fastq.gz	ZHONGNAN HOSPITAL, WUHAN UNIVERSITY	UNRESOLVED_AT_FILE_LEVEL	none	METADATA_ONLY
SRR24785006	SRX20557499	SAMN35536357	UNRESOLVED	V300081016_L01_6.fq.gz	L107	UNRESOLVED	No HIV field or accession-linked clinical table in public record	Illumina NovaSeq 6000	SINGLE	50	1463936035	16b6f5ec17c6406bd2ba505ad76e88a5	ftp.sra.ebi.ac.uk/vol1/fastq/SRR247/006/SRR24785006/SRR24785006.fastq.gz	ZHONGNAN HOSPITAL, WUHAN UNIVERSITY	UNRESOLVED_AT_FILE_LEVEL	none	METADATA_ONLY
SRR24784971	SRX20557534	SAMN35536389	UNRESOLVED	V300081016_L01_7.fq.gz	L139	UNRESOLVED	No HIV field or accession-linked clinical table in public record	Illumina NovaSeq 6000	SINGLE	50	527777291	3995f6cb2a831cba45b6949ba618c702	ftp.sra.ebi.ac.uk/vol1/fastq/SRR247/071/SRR24784971/SRR24784971.fastq.gz	ZHONGNAN HOSPITAL, WUHAN UNIVERSITY	UNRESOLVED_AT_FILE_LEVEL	none	METADATA_ONLY
SRR24784802	SRX20557703	SAMN35536293	UNRESOLVED	V300081016_L03_15.fq.gz	L43	UNRESOLVED	No HIV field or accession-linked clinical table in public record	Illumina NovaSeq 6000	SINGLE	50	1000321539	69f12909d4c4dafa4f47afe0421db207	ftp.sra.ebi.ac.uk/vol1/fastq/SRR247/002/SRR24784802/SRR24784802.fastq.gz	ZHONGNAN HOSPITAL, WUHAN UNIVERSITY	UNRESOLVED_AT_FILE_LEVEL	none	METADATA_ONLY
SRR24785041	SRX20558181	SAMN35536301	UNRESOLVED	V300081016_L03_20.fq.gz	L51	UNRESOLVED	No HIV field or accession-linked clinical table in public record	Illumina NovaSeq 6000	SINGLE	50	958275293	157fc57770464b1cf93587e62fa6f2df	ftp.sra.ebi.ac.uk/vol1/fastq/SRR247/041/SRR24785041/SRR24785041.fastq.gz	ZHONGNAN HOSPITAL, WUHAN UNIVERSITY	UNRESOLVED_AT_FILE_LEVEL	none	METADATA_ONLY
SRR24784747	SRX20557758	SAMN35536334	UNRESOLVED	V300081016_L03_21.fq.gz	L84	UNRESOLVED	No HIV field or accession-linked clinical table in public record	Illumina NovaSeq 6000	SINGLE	50	980841024	f76dfd24a915d8a0cbc322d39afa1730	ftp.sra.ebi.ac.uk/vol1/fastq/SRR247/047/SRR24784747/SRR24784747.fastq.gz	ZHONGNAN HOSPITAL, WUHAN UNIVERSITY	UNRESOLVED_AT_FILE_LEVEL	none	METADATA_ONLY
SRR24784959	SRX20557546	SAMN35536400	UNRESOLVED	V300081029_L01_2.fq.gz	L150	UNRESOLVED	No HIV field or accession-linked clinical table in public record	Illumina NovaSeq 6000	SINGLE	50	617472538	8c063b1fde4936c13a97498ef2ddf7e2	ftp.sra.ebi.ac.uk/vol1/fastq/SRR247/059/SRR24784959/SRR24784959.fastq.gz	ZHONGNAN HOSPITAL, WUHAN UNIVERSITY	UNRESOLVED_AT_FILE_LEVEL	none	METADATA_ONLY
SRR24784960	SRX20557545	SAMN35536399	UNRESOLVED	V300081029_L03_2.fq.gz	L149	UNRESOLVED	No HIV field or accession-linked clinical table in public record	Illumina NovaSeq 6000	SINGLE	50	621826979	e9e7401c7fe85c0c68a740fd64d7cce5	ftp.sra.ebi.ac.uk/vol1/fastq/SRR247/060/SRR24784960/SRR24784960.fastq.gz	ZHONGNAN HOSPITAL, WUHAN UNIVERSITY	UNRESOLVED_AT_FILE_LEVEL	none	METADATA_ONLY
SRR24785219	SRX20558003	SAMN35536298	UNRESOLVED	V300081044_L02_24.fq.gz	L48	UNRESOLVED	No HIV field or accession-linked clinical table in public record	Illumina NovaSeq 6000	SINGLE	50	2054518378	a1aed729be74cbf3722c330961cae3f2	ftp.sra.ebi.ac.uk/vol1/fastq/SRR247/019/SRR24785219/SRR24785219.fastq.gz	ZHONGNAN HOSPITAL, WUHAN UNIVERSITY	UNRESOLVED_AT_FILE_LEVEL	none	METADATA_ONLY
SRR24785197	SRX20558025	SAMN35536300	UNRESOLVED	V300081044_L04_24.fq.gz	L50	UNRESOLVED	No HIV field or accession-linked clinical table in public record	Illumina NovaSeq 6000	SINGLE	50	2059433118	5ee9ec339b5a4b7b9714621e730e769e	ftp.sra.ebi.ac.uk/vol1/fastq/SRR247/097/SRR24785197/SRR24785197.fastq.gz	ZHONGNAN HOSPITAL, WUHAN UNIVERSITY	UNRESOLVED_AT_FILE_LEVEL	none	METADATA_ONLY
SRR24785007	SRX20557498	SAMN35536356	UNRESOLVED	V300081129_L01_6.fq.gz	L106	UNRESOLVED	No HIV field or accession-linked clinical table in public record	Illumina NovaSeq 6000	SINGLE	50	1155091514	acd7ae1f091387652ef44533933c94b1	ftp.sra.ebi.ac.uk/vol1/fastq/SRR247/007/SRR24785007/SRR24785007.fastq.gz	ZHONGNAN HOSPITAL, WUHAN UNIVERSITY	UNRESOLVED_AT_FILE_LEVEL	none	METADATA_ONLY
SRR24784972	SRX20557533	SAMN35536388	UNRESOLVED	V300081129_L01_7.fq.gz	L138	UNRESOLVED	No HIV field or accession-linked clinical table in public record	Illumina NovaSeq 6000	SINGLE	50	543057459	c275cef92064768f75510d0fae87523d	ftp.sra.ebi.ac.uk/vol1/fastq/SRR247/072/SRR24784972/SRR24784972.fastq.gz	ZHONGNAN HOSPITAL, WUHAN UNIVERSITY	UNRESOLVED_AT_FILE_LEVEL	none	METADATA_ONLY
SRR24784689	SRX20557815	SAMN35536294	UNRESOLVED	V300081129_L03_15.fq.gz	L44	UNRESOLVED	No HIV field or accession-linked clinical table in public record	Illumina NovaSeq 6000	SINGLE	50	746686517	5ded6877afda2e3d4a042f54bbb68bb7	ftp.sra.ebi.ac.uk/vol1/fastq/SRR247/089/SRR24784689/SRR24784689.fastq.gz	ZHONGNAN HOSPITAL, WUHAN UNIVERSITY	UNRESOLVED_AT_FILE_LEVEL	none	METADATA_ONLY
SRR24785208	SRX20558014	SAMN35536299	UNRESOLVED	V300081129_L03_20.fq.gz	L49	UNRESOLVED	No HIV field or accession-linked clinical table in public record	Illumina NovaSeq 6000	SINGLE	50	834895899	7afb93bf7a980088b4f960e8039bdcef	ftp.sra.ebi.ac.uk/vol1/fastq/SRR247/008/SRR24785208/SRR24785208.fastq.gz	ZHONGNAN HOSPITAL, WUHAN UNIVERSITY	UNRESOLVED_AT_FILE_LEVEL	none	METADATA_ONLY
SRR24784748	SRX20557757	SAMN35536333	UNRESOLVED	V300081129_L03_21.fq.gz	L83	UNRESOLVED	No HIV field or accession-linked clinical table in public record	Illumina NovaSeq 6000	SINGLE	50	808940410	8a1eb6e1eb68aa73a0f5b7abf40866be	ftp.sra.ebi.ac.uk/vol1/fastq/SRR247/048/SRR24784748/SRR24784748.fastq.gz	ZHONGNAN HOSPITAL, WUHAN UNIVERSITY	UNRESOLVED_AT_FILE_LEVEL	none	METADATA_ONLY
SRR24784986	SRX20557519	SAMN35536375	UNRESOLVED	V300090019_L01_1.fq.gz	L125	UNRESOLVED	No HIV field or accession-linked clinical table in public record	Illumina NovaSeq 6000	SINGLE	50	876276292	a03d7bffef4a6b8ebe49aa17744da49c	ftp.sra.ebi.ac.uk/vol1/fastq/SRR247/086/SRR24784986/SRR24784986.fastq.gz	ZHONGNAN HOSPITAL, WUHAN UNIVERSITY	UNRESOLVED_AT_FILE_LEVEL	none	METADATA_ONLY
SRR24785156	SRX20558066	SAMN35536254	UNRESOLVED	V300090019_L02_8.fq.gz	L4	UNRESOLVED	No HIV field or accession-linked clinical table in public record	Illumina NovaSeq 6000	SINGLE	50	1036310125	a4d55d42e1dff8af869a4d53901fa5d8	ftp.sra.ebi.ac.uk/vol1/fastq/SRR247/056/SRR24785156/SRR24785156.fastq.gz	ZHONGNAN HOSPITAL, WUHAN UNIVERSITY	UNRESOLVED_AT_FILE_LEVEL	none	METADATA_ONLY
SRR24785230	SRX20557992	SAMN35536297	UNRESOLVED	V300094681_L01_10.fq.gz	L47	UNRESOLVED	No HIV field or accession-linked clinical table in public record	Illumina NovaSeq 6000	SINGLE	50	1012297415	f090685eeae20681699ed3cf3aa18834	ftp.sra.ebi.ac.uk/vol1/fastq/SRR247/030/SRR24785230/SRR24785230.fastq.gz	ZHONGNAN HOSPITAL, WUHAN UNIVERSITY	UNRESOLVED_AT_FILE_LEVEL	none	METADATA_ONLY
SRR24785015	SRX20557490	SAMN35536251	UNRESOLVED	V300094681_L01_9.fq.gz	L1	UNRESOLVED	No HIV field or accession-linked clinical table in public record	Illumina NovaSeq 6000	SINGLE	50	1089969899	cbadb3c4605f1f27306fafe4f93c6907	ftp.sra.ebi.ac.uk/vol1/fastq/SRR247/015/SRR24785015/SRR24785015.fastq.gz	ZHONGNAN HOSPITAL, WUHAN UNIVERSITY	UNRESOLVED_AT_FILE_LEVEL	none	METADATA_ONLY
SRR24784736	SRX20557769	SAMN35536344	UNRESOLVED	V300094685_L01_25.fq.gz	L94	UNRESOLVED	No HIV field or accession-linked clinical table in public record	Illumina NovaSeq 6000	SINGLE	50	1567426293	7ce0c180a356d305997ec78b6ac2e54c	ftp.sra.ebi.ac.uk/vol1/fastq/SRR247/036/SRR24784736/SRR24784736.fastq.gz	ZHONGNAN HOSPITAL, WUHAN UNIVERSITY	UNRESOLVED_AT_FILE_LEVEL	none	METADATA_ONLY
SRR24784753	SRX20557752	SAMN35536329	UNRESOLVED	V300094685_L01_26.fq.gz	L79	UNRESOLVED	No HIV field or accession-linked clinical table in public record	Illumina NovaSeq 6000	SINGLE	50	1291849523	30a6113085dd0864ab0286e7d0d9a638	ftp.sra.ebi.ac.uk/vol1/fastq/SRR247/053/SRR24784753/SRR24784753.fastq.gz	ZHONGNAN HOSPITAL, WUHAN UNIVERSITY	UNRESOLVED_AT_FILE_LEVEL	none	METADATA_ONLY
SRR24784654	SRX20557850	SAMN35536268	UNRESOLVED	V300094685_L01_27.fq.gz	L18	UNRESOLVED	No HIV field or accession-linked clinical table in public record	Illumina NovaSeq 6000	SINGLE	50	1513292400	644b75ea57544a149d458a61340be58f	ftp.sra.ebi.ac.uk/vol1/fastq/SRR247/054/SRR24784654/SRR24784654.fastq.gz	ZHONGNAN HOSPITAL, WUHAN UNIVERSITY	UNRESOLVED_AT_FILE_LEVEL	none	METADATA_ONLY
SRR24784824	SRX20557681	SAMN35536291	UNRESOLVED	V300097362_L01_22.fq.gz	L41	UNRESOLVED	No HIV field or accession-linked clinical table in public record	Illumina NovaSeq 6000	SINGLE	50	910659295	6affdb23341bb6a0d49d9880c7efbf6d	ftp.sra.ebi.ac.uk/vol1/fastq/SRR247/024/SRR24784824/SRR24784824.fastq.gz	ZHONGNAN HOSPITAL, WUHAN UNIVERSITY	UNRESOLVED_AT_FILE_LEVEL	none	METADATA_ONLY
SRR24784908	SRX20557597	SAMN35536290	UNRESOLVED	V300097362_L01_34.fq.gz	L40	UNRESOLVED	No HIV field or accession-linked clinical table in public record	Illumina NovaSeq 6000	SINGLE	50	1077016763	de7c7517a863d6d9ed6bcdeed24c0dd4	ftp.sra.ebi.ac.uk/vol1/fastq/SRR247/008/SRR24784908/SRR24784908.fastq.gz	ZHONGNAN HOSPITAL, WUHAN UNIVERSITY	UNRESOLVED_AT_FILE_LEVEL	none	METADATA_ONLY
SRR24784813	SRX20557692	SAMN35536292	UNRESOLVED	V300097362_L03_22.fq.gz	L42	UNRESOLVED	No HIV field or accession-linked clinical table in public record	Illumina NovaSeq 6000	SINGLE	50	797529167	840e02832a526923cea1b8b662d19d24	ftp.sra.ebi.ac.uk/vol1/fastq/SRR247/013/SRR24784813/SRR24784813.fastq.gz	ZHONGNAN HOSPITAL, WUHAN UNIVERSITY	UNRESOLVED_AT_FILE_LEVEL	none	METADATA_ONLY
SRR24784919	SRX20557586	SAMN35536289	UNRESOLVED	V300097362_L03_34.fq.gz	L39	UNRESOLVED	No HIV field or accession-linked clinical table in public record	Illumina NovaSeq 6000	SINGLE	50	1130305474	9561c8a8e1c4e31165c4dc9c188f4071	ftp.sra.ebi.ac.uk/vol1/fastq/SRR247/019/SRR24784919/SRR24784919.fastq.gz	ZHONGNAN HOSPITAL, WUHAN UNIVERSITY	UNRESOLVED_AT_FILE_LEVEL	none	METADATA_ONLY
SRR24784739	SRX20557766	SAMN35536341	UNRESOLVED	V300097376_L01_4.fq.gz	L91	UNRESOLVED	No HIV field or accession-linked clinical table in public record	Illumina NovaSeq 6000	SINGLE	50	557892597	8e59c8ce027cf8d51026ece2f2d14b3b	ftp.sra.ebi.ac.uk/vol1/fastq/SRR247/039/SRR24784739/SRR24784739.fastq.gz	ZHONGNAN HOSPITAL, WUHAN UNIVERSITY	UNRESOLVED_AT_FILE_LEVEL	none	METADATA_ONLY
SRR24784984	SRX20557521	SAMN35536377	UNRESOLVED	V300097383_L04_20.fq.gz	L127	UNRESOLVED	No HIV field or accession-linked clinical table in public record	Illumina NovaSeq 6000	SINGLE	50	348486434	f72eb5bb627c5c03a476b423089fe26a	ftp.sra.ebi.ac.uk/vol1/fastq/SRR247/084/SRR24784984/SRR24784984.fastq.gz	ZHONGNAN HOSPITAL, WUHAN UNIVERSITY	UNRESOLVED_AT_FILE_LEVEL	none	METADATA_ONLY
SRR24784983	SRX20557522	SAMN35536378	UNRESOLVED	V300097383_L04_39.fq.gz	L128	UNRESOLVED	No HIV field or accession-linked clinical table in public record	Illumina NovaSeq 6000	SINGLE	50	280624808	0065f98ad30c339d4bcf58b180ab614e	ftp.sra.ebi.ac.uk/vol1/fastq/SRR247/083/SRR24784983/SRR24784983.fastq.gz	ZHONGNAN HOSPITAL, WUHAN UNIVERSITY	UNRESOLVED_AT_FILE_LEVEL	none	METADATA_ONLY
SRR24784993	SRX20557512	SAMN35536369	UNRESOLVED	V300097384_L03_16.fq.gz	L119	UNRESOLVED	No HIV field or accession-linked clinical table in public record	Illumina NovaSeq 6000	SINGLE	50	411753421	65ca49fa41f56003ffb7188eba75d5c8	ftp.sra.ebi.ac.uk/vol1/fastq/SRR247/093/SRR24784993/SRR24784993.fastq.gz	ZHONGNAN HOSPITAL, WUHAN UNIVERSITY	UNRESOLVED_AT_FILE_LEVEL	none	METADATA_ONLY
SRR24784982	SRX20557523	SAMN35536379	UNRESOLVED	V300097384_L04_20.fq.gz	L129	UNRESOLVED	No HIV field or accession-linked clinical table in public record	Illumina NovaSeq 6000	SINGLE	50	759952166	b3509dadf2a2022128a9a6580d4e08cd	ftp.sra.ebi.ac.uk/vol1/fastq/SRR247/082/SRR24784982/SRR24784982.fastq.gz	ZHONGNAN HOSPITAL, WUHAN UNIVERSITY	UNRESOLVED_AT_FILE_LEVEL	none	METADATA_ONLY
SRR24784957	SRX20557548	SAMN35536401	UNRESOLVED	V300104193_L02_10.fq.gz	L151	UNRESOLVED	No HIV field or accession-linked clinical table in public record	Illumina NovaSeq 6000	SINGLE	50	811912846	1acf3371069084baf594bad146e5c82e	ftp.sra.ebi.ac.uk/vol1/fastq/SRR247/057/SRR24784957/SRR24784957.fastq.gz	ZHONGNAN HOSPITAL, WUHAN UNIVERSITY	UNRESOLVED_AT_FILE_LEVEL	none	METADATA_ONLY
SRR24784880	SRX20557625	SAMN35536273	UNRESOLVED	V300104193_L03_14.fq.gz	L23	UNRESOLVED	No HIV field or accession-linked clinical table in public record	Illumina NovaSeq 6000	SINGLE	50	1736612773	b194483d194bcfbbbe3cab01ea55ee63	ftp.sra.ebi.ac.uk/vol1/fastq/SRR247/080/SRR24784880/SRR24784880.fastq.gz	ZHONGNAN HOSPITAL, WUHAN UNIVERSITY	UNRESOLVED_AT_FILE_LEVEL	none	METADATA_ONLY
SRR24784992	SRX20557513	SAMN35536370	UNRESOLVED	V300104193_L03_18.fq.gz	L120	UNRESOLVED	No HIV field or accession-linked clinical table in public record	Illumina NovaSeq 6000	SINGLE	50	1985280828	2c7819aa890e9ba78e367b71054a8bca	ftp.sra.ebi.ac.uk/vol1/fastq/SRR247/092/SRR24784992/SRR24784992.fastq.gz	ZHONGNAN HOSPITAL, WUHAN UNIVERSITY	UNRESOLVED_AT_FILE_LEVEL	none	METADATA_ONLY
SRR24784756	SRX20557749	SAMN35536326	UNRESOLVED	V300104379_L01_3.fq.gz	L76	UNRESOLVED	No HIV field or accession-linked clinical table in public record	Illumina NovaSeq 6000	SINGLE	50	637645085	dd7cc4c1cf5d59bdf7ef2e31ccf9020f	ftp.sra.ebi.ac.uk/vol1/fastq/SRR247/056/SRR24784756/SRR24784756.fastq.gz	ZHONGNAN HOSPITAL, WUHAN UNIVERSITY	UNRESOLVED_AT_FILE_LEVEL	none	METADATA_ONLY
SRR24784755	SRX20557750	SAMN35536327	UNRESOLVED	V300104379_L03_3.fq.gz	L77	UNRESOLVED	No HIV field or accession-linked clinical table in public record	Illumina NovaSeq 6000	SINGLE	50	666575938	7fd9c3336af9a659f306853db7b36f97	ftp.sra.ebi.ac.uk/vol1/fastq/SRR247/055/SRR24784755/SRR24784755.fastq.gz	ZHONGNAN HOSPITAL, WUHAN UNIVERSITY	UNRESOLVED_AT_FILE_LEVEL	none	METADATA_ONLY
SRR24784858	SRX20557647	SAMN35536275	UNRESOLVED	V350011282_L03_16.fq.gz	L25	UNRESOLVED	No HIV field or accession-linked clinical table in public record	Illumina NovaSeq 6000	SINGLE	50	1103922952	867ae4c1d5e1a210c1313b080eef4308	ftp.sra.ebi.ac.uk/vol1/fastq/SRR247/058/SRR24784858/SRR24784858.fastq.gz	ZHONGNAN HOSPITAL, WUHAN UNIVERSITY	UNRESOLVED_AT_FILE_LEVEL	none	METADATA_ONLY
SRR24784997	SRX20557508	SAMN35536365	UNRESOLVED	V350011298_L01_6.fq.gz	L115	UNRESOLVED	No HIV field or accession-linked clinical table in public record	Illumina NovaSeq 6000	SINGLE	50	632129012	3a6b1de4013ae30edf4b1b867b43dda4	ftp.sra.ebi.ac.uk/vol1/fastq/SRR247/097/SRR24784997/SRR24784997.fastq.gz	ZHONGNAN HOSPITAL, WUHAN UNIVERSITY	UNRESOLVED_AT_FILE_LEVEL	none	METADATA_ONLY
SRR24785255	SRX20557967	SAMN35536257	UNRESOLVED	V350011298_L01_7.fq.gz	L7	UNRESOLVED	No HIV field or accession-linked clinical table in public record	Illumina NovaSeq 6000	SINGLE	50	940527949	1385d740c2b5623c01d5d8dbcb913a76	ftp.sra.ebi.ac.uk/vol1/fastq/SRR247/055/SRR24785255/SRR24785255.fastq.gz	ZHONGNAN HOSPITAL, WUHAN UNIVERSITY	UNRESOLVED_AT_FILE_LEVEL	none	METADATA_ONLY
SRR24784733	SRX20557772	SAMN35536347	UNRESOLVED	V350011298_L01_8.fq.gz	L97	UNRESOLVED	No HIV field or accession-linked clinical table in public record	Illumina NovaSeq 6000	SINGLE	50	759892088	c5d469fa109ff08981d14241b35f2c62	ftp.sra.ebi.ac.uk/vol1/fastq/SRR247/033/SRR24784733/SRR24784733.fastq.gz	ZHONGNAN HOSPITAL, WUHAN UNIVERSITY	UNRESOLVED_AT_FILE_LEVEL	none	METADATA_ONLY
SRR24784996	SRX20557509	SAMN35536366	UNRESOLVED	V350011298_L03_6.fq.gz	L116	UNRESOLVED	No HIV field or accession-linked clinical table in public record	Illumina NovaSeq 6000	SINGLE	50	760656222	411226a7a64084a473c61be5b545bf3c	ftp.sra.ebi.ac.uk/vol1/fastq/SRR247/096/SRR24784996/SRR24784996.fastq.gz	ZHONGNAN HOSPITAL, WUHAN UNIVERSITY	UNRESOLVED_AT_FILE_LEVEL	none	METADATA_ONLY
SRR24785042	SRX20558180	SAMN35536256	UNRESOLVED	V350011298_L03_7.fq.gz	L6	UNRESOLVED	No HIV field or accession-linked clinical table in public record	Illumina NovaSeq 6000	SINGLE	50	912283663	aa363e3752280dd177a026de475605cd	ftp.sra.ebi.ac.uk/vol1/fastq/SRR247/042/SRR24785042/SRR24785042.fastq.gz	ZHONGNAN HOSPITAL, WUHAN UNIVERSITY	UNRESOLVED_AT_FILE_LEVEL	none	METADATA_ONLY
SRR24784732	SRX20557773	SAMN35536348	UNRESOLVED	V350011298_L03_8.fq.gz	L98	UNRESOLVED	No HIV field or accession-linked clinical table in public record	Illumina NovaSeq 6000	SINGLE	50	690070547	864ad450679a368a21445af142702d7f	ftp.sra.ebi.ac.uk/vol1/fastq/SRR247/032/SRR24784732/SRR24784732.fastq.gz	ZHONGNAN HOSPITAL, WUHAN UNIVERSITY	UNRESOLVED_AT_FILE_LEVEL	none	METADATA_ONLY
SRR24785350	SRX20557872	SAMN35536270	UNRESOLVED	V350014993_L01_10.fq.gz	L20	UNRESOLVED	No HIV field or accession-linked clinical table in public record	Illumina NovaSeq 6000	SINGLE	50	179154629	01143479531400ae0a90ddf88ee5e2c1	ftp.sra.ebi.ac.uk/vol1/fastq/SRR247/050/SRR24785350/SRR24785350.fastq.gz	ZHONGNAN HOSPITAL, WUHAN UNIVERSITY	UNRESOLVED_AT_FILE_LEVEL	none	METADATA_ONLY
SRR24784998	SRX20557507	SAMN35536364	UNRESOLVED	V350014993_L01_6.fq.gz	L114	UNRESOLVED	No HIV field or accession-linked clinical table in public record	Illumina NovaSeq 6000	SINGLE	50	775535351	661407dca15b98c513e75eac9f05982e	ftp.sra.ebi.ac.uk/vol1/fastq/SRR247/098/SRR24784998/SRR24784998.fastq.gz	ZHONGNAN HOSPITAL, WUHAN UNIVERSITY	UNRESOLVED_AT_FILE_LEVEL	none	METADATA_ONLY
SRR24785361	SRX20557861	SAMN35536269	UNRESOLVED	V350014993_L04_10.fq.gz	L19	UNRESOLVED	No HIV field or accession-linked clinical table in public record	Illumina NovaSeq 6000	SINGLE	50	179478555	4b4d95227e307ba7a269ecf1b99143a1	ftp.sra.ebi.ac.uk/vol1/fastq/SRR247/061/SRR24785361/SRR24785361.fastq.gz	ZHONGNAN HOSPITAL, WUHAN UNIVERSITY	UNRESOLVED_AT_FILE_LEVEL	none	METADATA_ONLY
SRR24784999	SRX20557506	SAMN35536363	UNRESOLVED	V350014993_L04_6.fq.gz	L113	UNRESOLVED	No HIV field or accession-linked clinical table in public record	Illumina NovaSeq 6000	SINGLE	50	758371488	4cc95ff78cd4ec0e43f8f14616b34433	ftp.sra.ebi.ac.uk/vol1/fastq/SRR247/099/SRR24784999/SRR24784999.fastq.gz	ZHONGNAN HOSPITAL, WUHAN UNIVERSITY	UNRESOLVED_AT_FILE_LEVEL	none	METADATA_ONLY
SRR24785010	SRX20557495	SAMN35536353	UNRESOLVED	V350014997_L02_15.fq.gz	L103	UNRESOLVED	No HIV field or accession-linked clinical table in public record	Illumina NovaSeq 6000	SINGLE	50	1527022667	d51972155a194493ad77bf61284764ec	ftp.sra.ebi.ac.uk/vol1/fastq/SRR247/010/SRR24785010/SRR24785010.fastq.gz	ZHONGNAN HOSPITAL, WUHAN UNIVERSITY	UNRESOLVED_AT_FILE_LEVEL	none	METADATA_ONLY
SRR24785189	SRX20558033	SAMN35536278	UNRESOLVED	V350014997_L02_16.fq.gz	L28	UNRESOLVED	No HIV field or accession-linked clinical table in public record	Illumina NovaSeq 6000	SINGLE	50	518378666	d577d9280fda456aa4f239dc9f59db08	ftp.sra.ebi.ac.uk/vol1/fastq/SRR247/089/SRR24785189/SRR24785189.fastq.gz	ZHONGNAN HOSPITAL, WUHAN UNIVERSITY	UNRESOLVED_AT_FILE_LEVEL	none	METADATA_ONLY
SRR24784737	SRX20557768	SAMN35536343	UNRESOLVED	V350015024_L01_6.fq.gz	L93	UNRESOLVED	No HIV field or accession-linked clinical table in public record	Illumina NovaSeq 6000	SINGLE	50	794999355	cd5fe01570ea377e05e0650f13c655d3	ftp.sra.ebi.ac.uk/vol1/fastq/SRR247/037/SRR24784737/SRR24784737.fastq.gz	ZHONGNAN HOSPITAL, WUHAN UNIVERSITY	UNRESOLVED_AT_FILE_LEVEL	none	METADATA_ONLY
SRR24784738	SRX20557767	SAMN35536342	UNRESOLVED	V350015024_L03_6.fq.gz	L92	UNRESOLVED	No HIV field or accession-linked clinical table in public record	Illumina NovaSeq 6000	SINGLE	50	788835781	34cd42c36e287aefdf3da2cb06b98ac8	ftp.sra.ebi.ac.uk/vol1/fastq/SRR247/038/SRR24784738/SRR24784738.fastq.gz	ZHONGNAN HOSPITAL, WUHAN UNIVERSITY	UNRESOLVED_AT_FILE_LEVEL	none	METADATA_ONLY
SRR24784979	SRX20557526	SAMN35536381	UNRESOLVED	V350017669_L03_6.fq.gz	L131	UNRESOLVED	No HIV field or accession-linked clinical table in public record	Illumina NovaSeq 6000	SINGLE	50	797018946	279c2d27df60721bad6ecbe50dbee929	ftp.sra.ebi.ac.uk/vol1/fastq/SRR247/079/SRR24784979/SRR24784979.fastq.gz	ZHONGNAN HOSPITAL, WUHAN UNIVERSITY	UNRESOLVED_AT_FILE_LEVEL	none	METADATA_ONLY
SRR24785011	SRX20557494	SAMN35536352	UNRESOLVED	V350017700_L01_15.fq.gz	L102	UNRESOLVED	No HIV field or accession-linked clinical table in public record	Illumina NovaSeq 6000	SINGLE	50	1673457265	bb07c0955c1cac7b968fb6d8ab1e61c4	ftp.sra.ebi.ac.uk/vol1/fastq/SRR247/011/SRR24785011/SRR24785011.fastq.gz	ZHONGNAN HOSPITAL, WUHAN UNIVERSITY	UNRESOLVED_AT_FILE_LEVEL	none	METADATA_ONLY
SRR24785167	SRX20558055	SAMN35536280	UNRESOLVED	V350017700_L01_16.fq.gz	L30	UNRESOLVED	No HIV field or accession-linked clinical table in public record	Illumina NovaSeq 6000	SINGLE	50	627452379	2496a2c6d422f9d473e76118b7fa3031	ftp.sra.ebi.ac.uk/vol1/fastq/SRR247/067/SRR24785167/SRR24785167.fastq.gz	ZHONGNAN HOSPITAL, WUHAN UNIVERSITY	UNRESOLVED_AT_FILE_LEVEL	none	METADATA_ONLY
SRR24785009	SRX20557496	SAMN35536354	UNRESOLVED	V350017700_L02_15.fq.gz	L104	UNRESOLVED	No HIV field or accession-linked clinical table in public record	Illumina NovaSeq 6000	SINGLE	50	1654424245	88cf7824689409f993c866163f56fe60	ftp.sra.ebi.ac.uk/vol1/fastq/SRR247/009/SRR24785009/SRR24785009.fastq.gz	ZHONGNAN HOSPITAL, WUHAN UNIVERSITY	UNRESOLVED_AT_FILE_LEVEL	none	METADATA_ONLY
SRR24785178	SRX20558044	SAMN35536279	UNRESOLVED	V350017700_L02_16.fq.gz	L29	UNRESOLVED	No HIV field or accession-linked clinical table in public record	Illumina NovaSeq 6000	SINGLE	50	615010569	b45f75ce670a03d66bf46bf115a48305	ftp.sra.ebi.ac.uk/vol1/fastq/SRR247/078/SRR24785178/SRR24785178.fastq.gz	ZHONGNAN HOSPITAL, WUHAN UNIVERSITY	UNRESOLVED_AT_FILE_LEVEL	none	METADATA_ONLY
SRR24785100	SRX20558122	SAMN35536286	UNRESOLVED	V350025932_L02_11.fq.gz	L36	UNRESOLVED	No HIV field or accession-linked clinical table in public record	Illumina NovaSeq 6000	SINGLE	50	1305400213	97e0cbc59cbdc9f46361042199397131	ftp.sra.ebi.ac.uk/vol1/fastq/SRR247/000/SRR24785100/SRR24785100.fastq.gz	ZHONGNAN HOSPITAL, WUHAN UNIVERSITY	UNRESOLVED_AT_FILE_LEVEL	none	METADATA_ONLY
SRR24784954	SRX20557551	SAMN35536404	UNRESOLVED	V350025932_L02_13.fq.gz	L154	UNRESOLVED	No HIV field or accession-linked clinical table in public record	Illumina NovaSeq 6000	SINGLE	50	1330796846	7315208b976233a1ff5ef46da1cad160	ftp.sra.ebi.ac.uk/vol1/fastq/SRR247/054/SRR24784954/SRR24784954.fastq.gz	ZHONGNAN HOSPITAL, WUHAN UNIVERSITY	UNRESOLVED_AT_FILE_LEVEL	none	METADATA_ONLY
SRR24785005	SRX20557500	SAMN35536358	UNRESOLVED	V350025932_L02_14.fq.gz	L108	UNRESOLVED	No HIV field or accession-linked clinical table in public record	Illumina NovaSeq 6000	SINGLE	50	1203755042	5618c3927f4cb2367c2d3d2d127eaecb	ftp.sra.ebi.ac.uk/vol1/fastq/SRR247/005/SRR24785005/SRR24785005.fastq.gz	ZHONGNAN HOSPITAL, WUHAN UNIVERSITY	UNRESOLVED_AT_FILE_LEVEL	none	METADATA_ONLY
SRR24784758	SRX20557747	SAMN35536324	UNRESOLVED	V350025932_L02_17.fq.gz	L74	UNRESOLVED	No HIV field or accession-linked clinical table in public record	Illumina NovaSeq 6000	SINGLE	50	832187411	531468b839a24eac066aa0093ea4a0ee	ftp.sra.ebi.ac.uk/vol1/fastq/SRR247/058/SRR24784758/SRR24784758.fastq.gz	ZHONGNAN HOSPITAL, WUHAN UNIVERSITY	UNRESOLVED_AT_FILE_LEVEL	none	METADATA_ONLY
SRR24785004	SRX20557501	SAMN35536359	UNRESOLVED	V350025932_L02_8.fq.gz	L109	UNRESOLVED	No HIV field or accession-linked clinical table in public record	Illumina NovaSeq 6000	SINGLE	50	1013152796	e340cff60d0aaddf8c59bc868d031bc3	ftp.sra.ebi.ac.uk/vol1/fastq/SRR247/004/SRR24785004/SRR24785004.fastq.gz	ZHONGNAN HOSPITAL, WUHAN UNIVERSITY	UNRESOLVED_AT_FILE_LEVEL	none	METADATA_ONLY
SRR24785111	SRX20558111	SAMN35536285	UNRESOLVED	V350034648_L01_6.fq.gz	L35	UNRESOLVED	No HIV field or accession-linked clinical table in public record	Illumina NovaSeq 6000	SINGLE	50	1246306826	48383df8b7d251f3acc48c88bc786229	ftp.sra.ebi.ac.uk/vol1/fastq/SRR247/011/SRR24785111/SRR24785111.fastq.gz	ZHONGNAN HOSPITAL, WUHAN UNIVERSITY	UNRESOLVED_AT_FILE_LEVEL	none	METADATA_ONLY
SRR24784970	SRX20557535	SAMN35536390	UNRESOLVED	V350034669_L02_8.fq.gz	L140	UNRESOLVED	No HIV field or accession-linked clinical table in public record	Illumina NovaSeq 6000	SINGLE	50	699105301	f0af7d503673b2c0f3c89e583ec02d66	ftp.sra.ebi.ac.uk/vol1/fastq/SRR247/070/SRR24784970/SRR24784970.fastq.gz	ZHONGNAN HOSPITAL, WUHAN UNIVERSITY	UNRESOLVED_AT_FILE_LEVEL	none	METADATA_ONLY
SRR24784968	SRX20557537	SAMN35536391	UNRESOLVED	V350034877_L01_20.fq.gz	L141	UNRESOLVED	No HIV field or accession-linked clinical table in public record	Illumina NovaSeq 6000	SINGLE	50	795384539	a6eb03ca398b559f990ce4f74f407c85	ftp.sra.ebi.ac.uk/vol1/fastq/SRR247/068/SRR24784968/SRR24784968.fastq.gz	ZHONGNAN HOSPITAL, WUHAN UNIVERSITY	UNRESOLVED_AT_FILE_LEVEL	none	METADATA_ONLY
SRR24784967	SRX20557538	SAMN35536392	UNRESOLVED	V350034877_L02_20.fq.gz	L142	UNRESOLVED	No HIV field or accession-linked clinical table in public record	Illumina NovaSeq 6000	SINGLE	50	789066127	79ee2e07bdc605b6b33db118d77321b8	ftp.sra.ebi.ac.uk/vol1/fastq/SRR247/067/SRR24784967/SRR24784967.fastq.gz	ZHONGNAN HOSPITAL, WUHAN UNIVERSITY	UNRESOLVED_AT_FILE_LEVEL	none	METADATA_ONLY
SRR24784847	SRX20557658	SAMN35536276	UNRESOLVED	V350042572_L01_6.fq.gz	L26	UNRESOLVED	No HIV field or accession-linked clinical table in public record	Illumina NovaSeq 6000	SINGLE	50	1074388952	030382b5c150fe1ebed81556cd27c64a	ftp.sra.ebi.ac.uk/vol1/fastq/SRR247/047/SRR24784847/SRR24784847.fastq.gz	ZHONGNAN HOSPITAL, WUHAN UNIVERSITY	UNRESOLVED_AT_FILE_LEVEL	none	METADATA_ONLY
SRR24784975	SRX20557530	SAMN35536385	UNRESOLVED	V350042572_L01_7.fq.gz	L135	UNRESOLVED	No HIV field or accession-linked clinical table in public record	Illumina NovaSeq 6000	SINGLE	50	1108411944	d2a573893775d5325a77232dc062ee54	ftp.sra.ebi.ac.uk/vol1/fastq/SRR247/075/SRR24784975/SRR24784975.fastq.gz	ZHONGNAN HOSPITAL, WUHAN UNIVERSITY	UNRESOLVED_AT_FILE_LEVEL	none	METADATA_ONLY
SRR24784836	SRX20557669	SAMN35536277	UNRESOLVED	V350042572_L04_6.fq.gz	L27	UNRESOLVED	No HIV field or accession-linked clinical table in public record	Illumina NovaSeq 6000	SINGLE	50	925812487	ac5e4b7eefd9bc6803de14a85e6f69ce	ftp.sra.ebi.ac.uk/vol1/fastq/SRR247/036/SRR24784836/SRR24784836.fastq.gz	ZHONGNAN HOSPITAL, WUHAN UNIVERSITY	UNRESOLVED_AT_FILE_LEVEL	none	METADATA_ONLY
SRR24784976	SRX20557529	SAMN35536384	UNRESOLVED	V350042572_L04_7.fq.gz	L134	UNRESOLVED	No HIV field or accession-linked clinical table in public record	Illumina NovaSeq 6000	SINGLE	50	944321069	dc12973ceba5baea7c80d2a11141d3fb	ftp.sra.ebi.ac.uk/vol1/fastq/SRR247/076/SRR24784976/SRR24784976.fastq.gz	ZHONGNAN HOSPITAL, WUHAN UNIVERSITY	UNRESOLVED_AT_FILE_LEVEL	none	METADATA_ONLY
SRR24784734	SRX20557771	SAMN35536346	UNRESOLVED	V350042676_L01_4.fq.gz	L96	UNRESOLVED	No HIV field or accession-linked clinical table in public record	Illumina NovaSeq 6000	SINGLE	50	1072738277	4c9944bc66f5b604928df0339a375fb2	ftp.sra.ebi.ac.uk/vol1/fastq/SRR247/034/SRR24784734/SRR24784734.fastq.gz	ZHONGNAN HOSPITAL, WUHAN UNIVERSITY	UNRESOLVED_AT_FILE_LEVEL	none	METADATA_ONLY
SRR24784791	SRX20557714	SAMN35536320	UNRESOLVED	V350042676_L03_20.fq.gz	L70	UNRESOLVED	No HIV field or accession-linked clinical table in public record	Illumina NovaSeq 6000	SINGLE	50	1118851537	cd89e702eda962fe35260071484b47c5	ftp.sra.ebi.ac.uk/vol1/fastq/SRR247/091/SRR24784791/SRR24784791.fastq.gz	ZHONGNAN HOSPITAL, WUHAN UNIVERSITY	UNRESOLVED_AT_FILE_LEVEL	none	METADATA_ONLY
SRR24784962	SRX20557543	SAMN35536397	UNRESOLVED	V350042680_L02_12.fq.gz	L147	UNRESOLVED	No HIV field or accession-linked clinical table in public record	Illumina NovaSeq 6000	SINGLE	50	919183577	6ac463d168f2926c56e49c93ed727d21	ftp.sra.ebi.ac.uk/vol1/fastq/SRR247/062/SRR24784962/SRR24784962.fastq.gz	ZHONGNAN HOSPITAL, WUHAN UNIVERSITY	UNRESOLVED_AT_FILE_LEVEL	none	METADATA_ONLY
SRR24784989	SRX20557516	SAMN35536372	UNRESOLVED	V350051444_L01_4.fq.gz	L122	UNRESOLVED	No HIV field or accession-linked clinical table in public record	Illumina NovaSeq 6000	SINGLE	50	1413110418	74428b88430b8062be039dc0372a7b58	ftp.sra.ebi.ac.uk/vol1/fastq/SRR247/089/SRR24784989/SRR24784989.fastq.gz	ZHONGNAN HOSPITAL, WUHAN UNIVERSITY	UNRESOLVED_AT_FILE_LEVEL	none	METADATA_ONLY
SRR24784988	SRX20557517	SAMN35536373	UNRESOLVED	V350051444_L03_4.fq.gz	L123	UNRESOLVED	No HIV field or accession-linked clinical table in public record	Illumina NovaSeq 6000	SINGLE	50	1430912633	5a7c803bfcecaa3d3aeb581696b10b4e	ftp.sra.ebi.ac.uk/vol1/fastq/SRR247/088/SRR24784988/SRR24784988.fastq.gz	ZHONGNAN HOSPITAL, WUHAN UNIVERSITY	UNRESOLVED_AT_FILE_LEVEL	none	METADATA_ONLY
SRR24784956	SRX20557549	SAMN35536402	UNRESOLVED	V350051580_L02_12.fq.gz	L152	UNRESOLVED	No HIV field or accession-linked clinical table in public record	Illumina NovaSeq 6000	SINGLE	50	1506136036	a8a9a860a19a90b01a00c700469d26eb	ftp.sra.ebi.ac.uk/vol1/fastq/SRR247/056/SRR24784956/SRR24784956.fastq.gz	ZHONGNAN HOSPITAL, WUHAN UNIVERSITY	UNRESOLVED_AT_FILE_LEVEL	none	METADATA_ONLY
SRR24784955	SRX20557550	SAMN35536403	UNRESOLVED	V350056408_L02_20.fq.gz	L153	UNRESOLVED	No HIV field or accession-linked clinical table in public record	Illumina NovaSeq 6000	SINGLE	50	1175870304	e6a634654728f8219e2f3a5bbd7b86cd	ftp.sra.ebi.ac.uk/vol1/fastq/SRR247/055/SRR24784955/SRR24784955.fastq.gz	ZHONGNAN HOSPITAL, WUHAN UNIVERSITY	UNRESOLVED_AT_FILE_LEVEL	none	METADATA_ONLY
SRR24784977	SRX20557528	SAMN35536383	UNRESOLVED	V350056408_L02_47.fq.gz	L133	UNRESOLVED	No HIV field or accession-linked clinical table in public record	Illumina NovaSeq 6000	SINGLE	50	909211840	6777ab31e1f117a0a82751261e5f7848	ftp.sra.ebi.ac.uk/vol1/fastq/SRR247/077/SRR24784977/SRR24784977.fastq.gz	ZHONGNAN HOSPITAL, WUHAN UNIVERSITY	UNRESOLVED_AT_FILE_LEVEL	none	METADATA_ONLY
SRR24785077	SRX20558145	SAMN35536314	UNRESOLVED	V350056408_L03_25.fq.gz	L64	UNRESOLVED	No HIV field or accession-linked clinical table in public record	Illumina NovaSeq 6000	SINGLE	50	634307406	4a35f6855d6cdea08519ed1f10e1927f	ftp.sra.ebi.ac.uk/vol1/fastq/SRR247/077/SRR24785077/SRR24785077.fastq.gz	ZHONGNAN HOSPITAL, WUHAN UNIVERSITY	UNRESOLVED_AT_FILE_LEVEL	none	METADATA_ONLY
SRR24784766	SRX20557739	SAMN35536962	UNRESOLVED	W2201140307_L01_18.fq.gz	L712	UNRESOLVED	No HIV field or accession-linked clinical table in public record	Illumina NovaSeq 6000	SINGLE	50	925481984	ad381c2c72b1f6c6825f22dba1d92e27	ftp.sra.ebi.ac.uk/vol1/fastq/SRR247/066/SRR24784766/SRR24784766.fastq.gz	ZHONGNAN HOSPITAL, WUHAN UNIVERSITY	UNRESOLVED_AT_FILE_LEVEL	none	METADATA_ONLY
SRR24784765	SRX20557740	SAMN35536963	UNRESOLVED	W2201140307_L01_22.fq.gz	L713	UNRESOLVED	No HIV field or accession-linked clinical table in public record	Illumina NovaSeq 6000	SINGLE	50	816842221	4f0277896ec1961c988f01066867db9e	ftp.sra.ebi.ac.uk/vol1/fastq/SRR247/065/SRR24784765/SRR24784765.fastq.gz	ZHONGNAN HOSPITAL, WUHAN UNIVERSITY	UNRESOLVED_AT_FILE_LEVEL	none	METADATA_ONLY
SRR24784764	SRX20557741	SAMN35536964	UNRESOLVED	W2201140307_L01_26.fq.gz	L714	UNRESOLVED	No HIV field or accession-linked clinical table in public record	Illumina NovaSeq 6000	SINGLE	50	527601364	a4e19ddaa4cbba671b0c3bdacc33c56b	ftp.sra.ebi.ac.uk/vol1/fastq/SRR247/064/SRR24784764/SRR24784764.fastq.gz	ZHONGNAN HOSPITAL, WUHAN UNIVERSITY	UNRESOLVED_AT_FILE_LEVEL	none	METADATA_ONLY
SRR24784763	SRX20557742	SAMN35536965	UNRESOLVED	W2201140307_L01_28.fq.gz	L715	UNRESOLVED	No HIV field or accession-linked clinical table in public record	Illumina NovaSeq 6000	SINGLE	50	828127440	593846a079ad8bfc1600c0ad6828cc05	ftp.sra.ebi.ac.uk/vol1/fastq/SRR247/063/SRR24784763/SRR24784763.fastq.gz	ZHONGNAN HOSPITAL, WUHAN UNIVERSITY	UNRESOLVED_AT_FILE_LEVEL	none	METADATA_ONLY
SRR24784762	SRX20557743	SAMN35536966	UNRESOLVED	W2201140307_L01_30.fq.gz	L716	UNRESOLVED	No HIV field or accession-linked clinical table in public record	Illumina NovaSeq 6000	SINGLE	50	641090228	13b7f836d21283f340b1425a27c2df0d	ftp.sra.ebi.ac.uk/vol1/fastq/SRR247/062/SRR24784762/SRR24784762.fastq.gz	ZHONGNAN HOSPITAL, WUHAN UNIVERSITY	UNRESOLVED_AT_FILE_LEVEL	none	METADATA_ONLY
SRR24784761	SRX20557744	SAMN35536967	UNRESOLVED	W2201140307_L01_32.fq.gz	L717	UNRESOLVED	No HIV field or accession-linked clinical table in public record	Illumina NovaSeq 6000	SINGLE	50	587402436	7694f8cc3390597680422a46df56845b	ftp.sra.ebi.ac.uk/vol1/fastq/SRR247/061/SRR24784761/SRR24784761.fastq.gz	ZHONGNAN HOSPITAL, WUHAN UNIVERSITY	UNRESOLVED_AT_FILE_LEVEL	none	METADATA_ONLY
SRR24784760	SRX20557745	SAMN35536968	UNRESOLVED	W2201140307_L01_7.fq.gz	L718	UNRESOLVED	No HIV field or accession-linked clinical table in public record	Illumina NovaSeq 6000	SINGLE	50	610527269	dcdb9a35ef78dc4fd256b183d1cabe4c	ftp.sra.ebi.ac.uk/vol1/fastq/SRR247/060/SRR24784760/SRR24784760.fastq.gz	ZHONGNAN HOSPITAL, WUHAN UNIVERSITY	UNRESOLVED_AT_FILE_LEVEL	none	METADATA_ONLY
